id,dayofyear,dewpoint_last,dewpoint_max,dewpoint_mean,dewpoint_min,dewpoint_slope,dewpoint_std,drybulb_last,drybulb_max,drybulb_mean,drybulb_min,drybulb_slope,drybulb_std,elevation_m,ghi_last,ghi_max,ghi_mean,ghi_min,ghi_slope,ghi_std,latitude,longitude,month,prefix_hdh,prefix_hours,prefix_temp_range,pressure_last,pressure_max,pressure_mean,pressure_min,pressure_slope,pressure_std,relhum_last,relhum_max,relhum_mean,relhum_min,relhum_slope,relhum_std,windspeed_last,windspeed_max,windspeed_mean,windspeed_min,windspeed_slope,windspeed_std,remaining_hdh
43b0d0d6f6fa,15,-8.834441249210187,-5.44537649628027,-7.219313571835947,-8.80400832923348,-0.31792700214776226,1.1296179530329247,-2.0055821597887395,-1.9809711345473218,-4.332167722234394,-6.314158109710471,0.11847312490179465,1.3033855107840364,70.7469497294236,358.9134472985027,357.4689148065041,85.13114648028336,0.0,31.25114333310886,130.00433496642555,39.20112045641925,-76.57836818281461,1,269.51540500020127,12,4.36826819269301,101377.51800586628,101428.75895967892,101287.82664633878,101127.64743116726,26.62724253514555,94.0013166291623,58.34952750543163,91.07814509211082,82.31788695990399,58.2842624897779,-2.7445004181812807,11.49875032309338,7.022295831512628,7.018923696161495,3.979356884465853,1.9063264332299503,0.4458386145868436,1.6182085737127236,7812.673567209226
60ebf0ab7e64,15,-10.897149187760304,-5.471589342159703,-8.42216375676482,-10.905150291898543,-0.20426417163280294,1.4874065472683233,-8.584383330305892,-1.5910340084148984,-4.534890467275447,-8.511625672905604,-0.1022639799527967,2.051627770367797,72.18600463577529,0.2523918558882123,357.0082335090012,90.02132201859612,0.0,0.4904430981977191,130.88295665350233,39.190806925016965,-76.70921583103798,1,543.2598269154523,24,6.919896235662093,101806.6538797648,101806.00194128114,101437.1637415593,101150.29536478792,25.077331830706886,185.71483786735627,85.07727299347044,91.08473605587159,76.114501982361,54.49758726588918,-0.6814149312781382,13.373011381090208,3.7543344390063753,7.466610830359866,4.750230254764092,1.9014572513225416,0.10166761719833041,1.7437464153691957,7544.938801933834
b1241a0534b6,15,-10.984517456042244,-5.442064390310982,-9.419469538996504,-11.990775387826945,-0.168471698039613,1.870855962349574,-4.146995281982391,-1.6110842416089561,-5.769747849515497,-9.955766044889142,-0.15188330352970314,2.6778938605134726,70.34381756509167,330.44944405231246,357.1624627086154,86.0839003654697,0.0,0.6866719427588387,126.97051637481442,39.19148745142567,-76.69054203344415,1,857.6501954550089,36,8.359519009894743,101812.2317710199,102018.55100361771,101581.22752440986,101121.42240714197,26.49745360636149,286.34878583458146,58.088203855651955,91.0388331397976,77.55482986982356,54.5139477074229,-0.1391171777960839,12.621210725225133,2.2099207436775656,7.468582701107979,4.235246822306688,1.8996777350877472,-0.03003287247904975,1.622798106868944,7230.897025215193
ce6f1018cc16,7,-18.549895164484372,-18.55135108284126,-20.063817070919047,-20.799006403022716,0.054033193240190805,0.646318934669254,-12.390525842429255,-12.373148902665324,-14.981093009932525,-16.44288042708952,0.09231920156670756,1.215933269465109,71.70225470913765,504.1613697848133,503.73058385771134,116.45530380480153,0.0,43.1914330429923,181.42692373132996,39.19688555615922,-76.69484805301893,1,395.47353651263313,12,4.126156808579999,101957.15426090744,102069.30961334505,101662.035972276,101218.74743489038,84.51618204404403,298.6794440023179,57.66920520830745,68.27340661860083,63.410970332619755,57.61056906379113,-0.21748356814917022,3.114731170871508,8.13923452739002,10.973963240944924,9.088330312656261,7.587884713575619,-0.2969597975792415,1.1429321759081685,950.3981044455574
fee34abb1b5c,7,-14.814055190326442,-14.591730412975636,-17.854946974072153,-20.754540241490062,0.32037495938876565,2.3894216011325553,-12.568418213064067,-9.459049623236606,-13.15327485756685,-16.47186133594329,0.20813819297559533,2.168285692456392,69.7968140790437,0.20642085403572002,509.07819782917016,124.36837200945153,0.0,0.45659664631888114,187.26779122342217,39.18958301100042,-76.60607190531047,1,748.0472439456769,24,7.046263737790806,102303.79637648855,102315.60690250185,101876.88400099568,101154.76812752841,41.178119531136744,312.0386837715956,84.65996458938538,84.75394896416081,67.11952189380486,53.448185999154326,0.8830378481564395,10.342300647159599,2.764555987853473,10.988603170570595,6.885298702553207,2.70443396207529,-0.3848668902614799,2.773382536235192,597.6039562272688
954f718bedf7,7,-13.16774764929046,-13.153962605269982,-16.700703649720996,-20.81057721956512,0.22697207623745658,2.569858557315832,-4.591898073263137,-4.576575922731002,-12.25493174293902,-16.484127442443356,0.1833335821752155,2.676024738450878,69.67930442031025,442.50855112913825,508.53898450774204,115.83791762121321,0.0,0.5623065917924573,177.84372661504435,39.187873142661815,-76.67580288100888,1,1088.643629495561,36,11.903941259353765,102632.36832419824,102750.59097416962,102136.46993930294,101159.77293875981,39.416859257711124,426.18169278246364,49.090586971019995,87.52778659177763,70.08684908723393,49.187996501585445,0.4553983278707685,12.891189363403488,2.5236669067434616,10.987295114955128,5.354526079858351,1.493065346394653,-0.2878812369544014,3.149278255430084,257.8960023897226
978e1d95ef64,21,-13.722868723791992,-13.708522857194962,-14.674658937908799,-15.349566436341059,0.05000737129263844,0.5188312266044747,-9.107043094292479,-9.098727895334571,-11.06892745146099,-12.055060071241472,0.10785883302134369,0.9216291180795886,72.40486902819964,546.0977333059529,546.0701329225009,127.393847100003,0.0,46.84565127807598,194.95858073132277,39.1692168323819,-76.71095658294887,1,349.01215267593557,12,2.9570516938380518,101899.14370479117,101898.7536178929,101446.35828625383,100936.6589728979,88.73668466870046,307.29138964842826,69.3056437561022,80.97593916471061,75.09230991725929,69.31263545279364,-0.34925070928684615,3.2736387880409072,11.886272607662137,12.102372099114426,11.363201779972487,10.278892198095022,-0.023506979884028525,0.6338903618327695,916.869073272269
bdbecc51f0ba,21,-13.710446929184636,-12.804750276224551,-13.921919606599099,-15.333751372900226,0.09010572620483569,0.8323409716725109,-11.64037257081839,-7.8415071332774,-10.358967538601199,-12.041443287577435,0.04887715939665258,1.3155999319518437,72.11685611579915,0.46762262452009773,558.7328233858409,140.46205128405163,0.0,0.7897333922547858,203.77096666305331,39.18278178285133,-76.68736969867102,1,681.2587498229501,24,4.178866658487216,102694.04710833196,102742.05674029689,101908.39278810029,100959.78833782198,77.78208401989205,542.2088842018127,86.78724886919593,86.85994828875667,75.90907366922504,66.56523983103982,0.3310270332159489,5.878198490335924,5.106207061593721,12.083958387874643,9.816899111112724,5.099162555651557,-0.2785196745795029,2.3053017310613253,585.9445964127567
97013ed12047,21,-10.785921615571523,-10.804364622643332,-13.635932623077387,-15.332693015063525,0.07014784556314714,0.9927687182301814,-4.454173243672936,-4.436568599943784,-10.445609221359462,-12.41183798612514,0.029658218171268787,1.8827569638018813,71.69571273805353,500.7347250721102,559.1336935743439,132.85848908737776,0.0,1.0443143840303244,196.36838264220137,39.188933815963615,-76.63284336982109,1,1023.8022096560486,36,7.9785545919737695,103194.61126878309,103241.16747805556,102305.42523853318,100965.86245459256,65.68778566897211,689.0758874540514,60.15401020165226,94.24524053040625,79.02321178381872,60.05756504565148,0.34730546019815484,9.128226360422735,0.6945631768486484,12.097290496340282,7.731545047765274,0.6903958951683851,-0.324864458746887,3.556963488880193,243.78026737974466
ae47c4cf6336,14,-21.43946864085507,-20.00870599360268,-21.416407361846495,-22.155226462340337,-0.1563077908036822,0.6841900539715311,-19.577907829331043,-18.307193348873046,-20.844489738516625,-22.752680630204935,-0.1897738747868652,1.3506330502140538,81.91897968874564,405.83681213222303,404.3163520094994,95.77409770078606,0.0,34.79080484062596,143.49662676560868,43.651083056313595,-70.26619384549676,1,467.017561295034,12,4.429252953966124,100814.20800561551,100993.84143244484,100764.70463793223,100436.26069349013,37.96046919345208,143.77750156568962,86.02591872064237,99.95948014934655,95.82892930565167,85.90049054578006,0.10579154937163565,5.082567161143738,5.415817043520621,7.2221324074836195,6.1253072887243105,5.43606702085362,-0.17725510906556938,0.6306912136489842,2201.8059165600926
3e84ada1a1a3,14,-20.475032682053573,-20.01661981350108,-21.00806411378075,-22.176562396354406,0.03904727595653244,0.6716894924105481,-18.823259014468118,-18.043792566617398,-19.784559222340814,-22.698152715482575,0.1011924498049265,1.4455743585262595,81.34468503883045,-0.03201478537571985,404.92375714205934,92.37411637309265,0.0,-0.2426055575244763,142.46414336391203,43.666733414304886,-70.28632694093216,1,905.809744179935,24,4.686396050272296,100377.10948741714,100996.50690857442,100711.16402776034,100371.28196426449,-7.438762372987659,145.90187780392756,87.85359922784824,100.01948982880614,91.64665101619241,81.74035561819474,-0.44408521221519687,5.970042201827813,2.796557410739939,7.227654186216007,5.132736392429789,2.822951101740789,-0.18058262436230163,1.2622313128630451,1759.9036496028411
7b9b14b5c6c5,14,-20.059962410443106,-19.980178144600824,-20.706782466203727,-22.133531253311112,0.03858491945011369,0.6547931129240157,-16.814633548956028,-16.827333076843193,-19.41609318338946,-22.701884384434727,0.07809307725184608,1.3583548814940343,85.57304687850268,366.4611447613309,405.8668604422548,90.80655819068436,0.0,0.9091494173215197,139.0614649695217,43.6619466962783,-70.28318952465041,1,1346.5811609493996,36,5.904112720633123,99818.11173315236,100972.86310779472,100465.30567387256,99846.75867423363,-25.472041884842994,312.81701937277023,75.92347075624444,100.01149141999561,90.53631322288916,75.90480773026133,-0.2762934992800423,5.843140911161706,4.44672250430978,7.21893026434668,4.539293415953416,2.5583020339846314,-0.11080006210637273,1.3776971510853175,1323.6917835139634
1a09766f0045,18,-17.134707055851393,-15.098879805134178,-16.657594766520983,-17.873402981464316,-0.24904352189643864,0.9430995097057691,-14.388685238296125,-12.90550077386903,-14.804471406983513,-16.506548343278453,-0.26015886605767546,1.214081956490363,83.33799975230451,453.1189971869954,453.8542095779992,105.70916205553507,0.0,38.74458372291622,160.72811250371853,43.64866721238452,-70.25212735840063,1,393.60711571498393,12,3.679239678221109,101796.87739964131,101766.61630043836,101513.7292074179,101198.2864347035,66.81796549775659,232.08627811999094,81.76356720259814,93.46686164985462,88.05432049816382,81.84117175520527,0.07061679361817481,3.2730483613976316,5.848963447233914,6.060158965833246,5.83396653608313,5.496687837889235,0.02742027289212936,0.17954271345803186,7809.288535636617
b94d5d790c7e,18,-19.702798170264774,-15.128470616394798,-17.22387888472428,-19.691557562886192,-0.14382333024459754,1.2325013357048273,-19.482264458713885,-12.872654577073586,-15.539660142993595,-19.434805058159895,-0.20721277310271569,1.9474245404671116,82.82422417236131,0.2490117956615179,453.4352149505618,103.96105878467966,0.0,-0.13802539071864958,159.5149280039743,43.64611225716365,-70.27663847976785,1,806.6123159578777,24,6.559223133727005,102444.46366023038,102402.49113173802,101776.15508802983,101153.22075949384,59.59761532307023,415.60109455642385,99.99166512519741,99.94465124099672,89.91383843161184,79.7193272531938,0.5259719573180291,6.643959754208019,2.8678307216655994,6.055732176676591,5.284639011101892,2.8613003650235505,-0.10341528596553666,0.944486756360911,7389.83700207719
1a2d1a5bc375,18,-12.047643202460039,-12.055509690451908,-17.401366322170702,-20.055412214658407,-0.04070229346546388,1.8880488634255923,-9.922639404127809,-9.916196005954339,-15.947137973376579,-19.491924923579656,-0.06623543819778059,2.5615157987496864,84.4445313876281,188.4383709787508,453.1213950809695,87.93154860676877,0.0,-1.0958218061640694,140.1027677732906,43.649744504359475,-70.26018991904232,1,1219.3026903203324,36,9.606402751987883,101573.02987965455,102406.79680899413,101932.1139474297,101134.97061198582,23.43165992847677,385.7649335428231,88.22050857426471,99.95537201275262,90.72852008208844,79.69600176179091,0.20675738771709515,6.585375216408658,2.625520848060303,6.048353004127891,4.0623050851526905,0.33497073541706257,-0.16756379111421707,1.9357746478228806,6973.111032886295
f750e82cbc18,3,-15.99180878738921,-15.651618837968966,-16.658568379723118,-17.761841161624233,-0.116171019843121,0.7276900149004657,-15.472311814565542,-15.49736886230412,-16.96601201294055,-18.495479727875185,-0.10365103201965675,0.9928319401969374,82.03772879396878,379.89545804634577,379.64698982967167,90.93536791853579,0.0,33.1919791525128,137.29536488711827,43.6662184656585,-70.28347185306518,1,420.4786458614099,12,3.026723716107277,102134.10910241706,102144.09836914485,101801.83463363077,101304.94523659539,87.63156675228988,307.1984976406747,99.68676535795221,99.95563975983235,99.94743503574163,99.73847265254565,-0.013784372155402149,0.08952271046769272,4.3939178203617475,4.8573827789441,4.70621566381381,4.387748270440107,-0.01875548468528651,0.11711850832206963,1123.719075231421
574355e46197,3,-21.22086234278846,-14.808057065546214,-17.012863544650717,-21.158355752069642,-0.14056175130986856,1.7659231074076156,-20.816713242009584,-14.083706814570167,-17.080258681804228,-20.892077779571846,-0.1229129978623931,1.9984045245396707,80.35404404423079,1.1691532441421264,388.6591764626454,87.19729905395995,0.0,-0.3172098453542448,136.8646630874493,43.64678015867558,-70.41921648694854,1,841.1779611568498,24,6.8035146418418515,102530.73422782717,102676.71344331327,102113.2048944158,101255.27844258034,58.553512537480444,420.6039638792435,99.87806709375245,99.9447150181667,99.72613817148928,97.4400677061955,-0.0021054394931610083,0.6966049062511567,2.455613718936249,4.854698857890789,4.155003426640926,2.465352719733445,-0.094972758440382,0.7293430942857212,709.9374776209876
53286dc760a0,3,-10.081613791573723,-10.117480358334971,-16.728519814917394,-21.20974627858229,0.029278683909688633,2.423000711693034,-9.061066043974064,-9.050024186359856,-16.619610116367525,-20.8700048348221,0.056257068081041174,2.6411028962739818,83.50387352017361,278.1107206481089,388.70812819757117,80.35004990926484,0.0,0.029269752298794353,126.50525967938263,43.634907496123134,-70.32580803035198,1,1243.3775140450778,36,11.856351267112943,101737.52264930529,102642.89752979815,102146.8151623315,101268.95848013817,15.680988241682803,367.64339830371665,95.8772011347213,99.98440725685171,99.60468258173061,95.87379956227512,-0.021889040515261096,0.9206533354217876,3.324026738724325,4.846838839740807,3.7909594071445007,2.3693288902530183,-0.0638288780033339,0.8316158479429937,306.2447221540628
5348096bbf17,361,-12.257896752302502,-11.491311935586316,-12.933907723264355,-14.373250493109746,-0.10532678656353615,0.8663702130775734,-11.743317381501715,-11.536403683844881,-12.922051081027224,-14.43846389519964,-0.06788673088564627,0.9511592375366429,80.26022593697404,391.8434698172076,389.85401267861346,91.6250859549918,0.0,33.60487317756762,139.7779424178766,43.62749475641596,-70.3362515072838,12,370.1775740182343,12,2.913883938418417,101894.95561944618,102034.04779133156,101864.87635058463,101656.90046170192,30.197542140486597,110.93029433690364,100.10841421775872,100.00972365524437,100.01084777199142,99.94214242491456,0.00642701608344013,-0.03327200660531127,3.7920747111680253,3.781206338821984,3.2893061941421293,3.0656365929435485,0.01630351011347414,0.21831977439820707,3817.9948239090895
7392416f7f34,361,-16.77884428065828,-11.54576312796018,-13.392191347623438,-16.774234052062976,-0.13102109949616372,1.485751060084996,-17.447518641236204,-11.249146149656472,-13.335138109109096,-17.402610066005767,-0.1452312276885416,1.7758293589945977,84.26758113536359,1.0751783911568071,390.3705366910629,80.89538778612534,0.0,-0.4852350374993091,129.34654996925272,43.62107363769205,-70.32779479213023,12,752.2180341059222,24,6.139696610539901,101867.4880334822,101987.70841756882,101829.14703769071,101652.01221008615,6.079264505303646,88.48205424237854,99.99480392386886,99.95149485877015,99.99792499165419,99.91260771247497,0.0003663591190632282,-0.0025438164813222294,3.812111791211995,3.956762926179512,3.581489815506913,3.0677822693334984,0.03771855339963227,0.332330731217722,3434.2465350164284
0b0992b345de,361,-17.58971887683133,-11.564451833201785,-15.091889488427757,-19.64189224118693,-0.2297101216267546,2.699180774471254,-18.76539170778609,-11.225209150898781,-15.53016115898651,-21.67235189177524,-0.29337638824030843,3.4771886575366064,83.19160155587721,364.44081326271487,390.4258291627921,83.05893981260928,0.0,1.2094497208046853,129.90206634816457,43.65179500758285,-70.29816980050272,12,1206.5950373717083,36,10.418725974942708,101668.09041726813,101974.7494977737,101841.68694884794,101651.4053443983,-1.0625664767174992,83.60315128752238,99.95204448667444,99.9927612991511,99.95868245937947,99.84627720359545,-0.0022953362811326625,0.023013005955294298,5.676759850976235,5.69848235193659,3.9524536713970626,3.060559441871777,0.05603326638613194,0.6439979714123328,2985.2666235689635
73f7d1d90393,15,-18.16003512160819,-15.806839857854206,-18.041635623513468,-19.191130222208052,-0.24215558241764523,1.0390467012130182,-15.122119186101099,-13.552111421493503,-16.515303144893924,-18.807652390413047,-0.2330791149534059,1.5951981535497026,82.48522244833637,457.3694397251604,458.44513498095574,113.93742354450632,0.0,41.282231336142,169.47054007484545,43.622575761648115,-70.26573154070334,1,413.638982766954,12,5.22677602327158,101059.4777270994,101104.43828556383,100674.89219882399,100102.03444164607,97.80483898020287,343.62800277883997,78.28216407129149,99.92885801343209,90.9994580986071,78.408572150622,-0.12860524532734807,6.575934777346243,6.508371998492295,7.185042181010691,6.681110817534205,6.234158673541737,-0.06621193575308612,0.3061226275003285,1120.1740043316745
8b9cbc02f4aa,15,-18.9366860987895,-15.807274476278712,-17.964878915396042,-19.196323608156227,-0.03749565808744029,0.8757626358973012,-18.312677750599484,-13.519016288450509,-16.38628512323861,-18.799442272188273,-0.06625501632056806,1.6334742432240372,81.76125178461562,-0.9100854500088247,458.38989645636696,109.4833577466815,0.0,-0.20466017275937726,166.62586801274466,43.658952252891936,-70.30488279506915,1,825.2394676616794,24,5.246742305420543,101726.50142534477,101711.74898382433,101045.82458911528,100120.15110642467,67.12081179520887,475.21587734270673,99.98972165964403,99.99206731887635,91.05311746190549,75.08752989282469,0.32092112600304945,8.30834827335331,3.5884894322912633,7.192605779774917,5.908542366615286,3.6003259306744884,-0.14081386161317871,1.0744183691862346,707.02466853098
757e2da22085,15,-15.75199269697063,-15.7371406318476,-18.01270610215562,-19.218942966651138,-0.011749035398422618,0.8735262652013459,-8.734807042066992,-8.726779892127238,-16.33689362903222,-18.841479803636446,0.012287285722376265,2.3062352384844593,81.44954103131698,416.8429883914094,457.91357798508847,108.01177070559334,0.0,1.152292125643091,163.89348029955283,43.645315459207566,-70.24080154245217,1,1236.6940428970217,36,10.06023424614946,101924.66177461096,101962.66239096684,101332.4568011419,100095.40140083342,51.036591075326704,549.8714608376467,54.999122130461366,100.01404975213198,90.14875871213137,55.16051103451187,-0.15535680121083312,12.008809328247665,0.6052000842056835,7.201800200744674,4.6115312566558595,0.1920681011314784,-0.19544549917900658,2.1262631368968563,301.1618261014895
1edc8ac842b5,34,-17.753117558206586,-4.162032825045488,-11.409483934771364,-17.76069321280539,-1.5501039137667312,5.594927931106185,-15.982994347644604,-2.5691621102728757,-9.658408130968526,-15.994722518396207,-1.53334311383934,5.530642710918803,81.85635375068563,485.38629473732016,485.1714446767596,129.0128381037178,0.0,45.35564279662388,182.18869605803377,43.64309986084219,-70.39364570832409,2,333.58052038645343,12,13.380781544568222,100209.38783019884,100219.76973132166,99619.73638135864,99080.37170926691,119.35308352309502,429.40630147023774,87.5439559336438,92.2687991210305,89.17563494590814,85.85702150287241,-0.33778872025428847,1.9810705403904312,7.950765202759944,8.007325516822437,6.812181703282107,4.5663433388144785,0.3355167711152725,1.3564300044641873,1416.4296056871553
924730eb72ba,34,-22.99540286889565,-4.195559185439328,-16.229035402418447,-23.01011074469194,-0.8575739180319126,6.3584290453570125,-25.103587317366948,-2.569990547766942,-15.71962794516171,-25.09531595820846,-1.0454486379476167,7.465595258978719,84.56162217120243,-0.9258422513256828,485.3388186109963,121.18011838805812,0.0,-0.3968163089282302,175.0340304686247,43.635652120613315,-70.2786559405514,2,808.6071570293726,24,22.532430581508752,101400.95137380295,101422.92182747253,100273.90963134807,99065.36418431715,107.98778867797091,754.5790436235958,100.02016591177885,99.98198730072819,93.52353650535233,85.89169532397423,0.6019228109802154,5.3078115962854495,7.473968607105096,8.136032941708942,7.280249989195677,4.5592492288915105,0.09079989673730762,1.095619168474646,939.7479936288089
e811b7dffc24,34,-20.48602308948809,-4.174532911727989,-18.46967871798909,-23.704338629994375,-0.49682029061757965,6.106003698793966,-20.552480096736467,-2.5631348270635113,-18.884799018578978,-26.983995603290424,-0.6537906399467045,7.666162641422762,81.1600461722777,489.0968419769736,488.63029040610775,121.32619128675832,0.0,1.5280401789433036,175.27763102842746,43.64925004581872,-70.29056832204313,2,1328.2999369798413,36,24.408902295641862,102044.53517371329,102094.83902320622,100771.31415577825,99101.04562776585,91.68311901863405,962.1510507282837,100.06774919707642,99.96327027324521,95.68981150031365,85.90279801071867,0.4220846996684591,5.323896212040085,5.94803867081815,8.150724883994727,7.192423912502366,4.573958182152095,0.009525062491085824,0.9774251408911978,419.1516320171915
916451006621,1,-14.05707778749206,-12.016556954396481,-14.875345701628827,-16.445717907668612,-0.15699001741473856,1.344692047222196,-11.374693082866747,-10.592087131764654,-12.745676520372758,-14.266150714234724,-0.04717491130998488,1.200968097325435,227.46218306123066,173.63208952728732,173.86884864857154,38.20169640093511,0.0,14.697705036879942,65.04926023784013,42.40737709992287,-82.94120732739788,1,369.25769433698736,12,3.650105925918998,100021.35069105502,100074.6760551792,99977.8384311032,99916.2476091439,14.996466313197875,55.77025619533506,81.71285707209948,93.16026862152322,86.0713221331885,81.41482291869794,-1.045028416892999,3.7782412546373023,4.0658765356039,4.081083364848229,3.5523308485008376,3.208660078025259,0.029380019686859955,0.24961579291496555,1906.6748900595358
fdba738549e3,1,-11.354819007041005,-10.859056764942897,-13.460619286728246,-16.447401658447824,0.19050361481324724,1.819911936066762,-10.046318745072009,-9.649979363353406,-11.554206887875678,-14.2554085363683,0.1590372552442943,1.4884653923570788,228.154254197067,-0.7788050001071111,192.68158980823839,43.23086594383231,0.0,0.4666471511531879,66.53119874138189,42.39226853350409,-83.04762175106349,1,708.3566246545439,24,4.604627221905635,99604.6171305767,100058.7536547516,99837.04271955593,99599.87893011198,-14.80382204664955,133.84407972959454,93.57569888207773,94.3309274795148,88.49509250580464,81.39639744371762,0.2788840329953476,4.399538551314031,7.760540216887147,7.760008087569654,4.607641173617881,3.208745069677894,0.16443233591540132,1.2420983936981307,1568.1467325657964
87162db046a2,1,-14.02302081652391,-10.886140520694319,-13.413268340477227,-16.469640624792877,0.051620321975558936,1.5552776078746444,-12.338982327917247,-9.602610551048668,-11.69495758330575,-14.231677679361754,0.026378661051986326,1.2937780728661556,224.30086477218487,191.88387570889472,192.81513522218384,40.01254931610964,0.0,0.29797473209901926,64.95766768763933,42.440864042953656,-83.12609161064572,1,1070.3596122505405,36,4.592314308489375,99175.9659472057,100076.82851756678,99713.35307205241,99161.75741471676,-25.18585457670146,278.04028412854757,89.09190874759081,94.34609663038142,89.55173528123801,81.4034007242666,0.201916286189515,3.989087578157036,9.67191467567192,9.68440268763993,6.107999422709924,3.1940389767867505,0.21946993205876086,2.3717048758516364,1201.5835841671105
f995fd6fffd9,6,-16.68720705237051,-8.193614837180892,-13.576537811571725,-16.698591192102374,-0.6452359958841705,2.492699919156848,-15.26974728555542,-7.044217969084391,-12.420727846581105,-15.282675810467284,-0.6426919799497528,2.521642517630409,224.8412222072703,208.06359475761926,207.75474859567424,37.45504176494523,0.0,14.86697423366161,67.29695307808653,42.438834666228466,-83.03016636807655,1,364.6156419390594,12,8.272143129058042,98339.68762563549,98295.37207915107,97920.4923033534,97308.09566245324,89.58445686249792,320.04979712603404,90.28446112647846,95.74286717844154,93.94520079083279,90.19340912288162,-0.20692000026924215,1.5565549564242454,12.274101005450875,13.035451768795406,10.131247666356577,6.710790975796434,-0.2494544899995787,2.321328399295565,2965.0199878231215
f994ca363df9,6,-23.687783724776523,-8.150527903088548,-17.098186268802472,-23.724495295583743,-0.6002783369492265,4.227571620193004,-23.763068000492673,-6.990716165162038,-16.170432210424003,-23.770486761798477,-0.6514635418321186,4.611516189707683,224.88033565213246,-1.0923375982289698,219.01371718182824,49.72297487583849,0.0,0.7840391390579443,76.33080052790446,42.437614935952126,-82.95529399685138,1,820.6705874631647,24,16.7499719843405,99049.3102680082,99062.98062245942,98380.72558882383,97311.34532992034,74.26484052417182,522.3743199479762,99.93254652331404,99.99426121270099,94.46991125350576,89.325014682305,0.18938706357260884,3.292678020313359,9.658937601522961,13.28512416081868,10.793772163765489,6.725124186726287,0.005200723974033364,2.019216940398015,2515.5270415779323
ae742516029e,6,-21.721405987446254,-8.158511983741723,-19.323796810657647,-24.667852998344742,-0.41819072327658363,4.71391945380838,-21.54226577267116,-7.034607067335576,-18.759136618742456,-24.843029107656697,-0.4703962133217971,5.25096009687114,227.19091212045603,242.65606041955283,241.8972977706796,48.102966878818656,0.0,0.725052067347652,77.45975193227544,42.40883798908633,-82.95325876961984,1,1321.0873975547083,36,17.797182854073135,99454.9985660391,99471.2499821391,98615.75569631795,97331.30189019372,56.41385703545833,603.4535640934396,99.05527303827661,100.0182297992743,96.22804747213671,89.31570924276159,0.24875119783285762,3.6562025159998983,10.666631792100196,13.26976216769881,10.509982423573838,6.7162243798543075,-0.026511733201704885,1.7007729572046728,2007.8661934410611
33c295996061,21,-17.07631585947801,-17.069997706963573,-17.768177916393174,-18.924685496500025,-0.07974881433565802,0.5991517471319934,-13.912317300864323,-13.95540497610093,-15.24958082467521,-16.92313557342834,-0.13066518454299236,0.9800582240459411,227.43641257050066,444.1244176009237,443.704946846339,82.5929254478672,0.0,32.64863184505644,148.5481981128822,42.41166415623807,-83.13283843012216,1,399.02150708295846,12,2.99324968213703,99336.60844250201,99394.847527574,99177.49921442401,99019.03953105617,40.97296787764609,145.85114584279452,77.11535490207194,85.20873533040715,81.21289386754844,76.22466249479214,0.36392375809971755,3.1261836494570105,7.187644801067991,8.392670560748716,7.47430961702646,6.057098073118271,0.16445352738649163,0.762988174461029,6528.901700381079
3063f2611492,21,-22.407490604010942,-16.394573789949096,-18.375141091428645,-22.41754483169987,-0.16954284811688658,1.7948588924261708,-22.004995465930584,-12.219258489970239,-15.870085370064523,-22.006023965940486,-0.22025792515550757,2.764901616321252,228.7750472678251,-0.8420690554606,476.4263206758098,107.81419165447925,0.0,1.6091662379746727,165.2764024763,42.42763802942232,-83.007300370101,1,813.1740517623435,24,9.79489245222071,99440.740171542,99455.20586561489,99279.39438209678,99005.82100841886,21.334430204421864,162.54799819315858,97.8634224852005,97.82674800805043,81.44191512211034,68.77478618979251,0.4163154619398334,7.618201021677619,3.879418146763702,8.356828946035318,6.4690031741749925,3.8718654325195034,-0.13634695287033868,1.3115242087432388,6110.3097937685925
e080f9f485f0,21,-17.99637836310678,-16.3922854351468,-19.467322133775667,-22.678992189660054,-0.15639838261588837,2.270863138026677,-14.480586492193964,-12.253807994261415,-17.498586411468086,-22.532543784574226,-0.22351311830846574,3.565288276936581,224.3425526381287,338.2273421633338,476.31221109738743,95.63559352494457,0.0,0.12805032367447636,153.32215076139792,42.4489825501795,-83.07328249761963,1,1278.417387996621,36,10.308170221425161,98987.30066965359,99503.69001419519,99291.3141198557,98990.15917450703,3.073457066168281,153.42926520458698,73.64384156083592,100.01924251626308,85.67989984184007,68.92385720886026,0.5090130843224245,10.176152742669917,4.396712494215708,8.374698714437613,5.213663362091117,1.2312391842808166,-0.17910892950515334,2.1305386766599,5647.704352075108
525fc004abd8,13,-15.91898605758971,-15.790390186723078,-16.491520000988185,-17.118598470350687,0.08596239291695265,0.5052514016180967,-13.136103312021612,-13.130732326602322,-15.049565189487133,-16.21972444914532,0.1837775459622604,0.9228930607522257,228.7624881385539,396.1250463499459,395.78603225900883,72.14296576387983,0.0,28.443936640235172,128.99295190018827,42.42286959730085,-83.0225492748088,1,398.50771925617556,12,3.075017218349096,101320.83095819691,101330.34108619699,101196.2677789413,100950.83780056833,45.51554156660698,161.43272794571337,79.6101861716161,96.96751338143002,91.36666966657027,79.79979094581961,-1.0433147080252483,4.4190196004184665,4.856090468813167,5.996522097112613,5.043604296601493,4.343752182548702,-0.10171163696950507,0.4742042331095435,1205.8645810158005
96a7d8bc177f,13,-18.189134033164514,-15.285654088142135,-16.98999739151912,-19.212052334605634,-0.09723199472685347,1.2598308950171984,-19.302852843904812,-11.653433778918231,-15.321794354928775,-19.372921848056166,-0.1109272316368777,2.2251364409200822,228.75903423661137,-0.6810465296837604,448.37417577046494,99.11423712982877,0.0,1.5737838707446943,153.04488890137014,42.43417298529778,-83.00580534593387,1,800.9560945480415,24,7.758113661282168,100499.90359321827,101378.70589478235,100987.50675150099,100460.43689365903,-19.75393943564119,233.6055711472012,99.9041572328764,99.97239423661037,88.06860308990365,71.40991146528158,-0.17950807779339728,8.827091555145943,3.3958885507674808,6.000266238830878,4.242773415449778,2.9107911187789584,-0.12387654939459501,0.9274777140193328,790.8256822019217
4143c330fccb,13,-15.521923444371708,-15.263905160192973,-17.35149153346261,-19.6335583965109,-0.06245948830467818,1.2877283911350574,-14.329267664965965,-11.613936952979474,-16.301110127112025,-19.493553637996577,-0.12570077619770922,2.3908934916303632,225.2957900736642,383.4429040707522,448.9406481711556,90.31203929922779,0.0,0.47011156237639046,145.52546996461064,42.4329914668928,-83.01785158261156,1,1232.6290108596709,36,7.873393949711341,99968.46946268446,101345.88272562403,100725.80897925427,99989.47579048207,-38.815105624134546,453.1248844784201,93.3384697939716,100.02824679051619,91.72348942376219,71.45248524807707,0.3290981739642883,8.885167393576944,3.4381294141394765,5.997168358100407,3.6979973449318884,1.8580576791328298,-0.0952647505001326,1.1334272044297402,365.12675983270964
e86bb84d6430,43,-16.683956996169965,-7.177596586184797,-13.584568568964157,-16.700000515465454,-0.7973873813650751,3.058159248728414,-14.42472559268805,-6.01722491856556,-12.037325535465225,-14.499975815691176,-0.7201168450178204,2.9316712935752784,227.63518642618243,491.8219330968603,491.42032997101336,103.34311272859279,0.0,39.424313677961926,171.06017977791882,42.44798246158111,-82.97710822852044,2,361.49492174836877,12,8.553665314372772,99442.11187201727,99475.39303698346,98913.94226265048,98538.03501997422,81.96683873251853,288.21131439269277,83.6250255602337,94.79539369432295,90.36241965596776,83.48252915909192,-0.8975249045624895,3.8927640441643514,10.31094298426479,10.300946198196554,7.791727010933999,6.32871959183577,0.38227425416818794,1.4781080757890046,7047.53858361246
93ce7ee9321b,43,-21.547995475242047,-7.183628109272329,-15.700976896205901,-21.577208581690655,-0.4037077023541081,3.193944289232644,-21.390175461717607,-5.980271361307166,-14.005695739052365,-21.424812839996534,-0.4026455420145855,3.270360452121703,226.60788845615969,-0.7885498346097618,624.8950376962919,154.40473683139228,0.0,3.0353151611987714,223.5102191795844,42.41355950824753,-83.01493608020728,2,768.1732697304498,24,15.394309742854343,100003.71273595607,100019.24009625074,99389.33994263683,98504.7512816523,74.31975678145177,524.4938598851614,99.75622996713456,99.80654254709408,88.43183669514261,81.77329233063274,-0.18875526149551042,5.089910133944161,4.3150213779701225,10.305855495317688,7.3836796914899905,4.185403623273423,-0.08294044187287239,1.9532584480611472,6651.552044023994
aed97361e8ae,43,-14.50004102295864,-7.158522878928165,-17.519337427691053,-23.442931385731907,-0.2965526565686009,4.023549222926887,-12.320225847275024,-6.001094987638603,-16.34619227413087,-24.31550897704687,-0.3543243005384529,4.866162586023189,225.5472037894088,509.875250507133,625.4303184653548,140.6263308653866,0.0,0.9197025306539147,210.49626427124946,42.40852320895723,-82.98467862239607,2,1240.3118823171687,36,18.305398333205517,99675.45739059214,100053.16530199423,99544.51431643526,98520.52665798627,40.01372807468711,492.3286866272156,85.05417698458044,99.99419427132857,91.34873824090026,81.78870006547334,0.23443203407570123,6.571627899700978,4.692987660481062,10.298529324978206,6.05460138209111,1.906247594916503,-0.17495180707001196,2.5177155931484627,6170.77136255508
df3f02d16e55,20,-15.943469041631822,-10.59011324606494,-13.612769850479506,-15.937577717041693,-0.5578718963470934,1.9860558313732593,-11.469617200964866,-8.318805256368387,-10.724176651957416,-12.558176468036216,-0.3898845291115918,1.5589596087446083,225.91577294901032,345.2920576138871,346.23187624828574,76.1358202294167,0.0,29.147740686707827,127.4854991965581,42.4582706893875,-83.11698033745631,1,344.05661587338017,12,4.246168836271551,99336.47204254409,99298.38870058443,98869.68788568323,98481.63236354629,90.85869019696864,320.61591268689295,68.688186817272,86.24658441998821,80.73476438676177,68.59986704320782,-1.3958069253711836,5.413487406539167,11.003233227286008,12.648442989669237,11.784034138362815,11.007521038229829,-0.09200777637292981,0.542354570232728,1180.416251619836
38bce52df24c,20,-20.523431145007407,-10.614968412532624,-15.957604838116106,-20.526813908675898,-0.4200804278466126,2.9597334286828496,-18.58387428325782,-8.341889569926996,-12.70657091438938,-18.648704099860677,-0.3777646841343363,2.822927109121836,227.21570217543626,0.7888805471012428,365.94135644669444,91.47962206713362,0.0,1.067762846827407,134.5780269221447,42.407450901807145,-83.01386361994632,1,735.9655182484848,24,10.284511612247746,99995.7870916653,100003.14408256527,99238.04535847639,98470.73781580241,73.9305228878451,517.0983840945867,84.37075665305618,86.24344664165484,76.78449066558275,67.5125254057279,-0.4791868481799622,6.541965097957095,7.312914427947836,12.671687412993222,10.558414277902868,7.314354571761047,-0.20868835465263505,1.5537173534798627,793.467924590036
ff02360852d0,20,-16.47387650777777,-10.576794103975105,-16.913941578413613,-20.50860988110507,-0.21952614840100146,2.8352817333590195,-12.663942007312055,-8.36157136998059,-14.24669233585704,-18.61253418269735,-0.26991995054233847,3.368413498904773,225.90494415223765,313.66191468763105,366.7071512831509,82.11970720609253,0.0,0.09461074510629504,126.893442576445,42.43267241697776,-83.05609123414668,1,1160.1664167740496,36,10.3108846949897,100789.10885654483,100736.61290553473,99585.56357407612,98412.60134436168,66.44958531177208,692.4731124869846,72.79292333811073,97.41413020653223,81.20333919451367,67.52090115587114,0.3127143716043653,9.141223163166009,4.125794187882061,12.661965981541872,9.179447828099832,4.116521638954973,-0.22522599388936032,2.4107588118043872,366.89263311480727
480b3edd642e,21,-13.421823261732191,-13.45348138430267,-17.035393266745782,-18.704709576140754,0.18623575752650218,1.7141653743746041,-10.137614422745068,-10.15058555393521,-16.21786504352175,-18.929915953691324,0.33186927334501726,2.6997306943367265,234.07431218265023,282.3498941525574,283.0349642538117,56.871053991925265,0.0,21.9799832457232,97.1518571060191,42.85953333370523,-85.4456159951873,1,410.73161212420393,12,8.829454448750006,99819.44148242076,99845.43389924007,99674.35747688092,99474.13007520337,40.91777189016163,143.52712635502905,77.5743041637187,100.00726616327503,94.63147161650468,77.45932536178258,-1.1653724827075729,6.8971862960295764,4.998263704638226,5.421625514086265,4.789110480352615,4.496218328441344,0.014635363111973642,0.23508157441618677,1947.7308716995178
0f87d42fdbda,21,-13.449382737725351,-12.732163058070265,-15.143890602341422,-18.67982031614363,0.2530302924981035,2.279507779838568,-11.212636608060645,-8.411548786418264,-13.160316343010026,-18.896795737345595,0.3948240458215885,3.698260523210789,234.6474143577829,0.4952267434237953,300.9645718549454,74.2239096888186,0.0,1.0061720249471073,110.58400516025505,42.881040970833254,-85.58814344539269,1,747.3824004222748,24,10.497798002763343,98821.86853915203,99834.1044137086,99492.5883909348,98834.00036293195,-25.24866733974738,271.1352847968208,85.80724787729595,100.00405665543488,86.62769842465529,71.21443125762663,-0.9835634010020513,10.027102122687552,7.4907254559758885,7.49804307059274,4.840862643297976,3.2971377399626336,0.04587063015343071,0.9205338920581583,1616.846305113613
7c2eb151ec8b,21,-11.996974685640163,-11.994538414655839,-14.514414394433658,-18.736973340392606,0.14751701329512987,2.0684473728664363,-10.783466866568524,-8.435858179192993,-12.836792351402316,-18.95008550406361,0.1513252358761774,3.0792227780633,234.92927686603892,157.96508207181574,301.0321614624518,58.312847575301134,0.0,-1.035109823366075,97.11446169425285,42.88731851021804,-85.58673520631932,1,1108.034479934251,36,10.5132177554096,98242.89172728626,99823.18825203732,99061.42511132787,97915.01611453517,-57.159159555942026,659.6806546146335,93.85006829968583,100.03235301211684,89.34299701695781,71.2436099305085,0.03164434158951335,9.194313347309478,9.335094299924208,9.357071140871913,5.783734144816501,3.306169157190425,0.12420405991622198,1.584596472736145,1247.4164808075557
ac1babd683a3,27,-15.578003677744755,-15.57365738167347,-21.724159547210878,-23.52954392643849,0.38169428912948217,2.388769632001225,-14.637645978744255,-14.63392543090771,-22.300044557717634,-24.876197597478384,0.4198552663614713,3.0835573028603416,232.2887109533389,455.5490889775022,456.06586158348154,81.53037617546059,0.0,32.10333119745542,145.1978008754886,42.904336130083,-85.55186429248616,1,482.6322375502678,12,10.237527255767153,100965.32944885058,100976.42597212938,100581.9110942436,100165.45811389072,75.23305861245375,260.2874410559186,95.03069950526876,100.04933232399385,99.45607114660537,94.94951769734892,-0.20378017611764723,1.3611225987685054,2.7183767587025485,4.353184019348752,3.702933549959912,2.7277957989490296,-0.15584632277980015,0.5648064069527973,1136.043037466321
357518357633,27,-18.673382300693877,-13.06742803877261,-18.687632174795574,-23.516344513823142,0.35500453428042056,3.7876276422672266,-19.86518491080191,-10.326076224519708,-18.32192051451208,-24.881290927496877,0.43722838847568773,5.102281601289899,231.21194202578494,0.07951136335026318,496.64838463120446,108.9969584733752,0.0,1.911251819305043,160.17959866238047,42.87249278548952,-85.54651683284892,1,872.0295486004153,24,14.589708828882397,100989.41590524295,101012.10474605809,100806.97557922675,100200.74834138653,34.65186457234285,269.214987288401,99.88866725233561,100.01050634133846,94.8262279123263,80.7341779055049,-0.39448065364183676,6.813202348851541,3.7572505154649067,4.334021505645693,3.0989396346147737,1.5100444047219976,-0.07547059938634991,0.8916134414743965,750.6556350595627
253bbeb8defc,27,-11.58142665290083,-11.579686687842761,-18.198392190612537,-23.55161953880584,0.18193818065964998,3.4549532722807133,-9.558869086158023,-9.544701057894194,-17.988841855459903,-24.892144545588163,0.19947441477690914,4.633617924949728,233.02384380860153,469.2523990931625,496.6005546652712,102.80320226364617,0.0,1.0879390841590855,159.9552056344658,42.920907493717365,-85.5447304711231,1,1294.5856349041558,36,15.361797391712548,100976.19227823432,101111.83007550004,100864.32406317133,100202.58093648562,19.61280077615395,253.82806330453204,87.25187177365339,99.99716390856302,96.06803155393338,80.74319971595402,-0.014441945747635715,6.149592263279107,5.5873605266893325,5.609741845469205,3.5299652993653967,1.5145833750240998,0.02989464097621703,1.003920983805063,318.0084025286034
6edb2383be1e,13,-15.340567606364397,-15.3159968412389,-22.98550169607864,-25.35797097913227,0.4351445581248648,2.968257561057918,-13.956885766119505,-13.946581403248524,-23.38879267580415,-26.242079477292307,0.5209026186704017,3.685462487610044,230.66215385240704,353.8826081997532,353.84235136039894,68.68316582129357,0.0,26.9063638307358,121.20447437141553,42.867498617352446,-85.5043547827281,1,495.1032773577349,12,12.299657885042304,101221.21396590787,101294.22026953369,101198.87667826467,101032.77197422969,22.904483358465395,87.22302134946653,91.06268271882148,99.9188937581421,98.98667892051772,91.04057256889678,-0.4682789504989454,2.5962980961378874,4.239287150044032,4.687860803923207,4.309232641542507,3.77575952407584,-0.07896588154016784,0.3087248350854711,1174.3523873410065
e8a4e6644e6e,13,-20.61843920039826,-12.179001536449197,-19.502479013762706,-25.35116406131503,0.3796982024610428,4.593279171385615,-22.03191472512803,-9.794929388134488,-19.362501862718677,-26.29544003090167,0.4077501080777627,5.810589044812228,235.22717199074148,-0.1342958302599813,453.09081122592426,104.29665529261493,0.0,1.9869868795156784,158.57203191987006,42.86606407924449,-85.53469548080366,1,896.4323450427345,24,16.497081872421575,100395.4096664529,101293.77235666038,100979.27972078239,100389.57088568463,-33.417547357526615,278.1180589934443,99.91467543130463,99.96044794201984,95.82126177096163,83.18228373918525,-0.2176409726346745,6.118533654483654,3.3857454529398074,4.679021860121588,3.76442564805048,2.0670350990466253,-0.08080066709910635,0.7260840482036321,786.6413221639117
16a429903d3c,13,-11.714952773908285,-11.722590462117285,-19.601480960026286,-25.360860372367327,0.13177451201743393,4.2003309845722665,-10.395237495698305,-9.798760667295225,-19.659261114552546,-26.28830595938326,0.12313546978103561,5.329348477192346,234.69831019703534,260.2603071466599,453.0215993078848,85.41401457977634,0.0,-0.8332970364505171,141.62799570703027,42.85742087444728,-85.51192785758812,1,1357.1468759867478,36,16.50174301347342,99863.32425291285,101315.71023984905,100679.0724844127,99875.04439233767,-45.23921471483902,494.03537318761465,94.93720324906957,99.91524865350641,97.03438273400937,83.05965055636041,0.055472129358554965,5.357567208909093,3.48525071950068,4.697509766515967,3.6045230499646386,2.070006397766757,-0.04115607698807333,0.6763482718139937,326.3100333336781
ebe74250aef6,64,-14.889674444420809,-14.884456052344499,-19.092297824816814,-21.616198168863775,0.1726330586174599,2.2110479707300215,-11.04720344146048,-11.040624689001257,-17.29645833812416,-20.417687376344247,0.31742921275318897,2.8998314113756467,232.2803466608635,688.6680154820081,687.3139117169799,140.95918749031833,0.0,53.619782832813065,231.6030727562138,42.88238099907384,-85.49452521804051,3,424.3985627555782,12,9.411271678155796,100133.96704103105,100177.51664177715,99959.0233739188,99708.11183637167,40.95972545828739,143.76972908493715,73.07914376970872,89.59878218364021,85.49583434625136,73.10467915584097,-0.9951144721255601,5.082597912462328,3.173520109637941,3.8278912796354283,2.7146932775076333,1.5959033175080424,-0.17414577580239468,0.7884384276427012,1095.8759960539555
250f246e706e,64,-20.771137302263018,-12.860576069490715,-17.49895009484807,-21.648641572601463,0.12230298134916504,3.1904036414992842,-20.913129529408284,-9.377833906313079,-15.514712680480422,-20.845680385413473,0.11662331344491099,4.128415950959682,232.21760381694386,-1.196987319082111,733.7539760545047,192.34254619468942,0.0,3.6387491366541425,263.7649351889232,42.9004687705912,-85.54192213015486,3,803.0476948550264,24,11.480694077306378,100429.20870398513,100397.96680992634,100142.25269656167,99761.32074439208,29.476124572260794,208.4783992832476,99.88222667617822,100.0215764938331,85.34630241177665,73.13578556963135,0.14120432863433588,6.861889205889052,4.2768729496872435,4.965095465089614,3.313462349289537,1.6058443336158557,0.04661904544826963,0.9362128424539747,714.6616446516396
95f5ce614006,64,-11.576152320873824,-11.59909014156886,-17.430664229673482,-21.640584330687524,0.07318483157509129,3.1690281372049496,-9.229369109520311,-9.226552981151542,-15.987645356374683,-21.03979974517043,0.017964873919896145,4.181047039489969,235.39188891804412,668.3921366604317,733.5297111467596,177.98896361819038,0.0,1.5468703648395745,254.0018953498198,42.88991468445414,-85.51582448096242,3,1224.2963857799118,36,11.80525476512682,99999.74997900662,100407.4746844869,100150.85965142981,99712.84996538641,9.654922811266317,187.10294464355852,85.62950785754738,99.93712018940569,89.25201504553357,73.2233464930759,0.4381369820424783,8.374291533232219,8.059005579219269,8.053249126271668,4.053709403694192,1.6125514323217576,0.10671006390155519,1.5054419354112998,287.71655384046977
51d26f0db698,20,-17.104164148351533,-16.84816400925077,-18.96815221223723,-20.368885216154634,-0.0331463264247615,1.2200124098802323,-12.761618461694807,-12.75905203027766,-17.294960141597464,-19.567389408973124,0.2161395291230809,2.1351518253571555,232.14290974039204,232.36288300000507,250.14897722098817,55.019772715330895,0.0,20.928500741598498,92.76020435277951,42.87493706720963,-85.5667518684949,1,422.2326175604318,12,6.80163781163859,99664.79878264808,99672.51381386301,99291.42373366322,99026.96585912403,67.4267841602378,235.4883876991855,68.77421861474176,93.43895601083203,87.40894734238235,68.69163520615197,-1.879513605990443,8.39137341531387,7.036629443985461,7.753588005933793,6.291044176425205,4.90669376773146,-0.13692411516709668,0.9406367994888573,1273.0958083345852
cb99d187da11,20,-20.906595337451527,-16.79854918232436,-18.989049045751763,-20.866288369009055,-0.06320187493375545,1.371363515224917,-20.499850744683794,-11.981396993157066,-16.78815667345233,-20.484169872052778,-0.013411760018059873,2.690815428192425,231.1459853262284,0.5582656824335024,289.8281173617568,77.61429229119526,0.0,1.5238777865816906,109.84239366313105,42.86407133838634,-85.53231380826084,1,834.4288252005995,24,8.515742777228946,100171.09055604675,100166.94485361803,99601.24813567246,98977.93393900876,55.75311497179471,388.17614440793744,96.39560829964138,96.41935769810662,83.27379842200968,66.22425289833714,-0.3754094865153845,10.472984667495302,4.105897163643846,8.370822143610116,6.299622430628994,4.108324587717368,-0.06808976730944322,1.3022954967738454,856.6241314164838
6749adf4ac1c,20,-19.170020905765263,-16.790615754823374,-19.829803233230738,-22.290274338023004,-0.10476254958732913,1.7268111339997356,-15.616834698366482,-11.985954617737397,-18.209354737501894,-22.744848377947125,-0.15161338746272685,3.238978673026525,235.23092580267237,335.8396323520559,335.3850144721602,72.65898210289599,0.0,0.744842463081301,110.31185395696956,42.8859114053235,-85.56720461289972,1,1303.01886506367,36,10.772773508413518,100752.50917434608,100745.94743686046,99909.06176432983,98948.1324626635,52.13217882854709,539.5424136988566,72.83534442119783,100.02376016199075,87.13559477440045,66.12230886463398,0.23983992809652369,11.381098465297633,2.6384521347697625,8.375319027816447,5.215242696131034,1.8621625668715747,-0.14874529584799778,1.9304653843840829,386.6477099020032
b607ae3b4b4a,25,-14.281572454009854,-10.225889310552365,-13.233380841528039,-14.568927143788043,-0.40185533764565506,1.5301815147188866,-11.43209094953577,-8.82700320029697,-11.428496956000926,-12.927798600415509,-0.2865487795070785,1.3148982226536043,231.8200347119437,200.60452236555568,198.10492352222457,40.59320891636029,0.0,15.73534455629249,69.79559527519046,42.90156766893593,-85.49097570038754,1,351.7985460369604,12,4.141497864058291,99161.83918706018,99209.1424337411,98790.91212506102,98379.76056736051,77.5383127681009,268.4132414930841,80.38037500187964,92.20509875401864,88.53735696887163,80.30121276946339,-1.0110039802932445,3.9223252210283697,7.931991315289528,9.48603896819133,8.524482896999034,7.289320793779649,-0.19446996273326908,0.7909350804909437,5852.363294560988
130a1ee69d41,25,-15.202350612474094,-10.292338369551766,-13.84986846769306,-15.22414764063211,-0.13794811548972005,1.2778818184018035,-13.943986767095087,-8.781805772679055,-11.99628275653123,-13.938301912099275,-0.14439711090227553,1.3192405277381791,236.74739247335353,1.2345825751088892,254.7810391619038,62.190876894377844,0.0,1.2492656977519374,91.1203332943988,42.87076845800926,-85.49902231978383,1,719.5819946672318,24,5.16314974790035,99288.65593661641,99286.97478302501,98953.24457144538,98373.91759321392,35.006809290646714,271.2388255168769,92.09283415544694,93.87519021174546,88.14031999750694,79.90752432027705,0.02046365989870388,4.822086744160016,3.7941002137688673,9.47682955601372,7.536144109034015,3.7878955920095976,-0.21867340335251317,1.8294778581203803,5492.678282903343
00ed1626b7d9,25,-14.006664520055542,-10.265339288024373,-14.833723990220888,-18.054434419361094,-0.14429826644536692,1.8814767387380293,-10.681988445734405,-8.772610059693662,-12.80592757167372,-16.207504367289673,-0.12313948123432902,1.8429370862064691,231.49448775737153,269.8810495310641,270.06117564283835,58.99523304766062,0.0,0.8390247755919177,91.66847787922539,42.873014136281306,-85.49044675851464,1,1112.0174270252828,36,7.380312021024093,99267.71839674337,99329.24770775874,99107.722288161,98371.09799589316,21.688050625525868,264.6377648734789,77.78756735200906,93.87383177010035,86.54054434430148,73.99607896783645,-0.23117224567743944,5.992706539632853,3.8415632057542712,9.46631011491755,5.788096077552905,0.5494453993720981,-0.25798396447000194,2.936430689470274,5106.0064194349525
bcb2f48fd798,15,-17.613184878670555,-12.54297471311974,-17.63306973473349,-20.080828814920302,-0.4439986846078766,2.232513918771126,-13.984384646314036,-10.950905997946055,-15.59700483373942,-18.475800106653722,-0.24088379979338048,2.242537071285772,239.4739142101156,278.087131930475,279.23035278326046,53.96259472027406,0.0,21.07162519749887,94.36138682865919,42.78768929756249,-84.66063041503672,1,401.07302250049787,12,7.5404018088620335,99429.00055049287,99463.38509758636,99108.98811954039,98635.06809899768,71.856230292326,250.81702614148,73.30482919838455,91.99009640498058,84.51868235739309,73.31347513827843,-1.8644208818292973,6.9461930422916245,4.85042458613785,8.428072601979055,5.940503288564619,4.859697065718979,-0.2553921597605568,1.0309387186390244,1168.0978754772982
f286a83718b8,15,-20.216334015761827,-12.483970018315036,-17.82034235008289,-20.225183629433072,-0.12874201343564584,1.8556192652246435,-18.361384984907637,-10.95811701318278,-15.404348492053263,-18.47457350388174,-0.07642165532119587,2.1267450021786987,236.41761162673072,-0.9243612501441125,321.80245505042535,74.96878759708272,0.0,1.301538761542157,112.70259859439672,42.79107784621291,-84.55372081339443,1,802.3335663352731,24,7.544769909634656,99701.05634827432,99727.81178438758,99334.99533930155,98590.98788422924,42.88112991523275,308.18725876509217,83.52063441426333,91.9242705931727,81.35264950912634,72.34137326809595,-0.4879660913405864,6.500114473484097,3.7770456066138562,8.417934281288282,4.947174149784082,3.5447981574494265,-0.15677028524330108,1.241000598308008,779.4511290382669
af8b9f5c2669,15,-14.752074665773042,-12.498500293827858,-18.074088785045554,-20.23299737708047,-0.05052114226918652,1.799558494066491,-10.810564466817384,-10.830945906980297,-15.978531674300251,-18.727879895936557,-0.06675136507314378,2.3757604537517567,235.11074332892406,331.6550487635394,332.1801271148237,70.95183267809675,0.0,0.8528046675880235,112.17050826494707,42.776167050661556,-84.61885814454985,1,1223.027616332155,36,7.882424148122609,99843.56535883657,99866.99121944573,99470.0558972331,98631.85282673656,30.506224041293656,336.6085635873405,72.4543019180517,97.44186146374979,83.6765332580331,72.22587029109707,0.10289564352295398,7.519937893764563,3.4651416430591238,8.416156622147977,4.237628654735082,2.4055302745839056,-0.12590432097386065,1.4499658924636332,351.2892331566725
3d163689e792,2,-17.463316446008896,-12.656509752905459,-15.022324943440514,-18.30570417800397,-0.556393257604828,2.1885346354231703,-14.090001814646095,-11.543744758015688,-13.355930305485826,-15.82130282989725,-0.31235865756265946,1.4605853848225108,236.2530401261043,370.0494893214252,370.29034758098,65.79326217775214,0.0,26.278294048125527,122.2152792829377,42.77710751086364,-84.55557035089578,1,377.5265433796865,12,4.274122158953972,99711.54934011129,99712.2129868529,99494.41339998973,99371.06954271163,40.28620826969589,144.61522007386324,75.06976340030201,99.20302833851542,89.39796288704274,75.06668718531579,-2.2607701359629493,8.012582079455518,6.5015659741585825,6.502714209414974,5.328344279839057,4.274882428036892,0.2071240808499201,0.7265488100447527,1183.0037362189078
1be66fe162ad,2,-20.692058182648193,-12.65861772800427,-16.91498583828895,-20.82569073828675,-0.3690210662560646,2.76580143941335,-21.345213429811263,-11.529895272531528,-15.121578121951803,-21.38250661326927,-0.37497370829935933,3.1150334709443226,235.1505695559786,-0.085370717450943,453.59682386362874,93.57136898381836,0.0,1.4035283024304301,153.20509260785428,42.775934524914035,-84.53803811148713,1,795.0564210574269,24,9.804859911952736,99728.4874374606,99863.38229737774,99642.26869367076,99397.98697755822,17.856422328469804,144.59829402896597,99.98675681251474,100.04181475802928,86.73733161789161,71.92320226950321,-0.22387600438132566,9.697938574268639,4.6351340795676865,6.877222823182133,5.440665274355722,4.243136052074247,0.005137584991377302,0.871956392879623,749.7773209559429
5bb937fed5af,2,-14.154099979167034,-12.651235185944818,-17.73921078715519,-20.74278547612118,-0.1773319250099095,2.7622367360674955,-12.126415177715202,-11.512509307078455,-16.42505870058645,-21.387931183537837,-0.23465861734149415,3.569931838417966,238.32647971843826,384.84997057086883,453.8665484664022,85.54282973812383,0.0,0.5561556046747145,145.4862373983153,42.780250410197816,-84.55331713168083,1,1239.5283453687216,36,9.874933503701879,99525.58240010691,99849.25270532406,99644.33958950937,99356.0248504709,7.015518677436571,124.77435426635962,86.23481440445549,100.0004597564348,90.29309845253515,71.82651275854788,0.30113823839902265,9.715069179654165,7.732814825076134,7.739422517971207,5.431868373030835,4.2351206850621805,0.010078112183133781,0.8777206175586044,312.07490655742595
e7e086a39960,6,-16.936930664932692,-12.16984612861869,-14.451296436466516,-16.910589477758403,-0.3428717160965331,1.2860749334746813,-15.675043794388325,-11.020624044331548,-13.319003069549106,-15.66832215454302,-0.3582804649979577,1.3163340971711244,236.61682638244028,274.65140367439153,274.7268446420032,46.20804497397012,0.0,18.703048263302765,89.26581000725439,42.763684340232764,-84.65184175264089,1,376.0799222345224,12,4.657024972482753,98186.91505020985,98204.30453579512,98004.63507726177,97680.99319368963,39.61424669320597,139.4444305791089,91.40714713038591,95.15971109495989,93.99424856528017,91.40580624546244,-0.04204212067794095,1.097103776770749,11.468885335517403,11.469489138929212,8.545910995335714,6.131894996761114,0.1735256299598954,1.781775387042285,2917.7117443382417
b953e047f559,6,-21.896393017899744,-12.205684373281485,-17.549584587985564,-21.91101802633675,-0.4755253155171912,3.369985816693929,-21.598830342852036,-11.032584391724674,-16.633057124850048,-21.6034039313218,-0.5179110925512298,3.653511608312126,236.09543319607963,-0.07121827102996182,275.04070704562923,57.90016123309947,0.0,0.9221888991608935,90.6975151429131,42.80274417307534,-84.55508288963686,1,829.784967959374,24,10.570152201858338,98824.33333742675,98852.36181572582,98314.12593082432,97701.75132436838,54.7581737864546,387.1901614174548,97.13260569025032,98.02229349589805,93.92401386816813,88.23234555534772,0.12039488755018335,2.6837092087653254,6.93073329380693,12.189931567755165,8.907600105024716,6.158374205771008,-0.005950108734710104,1.9866168777264888,2473.0789895797348
323142b98113,6,-18.122060946378152,-12.180093339152393,-18.584043317129677,-21.900981051730334,-0.24749846355971547,3.2013759335539986,-17.287451652510704,-10.99290604791268,-17.902512838421856,-21.623448196796392,-0.27956497427913085,3.5376787518785706,238.266494534386,355.2905375374695,355.94924743742035,60.82504401049437,0.0,1.550918811227102,100.48339297714173,42.766949956333235,-84.50834304429017,1,1290.967455875017,36,10.567389669604365,99128.17505740705,99153.44980511174,98524.57789561483,97703.66411961369,41.19476452265137,441.7055500007732,94.45731303559415,98.15551401615947,94.8253348023006,88.16060891025404,0.12860748440880854,2.619886402407216,9.323930150968286,12.190480971437957,8.547517120291744,6.149578162341321,-0.036058247567317535,1.7401834288296785,2009.8256566272307
5a4995a86f70,360,-16.768778035775544,-16.637968017645854,-17.27535552829695,-17.72855270445446,0.01035971919397414,0.33280921786287987,-12.8991188186061,-12.927860006832422,-14.573282272526502,-15.630536165701884,0.054303054461509286,0.8170017991239065,235.6560781980769,286.1029307068797,286.0470485972935,53.88215737893129,0.0,21.19091459441642,96.08188214669451,42.75566818187035,-84.59531159411804,12,390.2412919873853,12,2.689596700209346,100237.50524245665,100218.48599551576,100009.81505838406,99779.29793765488,42.71646515554429,147.86337190424393,72.43835021223043,84.62378439998724,79.80150456590187,72.52697381076135,-0.30495691576619205,3.554480443102731,6.553219923016808,7.087897744539002,5.52048576377173,4.352749402422772,-0.04885630125726746,0.9027922385028285,4189.442452534611
2a8db3699b48,360,-18.122402899384937,-16.246208140050353,-17.100847106848583,-18.102375125945354,0.007725726597619354,0.5534688234239431,-15.670214599828041,-12.195865760497211,-14.214678129760006,-15.654198312549646,0.003682425939605617,1.1426149367197782,237.28032213512054,-0.23860899135552943,286.82964535686534,67.53918791792486,0.0,0.8479480617904571,103.95022893779397,42.7741424298313,-84.59519642770292,12,773.305842486441,24,3.4830156557940906,100457.12173577538,100455.30821800714,100151.27979178072,99753.39422500097,24.314693978612688,177.47349098211015,81.09258105334963,84.61766386943503,78.84731832579912,71.12678951316161,0.010456090035764434,4.328968108570569,3.819319883231353,7.086034507282063,5.449826049105768,3.8132073628990684,-0.05923351582903177,1.1239749870078555,3808.7135393771973
0ceb7bd0da8f,360,-17.228195883572585,-16.241818644201743,-17.462688006526943,-18.842881095058576,-0.037232226649699024,0.8030431463781614,-12.786101809704395,-12.197498793186885,-15.006985239855215,-18.108476816623693,-0.07635158313935655,1.7267974869486895,237.56065945247624,286.02483428370857,286.3228743211131,63.74012963281594,0.0,0.6369336338861553,101.87645847736302,42.78091123407729,-84.57383691002607,12,1187.0658533769843,36,5.887280929566936,100799.78773579653,100802.69976114543,100287.20362146536,99796.7848540695,25.308998205937577,267.1097952134504,67.88901175366054,97.82765769097483,81.58273291650517,67.92728672194643,0.30075676347830155,7.3456297773625625,5.396120342969699,7.0795918300636185,4.951396604618636,3.3214782671023575,-0.06712212270736571,1.2250608162228227,3404.6845360547436
1066e4a6edbc,20,-18.981850361847435,-13.94374090441175,-17.855996609700608,-19.99881048731424,-0.47738129421802955,1.8587909621884868,-13.731655811027235,-11.72784418546399,-15.234101151295881,-18.397832852579462,-0.2782054741252069,1.8435622946348502,235.4492748384084,472.7289522693006,472.4197289695529,85.42130420959737,0.0,33.83830246216565,153.30419812962273,42.78281702625488,-84.57633046534096,1,398.4472049348076,12,6.628322193141734,99517.52253549876,99518.25529227324,99092.43079071272,98713.91325970263,80.80643164015662,281.9947367551677,62.14609247814491,86.76258927236641,79.74511947693735,61.99167717874677,-1.6891447696730273,7.602459674298562,8.575530710601539,9.877628612116137,8.624197732151506,6.869418541377488,-0.18315745448391893,0.8990368172986529,1294.538136567445
16d239693bd7,20,-23.175790218456715,-13.924603162845912,-19.4586709568455,-23.173103764625605,-0.3151191276068766,2.377393284514291,-21.91143484093066,-11.713416764882803,-16.24112772714689,-21.883126920154517,-0.2861370087585162,2.9549250830404725,242.27487323413433,-0.028413780718303,473.5780276582488,105.90781821423766,0.0,1.5758972335326806,159.22193248717338,42.771829208435875,-84.58957110166482,1,823.7227015327238,24,10.15224206273667,100048.75737569005,100049.90975587253,99405.38838501569,98709.47634732703,61.47669438453586,429.7715675658259,87.8513024567437,87.87444735310751,75.50256511429781,58.326063140031174,-0.33923468174377924,10.379730212995968,4.553337738480814,9.879659071998168,7.657117530885774,4.555134048155925,-0.19646991292183652,1.5688438041244623,878.2902773478247
ea446ae3a0ec,20,-19.889007689296594,-13.930872642858922,-20.56566953462255,-23.529084753095315,-0.21100356100907108,2.5835923540006562,-16.36771101852635,-11.735780904590406,-18.16345059326073,-23.537318997298673,-0.2795744833130524,3.8025601536559375,237.13719766400925,337.2099995289536,472.78177730329406,91.31359276597428,0.0,-0.23415607999344734,146.25764668052386,42.78779432332695,-84.59200597708119,1,1300.2409576424823,36,11.785099768514575,100737.25869568904,100751.97104883833,99786.0535969348,98696.37144273159,57.42190758288696,598.6916818162539,72.36730577303086,100.01466299427571,81.0106782684139,58.26982397828456,0.4499176590442658,12.547436846108477,1.0967202406760193,9.88024155048727,6.199884910306369,1.1116656824060644,-0.23107051270791953,2.520575236432697,389.9651689101438
918648519796,26,-16.48249543588669,-16.147281947984464,-18.363798315695973,-19.5378433621786,-0.04622234015742582,1.1963523757059145,-11.847535124554952,-11.900769671460274,-16.107622445909165,-18.17584060100252,0.10475690108690862,1.9879792201152227,238.1427898778287,367.67251735098034,366.08167245931685,69.86213610642045,0.0,27.27953813333138,121.6862073204505,42.788675867352715,-84.6273124301718,1,410.75591794604213,12,6.246899026770442,99275.9486211492,99342.29717558016,99314.0110755107,99206.52984693348,8.483396672258884,34.82035953396469,67.71819759359184,89.56489765824553,82.34026067616618,67.67572262885066,-1.1437648043401556,6.625741824006042,3.5817527105162914,3.7873005172558867,2.5782291004691116,1.4008870507694202,-0.07622693055160075,0.7796167680268644,5218.359219801533
07038f6b244c,26,-11.980159388519311,-12.008963799261558,-15.877409743160106,-19.540074180627162,0.3461737337683289,2.770923576531659,-10.979085480450552,-9.415790927623362,-13.23694912920555,-18.188672257309005,0.36555539854673486,3.21580892158018,238.06402741066367,0.1061187673792474,371.32710534572226,92.34542596282562,0.0,1.4536582602220975,137.65939768563442,42.760964572242685,-84.58750065310156,1,749.7163281427886,24,8.787216015586544,98336.84427011923,99335.47628381249,99034.47442342727,98287.60393070534,-44.484446826169936,342.21095220938844,95.20940132383073,95.17443784621682,81.0380251072112,67.6869151477387,0.046849937597658216,8.242729935853285,3.0163174561389807,4.004343888127726,3.0924203918404687,1.391679720603105,0.04434622843250119,0.7771430292363706,4875.960782928
f75b17ebf204,26,-16.517514186002497,-11.874415617780787,-15.262216894582716,-19.546408131007258,0.1526649968515183,2.6051097420146228,-12.092528421254691,-9.390878656602867,-12.862101466512707,-18.194246771831125,0.14190950617427756,2.714198899972843,235.90565923145928,265.15446962182773,370.6911759502569,79.22966367495724,0.0,-0.2132268872960418,124.98513968661956,42.75015351583214,-84.57298030880193,1,1108.8521574161373,36,8.789125826369968,98873.05054979991,99330.86911835124,98823.68424658863,98172.44168574993,-31.233125433250258,408.4407275130162,68.75464656438174,97.56485152896255,83.38775690604695,67.67830209982883,0.16883629435198344,9.625732168962426,7.802517963497156,7.908989140993034,4.049946256365045,1.4182096634459334,0.1333569716272155,1.7063956532363362,4511.928739242191
f28c7bc5c12a,41,-16.02024759150353,-10.150752539104772,-14.12752135245395,-16.030003388357148,-0.5110849991805576,1.8666619529484327,-17.180124021409373,-7.080125473888431,-14.050665971593233,-17.200256411312253,-0.8934173731436366,3.3072708179328143,191.09579798682194,136.34509865125057,136.61256471374455,29.349026031100326,0.0,11.191235702291438,48.71694664200227,43.14554053881458,-86.30911602454141,2,384.5188329273658,12,10.123157730241646,99866.80210306005,99845.68514497712,99318.42942949155,98819.97175363597,88.3697424818531,306.4747054355494,99.83524859274507,100.00498647781917,96.44865591171812,80.40683697136728,1.4291146951185434,6.686000638354682,14.93172399486985,15.6084454695029,15.2022963679358,14.314660445040646,0.020511889261813916,0.3021622221720523,1748.375269603671
7a18f61ac070,41,-13.09298633539828,-10.155294919619976,-14.269948790596167,-16.04257650770688,-0.053997887489700226,1.457567853421993,-12.907865644731359,-7.06494895321786,-14.469975993550404,-17.21427007823134,-0.11626976796008445,2.5321068304291203,192.09644355459628,-0.9953250584886696,184.61724525166125,46.60250886674435,0.0,1.1941404566851443,64.24339176300222,43.161735033281865,-86.3708793556812,2,779.4615746651832,24,10.106164408244338,100457.26467001306,100458.28874385591,99768.48634229368,98819.2866768116,77.67637117446641,544.5887248205042,99.94370801478847,99.99550741655638,98.24271504405645,80.48426505912926,0.4013246648457148,5.048667285750629,8.85451319435351,15.605257701568092,13.954237011598629,8.854719576873535,-0.21178283083447824,1.7763696091233891,1354.9652126390226
e0012f8b2118,41,-11.890413157879895,-10.199527644636394,-13.594610829987577,-15.993303069756632,0.06403447700528907,1.5442424779089239,-9.972406911722754,-7.107770903720153,-13.46946384325337,-17.19947094137103,0.08097881197241132,2.5206090081839894,191.4315116140258,247.23907773458822,247.1531935185849,46.479178349045654,0.0,1.0762663529576386,70.32537425537471,43.18874364047325,-86.1550672685934,2,1134.5084377477415,36,10.140490994478675,100595.65869248283,100626.83581651222,100021.37742072518,98818.87605960386,51.76337104962118,572.8144753482133,89.57872548835424,100.04006227581087,98.29286727789366,80.50362024507307,0.09090936568633629,4.554909484296228,3.461285266961822,15.591853927120143,11.236018001071258,3.466594972673669,-0.38118325180979185,4.203309977208394,1001.9379613971987
18111cfb7d44,54,-10.587417281941226,-10.5424110352701,-11.336213016811937,-11.963732423250269,0.02333271295804504,0.4875869738880715,-7.881862359364801,-7.911855165868028,-9.211452105073835,-9.972339420355361,0.06190287569630835,0.6748443114050654,188.83292658813474,423.81994381736945,423.9578402648534,91.91394156660574,0.0,34.53756775056978,147.07407939355147,43.15278905457387,-86.25974440975507,2,327.4273424190029,12,2.0717060025910268,99723.1044711146,99716.495396011,99483.70132265585,99431.46402537201,31.18920573177802,110.46209848285335,83.01437839548336,89.00842400923514,87.27428963797108,82.96704637199295,-0.33997621668280775,1.824915761729371,8.293859334354446,8.294479236490213,6.788449606700587,6.267670166951884,0.14806412745955455,0.6373825435419369,7882.66399692025
ae40e26798ee,54,-10.353232860177929,-9.64004751255324,-10.734396374041625,-11.92136818019388,0.07929774762957285,0.7155864725711997,-7.70902765063401,-5.778773064688071,-7.997638865008898,-9.999220941809018,0.15807120280661618,1.414704256670141,191.3454022936058,0.8696151763745569,543.2989016548228,145.29941807373274,0.0,3.5673525848288503,197.51872555259263,43.20474323119562,-86.28861649460234,2,625.2311231801998,24,4.2109416399263395,99692.22906166526,99689.7124431493,99617.55599024196,99423.85750150804,11.95611056928476,100.99618656709309,83.09773898669528,88.9774111103569,82.47235194377195,74.01816623318146,-0.5957014827519194,5.273457624426211,9.587433207829955,9.945376144437338,8.086820330762555,6.2657007032632634,0.19288756426497947,1.3979917317187343,7589.339684425613
f2b4653fa431,54,-10.821634126018555,-9.635010180347997,-10.845257112351378,-11.97746026186967,0.008815021200840807,0.6310791082072572,-8.092781077030365,-5.78485613005036,-8.187274650072439,-10.011381819019045,0.02369101221789298,1.2036600810360132,192.75597034794816,277.0410366694017,543.7108354108775,116.69695832387275,0.0,-1.3427163316090671,174.86986325834863,43.16017482492409,-86.28562875080978,2,941.1776697721227,36,4.198002548505866,99835.46480306602,99868.51355227744,99613.16356993967,99376.589761208,9.412034042145713,110.56055505338098,82.42558646053624,88.9631299763391,83.23118302827656,73.99117661411108,-0.11086883945977109,4.457243728222574,9.669065478294481,9.924179269103737,8.32386698267905,6.26578715575116,0.08661256549825139,1.223555201174222,7261.3982261581805
c195b826f912,20,-11.92893911702441,-11.897209539651369,-12.790957251627178,-13.235589181255818,0.06911645256123115,0.4323646300433542,-9.63978586458033,-9.606441200594752,-11.64781350257717,-12.541450607316362,0.20822958149489412,0.9684868036566313,193.2597599904537,243.81046605858938,243.7541416175667,43.737418506222674,0.0,17.416305650553504,79.59791883300718,43.1648856846976,-86.31013106287402,1,355.88029890260344,12,2.947719749998286,100173.07164025817,100203.3981310242,99847.51627925258,99583.10321299822,57.97538885695676,204.02719356583398,90.9456092967987,100.0566181361323,98.57783358216673,90.89231863341547,-0.5976704126384383,2.859037811009355,7.099095905530308,9.586840685770495,7.758865352823199,6.301258788915034,-0.3057849465942079,1.1725806694208494,1083.1657614351973
278028825cf2,20,-13.798015609772955,-11.673957822862182,-12.656350233020724,-13.819716126401211,0.0027223469744686478,0.5894716608583865,-13.198436658897329,-9.135917721213149,-11.114797656257878,-13.20426580849036,0.0522733816138946,1.2341071862649435,189.292736391978,0.6080052962274276,281.7708262137602,66.90970003831067,0.0,1.3792660899177638,102.11085855938366,43.191268290526835,-86.20200569958459,1,696.6452913228478,24,4.046424523958166,100722.68307021451,100708.20240087222,100174.42574255743,99568.9884991643,51.89921730132487,362.0543816700998,99.993488177988,99.99138814687852,96.10347549050192,88.61357402466567,-0.2347935344494945,4.293632691417366,6.476613443883461,9.56125675944834,7.750652511376993,6.308686364249718,-0.05389977408676017,0.9732104556379397,735.306315571903
6f55e7d16b70,20,-14.537872755336629,-11.655249720260741,-13.575004902390644,-16.215343606409313,-0.10036494944710625,1.397802890602132,-12.568285088079037,-9.143058690145232,-12.505920396993162,-16.46676378590628,-0.13572668406471877,2.3206158717568783,194.75617850583467,351.4189161883879,349.8662051049738,65.39454358032448,0.0,1.0588763747021723,106.16312917048043,43.15007840704266,-86.24979036452132,1,1099.6492118523804,36,7.359546094517884,101311.57372103381,101296.07682786726,100423.80103568237,99586.35681961251,50.50918365242272,524.8284155787842,90.97185191307823,99.97497624565779,97.13037527506906,88.69003048255993,0.028665892494595797,4.066525729096346,3.973557077939317,9.582106871459287,6.761464551856697,3.7380180706320396,-0.13606268875907832,1.706413948782525,342.1736174538082
d7300591982b,20,-21.30929437863776,-19.130028724122358,-21.871415327891082,-23.060789906299824,-0.1798664766573726,1.1757851440942109,-20.769902104943686,-18.76837714381765,-21.834185337819275,-23.388729502833616,-0.1354254538707349,1.388817942828179,249.05912145546586,219.63288442263362,218.67458426847134,38.40193909420652,0.0,15.420276946154631,70.96393359633157,46.48080283169885,-84.34351759732655,1,480.08980080126855,12,4.611098875754906,98340.84679454095,98316.37077130016,97811.17758105116,97235.6288247903,94.0895688903808,326.51517306725583,95.3079082802732,99.95761467031392,98.98628070261813,95.25547481104906,-0.3003853463076865,1.6670122463483392,3.3646030221165217,4.321361093284106,3.66662873050907,3.012289459585888,-0.11828240085665725,0.47317979446935526,8418.153412745209
b71e4a404c12,20,-25.70269278418756,-19.15690176064964,-22.040904110979664,-25.70505441703269,-0.10354631997037671,1.5593072566625876,-27.12139765105442,-18.7631934294751,-22.17657925679554,-27.065107969417827,-0.13863393028663182,2.077295799785895,247.21161172747065,0.8722796440626969,245.645433917806,58.07499492563143,0.0,1.1471826797767237,89.72820195727633,46.469896210726525,-84.3768010918945,1,962.9359940803297,24,8.322956018098132,99075.05097692087,99049.59780009177,98281.00684923766,97229.31602410774,78.21838083626868,544.7512986957157,100.0018228465759,99.9637232443186,98.65154924327224,94.24766809855699,-0.0016610483110075284,2.01483274108314,3.927477150480516,4.322787705823854,3.7309121732227704,3.006481281781094,0.0004783306286876244,0.39511162364521424,7921.89023735451
a195bf5bb184,20,-25.078363034420825,-19.142023085637057,-23.911675829825715,-29.51099311368202,-0.24161471025740128,3.0748269437515985,-24.79122544435857,-18.796823480836718,-24.576182201003856,-31.765035852138695,-0.30539168809720646,3.9727732881473843,246.7070260251403,218.45627748070643,245.90908466619678,52.53320736390941,0.0,0.3730094244382278,85.24191929494991,46.48696632490425,-84.36984005923378,1,1532.8405851603295,36,12.941554133597123,99364.31670542958,99371.35117014004,98603.91222050723,97272.68194607567,60.80298762102481,647.1586815488881,96.68056780195434,100.00235052065769,99.04164058476528,94.0421701242586,0.033534582492362734,1.800169876132725,1.0198916667199291,4.312986375735685,3.4720334133789,1.0292498589494727,-0.03921896850134516,0.6826543449420894,7353.561231392448
b75cd633eddc,32,-22.342007093029288,-20.78153909361637,-23.215871561072472,-24.286900054728093,-0.14263003655188516,1.0490163020649133,-22.323792048119063,-21.122923115787593,-23.76876806698864,-25.113765032170818,-0.10727180120662934,1.2395144260010273,248.10271546983074,243.4154052754741,243.69108510743837,43.21640346930302,0.0,17.194277131980307,78.44585214587134,46.475342621163854,-84.36173718958513,2,501.05308672459444,12,3.9565617654766614,99795.1883278047,99869.13990097871,99764.11258734959,99632.90367535429,13.365774909379866,75.37747505294551,99.17429657344341,99.98080910839468,99.93387785161072,98.97688690514802,-0.037691926352897344,0.23335496976266698,3.308326034702829,4.257226791166386,3.7989332104573292,3.314020880452298,-0.022736682562330194,0.2811721167614243,1365.9415340987937
33bd7f1659eb,32,-21.074274953982123,-19.264145427244593,-21.66202521699795,-24.29778614456372,0.18287836212300124,1.8159348979923893,-21.13598695580876,-19.01547450618478,-21.882004675049537,-25.107274624403352,0.22361492611918912,2.1554328000137204,249.82508619967322,0.023988931244282953,247.35529484149882,59.34937792555576,0.0,1.1381108877634127,89.49389648589474,46.449357809868445,-84.35715875642707,2,956.8938530751326,24,6.076179066814508,99034.7999362573,99857.73476547613,99536.05756388757,99027.90622408531,-36.45787214713884,289.3130525982666,100.06391480133941,99.97393411666759,99.425618451387,96.24658818855318,-0.024120998009922488,1.050406789343335,3.416303678763814,4.267143910197657,3.4407655575773335,2.725958418657061,-0.04013260207769545,0.45908648507786126,913.7602509339524
8ba85cdc67a0,32,-21.136620656276566,-19.251452736212602,-22.422422984897228,-26.538264152538716,-0.038409464393333655,2.1133333864926667,-20.601290069609984,-19.024432022763797,-22.761365344137044,-27.830314813924513,-0.04074039127604776,2.5804167876971484,250.74246974552122,295.16573840946324,294.9351786087933,57.31955456712215,0.0,0.8190668842816166,91.53626139037794,46.4679253468435,-84.3826584808546,2,1468.3813298372559,36,8.809865051791217,98773.16738501866,99882.3723654491,99264.74723491396,98748.16646364317,-38.95919962197171,426.14869403805545,96.20253530892639,99.95622493637232,99.46672508635649,96.14819166762936,-0.009125480590108433,1.0495778972619412,1.6289992828256472,4.260944227558267,3.267082891177365,1.6193179725736535,-0.03711146996445448,0.5707846838451867,405.1487587574241
f83d17f28b80,14,-21.147650094172818,-17.46124858158246,-20.810853158879514,-23.05112588012483,-0.4205038490710009,1.717476710777442,-22.618418572733205,-18.133977736478702,-22.582406497153414,-25.569206787656125,-0.5191631296035346,2.2391052145087236,249.24096901669333,269.3117356893829,270.5915693620027,49.27153744284008,0.0,19.627217365414985,90.60437816636328,46.48192176158332,-84.40025181415845,1,485.54999504034396,12,7.410154573945917,100012.58146266945,100019.0149746318,99566.22978912173,99139.0099589132,79.97527421341209,276.5996738484255,99.96386146897176,99.9711998764099,100.0614900092688,100.0138936774901,0.0001282755681929582,0.014564427505173902,4.187524858685516,4.79977776477936,4.461010681299121,4.183729376516813,-0.05867210195442586,0.21518821307795744,1422.0802601644775
1c5a422a1d3c,14,-22.161090758492232,-17.499734334160554,-20.55123432307588,-23.082543105162326,-0.045986844247648526,1.446400401711753,-24.268930128711,-18.12759186036975,-22.07954938549328,-25.531281934449574,-0.04992244724480944,1.9558319852423278,251.37233104035806,1.122589650874744,331.3484295685101,72.33839615775719,0.0,1.2458667356971402,114.82512705597931,46.47281285118079,-84.35768881401972,1,961.2142659476083,24,7.405816568324618,100427.10733026198,100406.78212162323,99888.9897460311,99153.62856267729,50.62962646785175,360.0361516063881,99.9672796926529,100.03277841863901,100.04405434660704,99.98447208375443,-0.0030627181623558214,-0.007701041237424528,4.098830572127517,4.797523157293551,4.216674537569816,3.5562956323571657,-0.03174644335998204,0.31033880843127276,938.3774350157048
877fd70efd0c,14,-20.59272440085494,-17.478331137688915,-21.43979252598215,-24.677834609999326,-0.1111881078480016,1.858856961066354,-21.12802102768088,-18.153417124712785,-23.20344804210962,-27.380584328297836,-0.13321687458268341,2.4921476754451324,249.18556261326594,305.7616215261186,331.03841810017894,66.22607442719924,0.0,0.48115273636827816,110.67665245653504,46.444969093676725,-84.35066827346769,1,1483.8259310833657,36,9.235761019093552,100485.67495833055,100541.18534211516,100141.81200534971,99165.0988409475,37.53799525913582,408.8066804068235,99.99836338805977,100.07961678324222,99.93570268869139,100.01370325456524,-0.0006122924772345176,0.0028864211076981717,1.9600889480981318,4.81125535777958,3.9112634355180464,1.9601324995444989,-0.050365400135835875,0.6308328583378718,425.4281373217643
2f70ccddb475,27,-17.414138251679493,-17.40434895097354,-20.242155976958635,-22.06651536619892,-0.03139830020367907,1.416981086592457,-16.28642673713736,-16.268049328675517,-19.94105068499414,-22.285096267076273,-0.02036298071944161,1.846195416031749,294.83616809398814,398.5897724394171,397.969088621231,77.93782473958802,0.0,30.491216967584418,136.180109838552,44.75202233661129,-85.52738525722239,1,454.68855456545015,12,5.984002347872247,100213.99985194401,100245.15638667691,99816.36041275201,99470.81208371097,70.0244551835465,241.3771195379704,92.00267163898789,100.01892278196215,98.30272424417318,91.95203183675665,-0.18874845597927534,2.3821026549329485,1.7423784127264028,3.242902484176083,2.4347309921299707,1.7535306712761227,-0.12471037191495206,0.43461239965442144,1178.3895660665753
b22fe755542d,27,-20.409592803418718,-14.96834502548049,-18.978496006513836,-22.065331588730256,0.07987934535503592,2.2605051093368456,-21.4248669973204,-12.45498563591406,-18.34882339301641,-22.212305149682145,0.08591428244316615,3.154471631493328,291.7002302837294,-0.3114216225768103,480.6466929123082,117.07906872910874,0.0,2.3720389073979056,173.90310629665018,44.73117915660671,-85.51230089162583,1,873.2351797138367,24,9.817669830740321,100204.39486180976,100248.87835256816,100013.15094669542,99475.15165071725,30.497577253373993,240.9403264551125,99.9240417771416,99.98899368569566,95.06545018731195,82.57127062635514,-0.2555803303994883,5.952970630326991,4.3134395853263285,4.32418157385611,2.6333882366318955,1.3488988478362993,0.048682712738519644,0.8646561532992982,774.169380130398
c9bbfbcdad47,27,-13.18393427068662,-13.195393267782094,-18.87586240860458,-22.049382070077492,0.05590889634615438,2.2906214881102294,-11.105043122467533,-11.107303599943846,-18.527975726690762,-22.273652332080545,0.03584254051829487,3.2065991171539854,293.16333186029317,386.3092027356825,480.45555785143137,102.56696869854628,0.0,0.11338857043148814,162.05147890940447,44.71356746570806,-85.63194200886959,1,1316.2244764900795,36,11.125668642838955,100080.395925214,100317.56298265522,100092.51816197929,99491.0303638205,15.18686868265793,217.83448246051182,86.86731053033174,100.00865157589013,96.05305231691052,82.45569965725883,0.010246444652663675,5.544691182159108,7.513864581670076,7.480895195181921,3.589780831429024,1.3330587578202229,0.12860267394497243,1.6081335478914531,320.8645968423229
04c70ae0a03e,49,-17.65539290772453,-17.64388748372508,-18.83308292853523,-19.516626848485444,0.17522090936570056,0.6449611145941756,-15.992673305934908,-16.062217289633086,-17.709025837560898,-18.594733254128684,0.23071314182579933,0.8518211027910525,295.9494519714311,413.7357741236915,415.0984006279472,86.12291695722055,0.0,32.85973117363804,142.37708093931656,44.723693957400506,-85.63831394814392,2,428.85953735097286,12,2.545537702876754,99790.62062070837,99812.162507369,99598.27014546057,99393.50546441838,36.01753324804671,127.21533568367555,87.53352652675214,92.49108959853648,90.80293606900058,87.46300138882503,-0.301469230515834,1.5601785718128736,7.743072570085975,10.088813070473167,7.885478333999083,6.247867812932858,-0.27171006039050905,1.1798987211388743,1145.0292650104323
63174fca91a8,49,-15.205273854511914,-15.168060578004452,-17.799673984547766,-19.45356199991939,0.18678779285732183,1.3091838430760556,-14.22480659799529,-14.217676681726292,-16.66962641748912,-18.58766865113244,0.18154683174982864,1.3028317099843705,295.62802999488116,-0.22646172441359966,415.1013979057706,108.81937183306243,0.0,1.909452027467354,149.6576280668243,44.74051064342456,-85.54644979292047,2,832.4605065804003,24,4.33619714024365,99383.15029204036,99766.69969097851,99565.31078146753,99402.7845419145,0.4837667360079901,122.85566931298332,95.28956829183795,97.64930911145647,91.73939517220825,86.59333415044183,0.19962963788299729,3.2081972603819264,7.214664493065542,10.112643694709035,7.5089320404801905,6.173231498683266,-0.09696076103922001,1.0362990196197195,728.9934666092546
f1b9a92e286c,49,-12.980851020045744,-12.985203886619313,-16.780611140984792,-19.53316556953753,0.17347880928353912,1.8504100142828974,-10.787271335474012,-10.77997946057143,-15.60625463458256,-18.55632093874894,0.1787750707942154,1.945889569637136,294.7796368183472,283.18757043623265,413.60985499753195,91.24711528403506,0.0,-0.5224816421443875,136.21125618137302,44.72388102451919,-85.60310809411945,2,1207.8299411171145,36,7.816930292377555,98942.90220867062,99761.17690549137,99474.92606304381,98877.41162474484,-16.82654342093112,236.17365503256084,85.77482184515625,97.65621861047035,92.23737516755003,85.7168520449285,0.07869381351630246,3.1954778626673406,10.107637878946525,10.121880867968537,7.543745819178923,6.165545038888733,-0.01867438681147554,1.0982573407386014,357.06295375356177
472af18c6e40,41,-20.5906455045583,-13.112533846138453,-18.558093019237862,-20.7029476010278,-0.6165626797377077,2.3206640055422993,-19.866706503785085,-10.768853030016308,-17.333831975517597,-19.993238366810562,-0.7485134461377887,2.79675346302483,296.0105663710611,254.67709647975474,256.13837425027333,54.89458598221561,0.0,20.86057409662154,91.49573338819711,44.736213288260956,-85.52704862159551,2,424.2293765610338,12,9.228539965344249,98013.81402899708,97956.33894936545,97499.63908341245,97083.14819424704,76.56223559663599,265.4570570421164,93.48903217777068,93.47613825950978,90.52102473714342,84.89820178601934,0.6447100754741204,2.39067278195092,12.57175948827133,13.016981905654236,12.807656952366202,12.565367617496964,-0.005920519284744021,0.11998211865380215,1947.0445141961059
0d1ccbb6e765,41,-17.731010843185466,-13.114873602318152,-18.76121669119522,-20.71977783448702,-0.07114278115744609,1.7447615614595051,-16.365505043752396,-10.782759928818805,-17.685834171331823,-19.97587763580069,-0.09892976856234646,2.1104401929741123,293.9098030507102,-1.0071667261353112,344.46425426733373,82.31533556916037,0.0,1.7939447285546481,116.53186492703088,44.734775452322964,-85.60588255736309,2,856.5273327069078,24,9.239657704934569,98778.10756616762,98809.13839626743,97989.04213741537,97114.75782715964,82.65090035165298,575.8722634402255,90.4700753611416,94.00985028325758,91.66329671128436,84.986414559986,0.1880857388942864,2.106253263057213,7.841196285371544,13.0054466662024,11.665450482696258,7.848209923964869,-0.19409198901500702,1.531737772566013,1519.316104146219
6c4fc1bc7958,41,-14.695550494096784,-13.130122580051516,-17.805076730762895,-20.733906771990533,0.09049578309088256,1.9944883194110994,-12.166337396375924,-10.775320902510028,-16.572125713451765,-19.99442879162732,0.10073805139604977,2.382389643819705,293.0637469987593,377.72493505626727,378.2694098736012,81.28586510920438,0.0,1.4779718503410924,121.36111236994738,44.7370677502334,-85.61730733642426,2,1247.3044350528605,36,9.229179144877408,99124.7563473954,99134.71637826938,98350.28212861132,97098.10218401084,62.39244218053218,664.7131797940852,82.52423184251501,94.56829915051499,91.18984662897093,82.52855899289005,-0.0011849480424952433,2.7611161765001464,4.960647178496386,13.003373555926704,9.6292523628743,4.585374792644238,-0.2885324063861202,3.160767362398931,1119.2346706076485
293168ad1fc2,6,-17.918021946448572,-13.337791574524454,-15.019279665299218,-17.899086138626902,-0.40854442348247016,1.475138041946621,-17.197102053857694,-12.171214292087216,-13.924156695171215,-17.199307463746862,-0.4542838545202538,1.6475158059857877,294.4265290187083,90.24865199803354,140.12883517762202,24.185992314000277,0.0,9.37407065942185,44.23898588881845,44.7320592809598,-85.62312623906915,1,383.30786864313257,12,5.014944764740646,97471.00725923764,97465.71620355443,97281.45898379153,97228.95765076975,10.39355685773424,73.67944993146524,95.31826742458959,95.8694880772869,94.30719599893287,93.4170046468612,0.1297526234434181,0.7155019496887483,9.777777481181245,9.835101099373409,8.62206449647601,7.7347029140934245,0.17654888288077425,0.7083585941760546,2875.753997543564
b67138ae0d15,6,-21.667045531350304,-13.358172754051774,-17.59478226733594,-21.67186749630615,-0.41032207060994413,2.8765104748356225,-21.625370541997718,-12.162303525229355,-16.929158948162165,-21.62579502377605,-0.4747447407372903,3.319523552734282,294.6827157171835,0.5509319756688201,191.64895728815273,37.94054692027329,0.0,0.7514641419258987,60.41124575368089,44.76062445205691,-85.61392950848771,1,838.6407847781384,24,9.456367819769074,97800.92213729744,97837.004513057,97487.75355966357,97178.4300862968,30.136162585485987,223.02861401623062,99.85964409083293,99.95615157991084,96.53944564991326,93.48036414709482,0.3411200352528381,2.550876226903576,9.086658833250597,9.83609411175303,8.989843423859428,7.754838889123107,0.06358713686144492,0.6255669109730255,2415.0678793298553
88b19943399e,6,-18.14552494110215,-13.314195779395792,-18.45569990315833,-21.645099602754506,-0.2037215855446425,2.732133860588513,-17.66906087264905,-12.177678023714789,-17.99436272297055,-21.67660673874902,-0.23887818841459846,3.163267090771572,294.7830816754008,164.06265881148136,191.08784650410684,34.91601964358103,0.0,0.2883358833434111,58.12326574412848,44.71461059602974,-85.4813553989923,1,1294.0091663021403,36,9.464197204899504,98043.74030568657,98067.22861337061,97635.58285199491,97201.45326019276,23.88976867528207,261.56095902050924,97.5819093222058,99.9944517166081,97.45146178257991,93.58300235675193,0.2081802561797797,2.5645195854483824,11.900597338841434,11.920425353101718,9.286777593198973,7.754625028423354,0.05629278865960325,0.7786788012189463,1965.2964061862438
6a616319b586,45,-18.124370050029665,-10.911210037812673,-14.381341262182955,-18.159263918335824,-0.6946649992603271,2.420329941600353,-16.539888629656197,-9.390006459715561,-12.63930682911334,-16.500735407926037,-0.6786695924257148,2.3660587681093523,293.7676352049495,281.76488387332734,281.37449996388324,60.81875124893928,0.0,23.144845140887394,99.09066692884099,44.75482142381738,-85.52895405501665,2,366.4066999158307,12,7.1020923738859665,97657.93116792584,97670.5241425619,97239.89373779726,97072.70351336827,43.248765695831985,178.24057048255858,87.37128062864535,91.72144643380315,88.73663391796714,85.54428748589443,-0.4673691139553556,1.7411832312853988,14.354320440511556,14.362639997943447,9.239182705810837,5.9346300691945135,0.7521058163956197,2.670914483097859,11866.015974114496
f719fc09dd0c,45,-22.317310200714,-10.951801243810445,-17.63017133271462,-22.310607671030656,-0.5254893735567413,3.743105885712376,-21.407828509886837,-9.374443165519383,-16.263395886988324,-21.43251490161757,-0.5649988564102704,4.0358456920700565,293.40245569298025,0.5854410536893366,315.4498284557401,86.40297906012867,0.0,1.8531593845991525,118.44631369010989,44.713869502704235,-85.57091423942238,2,821.9870301591877,24,12.031513127485638,99248.78723725678,99258.83788985353,97939.66009256887,97043.59533391673,109.33327649444584,780.8035335849715,92.09139453666982,93.17673292661222,89.8286295826761,85.64796809563184,0.07099490144097977,1.8673775231700154,9.3618049421294,15.010667146648828,10.818893140877009,5.935927860868064,0.2183956223375741,2.8503104160969968,11409.161914967544
24abb566273d,45,-24.569259628776035,-10.938585761797142,-20.28019456139012,-28.081311753165622,-0.4594151438706699,4.920677589764842,-23.48228073435076,-9.39758528547344,-19.196578191733288,-27.938856589403976,-0.5049761028256292,5.413766683559927,292.87755535460917,478.5182659247923,478.86720786363907,89.43667932088393,0.0,2.157895076700537,134.17694266893852,44.751096790794776,-85.54959866036609,2,1338.9157699172115,36,18.55298124095291,99847.95215585017,99883.35427010646,98491.61940504602,97080.96900039008,98.77555854020557,1045.0752263607299,89.13179817574438,100.02316014069561,92.02789962739826,85.52124441764853,0.27562215402276696,4.08758663825729,4.439647255712155,14.99891019330038,9.315981459403886,4.4344384598076365,-0.11651126764965511,3.259443084417405,10891.340021427623
4b2a9860b8d2,360,-16.466351845211616,-16.450637143046436,-16.721244402602956,-16.897882147499395,0.039628755102024515,0.13627405246028781,-15.258432038731375,-15.265112359270368,-15.998151110622443,-16.27023588574197,0.06949675947475255,0.2962925073219161,292.82005367404116,190.92515409507178,191.35051071055446,34.581319413519154,0.0,13.722874952916735,63.03366175578785,44.72991135553437,-85.53239278795083,12,407.683081669353,12,0.9731445062814873,99277.12928865409,99309.60027481533,99131.94798507149,98921.28974773834,33.240391531873414,116.34480674927762,91.88743010151877,97.91585049776079,96.40765624524992,91.96753005151982,-0.24575714708087412,1.6979064673494995,7.2140454770315765,8.025910296760653,7.385286531678103,6.734739316994227,-0.10329591788304124,0.40316002643204046,4207.873656304777
345ff595ed5e,360,-16.445070935228717,-16.209042104346885,-16.562268313197897,-16.832496845924318,0.02265592083470323,0.17353433331785095,-15.549378129950417,-15.208316978701621,-15.778320961319517,-16.27064586999646,0.03702265213634997,0.34404498965918096,296.3955454492738,1.6849034184104625,209.07843384037824,45.25281151714621,0.0,0.572514891171339,71.51251556797943,44.714257088436746,-85.64131666460798,12,810.4775807405438,24,1.0458046405009032,99554.9160945637,99545.41464226348,99271.92081362772,98893.8794813848,26.161420927545844,183.403821159036,94.45827266985758,97.90392062815617,95.64554984054874,91.3838340979769,-0.08551109494332816,1.9853518102169976,5.029042934480934,8.023004114101692,6.85242476375382,5.014415624958254,-0.10817155510155062,0.834279628180438,3812.3700296899783
8b1ac52566af,360,-14.56610546376217,-14.57043735303914,-16.442768230594027,-16.84722922974687,0.027326334891167595,0.4509169661718557,-12.977040304553386,-12.99477047404378,-15.530212185096,-16.241192556192207,0.03958721335928081,0.6331211622263536,295.37213813634054,215.3264580692264,214.74946590644115,43.117314281380665,0.0,0.5502228769659673,71.5706397776607,44.707391221483206,-85.58674774749693,12,1204.2409468654685,36,3.244900807475377,99865.06675699324,99879.36286663146,99449.02570269363,98922.37687287548,25.92292272335406,270.06229471238987,90.38126141700035,97.87454044319021,95.37017378827177,90.46039042580483,-0.0682795936444178,1.885595616801982,4.6185540171715544,8.03515029479779,5.938058829489773,3.5080624344265163,-0.13614398424822555,1.4892504145126675,3415.6280167269283
49778e610ae7,34,-26.170708658430765,-17.955955709070764,-23.937071011973547,-27.762536992358882,-0.9421749943510739,3.5792711236412034,-21.11648621996125,-15.365018069227016,-20.422843860394103,-24.326456301733828,-0.6932626279383041,2.972657466824184,353.01537242975064,562.989691050578,563.7837356146684,127.4751067938761,0.0,47.34336571989497,198.81663016934664,43.93590570333906,-92.52540956683968,2,462.5912905129392,12,8.945759270625224,97408.73776156499,97421.28610915228,96891.50164432725,96324.43538876378,104.43446287851934,361.73123865570875,60.87080995083903,79.59004258201729,71.25171602934235,59.62206917342357,-1.9523623382092234,7.070302660303515,10.06023675306307,11.561721794737238,10.320877365774642,9.280619732589267,-0.01751551890230424,0.6991477939736588,6834.311758173723
46490c5db421,34,-25.80088377204929,-17.98172112808136,-24.709200938863567,-27.757028805231293,-0.22277843884686954,2.6693670951210526,-24.207211334925585,-15.382069263669324,-21.090981569046498,-24.370185992994394,-0.21135268833238238,2.428233900519944,353.59129818850545,0.05847101004514123,577.6919329154969,141.89387328247727,0.0,0.9825552591199779,208.93314143065103,43.935281265953314,-92.53435366974756,2,939.7675636450685,24,8.963467423634839,97723.40976786322,97762.7603552905,97248.47529062026,96335.60089577857,63.6498815061855,458.9528136356506,85.24478559419258,85.14606528626061,70.16935134931919,59.774002125574796,-0.12088835170891381,7.461385582433194,4.912845619641086,11.55709582974904,8.800283508902039,4.930102259071033,-0.24525213275026975,1.8935711029412308,6362.099525868457
d85aa67e5a58,34,-26.127990847359886,-17.96474486839511,-24.82871813270941,-27.74357213829978,-0.0867961168024511,2.2668054010585097,-21.28474741503634,-15.392554513355838,-21.562629310298362,-24.327369022079154,-0.11461359627628773,2.144448897081692,355.8713771769678,563.4205270451159,577.8226792428761,136.6407958897595,0.0,1.4072191307540263,205.88416713446742,43.89175483474167,-92.52041482865269,2,1423.9599863198328,36,8.93709113519225,98258.77108177808,98232.03076628744,97445.97122493594,96323.58660719273,44.06120085032867,489.70245555617765,62.18667652050128,87.97707021685028,73.0886044833227,59.682902417125426,0.1908757655955136,9.26104670901724,8.968168014778119,11.561847088430538,8.068310838755052,4.715161736342015,-0.13554443387444864,2.0656483956884912,5875.677357512454
3df387d0a945,27,-26.008779896783118,-23.485181556493608,-27.10398935896409,-29.160493507868694,-0.26764005560100845,1.6746669698238803,-24.458638256561585,-22.24203184546291,-25.854834359605917,-28.118235306603406,-0.24736161846891516,1.7362132861197925,355.224320923869,519.7252118580475,519.6573026736386,116.22087670194372,0.0,43.46813353888894,184.10127154107803,43.915509354656685,-92.50622062507679,1,526.8033253622912,12,5.829754286831068,98542.59943701098,98510.63970491762,98044.8168640557,97500.20823510007,94.86341463856213,328.17206435440545,85.10392071905977,90.65345494577673,88.22041367014627,84.61906076280269,-0.31466191878636113,1.8612265655926519,9.459055682305685,12.758292455851594,10.407702268746242,8.693455299262107,-0.34243258039766417,1.3158637183831954,1566.0921175322194
8a7a58c47599,27,-31.136792161992098,-23.535404354592476,-27.459705518026503,-31.121985061904464,-0.17656942820965735,2.4388988444099056,-31.657530632774076,-22.136046202485904,-26.51608490090232,-31.64791854534749,-0.2337174503879879,3.005506708482437,356.57813503318425,-0.10537817848998801,541.9820189039638,132.51153493783352,0.0,1.050254411864656,195.52293716313616,43.918211622496756,-92.53009891412177,1,1067.5037223794848,24,9.534580417051567,98503.77390745228,98603.13239769095,98278.24111749724,97498.79196456012,42.28407523228084,332.5186860153273,99.9980369413147,99.9911613992425,90.23327082645355,82.72847065771184,0.43838161220114913,5.299807393127862,4.635603720720671,12.763543326676896,8.124350360542655,4.409831719533947,-0.3772154040619438,2.7240538263957395,1013.4202487454153
f312c06d8b5c,27,-21.393110781348096,-21.419350400824335,-27.316884753556614,-31.179518892141484,-0.00012003729258924139,2.7451001566443276,-19.713066410399126,-19.729405432192845,-26.648275857654752,-31.906904925851894,-0.045940797556391404,3.370959259384933,355.31560420559225,532.0276999903172,542.8500350750596,128.3071346514203,0.0,1.428747951344236,193.39290436107297,43.91452179237801,-92.4922705437024,1,1606.8767713865996,36,12.240127699557775,98244.26644311161,98556.71365859557,98333.20872706783,97488.28468442088,14.404497737274035,278.4744748482704,84.65508583584499,100.01678616072942,92.54617096224005,82.85851496438063,0.33969503119795225,6.082701647488812,7.882554851828488,12.759441320482114,7.149773421868759,4.12391272488667,-0.20791311369771806,2.72500832294171,479.7962990818101
a0d226a16375,364,-24.51196035822703,-20.25498519045747,-23.727934803912593,-25.187649130833176,-0.4018662329065748,1.5800562534215414,-21.739131301406246,-17.94439181521216,-21.381006201144608,-23.190457932376198,-0.3914698647279469,1.6395051527253375,352.0219581100928,425.15427937703316,425.4378429671638,85.09264520562967,0.0,32.862968025182504,145.301532760256,43.952889597955526,-92.50055714463711,12,473.03182053773577,12,5.264701115349609,98967.26148758346,98991.05404526752,98769.07269200182,98474.38101048901,48.544355941691286,169.89296374678096,76.16729434674411,82.04573863036974,79.61762550073931,76.27540797922538,-0.14784337295017816,1.5004164648262521,7.440351094748047,10.034432329831885,9.111288204620903,7.423428726793129,-0.19646541091281983,0.7912088385102414,1476.3998525360023
314d9c6108f7,364,-23.491400393315402,-20.237028952437463,-23.608942918411646,-25.215462113866838,-0.03476947443038395,1.1305367960819745,-21.275446949134672,-17.928546757664815,-21.159581423427426,-23.190647008953658,-0.03127085294063233,1.200598427073533,355.8810819331915,-0.4568951191999719,441.7275035834916,90.54010003324407,0.0,0.32551638875471184,149.61732753654326,43.92551507310996,-92.45805194201208,12,940.6472291020227,24,5.301489727099927,99183.58776568726,99218.24018540066,98874.65159839249,98464.70687211682,22.551615476356584,178.89659664462107,80.17850433013581,82.02026486404924,78.77939196161385,73.57218092552678,-0.043799858190600574,2.1678427047480806,4.995109422678087,10.032643290989842,7.081447930572711,4.290633229066185,-0.2946015380463829,2.165221547022006,1001.1028269779483
fa597c783637,364,-25.380257800481367,-20.2286747850016,-24.23882480121368,-27.231926609892867,-0.08886444350756571,1.4492532746782696,-22.327182616004418,-17.92799849470867,-21.90889394271177,-26.129305614394486,-0.10362233758303244,1.724948321747766,356.5883875732466,440.2367318169744,441.90777026783485,89.58038338969223,0.0,1.193913891484701,149.73119196704565,43.92257529530597,-92.51053612293572,12,1437.7233076601128,36,8.209828967962627,99674.52149959847,99645.75709331018,99009.80303996296,98455.25457773844,28.89685260977816,312.2856429293082,73.68934249218391,90.50106203597946,80.16894903681914,73.59484752334232,0.12335060800479944,3.843719489361383,6.5090700839638105,10.032736221455949,6.615821784534224,4.27978096903062,-0.13262856060334918,1.9215324905723186,502.14223733122935
643185570126,28,-27.34610676160215,-20.98215373664206,-24.614286444677784,-27.45700200240414,-0.6844055551433234,2.4222261977899544,-23.006555597246102,-17.8674790496708,-21.663468286150817,-24.22580768918416,-0.6011238997625538,2.2625172363024917,340.4255914007965,451.06290116663644,451.5074135835017,87.14508184007015,0.0,33.92541331578532,151.8034732150952,45.55975899757699,-94.13944901719312,1,475.4302013190099,12,6.364422076724737,98491.31396698768,98499.06432366927,98306.97523616368,97990.2259620164,46.64831117428141,162.68602360947528,65.8876460151841,78.27729807752712,74.68535936718507,65.96262143633746,-0.7375008545794826,4.046012252974102,10.053189612985356,10.28939288938879,9.733412975854183,8.653249594281554,0.15114641766318337,0.5890457072741379,2604.7321861604796
9b2c39c1cc7d,28,-29.60546094347619,-20.99199516287181,-26.688917006113847,-30.45057138480808,-0.3847631381355734,2.85134577226534,-26.61568952847954,-17.877179884960483,-23.547853805816143,-28.170278604597765,-0.37608775020087326,2.921986972110797,345.8896893856388,-0.1898887918269927,468.5819061962421,109.02549266708527,0.0,1.3382227007288867,169.78810656392642,45.56828215520883,-94.14397715615857,1,997.3493992335925,24,10.320906991049402,98283.53998240405,98507.00033343703,98336.64466086398,98019.12646214284,8.394555440751724,126.03910432787907,73.44513117395694,79.47085752403056,73.11646819793691,62.89871304019848,-0.1410313580713587,5.25519998886375,5.088597688322959,10.28226768840132,8.349198676428852,5.095773349189792,-0.21285251520753376,1.8758610018052715,2081.18681297897
e8b124173a2a,28,-26.950859280129123,-20.94270273394637,-27.454951683487298,-30.464757324566484,-0.19674783718870623,2.6122763637946114,-22.779149352262014,-17.878617551873045,-24.35075906408595,-28.199365334850743,-0.1913355320861931,2.7215556392707483,346.2280149502635,373.88733594078707,469.1256124841782,94.48425855454178,0.0,-0.30822489383993884,156.86076408869909,45.55089213382331,-94.0694488835699,1,1524.241717118386,36,10.338783169645247,98494.65824705342,98499.07515006232,98344.16514574258,98044.67578301631,4.875518598428507,114.63515502027465,66.32078255317771,79.42167139154937,73.00203549841274,62.907388638339945,-0.057640512611655065,4.597542679267508,6.670619597154654,10.28580247067993,7.4680718966644974,4.8708656178719405,-0.15675783409527877,2.0056930964911057,1554.3294920302815
7434caf55ded,13,-29.389105835731318,-29.399847077722093,-34.29568848062096,-37.943222354993345,-0.0680633814729613,2.7225110739460243,-28.345472520865478,-28.35644767079301,-33.66772772161511,-37.79880901917345,-0.046801074832494266,3.0281447159238137,345.4467042023138,374.2013703012705,374.9055439099756,76.64288067787918,0.0,29.616969043906195,130.52529229510782,45.558911813660394,-94.00297164097506,1,617.8321722145714,12,9.463264931176505,98302.48693298345,98629.53944726534,98498.84632833452,98339.76737899437,-28.014059592276382,99.62645703869981,91.08914081451493,98.43530164844113,93.1487316206082,86.98370091506285,0.0024328301759752313,3.335523764388669,1.6471203206526999,6.9175670007340635,4.3121025663229045,1.6277286554275154,-0.46219007558942016,1.6005896268229307,3705.4471976903264
6a89d58a64be,13,-23.42819489737248,-23.459663654510887,-29.293176748745555,-37.956418401920494,0.6492404436008351,5.427274666571703,-22.917754342821166,-22.290634346410027,-28.472391097016686,-37.78525935371751,0.6663885484124935,5.676542174836944,346.2395659727236,0.0685018293918942,375.1183631499276,84.95862520534244,0.0,0.5476269364307618,133.14798824683095,45.532453692860116,-94.05719629907826,1,1115.4971575407635,24,15.519610534525626,97745.41201403603,98648.02066466122,98157.7291122351,97628.07647101692,-52.09820049626554,376.278348680515,94.96125341066173,98.44483719944989,91.73508771791933,81.79122357445108,-0.09165995517705658,4.338385150285569,5.798053532684074,6.935342895606466,4.409463348738342,1.5295931441697292,-0.0029758530929031948,1.4537798766722723,3223.8823822230047
3670c219dfa8,13,-25.11405082765436,-23.420849083400146,-27.86742341540101,-38.01518093691972,0.33373145143319344,4.925761100007822,-23.98832143241915,-22.294911961302212,-27.050681163408715,-37.81386869622388,0.34242828647013146,5.098397811918597,344.733271407236,425.70838297157945,426.00651612272037,84.45616828111768,0.0,1.3716692410777624,137.36370716015622,45.54165104539945,-94.02936661340235,1,1622.4988823946828,36,15.509962214995051,98972.9087756414,99004.60982497579,98229.76102339197,97614.00015896448,-2.6000103454616554,393.8357760321976,88.74744036483887,98.41184627854784,91.56234053430605,81.70246020440862,-0.07164991401602984,3.7632232618370907,7.919570485236439,7.924267362900315,5.20072596001588,1.523658465396644,0.09216036008180328,1.6596560524786825,2711.197688072741
601b0a9eddbe,5,-27.391290241973792,-27.369692987242765,-32.210119099493035,-35.50761260411882,-0.041612689082682036,2.6685011765800852,-26.252639099888892,-26.342055675820085,-31.82808967498064,-35.3847793367271,0.02779246582802999,2.906258022638896,343.4764581328673,368.32866241797365,368.81732348491494,73.67080419628098,0.0,28.686280675091044,126.20700857689948,45.533438274321725,-94.08177732371347,1,596.8465379012825,12,9.09785802025818,98611.77803690334,98671.10922901842,98531.56965937068,98318.80133212107,27.25118091923072,100.9230353932892,88.2438785135636,99.94293081336698,96.1581710129392,88.10350220737784,-0.7054049143759125,3.6281420259724633,6.209992868185961,6.242618836492972,4.780163660057262,4.267744066625565,0.10997086452652632,0.6113069848832023,3785.599658056008
4137c7d007ae,5,-33.772107180919264,-25.696932205487816,-30.703153454558105,-35.525234861052006,0.08205030189858693,3.1531232159293947,-33.117621050068045,-23.48794317079642,-29.781290162625975,-35.362646131928685,0.14353213830610204,3.747756659634218,346.1310973440449,0.8629256924190467,388.27975167679074,88.36058216009789,0.0,0.8010565232257241,138.80376535649555,45.55231019920439,-94.13059648960375,1,1147.4061275869,24,11.853982787405277,98555.71548127879,98739.72656926098,98583.11840849202,98336.59582768468,9.678591468704328,96.38966023303232,92.46316237154369,99.98609511631226,91.09026533641928,79.90399985370567,-0.5640582474098598,6.4288065905087555,6.080378312365544,9.120482728819143,6.456875527501291,4.26647042852091,0.20451419169550789,1.8652000972491447,3236.7794713402745
a16af00430a8,5,-30.946713516112442,-25.696290853867186,-31.787070449707773,-35.52832686395162,-0.09209855779772277,3.078396972352862,-29.899229748095607,-23.464764392837534,-30.883360550475327,-35.32416674432314,-0.07695427990800283,3.5163321219727024,344.45686397962567,380.9888663869879,388.6270507753973,84.04818523056342,0.0,0.8394113614369405,135.88934887118398,45.537725807901815,-94.0398002553282,1,1757.8402541663165,36,11.852061381035002,98319.04653935046,98723.84467668575,98535.29361273977,98309.91840192777,-3.684456451170907,114.58255137994423,90.1329183773869,99.98331015058699,90.97997731294339,79.83158524521312,-0.18698147029731377,5.33271171862209,8.534968187758277,9.12778532336631,6.755836400225741,4.262449688241577,0.09658509192709107,1.6153709508183918,2622.0486437375907
7c01a7093892,24,-22.34585907979861,-10.225193946072414,-17.557991981033265,-22.525571319202115,-1.2444525766114143,4.39191659189668,-19.774452031133002,-9.497124996717071,-15.870464098404467,-20.465873428422725,-1.1211263679715724,4.024006666810916,344.4958079961679,443.4030753945794,441.99556169280226,91.34409564817905,0.0,34.98396425265347,152.48779711918047,45.55286646917443,-94.11854292003927,1,406.5583835564899,12,10.968071433534199,98016.88983500894,97976.31288801193,97449.01467586387,96819.3934491562,112.93545195087655,390.51558950704083,77.58073446954374,98.4865210988391,87.05944406586248,77.48269501044537,-1.7157580127384222,6.023695824966273,12.358431676677156,12.918551780584865,11.810858239363117,8.162759655448726,0.31334180035839726,1.3853964249339887,7657.3367884762765
7dfce7e86444,24,-27.0402741525907,-10.221145934911128,-21.098139949868067,-27.210652629453435,-0.6590895485736246,4.853714740903775,-26.531103923902243,-9.500106214582255,-19.30667148609689,-26.534463152894002,-0.6513855707000847,4.7615279088915985,343.0899873153337,-0.29758509005046063,472.62947659448645,113.2122714959513,0.0,1.2856502166251504,170.62543031091985,45.527511153016604,-93.99469420603464,1,894.9306598020105,24,17.039632473020323,98031.47190696638,98208.62512098235,97770.55618952379,96810.65392473838,56.61654959001067,439.76876466838667,95.92232781420572,98.51507317211882,84.84079216816438,76.63635934881295,-0.28808012210337614,6.509962028490073,4.335767201327565,12.942413280727672,10.13327878994475,4.344674011845069,-0.2718159626278243,2.7688826762954113,7164.56828089442
dc5c00232e7d,24,-20.93245925461781,-10.213904351663505,-22.135489150643757,-27.229884238987193,-0.29428562078682674,4.326857197066333,-18.48472236090098,-9.460387566993326,-20.778907811103554,-26.526282085306942,-0.3374861547455487,4.675686565380671,343.1396851263704,423.9224928195689,472.6677784007487,103.02818973530108,0.0,0.45335648617524904,162.53332101913912,45.54670616451427,-94.08700663312645,1,1397.3305672152028,36,17.054717391829687,97915.31890026125,98205.50556989432,97827.97537042135,96831.29471620034,17.43419433569388,362.04729531157636,79.2993501587729,100.02325934782505,88.24584668616473,76.64431319413609,0.2287238947514116,8.045810613711085,3.1373685259810227,12.933864317525048,7.565375482443007,0.5967685419114308,-0.37349500740402847,4.330497417819099,6664.175331838557
5a9e2a5b2879,39,-24.19761800147209,-24.207797525992962,-26.89098155833701,-29.497511121184566,-0.12247641126616345,1.6357708996140616,-23.339805307776935,-23.317767459623145,-26.283073148674905,-29.12176264868504,-0.11954225364730298,1.7610509526585278,344.26869260473,547.4728686089073,546.3840103385744,123.36561103954726,0.0,45.858131880153834,193.5135291865695,45.54745441588538,-94.06343348010326,2,531.0957696623866,12,5.763390900638371,99188.489101146,99199.41203168314,98637.54513023741,98067.75479400522,100.50442378547089,347.3236837386169,91.88857043632365,95.48973080077198,93.72195912565623,92.0183785114985,-0.06640322840377143,1.1199518800966832,7.866962209854779,9.893409204119415,8.296239690235387,6.961538808533204,-0.22618257537583086,0.9460076614750362,1517.52007691174
3f312085d4d7,39,-30.53655501625957,-21.53632454644241,-26.255317484831114,-30.565901129883493,-0.05794141248463922,2.8140707276353787,-31.327573997890777,-20.310044316981802,-25.864462529297096,-31.288545363257526,-0.10783366680787107,3.317371855867528,346.2096866107897,-0.8171341377490133,585.7966916217539,150.36314169548683,0.0,1.7253314085038747,214.53497499076002,45.57622106653044,-94.15222943911307,2,1052.9161681654298,24,10.997737028744185,100014.08222180093,100052.5606479415,99158.37493895124,98069.62895071707,83.78875552363688,583.459665150328,99.98850805659858,100.00260881260738,94.55938295293541,89.3777590377997,0.24441011543143262,3.4058369628457186,2.882498871376147,9.891508700719545,6.614234927777378,2.873249738483751,-0.3031341570847418,2.2601466103309167,1000.3020558927789
e13c4951f3c5,39,-22.9244928394332,-21.5357731704287,-27.23160514123148,-30.86118149554656,-0.10400664209568884,3.021200607757053,-22.270125105045352,-20.330432555963075,-26.89783733080211,-31.345784347309436,-0.1193731615481553,3.4441641391611264,343.21818797196244,412.26380929946606,604.1657060364073,140.21735278287042,0.0,1.095052822480883,208.97695920993394,45.55049715786566,-94.04343667354833,2,1615.0183226717236,36,10.989992452077335,99859.71864381015,100048.354012936,99461.19521657632,98090.57878673727,55.51739051028026,622.1043693282285,93.21857199803736,99.95948455690987,95.12765913161878,89.35519728274151,0.10782043085153765,3.4092347794446116,4.6842148399643975,9.886600594200592,5.561042239633128,2.2487763236812457,-0.1975204676097612,2.4225256957746075,430.4722503317991
8a7906dc6bf9,1,-29.3597336450431,-27.243863350785055,-30.749205042368445,-35.44619769061598,-0.5393803717684265,2.8008800912509666,-28.69168742136684,-25.891563085995443,-29.659510570763945,-34.690712496084494,-0.588073588386107,2.964886183417562,345.7998079174759,316.65892494432705,315.2655721478711,53.17893757488875,0.0,20.920130746647715,95.43532417467962,45.58339391042496,-94.03733153000213,1,571.5667375970835,12,8.756624218459718,98212.74061144923,98255.50436355619,98080.54841944131,97944.93151169353,23.6774581490061,94.0545744052087,94.53304011628411,95.39737015872139,89.74854260569626,86.4568741954293,0.5823994138949343,2.8146416034010286,4.031508200839396,6.351414147889396,4.8006840218925415,3.6513305326267727,-0.1994059966106986,0.9970169635987564,1612.7654361782772
d59941822d73,1,-33.31707997409052,-25.252331465298713,-29.985875931130074,-35.451090516804875,-0.070928480003324,2.8745995662010504,-33.65112851284192,-24.171497975015537,-29.297037397328072,-34.68507652972239,-0.14656632321189547,3.2293117767524624,343.35905611758363,0.26234492384387637,345.15095987771036,67.61618404226385,0.0,0.660159124849429,112.06071168591025,45.5664884134433,-94.04566960482647,1,1137.9974358357636,24,10.488139051393592,98182.0036202026,98258.86967604159,98151.06790932566,98004.40185669299,8.165634448626093,84.8017276663815,99.91736742026991,99.98830300360457,92.6878549526857,86.36290002776987,0.6069532892737723,5.004983996299003,4.046630597664614,6.370744815717281,4.444665776073746,3.0794967471127612,-0.07055527923488748,0.8394906705233012,1049.2017776437278
fbf6510afa28,1,-23.06896238985392,-23.08048773607585,-30.45475393745807,-35.439673920432085,-0.04304758374442017,3.2468211472624717,-22.333412314575583,-22.3488701664996,-30.091200900599087,-34.66402587514015,-0.09047902362442445,3.6962596374105656,343.57714588913973,331.7507858677354,345.410313518739,67.87860817832161,0.0,1.288885655914055,114.00163332973867,45.54935194333044,-94.1050866500032,1,1730.0793016172427,36,12.344679131986666,98206.62303016474,98244.65047277427,98143.21514907028,97965.49315397198,5.835884365867385,82.00056715077261,93.66243398600793,99.99734497665429,94.7643684630293,86.43530101489122,0.39636736349280743,5.224087098428784,3.0226264860877254,6.372935564761391,4.007334406944638,2.3834404472583834,-0.07391731174349297,0.9556811598025609,450.09814056864235
e9d53d6d136a,16,-12.880091977810272,-12.836018536079955,-18.485961379562358,-21.327360800604033,0.5677084285062558,2.8035544897532363,-11.017434141712357,-10.98242640780602,-18.170700647612517,-21.775787667045392,0.7165112211468544,3.5420256951394156,226.15542951367493,471.01928925518484,471.48017607273084,107.97160685025246,0.0,39.830406982333606,167.19035941837555,38.82633038212144,-92.19581625699459,1,433.5783058680169,12,10.795577946561503,101108.23603430799,101121.55073605661,100768.93214990615,100442.13243492821,65.82166303042513,228.71117378900416,88.97124728883261,99.94302919956685,97.65149236872826,88.97761332418555,-0.8289001207428318,3.772763999569866,3.9717943018666526,4.120285937134877,3.869827441255645,3.264745013797267,-0.014935388513974284,0.27432479931088943,1095.1869160626081
661fc5528892,16,-15.473455169804758,-10.88695493246288,-16.105111554360185,-21.344721525207017,0.3108631701485215,3.3672140168127176,-16.215021401703254,-8.471633497642154,-15.188180282659125,-21.781536778706684,0.3747512021017728,4.325415310848825,224.18085727915556,0.35220844491370584,523.0300337936305,115.75638012863627,0.0,0.3992609787377541,172.45733384054654,38.836899773506346,-92.26602635265405,1,794.9285256301063,24,13.34540300670556,101144.21311477404,101178.88936778938,100972.43140483058,100472.29272031566,30.489610414342753,234.57532871270297,99.9326083207062,100.09806345087519,93.85210384560146,82.7101701103894,-0.3717084039443057,6.162388895613456,0.9456890139100265,4.117806559461216,2.8647379877090873,0.1724527462184189,-0.16589616458457127,1.3236942031729275,730.4012102467799
d0e8d21ffd4a,16,-11.554400073603642,-10.934068775882697,-16.910389553539297,-21.655261524114547,0.014226473284656508,3.443491927643208,-10.343845873154413,-8.443923157175238,-16.343516019302307,-21.787144065953548,0.0005828578107269576,4.341054349617037,223.78893475396544,373.87916210278667,522.5702363331815,108.36349960422473,0.0,0.6429623920723136,164.52430208858982,38.81916675000031,-92.18697533062081,1,1235.302904005648,36,13.365869328438382,100850.60270803174,101192.32508635582,101015.8581594415,100478.38038478627,10.54404748892492,200.00838958083762,94.62558783477407,99.9745748903132,95.61274322515695,82.70256345101808,0.06929368030176865,5.6468062631983615,4.223327145382598,4.226877702625941,2.778338309158328,0.16206347634734009,-0.053719324438635134,1.1658719652183884,297.6240234983802
1425bc79e98f,15,-20.554016356473575,-19.32209617026071,-20.908214140206574,-21.93970211357034,-0.15556071122833806,0.80395921888262,-14.652339485780294,-14.634369141276956,-17.86252038775834,-19.766862847507273,0.06749501690195535,1.426731460317171,224.08212938498613,549.516443930539,547.2145478058236,123.90102841884827,0.0,46.03189961893661,193.93962949635267,38.80563269899458,-92.17613184799886,1,430.55396323744435,12,5.148619782503138,101599.29193132791,101613.34729888687,101344.20675043674,101096.66521472427,52.753708288000915,183.82935033832908,57.275055454454105,81.9317601004251,75.36630897865474,57.290014269973334,-1.458451879192856,7.2843843102198305,4.813568003124238,5.867307848803814,5.141015141240914,4.576188448203857,-0.11113554941642108,0.4024206269603494,1115.922389031609
24319302cfe6,15,-19.789471949226414,-17.799996454001164,-20.016349547519454,-21.934224345159677,0.10361670658589922,1.2075442056967802,-18.472648399770527,-11.901825384013376,-16.458808786139024,-19.781958096834742,0.10160384926721597,2.417652421189152,227.99811503063296,-0.8573845206163903,564.0235519217954,140.89610148975737,0.0,1.05932368283091,206.75097980802462,38.85619757882488,-92.22003268530266,1,827.0020879620059,24,7.882603898532738,101484.439662787,101622.59921940454,101470.03601532432,101044.03863966033,16.534022397525625,153.42583792178877,88.67071512652414,89.27285023036892,73.64735930979116,48.88457898694149,0.17035929843594574,13.476888583253464,1.5211737576733735,5.856965943435851,4.203805005279778,1.5251872868747245,-0.1786194555014191,1.425117671974953,719.4291919111741
74d499ae6f38,15,-14.624697507709623,-14.651883234005284,-19.308045976798486,-21.88625221526002,0.12526461966652463,1.6862542797633688,-10.158638099532967,-10.147393539052247,-16.01029675836626,-19.743016187601636,0.10904516116338502,2.5312364587172715,226.7390847944893,139.8076837947968,564.1758754294169,106.3029513232091,0.0,-3.1302342116505324,179.05763875572305,38.82554778429462,-92.25058428009505,1,1224.5297926987903,36,9.63400764135567,100981.37679771053,101640.89618201304,101388.82064218912,101001.39313238821,-2.90475297530522,170.0181171991433,69.6772903900013,89.23438981312133,75.3789430773741,49.02288276964074,0.1922748995779938,11.79850336042977,5.501198694172737,5.852555299329582,3.8055406302782107,1.3271243169764335,-0.08459401687539128,1.543806311801367,324.38571515300924
604f989dad1c,1,-11.607505052634131,-11.63152634672912,-13.049254538474178,-13.900914096576676,0.03505966628374776,0.6476459829259782,-7.470790904279391,-7.4571282495851845,-11.058288980679842,-12.465526450173908,0.2900560097963632,1.5600264218720648,224.16535961838557,451.5509501867755,450.36254632553425,104.15478391769086,0.0,38.58051662927266,161.85056568303332,38.84413512631331,-92.2420149182577,1,348.00570619067304,12,5.03067535601707,100499.62038319075,100481.87578505628,100342.83368244629,100252.70239358241,19.971572714403187,72.43805716796352,72.52603638755048,94.06197905860581,87.61075086338785,72.4966349427599,-1.9065807169727758,7.695750555645884,4.866317368249523,4.846374118156475,3.922552131355084,3.397683277892212,0.06861596495564215,0.4060928389649428,7018.013742148134
c13c7bb338d5,1,-15.12162932239749,-11.123661298401375,-12.976444129781928,-15.12656505559036,-0.036111705884384074,1.1526535853607975,-12.74923315051209,-7.181738363104945,-10.487614740435312,-12.699718109033755,0.033871851716696204,1.8087355792361348,224.12458096318073,0.23693606521174668,450.4005723412037,103.20819327983197,0.0,0.10106700394596378,156.34543863556877,38.81751120021405,-92.26614121085183,1,685.1807611907724,24,5.468716661613808,100675.69692571793,100684.4751721166,100428.23514285029,100234.75759103335,17.726470005872116,132.97783076552716,83.30329125664609,94.0694322161501,84.1253774651845,72.61771573501613,-0.5799192098013646,6.84690279378672,5.243475898229977,6.123884093897855,4.787135411594383,3.407029986314029,0.11469732054339637,0.9511079536946583,6677.996745056135
968fd5f30887,1,-14.455705113823132,-11.13291994736353,-13.93815324439875,-16.691399756090405,-0.11678471207548355,1.6827138925663363,-11.300078867978788,-7.195013102209329,-11.5381093779366,-14.870055442500053,-0.1003087068851585,2.164112763002478,225.40537166970785,514.7630915559012,515.1079335543366,107.4804592873104,0.0,2.1075558374455103,166.52370568725956,38.821732793165694,-92.20763815178155,1,1062.4924498321209,36,7.673931266007034,100649.83488725306,100807.68703373264,100538.30940649062,100278.08602264296,15.404066554972832,169.37892938880796,78.61495371391133,94.09858531032076,84.0956266543143,72.44364741764966,-0.18624727321715936,5.775428328326945,1.0227275835438727,6.114436992017162,4.189032618523851,1.017126244145647,-0.04831715118917583,1.421660481236971,6297.061131574924
85ecff54af5a,13,-15.671589949490308,-14.391624193644544,-15.9870291057794,-16.74915118688636,-0.10386316987395088,0.6794494037653399,-12.138784242566128,-11.243887401154307,-12.842384872552138,-13.750776111393792,-0.06559665639253805,0.7430130311708638,223.24432849491672,266.15002118857745,265.9549344786092,60.75718028007344,0.0,22.56681131455085,94.54577300325838,38.80495231510257,-92.23490834421901,1,370.2952781126137,12,2.5374272277236902,99083.86250207612,99105.80282593364,98740.40299197403,98219.80876558542,80.74399758722403,280.02939718760916,74.91473150589093,78.48080665631583,76.96897723772655,73.95889179035625,-0.3674184427196774,1.5959138628626317,7.0483196005626665,10.564532465868972,8.075686711662206,6.399249831350495,-0.3987099226956169,1.4940555843512842,2992.0292952671443
8f31f6718d71,13,-23.623750754141174,-14.354825675282846,-17.676046571401255,-23.660136434517803,-0.3228799869585194,2.657807763407546,-19.839783342446548,-11.240270750043138,-14.265133518608005,-19.80595952061654,-0.2948758471485271,2.533157832524076,223.22543373877505,0.9331195796888672,276.8303977416891,67.1733981225797,0.0,0.38544854051606253,98.34259579920962,38.82816108512395,-92.16393415890967,1,775.3303541120522,24,8.624989425697898,99933.77501607187,99953.25485121334,99132.3731117022,98201.82734801511,75.24472077864445,525.0003019680387,68.90533031918145,78.52173261413627,74.60246312825552,68.99998986198173,-0.39775410865151273,2.8682970265321805,8.951422988830192,10.550887445433418,8.30845370616492,6.4014448601899065,0.0009042155712523345,1.1695201188831073,2585.663013684451
59f73d710ef5,13,-25.350090703428283,-14.375885940462885,-20.85105654671341,-29.514914678772556,-0.4527588469206586,5.063588363163424,-19.969688699448994,-11.221323487161124,-17.003300138987285,-24.942539535739076,-0.38886014759823223,4.503315096333351,223.17820897117505,207.44621199390326,275.4429472904736,64.84162224370213,0.0,0.68276728533716,94.72475854794699,38.807760084186974,-92.28740934927046,1,1259.8110744228482,36,13.75686424315987,100273.67860730048,100303.48806551831,99500.42248746207,98207.41754666442,59.86761900210099,633.312657452596,59.12451609266379,78.50827124214922,70.62045180958724,58.27052501639505,-0.5929155920577439,6.322498544910808,5.617153625743191,10.570009913137548,7.956170404394333,5.599020058661814,-0.05222913818577513,1.3439652704893468,2106.4334847761297
e70948bb8c66,365,-11.321712949349592,-7.63794872515821,-11.451321702648967,-13.390018329780377,-0.35057215738682823,1.617359500459873,-8.57928195928385,-6.544630451333158,-9.976984145917108,-12.10179123912164,-0.2109671669904802,1.5666946278971214,299.8205341519276,463.6305385220978,464.0019607282829,89.87197704133396,0.0,34.47013817335602,149.7952108692291,39.309187766953734,-94.73855867479556,12,334.7355421460219,12,5.59320065695217,99003.10349943646,99032.18328693304,98511.00990232574,98069.45120922667,96.38012861138124,335.46166753155063,81.86727512443896,95.87301638374913,91.94231260014621,81.94346240932141,-1.177984362148847,4.711679777970877,5.382446652491696,6.643848151968168,5.9971888796032715,5.386151055320226,-0.07228277839758893,0.3424197607682527,352.1106182401102
6c2dcecdf9cf,33,-16.538215914620267,-15.234880333646412,-17.540746049648867,-19.280086765639172,-0.1584255661083152,1.2696738136878751,-10.263646021163902,-10.264561870529189,-14.335565909833651,-16.907820357735325,0.12679839905915924,1.998469031488965,295.6930263797162,584.9570311694966,585.6126868749183,132.82116613543226,0.0,49.35421046499584,207.5200330164587,39.31804047860422,-94.69067376021626,2,387.18529466791796,12,6.611736544729781,99941.50431539644,99949.31991177384,99470.76524335172,99038.62767955917,73.75932524047438,257.18405052570955,58.301553758344824,82.75969926174312,76.25064139132883,58.32468844706751,-1.9903392739410743,8.163218359549518,8.556815151129006,11.316732532448782,9.262230951102001,8.107306280642259,-0.18383554779485264,0.9434578440461547,1137.3529319369682
78d3f55d31f2,33,-19.2355415596214,-15.203742158561953,-17.587327670679123,-19.252199880722223,-0.0788248646199598,1.4543432967661072,-18.55307559130411,-8.775432390906163,-13.995694151711493,-18.510425076509968,-0.08287772339274424,3.13661370111367,301.8165746284487,0.12650195905568992,624.7926741980623,159.6180992023148,0.0,1.7054581779168159,227.0458880684898,39.33107056668288,-94.6795063435218,2,768.1386094244671,24,9.792367658198105,100122.00145505465,100215.33859942188,99787.02908073728,99053.98590945255,48.851870379620465,353.77753720783653,93.59209413764222,93.49379616869817,74.44090160084798,55.609154149571204,0.03144472974781148,11.738071795734047,2.7749715773878,11.320386479629077,7.130732702124572,2.778454798780982,-0.3571820553198125,2.61807919433129,764.1548364439786
3111a9693393,33,-15.221797805311953,-15.208551165531263,-18.08062436578947,-20.615532172613243,-0.0642317546632333,1.6711579553802733,-7.757729467751823,-7.770255889472893,-15.16032619708748,-20.628210414401735,-0.11823875052897558,3.8835307697254677,297.9260336202405,594.7268469036882,625.506110682383,150.986330732572,0.0,1.298214877180745,222.1957887814194,39.30095382946586,-94.74692882701741,2,1195.8943663620078,36,12.810231642679899,99684.63311706591,100174.45646562979,99867.06804422288,99074.27043142362,18.565354898137326,304.49020557718245,53.09840111110477,99.9980277551122,79.39827568120904,53.26840917497596,0.419226996602802,15.171146426859222,5.6011408473086055,11.331748847366878,5.937189290208387,2.678632621709215,-0.22942619696351949,2.763312121644215,337.2045482170227
3bcaa7d6a685,61,-20.202556221192033,-17.253637086205817,-19.132794844494196,-20.315055922337745,-0.3025201037636816,1.073734981936156,-14.675523799247397,-14.138741464980539,-15.168120383313427,-16.08314182934937,-0.07649358810698213,0.5792217372121066,299.7436862296193,169.7682160390401,237.6974164635781,60.20138156210926,0.0,19.30765200817653,82.14440017144068,39.28194264044044,-94.75066491920838,3,400.2886639388451,12,1.9742386547314907,99774.99458255435,99827.23460590842,99581.45520040642,99430.69456307481,37.4946567780127,138.85859576466686,59.32557991421564,76.74299766679745,69.86362844181785,59.36883129591474,-1.6700842387941444,6.022167381650174,7.518046114431865,8.770777680051483,8.248002058368682,7.499239020816744,-0.08828935157414307,0.42116874491860856,1125.3502659613912
93fcd3561117,61,-21.486591934159573,-17.217237483866203,-19.929528792146787,-21.628421236122882,-0.1640703333512252,1.2485634344328582,-16.602677757213005,-12.557195465722678,-14.74381487490638,-16.612577881822975,0.00348796960675626,1.115083194040898,299.52959835054423,0.24580005941908356,362.73065274639544,76.06485575891637,0.0,0.6465614561678865,102.92685332909296,39.31074693247377,-94.67913200714214,3,785.4396599456189,24,4.03800895418344,99785.18175792528,99840.23705058945,99603.59541386596,99405.91592240673,10.52550983439831,130.84760385441416,63.11119345252133,76.66368939822944,62.29666913091925,50.71187932094596,-1.0745255261835154,9.217504608835156,5.943104868113016,8.756558526516613,7.6238805638156535,4.667377898555343,-0.11415832004912818,1.0523477118817086,732.8405269462042
9409c929c4e5,61,-18.132148835795597,-17.240542272914734,-20.326132399301525,-22.378740858582063,-0.08698796067792518,1.4035619619983204,-10.268269634442355,-10.26872161595124,-15.421400528206085,-19.96853525171049,-0.05895255467552675,2.153715027015214,302.40858260651015,373.0650078251442,536.9197011340337,98.85893396632235,0.0,4.554466562205721,145.7822302476413,39.31057067080784,-94.71438416448902,3,1204.3701299237302,36,9.693563448901088,99728.36800479832,99835.7124090392,99640.5298875133,99389.9737366838,9.000660007056062,134.59517410688716,49.28851956852328,79.00364181188594,63.801566013567204,49.301601240525066,-0.19608118493616133,9.466393822073353,2.040657195915878,8.767138433214738,6.489506667418487,2.0412598420203247,-0.1775869419897544,2.0657398959624254,313.4683168896384
8ba9f21e2f0e,364,-17.865997924626022,-12.43746151627728,-15.942171366669417,-17.884013414072033,-0.47824282883038494,1.7200709981961995,-10.910889573613616,-8.853109040510997,-11.593121541560487,-13.140268917145857,-0.23546836468327867,1.2911363692054796,297.54650754824854,248.17766405358483,248.27004998778327,57.713390788779,0.0,21.407262656342805,89.89633831630648,39.28621204145961,-94.74317221226842,12,353.3665476261777,12,4.2313180383460125,99763.64782197257,99825.04325651417,99582.89834640206,99242.53124059361,57.3476838083568,204.09753786377627,53.464291658922306,76.0303260238926,69.12321565525153,53.49477070028174,-1.6931444023470115,6.657681936392965,5.855231508028219,8.574714659368233,7.5688881230041565,5.871010928992713,-0.23772749143941835,0.8677988148328241,1189.8795652414294
44aae47f03ed,364,-20.540371729175,-12.467076884280681,-17.79688723530072,-20.51279132466311,-0.319126801990095,2.27231104784944,-15.25823715106873,-8.853954543019618,-12.134963531209161,-15.299616672570991,-0.1616883518698555,1.6491306862169985,298.62506285819507,0.3413081462084838,260.46020111531544,62.88573345010467,0.0,0.30450585436043187,94.03848928690958,39.2910637432534,-94.77162854704036,12,723.5698030204322,24,6.3850045967998135,99758.88846943923,99858.36450680881,99570.19736777314,99219.64902571522,5.281603810761085,165.217372389349,60.659709211232084,75.93427865646916,61.20831738295198,48.18162683201616,-1.066831405363388,9.647802019110859,5.103233253772391,8.558159026006928,6.198709318809576,4.256100702992385,-0.2043221498636484,1.5353639293439028,812.9865966672951
fd165631bf07,364,-20.09590025791786,-12.438204875330836,-18.54336343488785,-20.59980233911177,-0.18060259677404233,2.1444878107927234,-14.562037579319362,-8.881415109255046,-13.389683346115312,-17.067539092705807,-0.1898876532667218,2.276161730078158,297.8034819115984,395.5070289928025,394.04329549411096,71.14128443069052,0.0,2.245787720619219,111.85465319696344,39.30126821690279,-94.65377802494264,12,1129.4248228858303,36,8.231400581277798,100421.70479281085,100448.55453175819,99731.26438804879,99254.77065453063,24.082741345138302,318.86900957459346,59.040373477291524,76.02532593392198,63.44948019996153,48.11623230951195,-0.061729471853266764,8.968278025882109,6.956958857020324,8.590407348255285,6.174108810649383,4.242133373734479,-0.05749943664824042,1.2846149118090389,414.598860640468
aa6c54dbdbe0,12,-13.481919803316343,-5.015188135271753,-10.06089286075117,-13.475826772710963,-0.8116336842381423,2.849172396532469,-11.503565011576718,-4.234087212328762,-8.664295670747258,-11.500438042880745,-0.7109066461426632,2.519546890207335,297.8958221290276,201.92834038028778,200.22611360847404,40.16535750734279,0.0,15.406690615623464,67.15616945023052,39.29443917410658,-94.7095435666828,1,319.403462507504,12,7.283572908278332,96701.52490587007,96708.15347224298,96630.20958825632,96465.80791780606,15.275592249009785,59.84789602413767,87.33407142839422,97.11233022973695,92.94775389783183,87.49924012151753,-0.846548836148127,2.972611467896656,11.829093772107221,11.872225539560752,10.206414293109114,7.7635866876746045,0.3597069649749833,1.266124787004825,4080.3729730610758
406033507613,12,-18.272971992491758,-4.999692524567533,-13.082473063369594,-18.25919770966131,-0.5222574473049172,3.7433062351918163,-16.624530001157115,-4.222216425207553,-11.373338934155205,-16.630047030833552,-0.4757134949088302,3.382954175115414,297.55252613643273,-0.7352083179530156,215.95139154577743,49.51337796932657,0.0,0.4758375479832695,75.12003290271628,39.29984416026743,-94.81944177707372,1,705.9084607178054,24,12.405306873876803,97693.27450209793,97668.2373186126,96889.22978255493,96473.56434944317,50.45980900072107,381.2389719689256,87.20621170820628,97.12415165519056,89.25731740840307,85.12202022875688,-0.5435176745829708,4.1842551677522835,8.544611749250492,12.317084395811207,10.460209278374652,7.7685790285527005,0.03152393079600226,1.310989921515099,3698.039756469196
882ae195d644,12,-19.350099324902036,-5.029416111580966,-15.075019309022139,-19.745584926686107,-0.37715500210991965,4.177109856745487,-16.983431998979054,-4.201465685516072,-13.301245139578045,-18.34778313944368,-0.3517838644184847,3.911808117237056,298.2380305831393,315.375482268758,317.0665534262813,54.02526641619966,0.0,1.6640537191649156,87.27637192191521,39.29205485727534,-94.72649953260037,1,1127.4935272853788,36,14.16248065847436,98517.35095449709,98485.97724510959,97330.67864766865,96487.72786357501,61.510437604680654,657.7537544964317,80.36933729027092,97.10899151204971,87.67507508802093,80.35339617393994,-0.3740375371944966,4.426138641669537,9.300999022981731,12.334785292888622,9.754721472904876,7.609061858074214,-0.06756285426562782,1.4891267674305402,3266.427068261142
0134b1242cfd,19,-17.377537698030604,-16.87117823618343,-19.660819890187835,-23.281660120266935,-0.19594463219361294,2.102808434662675,-13.53963351146592,-13.546232789865138,-17.80731849354809,-22.44380335872437,-0.04305032300209246,2.8242911496323027,296.21575739945877,536.0857429707263,535.7720672325185,118.6355769013144,0.0,44.4649013271296,188.66855608825117,39.30096385546979,-94.77434690143595,1,429.5519252036349,12,8.923070323542055,99960.03401683383,99994.97341892362,99734.80476469317,99407.49696957614,49.11771674973093,171.9727126775435,71.40330010520118,92.60389121330704,85.12670731262234,71.17769402580039,-1.2144022774897159,7.024999801861202,7.7663255974596,9.08060326138752,6.853184829284772,5.155047623252315,-0.1734823447071824,1.3000391012455732,1237.5742954959987
fd89ac6296ee,19,-18.731546612622623,-15.709944139690322,-18.236070589622795,-23.257183566546104,0.12210692109469964,2.1884887951064296,-16.872774548122184,-12.29593279719773,-15.978729581757623,-22.46642712336563,0.16627270660976617,2.914673951036692,297.65763038102966,-0.5076123926578894,566.7010303152018,140.37710364310706,0.0,1.3429938977339755,205.67087329972176,39.28884029522823,-94.74611685354232,1,817.6076146063278,24,10.145540395114331,100019.22205856165,100025.40024181672,99808.57319806545,99413.73056352271,18.519968046280212,155.8253533733723,84.27056099287901,92.66534205189406,82.84970535403808,71.30089650315928,-0.2979430880638537,6.326201583666944,4.420663673722839,9.064729907811936,6.370279155894153,4.41930645327987,-0.1297548171359461,1.4115684307542293,858.37889253699
da479e68a224,19,-17.204184216510107,-15.686390293862365,-18.97799502830831,-23.248986434225404,-0.04063962547908013,2.232857941398072,-13.732215233175078,-12.324836481125768,-17.09392263627267,-22.408718337902734,-0.057801758619520645,3.2202770119590003,297.58674452362385,529.3871518021801,566.890227555479,132.14771436658037,0.0,1.083403745077792,199.20478402947512,39.30861853090678,-94.82083996893908,1,1263.0169689478357,36,10.160841853165152,100318.93686265608,100324.8161298308,99977.13436681204,99444.88678229075,19.960952580901207,220.227302471968,74.67839257415085,99.89704737733321,85.37461388707064,71.4183579660394,0.13997851623699703,7.787797986190801,1.9422237273288818,9.069630093246111,5.314311048778209,1.926627288710229,-0.16427118239990182,1.943342495648569,401.54450700755285
cda8910801ca,356,-18.525074272742856,-14.56947050123579,-17.58448420554446,-18.991896060837174,-0.37922949570822734,1.4335063825744947,-9.178034385440728,-9.150297150106345,-11.438413350370904,-12.548879449985437,0.06980024084454414,0.9989412499003435,375.06684916763083,530.6165110748302,530.8013363437673,123.98037735426377,0.0,45.752076275049255,191.10123253223406,37.23015021468569,-93.40811219649422,12,352.93466770528767,12,3.3072104523218115,98577.46922059233,98607.47294684294,98399.00558238075,97908.75467880582,62.41718959401671,220.2220572620285,43.16786216606951,72.08339189154199,58.7804793438809,42.98262045265554,-2.5460270825031595,8.879071679912464,7.127500015776592,7.115402750297034,6.489028758991062,5.969172751665796,0.00018217956204028148,0.275900675029102,1016.8234574014245
766085788a71,356,-17.80322334413753,-14.578388636922067,-17.780634048160287,-19.024592402024734,-0.06789971166926692,1.0346617163952596,-14.59571684716761,-8.180785168170669,-11.249939985195894,-14.54752249595101,-0.05094987516020102,1.792789710280585,371.6732645128758,0.19122841124423032,544.9325606508926,133.38041829168134,0.0,0.5884355442621158,198.38754374441936,37.22739578042197,-93.36026115516263,12,702.2361086817072,24,6.342628650220828,98880.6459432832,98868.97240181341,98558.39904402632,97957.11954763228,33.45644705618843,248.0744044557588,75.62709478211201,75.61965465172798,57.02143670005836,40.586571278101175,-0.10338188072524708,10.716386400427098,3.3613298877398488,8.71969343881918,6.398384026945141,3.3545089765108957,-0.07709102420172902,1.343681920866276,672.4581288686034
7cde5bba698d,356,-15.384234510556684,-14.606329581716373,-17.563832394467358,-19.038166751961775,0.00907666080094563,0.9787422216956029,-7.914187552467888,-7.923162024201509,-12.173049042066847,-15.619508783379736,-0.09744066968115751,2.4013673378482525,376.999848281365,411.8637351435953,545.4344792717241,120.97888376343357,0.0,0.09412657142828841,184.2829874284805,37.231250014972076,-93.34621313296046,12,1086.6595550457005,36,7.668547499248499,98775.26866448588,98908.19836680267,98656.3016142157,97924.69779043262,22.99708161389138,264.0478814285605,53.45924997605911,87.59500853626103,63.924592151083516,40.4870763644014,0.6601287608505925,14.69121172706771,2.0242686626176125,8.708117617519985,4.822025848376999,0.7204860713221807,-0.2024266985995537,2.503917439505919,278.1757118453572
f50447cd227b,15,-19.871469568564972,-15.586186997210163,-18.375394801154016,-20.05576132756838,-0.41273730427281424,1.4665303010765334,-9.55512356518843,-9.545192665781656,-12.214912634007826,-13.83056082557147,0.013643130041740852,1.2375178535326774,376.66340666574354,394.50147200354604,395.32590061277193,87.03292100777199,0.0,32.570336812074245,137.70306117088938,37.25480124911875,-93.39144359372756,1,361.3906173274285,12,4.279174561396395,99479.7250990728,99489.70220641434,99189.29535147503,98918.64627066192,60.504176873410266,210.80600201472782,38.2963240539698,67.56800382559457,58.06808860078085,38.42223562966611,-2.3477742011967484,8.967603361505425,3.9426569365551623,5.345021570016331,4.776667404477147,3.931262040119045,-0.13964335250181384,0.5081646688101875,972.7005215033339
40882c3a9392,15,-16.115736535954923,-15.599624665168776,-18.251623105920636,-20.023481145657147,0.013295307797358815,1.4456186050267812,-14.314456892723946,-7.435766795055782,-11.453513670793773,-14.347683000739712,0.015181593652386829,2.100357764693835,375.08676068677704,0.3631762651462283,395.1941273040531,91.15139324689913,0.0,0.5941813497123083,133.12498133262665,37.20452103304534,-93.29177918932633,1,706.2923060297097,24,6.858163669616355,99507.55204372237,99576.73343041181,99339.28706074467,98908.52289287889,24.913411715005154,199.45383518162913,87.09252082363443,87.18591209612711,56.439907465846304,33.834666847082175,0.1869248615806225,15.54932778822101,1.3260433070698872,5.354981355529537,3.9186904543086927,1.3336357457672967,-0.16141804434854215,1.2140421823797387,625.142999166402
97c0a403820c,15,-13.156643216336724,-13.202605741254708,-17.7539064378491,-20.063552799816414,0.06957477109846463,1.663411250061645,-8.325255017324618,-7.440569490023754,-11.735839538471307,-14.644811068610624,-0.012428075040915285,2.0509581232042517,374.30929183042946,169.770189607963,394.955172375183,73.43536901889838,0.0,-1.2960028983798448,116.9871228128811,37.23004624512647,-93.38939575148824,1,1070.9666705633679,36,7.2170840792567015,99156.51265240826,99624.78734026215,99370.02147857685,98944.21888561906,6.823972113358849,171.99671187663964,67.54634924979563,88.08146868804701,60.73839818915889,33.89069371081724,0.47099963172871506,15.162535779414567,4.078469179882621,5.363004446471139,3.519964542026575,1.1723168202779308,-0.08211938205407703,1.2920600027666738,274.2080074570727
57bbb904226a,1,-8.875735517842443,-8.900928115741097,-10.381470444980675,-11.582258150103502,-0.07469943439415647,0.8400247874574136,-3.3995093185123437,-3.451201628448266,-8.242665858397267,-10.667115033729367,0.22037140961597126,2.0983827159166815,372.5037141547558,502.7489283468439,503.2269988038892,114.66005387364054,0.0,42.68950723800469,179.51100288462658,37.205133442436285,-93.368801741689,1,315.8036904293998,12,7.196623637024011,98605.4022887256,98626.90243734793,98438.51204142213,98353.90389829158,21.791673864544574,75.60657256670302,65.61752766645961,99.95997454404814,88.10758281225625,65.66474790551175,-2.0871547087228777,11.41831237254666,2.5372821359306332,3.7412928336288083,2.626330439491358,1.9841328318997744,-0.10873559425658928,0.5317476382177146,6333.971765377817
df1590030c99,1,-10.442603988520935,-6.17801654112903,-9.08767664862554,-11.630124241695018,0.10212452847260152,1.6780632211207187,-9.044755077552953,-0.9093287924672656,-6.592796044544923,-10.681905824709911,0.1352176534716076,3.045813926139661,372.98129031126473,-0.8654090050272522,520.9979182990681,123.79554479163102,0.0,0.5159236717066252,187.35045207276232,37.220258422149826,-93.35735884083672,1,590.2280430984365,24,9.75276867775507,98607.26968183412,98592.2086802572,98463.32938486995,98340.07359127533,7.0116432562831505,79.41190610498519,93.08454067163623,99.96529292704973,85.16030575663194,63.90689932189206,-0.2246892424932552,12.021764584524561,3.8190629100530726,4.323061381263202,3.1211473236124663,2.0043278865823746,0.0505351416516426,0.6761210927367544,6058.890001165983
01a2529ec3b2,1,-12.847581279469514,-6.128371162081696,-10.510170434734157,-14.226314682361625,-0.1263836393537211,2.4344229121119674,-7.338103894631998,-0.8822388797888023,-7.907215717659257,-12.483101076313469,-0.10180644521552829,3.217050504285243,372.658843272583,327.998398553268,520.0765889565284,105.53793474743394,0.0,-0.9786864187776602,167.53903643168516,37.2276729828283,-93.44052363032296,1,932.9863269538886,36,11.601363167513506,98593.58555898,98773.33008747124,98560.03663416555,98373.38493032192,8.631106759222801,109.64511148609128,64.27260083414521,100.02736968252813,84.28889895229726,63.83156905665019,-0.23424622811335347,11.12760489788186,2.1055204974397568,4.328396860097292,3.1427352633556507,2.0039601989638385,0.010137322925225073,0.7063858070376544,5715.517665299318
b90c310f24de,23,-14.442187221307174,-6.973626596948365,-10.527455350660345,-14.4252654743426,-0.7813010053896151,2.7206407131902117,-2.286149216587305,-2.312511099596786,-4.469669903600986,-6.2125045543022255,-0.009047934170731508,1.2318147015760605,120.142368293084,658.5566768079404,659.2107133192876,164.10363987924316,0.0,58.8004640540595,239.15428477199862,32.31077258627045,-88.72466969208371,1,269.7552027684748,12,3.903517001972372,101848.13256680327,101939.49751801112,101497.86442838896,101073.1825155405,86.08363245251483,303.2929295796444,35.99215777568594,78.1949927815033,63.59145427662511,36.0022382856063,-3.923283471375655,14.862181287966354,4.081451089719445,4.526946488840534,4.168245711094967,3.582546182242824,0.052833685044233754,0.30151580781696335,791.7501925017451
707f500e671e,23,-14.310473509378783,-6.9579612560679385,-12.000142479816352,-14.4584223092237,-0.28357500625624504,2.4294931700962556,-7.907966579838771,-1.4499012046781898,-4.653585758497333,-7.893534426497033,-0.10676467802774163,1.9154500766986857,122.48533214522298,0.5405241796691219,682.2291735450457,168.61641579033903,0.0,0.2783751988749774,240.99786189163538,32.3286162015499,-88.73769606132612,1,543.8036321389725,24,6.421049465044303,102064.5149862104,102086.89798765926,101735.65580973995,101106.49916280399,42.426933710785704,320.26626287189237,58.79894277543107,78.2377487907849,56.77055012958246,35.33520238821106,-1.0252852450725882,14.2387982654926,2.8918373184743507,4.529573811339144,3.834704949858169,2.8914703817774763,-0.052032378820189615,0.5251176302435487,517.0206514208902
bdad669da61b,23,-13.726814887388867,-6.989572454436784,-12.897675654842788,-15.33673831803807,-0.18851492813263654,2.382940058460208,-0.15718165281033314,-0.153529062509099,-5.164596671609593,-7.971500540019829,-0.06868455450916688,2.2968920651048705,120.7246708466901,672.5817903693602,681.2070613374211,171.02014182768275,0.0,2.669994134758149,244.03990762958787,32.32535271726584,-88.76044854749018,1,833.5477417644573,36,7.830997506300542,102056.32610385766,102213.27912477132,101882.51807631252,101068.59215845451,28.99746729674638,333.68240941294033,32.02633040310462,78.22397706706035,54.41879854609869,32.088059994736824,-0.6476036163871756,13.164366922816184,1.4385874797390692,4.520514542465422,3.2863502845465677,1.430564299084719,-0.07915381453367025,0.9027949160977228,225.27843024047084
d56ce30be354,45,-2.2884177945129935,-2.3170363730908825,-4.149326256209593,-4.947541416736837,0.1932333463291585,0.8498649925287469,2.4339546376225143,2.395529425184522,-0.9933087124665294,-2.435879104559052,0.43826160910725287,1.7401285794736145,122.67691968360324,149.61994598750726,149.2396738192219,47.228673989718466,0.0,15.29161990528688,60.185068759425654,32.35534058536458,-88.76676429851904,2,227.74022606094758,12,4.8083450575937805,100527.33832056414,100559.64048834782,100475.32759148856,100395.42448338494,7.802101172952059,56.021413760134166,70.84520814812188,85.79787259261701,79.86908182083226,70.87283490887938,-1.5138758403616208,5.632702523390102,2.764371245470608,2.79634515287085,2.6681424011884936,2.506017753408137,-0.008781333302490752,0.094664460751812,2710.205957918788
a0c4030775ed,45,-3.2215156192291596,-1.4000344980568773,-3.1536416129005227,-4.947105456811732,0.13170533459486283,1.2382485396575287,-1.5104680272895725,3.124607624973894,-0.14394935861214178,-2.433176539693022,0.1051480357977958,1.9592819532062433,123.13450387243405,0.7743447990822162,171.36811630372065,47.95172124372254,0.0,-0.0650875467486044,61.67468367074827,32.33183431555748,-88.76617615520794,2,433.73483940415207,24,5.5643920115077865,100460.40922581968,100582.0987372183,100421.32196951723,100313.84349669922,-2.4816867787605856,68.67823912767713,88.96931258747207,89.08474284393063,80.46165754417243,70.01883679309191,0.1415304363951907,6.671924411778838,2.2728593491303104,2.9639371389252607,2.600080705800635,2.2011578777297798,-0.016037641729823485,0.2016312638064606,2504.4878214194214
9249084a4c6c,45,-2.995569853244228,-1.397252152032962,-3.2920852579148168,-4.941245476496038,0.029503871073111473,1.0689441378362388,-0.8573336608139006,3.1112952944030017,-0.6885249211279445,-2.5586354196114365,-0.02851987541768982,1.8183117645522806,122.83128155175578,125.1076885629452,171.25438226653102,40.995577805928065,0.0,-0.3891295006590797,56.38485688794909,32.32606442831246,-88.73729531682393,2,674.0661144222306,36,5.666963400556901,99914.9847904523,100577.80259469668,100383.13009927502,99748.50626000167,-16.798284680409836,226.0264795354331,85.56890492561416,91.71817041303986,83.40917144863243,70.02244474274761,0.36321999166004465,6.928156240218899,2.5506670805131013,4.014745922893555,2.515714213999222,1.4261479502426402,-0.010344453369238966,0.48827840074634854,2272.2202327892887
cc4020f5bf80,16,-13.895213081080378,-9.286142456752591,-13.09790900174703,-14.881534661044142,-0.4472642555295744,1.8237542837105705,-4.892259572404619,-4.912553822501079,-7.116696000496126,-9.054000023007134,0.00670415384750131,1.3669899451323932,121.75437094919162,407.696929902403,462.316594751265,123.20706536966503,0.0,42.840026376126254,174.06657174804138,32.34831787529566,-88.6787758593498,1,301.4684351180941,12,4.154612024895421,101065.48696464844,101127.22230944461,100895.36515801391,100628.38241219979,48.48824084779408,173.08526237379598,47.05043759275123,75.03859371836795,62.20654205405416,47.13717636958307,-2.5740876839731017,8.995037006708671,3.7499206498857256,4.072348885253334,3.856974205922168,3.5668371032089254,0.029533044769802248,0.16420607062225953,822.3040752628382
5d77bcc2e4a1,16,-13.372063789618661,-9.3169071017908,-12.89097787965143,-14.857504678327453,-0.03665740448456381,1.3396182459990746,-8.3635493150761,-2.6811346457187724,-6.437312284770137,-9.07437417616232,0.021507966789310672,1.9058216997396433,122.2113500827191,0.8761637106761079,570.6954762709307,141.01602261115713,0.0,0.8497715021929838,198.89563466385036,32.33718233051947,-88.73932553658437,1,584.8247527642586,24,6.37577654045088,101301.82245858932,101328.0293903878,101018.44005931025,100679.47243101467,26.338615763534634,201.92381704906393,66.75547925812076,74.98486874072427,59.55246943073979,42.970548822087885,-0.3257052031544778,9.68717335336655,1.9635581790750405,4.08262988280818,3.3947226245761013,1.9614274211389922,-0.0700926919526913,0.5973122652764387,530.8579504284859
9d6a06b6deac,16,-13.409423475053012,-9.291093890789496,-13.34148052747943,-14.879918088844219,-0.056059953594653926,1.2571750795132195,0.3419799532775825,0.318719294328048,-6.805701964197238,-10.486936015556447,-0.0089641363811706,2.5825474014687924,120.90631692596253,663.1217552114341,663.3484955445472,151.8195493409254,0.0,3.6957869987609993,216.45128924355208,32.30645239071065,-88.73320065545957,1,890.8220953094433,36,10.882700444793718,101491.91516451802,101612.17952283153,101156.40408416378,100643.96068468668,24.900305772584552,271.96504849972996,31.984147170982705,74.97887986788726,59.74829843955433,32.025915603053875,-0.1983437404998852,11.655245051386968,0.7950200969217324,4.067401550486743,2.707768376822695,0.7897702530551761,-0.1026838746469865,1.1207033978850263,238.40729434103858
6b28f00a46a4,54,-22.840124001125716,-20.26346747833974,-22.359505899743365,-23.306453699187326,-0.23832832670585954,0.9369546576550435,-15.151054894934594,-15.189181046795415,-17.152909786955853,-18.414640207002325,-0.016076413066358507,1.028464039362269,1153.0731370109017,609.2421436875933,609.040773429308,141.8262394241293,0.0,52.75586780768791,222.49510570158353,45.8194082759444,-108.52599448827289,2,422.85254113124023,12,3.2475622079009443,88947.61131244276,88969.40382205092,88793.780612931,88674.21033619833,28.132042494665793,101.44685944563578,48.34634009120282,65.76437554135131,61.444356659120494,48.35714554258285,-1.3163166153013717,5.512075559326578,2.9587728204101484,5.036367440419593,4.249813838849886,2.9423498640741292,-0.15075449224775592,0.7143870034877884,1162.071371316166
dbc232aba045,54,-23.260662680416157,-20.251274622684427,-22.74292841520829,-23.816320036893483,-0.09359576325552342,0.8582202990211439,-18.99489155124172,-12.955917018675988,-16.40459966292662,-19.020299843056605,0.028235684904637105,1.8975925959827546,1148.9791008839509,-2.140070744606233,639.5860469744748,171.1595441401983,0.0,2.0096606162103807,240.76068344828894,45.818809415489845,-108.59242883032813,2,825.0642852740261,24,6.093341404440241,89161.22600081595,89170.78978678593,88891.89810576887,88702.9978441224,20.77616104754907,152.13139818766123,66.89172161831415,66.88050973929036,55.45469487872736,40.40498036511203,-0.6591320549711749,9.329009723400974,0.7500339657807359,5.0122164265213565,3.6295176595491165,0.7597084405022786,-0.11828930316770501,1.046574500058758,753.7444761966885
90b784350188,54,-21.633436605710767,-20.262956336949635,-22.781031185296378,-23.815528827917085,-0.028525948801434997,0.7656606568834621,-8.983274126428421,-9.010400077346102,-16.805907397154705,-20.895197650716234,-0.005055474879006444,2.797067966440806,1154.3773991787727,538.9124684655359,638.8624387182645,162.22439858979155,0.0,1.5518462690203323,232.8724690668039,45.77547036857277,-108.59733380429726,2,1253.0171331066015,36,11.943005262480048,88793.6123353898,89165.29098789213,88951.14648201683,88689.76583421751,9.165816179108011,146.16773815883838,31.079686062468316,80.32502843367233,58.188399577277025,31.179644701353038,-0.03198999047543596,12.88474660946294,4.4272225719116625,5.240520926652057,3.345538408300956,0.36013471386956375,-0.04797473688119008,1.347182866222124,325.3323902152441
5c02060868e0,13,-23.88345705899807,-22.944198878495335,-24.524959873135725,-25.08423932684529,-0.035061073619022734,0.599418016219621,-20.26473653100243,-20.252171508324615,-21.64810468713498,-22.436152187640737,0.09594792619999187,0.6732528376192312,1150.6821057820111,187.54343296567095,187.46887755829337,27.580372201487833,0.0,11.219760024364614,54.00592237818989,45.79776422148402,-108.4928678688638,1,476.6676229564646,12,2.1612366951049315,89087.18398376723,89107.93709060422,88849.54008580705,88567.79122271061,50.53282911561244,178.88760731756145,69.5391682434825,82.16163492146808,75.6207129865506,69.6454908789943,-0.978179121983641,3.645514511297893,0.959358588615258,5.48202419881721,2.906379114622862,0.9842975759181283,-0.3348886130993898,1.2117821423725301,2188.7125162473085
4a9348b5d1c5,13,-21.223351445546747,-21.215082226122,-23.52242678397218,-25.034241446019244,0.1373372838349991,1.1696757494691326,-19.424136804190756,-18.846396045289442,-20.733394232445743,-22.369495502846988,0.1216504813052991,1.149236437285916,1149.6607332914125,-0.8023319347034976,186.87589305465676,34.54012987140467,0.0,0.36860704972138225,56.7824966476258,45.78730857391353,-108.59020093017176,1,929.0393192838235,24,3.568550657518098,89058.46259118042,89088.51865163822,88958.12374041656,88573.48601389218,15.375222522721923,144.34343363601636,84.19274929474292,84.18796705362456,76.31101841710603,69.4536582329667,0.15849737936390992,4.7413802753593455,1.3152600578500435,5.5048235466121405,2.3862979060070004,0.6238138636790428,-0.09241847040781054,1.1458554515482857,1719.2098695987029
9c8338468578,13,-22.55106756062704,-21.03609364773116,-23.18847349759288,-25.029947267812773,0.06943405713501419,1.198386857394433,-19.440656340501555,-18.823837781689782,-20.64992590520437,-22.374744457609488,0.036326938629189315,1.091209286313992,1152.525231813767,289.23434504642586,290.0177833829828,42.78530118234394,0.0,1.8849283378927841,76.01784711465129,45.802095011914794,-108.46895484108529,1,1391.9595396859804,36,3.5558980962563163,89689.51784737321,89767.2380077901,89109.86074396949,88547.56308394278,26.200491726972356,300.29523744957095,74.1206425032567,86.2385634948576,78.52667135491339,69.29074850973058,0.25219620210376276,5.477020766686768,1.9496310704304347,5.49325692676928,2.4254874274415195,0.6246959774823275,-0.019430033008785888,1.042651629493187,1268.3802681387365
53e2deda15bf,11,-17.832454072937484,-17.860173270500322,-18.47921356698141,-19.25732611067078,-0.025040054881923544,0.4007955090918636,-15.791817083788294,-14.955553368583963,-16.348240846512955,-17.785532870977708,-0.16368945028361884,0.905121117132548,1150.3293461721498,159.40221754293862,161.34819544199192,31.378151927953535,0.0,12.258647378878255,54.18854792312851,45.78967558643669,-108.50330243539503,1,411.80999638642515,12,2.8311173204149656,89013.71662060129,89045.41165329904,88851.70396459258,88613.53186777429,41.83452873677853,146.27977434579998,84.86509647004445,88.68695196895574,83.39151090106878,76.0467578296696,1.0316635468538975,4.370218775012461,3.7055226703886457,3.795207759978096,3.238997353099816,2.722200700611407,0.10522558381305583,0.3984799048050442,1151.745978783969
e1c4a23d5bc3,11,-16.506387815284086,-16.16473084434435,-17.446693853625735,-19.234631411812828,0.12864512777024412,1.0657756986375015,-15.251650000238492,-14.273133353866038,-15.661291051234711,-17.791909895884295,0.05346684283553167,0.9549077985561373,1151.931257703006,-0.1831725265412585,251.95023856842857,44.22201220478119,0.0,0.475849481474695,75.7526704693169,45.810599591575176,-108.52034794616942,1,806.500400290914,24,3.5010791783821564,88200.49317876292,89082.79127581487,88710.16952701574,88190.63534859389,-25.092910051314888,262.9047239974234,91.89612918983762,96.30664036556774,87.54760921274807,76.02901193736362,0.7494054184572869,5.887414994564227,6.1437576039210775,6.2230273754708065,4.092153685483662,2.7111873172296552,0.14395207115336808,1.0336125210205336,756.0886187791423
66fe3a73987a,11,-15.708820797132285,-15.743792659611769,-17.579339951469414,-19.239924491261817,0.02860649851458818,1.0354497412166686,-12.354943628843582,-12.417732802259962,-15.76949705423124,-17.78985827946002,0.014621097707787436,1.1664653544911447,1151.102274250836,274.01359774970393,273.0727424307404,47.19591006739369,0.0,1.2807756805866752,81.24216365540394,45.79554931920007,-108.55076969496659,1,1215.3240177319346,36,5.437852794766893,89302.72718337942,89321.02653064365,88721.76595746457,88184.91046721337,3.8233542059442684,310.3982862438256,75.76622956168103,96.31570417020535,86.93252796642717,75.82481845784649,0.11516056247905855,5.640840601756277,1.5864240497149473,6.206152373463512,3.7403348784400534,1.4422728672947096,-0.010903773647723058,1.252646700619941,342.68708341528355
c5d31a708f2d,49,-15.23944732182572,-6.170624218805485,-10.926855770123808,-15.278894244175246,-0.9963957913646114,3.613630489324011,-12.86731216016979,-4.49657438923984,-9.106875026940463,-12.861281717357214,-0.9417015061555929,3.5251293004281643,1152.9294777772661,369.132541439461,368.434555638544,75.05896241090069,0.0,28.352784990542474,120.93762361335742,45.797088739699774,-108.6053907704682,2,325.0589212347193,12,8.378615680969606,87885.62398482303,87868.72738436739,87287.57700004253,86654.37664147407,125.10008913818827,437.7364790020014,83.4544679444418,95.11152984250947,89.44424622343283,83.28822721098918,-0.6464534740798237,3.391032056957488,5.098804992828181,8.357136499060516,6.2668981272575754,4.529837640730849,0.043528270181975914,1.1803183213030508,3635.3548266428297
30b17a7a0c26,49,-19.27699638266708,-6.198978922440648,-13.937713982505981,-19.263576773562303,-0.5435271311309559,4.03506731329794,-18.312714525341487,-4.484652339961819,-12.099597317487317,-18.26329680563346,-0.5552400825033352,4.094372460532794,1153.8143747994302,-0.4508570427389739,369.2153607345217,67.13026988102094,0.0,0.027417579602943845,103.81902298483404,45.80053696329606,-108.52752253778827,2,723.193905988314,24,13.847968402385689,88324.79653259969,88319.03872140658,87701.92643201162,86641.42485465355,72.76215332194998,525.9669300416646,92.27081964538826,95.19049912081597,87.85274749838551,80.89749104039873,-0.115692891128395,4.165866164014666,3.4525068085901087,8.350293583747916,5.259282819266686,3.443074533423335,-0.13052278490451485,1.3425203035241486,3235.050641745621
e5dc0019cdf1,49,-19.652301648795277,-6.187922577234028,-16.305763284937374,-22.14201616949032,-0.4196007750232968,4.6957583290849225,-17.13993351979311,-4.435064000470609,-14.5639981327201,-21.10216935027105,-0.43377842397177035,4.897421841490561,1150.6858161327348,467.4931407503794,467.34858157145084,79.34184328062379,0.0,2.79579826226464,127.68259155107036,45.800834695509344,-108.4951667448032,2,1173.0048064429025,36,16.63049643513365,88330.63888487167,88371.6096684476,87890.79759930162,86661.38732644841,44.375060365660595,516.9305269525069,79.74710474330242,95.14782792889311,87.8351074338698,79.55261110458007,-0.09532759109260361,4.275405647915574,2.847399158759665,8.329916299944399,4.571245368769273,2.844413906816977,-0.11593691680407474,1.4762721259613565,2779.3465973499538
555f644adb88,37,-14.914834584743911,-14.958154355164602,-16.66390776519649,-17.57172938102645,0.07445304991356216,0.8368255345329938,-11.11488945024553,-11.114567445932973,-13.06139514724756,-14.228694435892761,0.06752637091253381,1.0023481704049235,1151.6936202783677,151.2467890106332,151.0867887580857,31.150586889882586,0.0,11.863930245724331,50.49549570930466,45.79661013049179,-108.54558959283845,2,371.52403406792706,12,3.149456641495016,88017.90243698706,88732.7527780815,88439.29701799864,88032.74533321589,-59.61745956989982,215.2353933656371,73.97000414739571,76.16596812979711,73.88780555361157,72.75363214883897,0.11379930774976613,1.0248455178621676,4.757973122836959,5.880307227069704,3.5742399644600713,2.3394346910746684,0.029862024028570897,1.0281675242999335,7786.412788104482
fd49744b7145,37,-16.58126578534331,-13.034530806789943,-15.56506156412533,-17.634948264141492,0.11069356955211854,1.5143912076846644,-14.455154673048623,-10.162674149179285,-12.595898659761621,-14.45359211706845,0.010631501050243953,1.4213257638013965,1150.4239289452996,-0.4072503232727988,167.89023644819068,38.485585746907105,0.0,0.4925612879856901,57.75458078090783,45.79858262905444,-108.51740199214916,2,734.1881876871439,24,4.320261375528872,87814.93507748152,88709.8926652363,88083.64122507432,87564.19127375138,-57.15043840867328,424.268074443901,84.50450173360485,90.12075668978831,79.4011885597908,72.94441079524823,0.815415811130886,6.513682685022852,4.9392864194668045,6.0877644573551954,4.520408468559709,2.345271511200523,0.12408557111450012,1.2068156384966886,7432.659936158535
b9695ec3a9a7,37,-20.770943025275784,-13.034177349075588,-16.942070554818038,-21.267675709423504,-0.13756730573738787,2.4783178194390785,-17.830729668971177,-10.168462837701352,-14.199604210952593,-19.14970781889341,-0.1879883226787777,2.6569350319620155,1153.369219854554,348.2122559927717,348.15521475246766,50.31465220311952,0.0,2.5471359509046687,85.41727690526236,45.799064102853755,-108.48247616987705,2,1158.951829207119,36,8.974102568403604,88292.91550869282,88704.89682170062,88057.41502509451,87555.51348575583,-12.46141993449096,360.3864528209631,75.08184514852763,90.12954320640006,79.84267280588078,73.01299003492059,0.26143129601771214,5.632733936760549,2.622204050624536,6.0786453952178485,4.259582939770569,2.341203857149681,0.0037621002257867747,1.0859093481195816,7000.7423054576675
0cbc6324274e,5,-25.21381925255544,-22.829287142386534,-24.50156278316616,-25.64306414366112,-0.24477310515730016,0.9011655636176535,-21.524140990492945,-20.009305179519053,-21.511156670450738,-22.593327227387245,-0.19368960187568474,0.8138122254861542,1148.3293607471016,96.50612860125297,97.02457340872802,19.550118056957345,0.0,7.518322068398272,33.17036963179755,45.80406983896579,-108.49990770117626,1,470.83064007714125,12,2.573054832948367,89046.06478341814,89019.06148517715,88799.5524674329,88754.91965383705,19.03529965211832,106.00093549204831,69.24009887777046,76.5797834445495,74.48029577440947,69.23310606060772,-0.5001698229804024,2.153031473414694,2.934821870871601,5.045820984761663,3.8336254019449463,2.6911464128173463,0.08665973847832664,0.8083025670822671,1265.3815294602416
2a5ddd1ee1fa,5,-24.68536762631035,-22.812737440139518,-24.29735645545568,-25.650011997096634,-0.0038298692797009847,0.7492384763415857,-21.139503078840367,-19.76523262465058,-21.005244614520656,-22.5883276582544,0.037233825893459874,0.8335174378029601,1150.3598232038373,0.31850061986440115,116.52644406992353,26.80631179236764,0.0,0.4112685751483563,41.65693444659696,45.79598663871105,-108.5604190385587,1,936.4903644143675,24,2.7879652298940023,89115.1151391791,89254.30644469967,88989.75477985611,88700.21942804044,24.971070403783774,189.8822246718305,71.24544224210703,76.62942857302976,72.44948601439481,67.60924204134989,-0.3077044495156141,2.8960995025948195,1.8807126364451665,5.068692083309338,2.961770651820276,1.4329976704648932,-0.11601000000569622,1.1025668100390225,808.0769351937402
762ab416d781,5,-16.942125567917028,-16.942698975879594,-23.48385504157211,-25.67791264074885,0.11691547171095577,2.0826291970291644,-14.871351523200891,-14.920107879277875,-20.339789891420576,-22.634832458623745,0.1087305582336544,1.771551954977976,1153.0000936828114,110.68321005419536,116.21133196415319,25.00424928232887,0.0,0.1130453419827597,40.31577453731302,45.77978735149179,-108.52397310168388,1,1382.949177660943,36,7.685750585945463,87958.54514298723,89261.62630810522,88841.03995202795,87951.6610742278,-11.523634902139012,318.62772298649753,85.78277414397078,85.62305200697969,73.95376627851762,67.61355451248986,0.1305584195570509,4.338045020331397,4.9999484777226,5.0589238740244,3.1681973236276164,1.4201928949341496,-0.0013638575637697074,1.0951652482823415,355.62639967164347
00f86e33971e,60,-31.538405608777442,-27.40174127060822,-30.302244291915613,-32.30519082928033,-0.4757539833225091,1.7704689011349426,-22.840801924744106,-21.221754715839324,-24.379104877728825,-27.319620769117545,-0.29435930594616105,1.9310215285739378,730.506738729617,546.8631501612357,567.9663395485164,151.25349765645873,0.0,53.65123365415554,219.86961872282745,48.216013274824306,-106.53397760743422,3,507.2984541530536,12,6.1191817045944505,94540.91226652668,94580.21522253274,94371.88711548536,94090.67212755674,49.479672418086174,173.75267144685145,40.79143192171665,62.806351538765675,55.02766557335393,40.79909855546161,-1.045316244256003,6.458538702741064,2.640729660341636,5.762671453163666,4.475866050639208,2.645411142741578,-0.2267567155043834,1.030657830100009,1380.8186176828644
ea6949495bb1,60,-28.47951161884717,-27.44846220526428,-29.924572592782514,-32.31358246801825,0.01781330033004808,1.4334368767772545,-22.581462055686778,-20.49872506365182,-23.028394500764264,-27.353153677619396,0.11396622467640358,1.9890363005289788,731.5630397058501,-0.09783773784548863,668.6044276680343,176.430490757598,0.0,1.417992941305641,242.77177723955154,48.23620306996705,-106.57203053543877,3,984.0999612453008,24,6.850202196503494,94396.72705171669,94596.07841875213,94392.45145735826,94101.79498311048,10.725004079557701,130.85723132522193,54.77090071736412,62.88861598797312,50.2373556344745,36.494019229823074,-0.49050794197625647,8.131079612884779,1.8436292352770063,5.767342143545483,3.1889872950093916,1.1000793598198266,-0.2033032462476209,1.5175751420363643,917.8889566622862
9978ab6c0eba,60,-24.424893477035084,-24.44110261431703,-28.995247409604694,-32.2880459064311,0.12337307613980815,1.9435728614341743,-19.316663417813455,-19.371800003060393,-22.80525411811571,-27.30630368645731,0.07021173633741852,1.8381260557985128,733.6554629924532,607.0139501173095,668.9493190206434,166.39739945021253,0.0,1.2872295132906022,236.35503596980269,48.229566790455394,-106.64191400212562,3,1467.25617602691,36,7.98664192482709,94276.28491316078,94593.55571207426,94350.26397605588,94065.99813405183,1.4566783523157534,110.75503007245608,60.69217460936564,66.20413206113734,54.4938697787125,36.5390943289097,0.31690940989245536,9.026197594233919,5.50118425836555,5.774315624904439,3.2473588528942496,1.0908047647932457,-0.04052993779059458,1.437477307089611,422.37292671649726
785cf1f26345,61,-23.463003009164822,-21.662424868085346,-26.740763492451048,-32.53121116849184,-0.3517801451993232,3.5308095850399432,-21.782383580565412,-21.244375254541044,-26.143564451411397,-32.56561487099074,-0.2505075767055026,3.8534942551407054,729.7825032643551,667.4930657241717,668.0985068370669,168.48737620092132,0.0,59.92815276073852,242.16362643528797,48.20880660737309,-106.64783385659561,3,529.8503928120856,12,11.353385868122118,95010.18393156271,95035.50018706692,94855.7616640138,94709.68070672291,30.9816710687153,111.40473250759827,84.39064471694361,100.08925856240513,95.03821507650441,84.39518149080155,-0.9882018233970599,5.315909835453398,4.859529177197307,4.849948486659835,3.9641518485439327,3.3960677288820778,0.06395111504767989,0.4515336348985289,2318.44334570453
cbaf70f263d1,61,-26.710512168535566,-21.424242336945014,-25.19531146737015,-32.57786670974533,0.08994530606504232,3.241659655914693,-26.243288857917882,-19.348873397902768,-24.31527965396195,-32.544851019424144,0.11287210812133579,3.7571466165047624,732.3862925855764,1.3458711166706272,681.7304807902248,191.10267460838827,0.0,1.6099831540864595,256.3653002222412,48.22422227256293,-106.64919782536697,3,1015.2173970837451,24,13.238249648492866,94736.41572590492,95033.25666699217,94807.50813476696,94646.15837048425,-5.516174536996352,113.1564932484931,95.1022134894786,100.02679832895362,92.33090041798546,81.64493338815858,-0.26929657946133023,6.400474321797972,5.130915772855163,5.748543471992272,4.508382008236886,3.400677688600143,0.06914039206291564,0.7305160836456731,1833.9422752961818
a0bc0eb900ba,61,-19.90982288464177,-19.921185742135656,-25.795755530466078,-32.55880946662986,-0.0289513122228356,3.3014353923171122,-18.42727478397527,-18.468945642871592,-25.058435943663,-32.61123393619469,-0.029884732776858974,3.7897477594393036,731.7517530263268,632.3845272728967,681.6228591761629,185.22903136170848,0.0,2.008491809850477,251.7169213016928,48.22910863341089,-106.62408140645213,3,1551.092976918957,36,14.168901343817124,94506.1267967069,94983.72521712852,94768.77018688648,94558.93307640031,-7.491762336518102,119.17492506642712,87.40619773384704,99.94669177753195,93.1734476500123,81.59733281904244,-0.0004021247784662971,5.651546286512538,9.624564980508389,9.622028720971128,5.437475862195304,3.389156825462253,0.13747079869292583,1.630977495942063,1303.9649630128563
daf32f21e74b,37,-24.09610117276095,-23.834079908372875,-25.324563489255606,-26.131059941491372,-0.002957358238790536,0.7553226616314447,-18.17561788532361,-18.085660953095367,-20.499826468701567,-22.148136447681935,-0.04581190533769204,1.4137113937427608,732.5105187753903,434.19025091861664,432.2132283029649,84.3738230519652,0.0,32.82967072135573,147.05274449611431,48.23290330757763,-106.56928076654815,2,461.44318925543166,12,4.0448268522617425,93368.63307343247,93761.36888234144,93666.27506063323,93387.24719753263,-29.425738600857077,117.6300299033276,56.49616465120213,68.10216042778534,62.22190818743385,56.37541231890369,0.24878993983476758,4.12279814722501,3.1690068910478177,5.988237164894209,3.1917989396674256,0.31103250497607565,-0.43792285164649264,1.906371436247671,8882.958207681912
d32c421d3425,37,-23.31390354176962,-22.72559981204172,-24.274456184437042,-26.109044702196833,0.12703962838623786,1.2061539535296397,-18.358489594947365,-16.664260859120645,-19.020707075416993,-22.10670677026461,0.15749966934124665,1.8062599421615493,730.5177827374912,1.375632014435236,432.5053583034967,97.38250296672487,0.0,0.8109328666931096,155.4375213284287,48.23353890225444,-106.62633864670003,2,889.9997215765463,24,5.458392826785868,93129.57454177918,93777.07441583878,93344.06987126778,93054.46662317331,-39.44217102041853,295.82958257961036,61.81709201222489,68.12233415785511,60.06142328924454,53.54624445818343,-0.16503092792928176,4.080127727688448,4.194005687845928,5.996931612010795,4.013287720108557,0.31388122583411604,0.0484111882779841,1.596825248503155,8457.421280179795
3e06c8f892a6,37,-23.41065755705678,-22.73228300984708,-23.94499586682824,-26.112449116479652,0.07662661550311664,1.1106311564541962,-18.581867048120966,-16.664634427489062,-19.102138591013087,-22.097892737811346,0.03078607370375394,1.5348381727756204,732.6831187524625,421.3245642459328,432.7424890149867,92.21528921491756,0.0,0.898617651079743,151.10050772017624,48.20039678499327,-106.62187079085223,2,1337.6703313851312,36,5.4766197213987375,93463.1293715538,93768.69899312593,93396.89322000992,93027.25955760092,-11.964729374629176,248.38289402383393,62.37456346418889,74.39207179421649,63.09299900294354,53.578743952981974,0.28465884134788055,5.8187436348704376,2.4018236394322345,6.0342651869236255,3.5875760142142,0.3186354455125013,-0.040664499038073,1.4959899414925244,7990.728466601071
3d70d9d32abc,46,-18.756300663931665,-9.181111077929849,-15.569131724007855,-18.77651226264667,-0.8787723120657231,3.2173192725013435,-15.05352262768766,-8.427063789589585,-13.158585020791143,-15.530379561043944,-0.6547432962259413,2.468907100230774,1169.218265201935,437.4327662846711,510.0137162202797,113.32264774726262,0.0,41.96121392979289,181.0007032631023,47.47805346852012,-111.32892790260324,2,374.3414195503912,12,7.078241105049494,88354.79395568391,88349.01996173906,88023.32003994813,87665.6415439496,61.700736357051674,213.12873058865068,71.61378558111959,98.19980874942014,82.86900669223458,71.60956039162213,-2.1622901021866436,7.636056660560024,3.8941637937096227,6.029336258283891,4.6401865637791335,2.1036570534282166,-0.019923015043818007,1.064952562529304,1188.6541794498557
c5e7f9154a10,46,-20.084570035102647,-9.194342857864582,-17.450804500254385,-20.074212829479993,-0.3612742780961465,2.9670947524391527,-16.98485297515427,-8.388796925746894,-14.482453278473878,-16.978730856296004,-0.2729717329580632,2.250208199256495,1168.999986911478,0.3108234718501088,796.9829253079279,156.9622559732372,0.0,2.4827745854555494,229.69214478863228,47.47639284688834,-111.43985035771053,2,781.2938625175578,24,8.524231419565501,89107.17789079253,89112.46646249933,88398.65927343263,87731.58627033283,61.75049189522187,427.45909840950657,75.05604878206094,98.22506322072809,77.51320397194696,69.27558367264494,-0.8743957381838882,7.743543789896913,1.1315590246628724,6.048147995451876,3.5824348779584914,1.1223106896518233,-0.17325726237263125,1.49398642142228,777.0694787505453
d39046c7cee3,46,-17.455618211022788,-9.213175135711067,-18.08180497181446,-20.27203181384913,-0.16880039127338986,2.6340487801739045,-13.68367595291048,-8.454408484954277,-15.155691177388306,-17.261259473605,-0.14436945766954715,2.161326172816178,1167.6322155626253,464.6226687314583,795.8548109277675,137.84644848614806,0.0,0.014919691034510294,211.25405542283593,47.47023086580483,-111.29301287452928,2,1190.7971146850455,36,8.827675810316949,89371.87551740847,89377.18527337644,88707.87469876122,87740.40398281607,50.0322183815343,529.3199420340006,72.81640410957063,98.23565306183198,77.08354148476401,69.2292320808112,-0.30206347205254924,6.4556541447975295,3.3705811657927143,6.033649842449839,3.3670361408277825,1.1333051798266291,-0.06142631816219897,1.4351330011948868,372.58313622258464
e94ddc82a28a,47,-24.209661638488473,-14.472950906706567,-20.708981485418466,-24.179101676404088,-0.8787746329415819,3.163491627250773,-18.745522280547576,-11.079884061627952,-16.142385918963004,-18.818760603893583,-0.7134168856858406,2.5933398851367326,1166.3814690778286,361.85664911740145,360.97512658695035,84.56547700983619,0.0,31.344009832211906,132.66375920596505,47.48457709595627,-111.4129786850633,2,408.61568343276974,12,7.670595213162835,89474.34363324643,89480.6325344162,89063.39222610067,88565.84045915582,80.53875609482671,279.0685464741916,59.315416218902314,76.55155444597015,65.87772941287524,59.45056930796175,-1.4368223521202055,5.163107205211466,5.1777481499473925,7.555149543179059,6.137805187774627,5.047362953056846,-0.1893663020538633,0.8259997022456946,2325.5790742795257
114ef7a65b8e,47,-32.56286414071142,-14.449173988799258,-24.439765924076653,-32.55452675139166,-0.6776968985103287,4.783070058588819,-27.102477784151517,-11.07760971270481,-19.296286627698734,-27.085735704504962,-0.581852888107314,4.153518538621455,1168.7249050033797,0.7739397170975753,390.0235397755784,108.87521589464428,0.0,1.6846389687637164,151.503579519228,47.46979106236956,-111.38189929980646,2,894.5513122260759,24,15.96222171087885,89989.70509574178,90012.34864644808,89411.68786834845,88561.73790633903,60.7556645438308,426.2461522170294,56.36613080230075,76.59486192985815,60.99697913081871,55.02062207100386,-0.8100374203818549,6.135564868687469,4.0919674434313,7.5446833637619015,5.845157505803893,4.081598615207556,-0.07818141917947208,0.8253480337287923,1836.8172928933252
dbaf36af3955,47,-30.280299252262992,-14.505906957921935,-27.184435057178593,-33.30662946670432,-0.4997433936814984,5.532252041059397,-22.875052284335215,-11.128235261767143,-21.817267814336628,-28.283514951626504,-0.4438620718001523,5.071835821922031,1168.9463953914155,520.0527241032022,519.9451303803163,109.87559439682518,0.0,2.208099114988618,161.479431706375,47.51417863339382,-111.2986038011315,2,1435.417220254475,36,17.209569107979316,89940.01202797786,90094.64798193841,89623.68382929043,88552.18300066298,40.08665541566613,451.20615087258756,48.08648217206545,76.64362967637665,59.33515108992625,48.183838363489386,-0.4671073428455024,6.165706243049161,0.4721466921232522,7.5774965411760675,4.385454975565194,0.4759961266770356,-0.19598688172831594,2.2607531907532805,1298.696404307866
8fcb886cc6d9,359,-18.530610041507337,-11.014093813262237,-14.996023986318988,-18.57298070500176,-0.8298316874028769,2.9203082972676113,-14.919164890368858,-9.477193063208063,-12.940300045765452,-15.903104302738102,-0.6641280001616858,2.4282001102173787,1168.037579868892,95.58184218054545,94.23240846381407,16.671200803353685,0.0,6.422092600858198,29.696313670912282,47.46727541290771,-111.40074465747482,12,370.84918331101557,12,6.3793221609702755,88493.08564475393,88555.03402358196,88110.41911576278,87697.7569584347,85.1056211316726,300.485165894299,72.8064492709884,92.49418423999798,86.26885295916257,72.72534156306527,-1.6752670878296831,6.36242525359931,3.054314584556349,6.922929062364183,4.911917855132902,3.0668979083605468,-0.33909035883816185,1.229289180086753,1181.3661903957548
8b28a260019c,359,-20.954794890636997,-11.019904849362304,-17.50699175871568,-21.160298878161854,-0.4541937460001107,3.3407532095801074,-17.474905399965483,-9.493631823854697,-14.73892645932705,-18.249161071821998,-0.3579563198835398,2.743836726777825,1168.221181228703,0.358749862575396,216.31344149745547,25.977430968942667,0.0,0.3851238606935984,50.360112749166134,47.482711890694425,-111.39738406720602,12,784.4376250089055,24,8.706109106716843,88932.1940746507,89034.58190179867,88456.68114677134,87713.60394386399,62.959883517595536,444.66115318278423,71.9546801222444,92.49999633972311,79.3235175659033,66.92429298023424,-1.0256562946231038,8.577132751382154,0.6717722616080667,6.931779350477037,3.518892367989327,0.6663748336366189,-0.24912326813852986,1.7701595237097614,770.9042259125935
3a5ae2955b8a,359,-14.336683741590829,-11.03420692405952,-17.916093481769597,-21.17245391613811,-0.1663879929306028,3.002966256230857,-10.432560911346357,-9.558472770650692,-15.303302782255882,-18.21682663033831,-0.1516057358244999,2.7177767642073802,1167.8180017157206,225.2470043190421,225.55001395276184,28.997066068387852,0.0,0.9773683740403646,56.47897459896346,47.47767059223005,-111.29045327782207,12,1198.0259646274292,36,8.678383075408286,88567.50064143493,89031.9090772869,88563.24241967825,87723.85873598994,29.69488069958204,397.4868624807185,73.85615092810062,92.522812636642,79.8080300177065,67.01043249444608,-0.21382783212349482,8.188523984443663,0.7695158687981843,6.931378088817767,2.7444726679682843,0.6625755676308626,-0.16093419076338975,1.8176831225743837,361.46656512768726
274075532b93,315,-19.128127094927027,-19.166328356964232,-20.236924898743073,-20.789856295166604,0.10763906378895828,0.5360809820784629,-14.315435262332429,-14.271297768246193,-15.21874182002289,-16.118037412812818,-0.007197279298356527,0.5300674097696835,1168.762756547036,302.2484782853267,302.1333638051559,61.000351264768156,0.0,23.398689875354155,103.35518302511025,47.48252826206789,-111.42504074771345,11,398.6539256221816,12,1.8611743484227339,89735.2326379025,89729.10759469474,89659.07511273058,89493.27214906967,24.798028993680195,86.47657960229017,63.62427346155763,66.92863272037613,62.44891201618901,58.75460516322413,0.7484227772638199,3.075466231676664,3.165642195253881,5.04009430233353,3.8698498647044803,3.1559842136384857,-0.1755357905094513,0.6223958021805986,1157.103828698802
7537f9dcfe3a,315,-19.422601539643484,-18.309909199313193,-19.497239673311242,-20.81271021648158,0.09543691229674717,0.8362374259952945,-15.59143845111001,-13.3531722778229,-14.867136018225853,-16.13549493107167,0.014832006674600141,0.7584340291093031,1167.5183799778204,-0.046629110529430064,314.10217805855706,66.41575158897164,0.0,0.2517926053947423,108.08835335899103,47.49468456239797,-111.37570796243646,11,790.5423043117607,24,2.765054867506294,90002.16909989141,90014.20809308266,89735.27785447794,89504.3424348552,20.05361416529382,139.78101780270012,70.32097120252148,72.03375041275308,65.1915768884617,58.68675554352888,0.5624335894570198,4.4676888555725265,2.089965948871339,5.027150137513851,3.4787473668281326,2.0967265976789107,-0.08691271448669127,0.6693447018453306,774.4835749979516
b99ec4ed4019,315,-19.60552183160335,-18.33045497793427,-19.833920433571652,-21.200941927076375,-0.004578060867309445,0.8440754759436021,-11.690035173065937,-11.709465726706958,-14.99218029231958,-16.156232752212638,0.0030891158001021867,0.9959831513501081,1165.8386129340238,458.2824299985644,459.2107062476406,76.9633178739972,0.0,2.580572268791917,129.70421775966153,47.47265245459935,-111.37555040801762,11,1185.3723047052795,36,4.419502308746061,89827.1516856312,90019.7311711383,89776.07723553096,89503.06770033207,13.471134714138259,155.04985963609695,47.87169324045415,72.0309050443807,64.14412533447938,48.01283494441472,-0.021282187216131083,5.428792625343647,1.379613292438933,5.030901582012965,2.5782576668546824,0.16832385312651485,-0.12656566469695182,1.4072853946818416,371.75171439545335
ad8abbe4f33c,55,-19.56740525202428,-19.524391005444155,-21.51969214075879,-23.852159426576765,-0.02403662603770979,1.339172343656268,-18.83983804435549,-18.820943211251066,-21.38122109371814,-23.848510589622187,0.051259486356637754,1.4742581055442927,1166.239827953371,413.1693864706108,412.82432692382764,100.22210361506684,0.0,36.93033626415625,155.8283375298657,47.50541555417348,-111.36412485760982,2,473.951061559894,12,5.050473190311376,88848.3833632827,89087.37038206116,89045.82189500483,88816.49798445735,-19.84850295239207,78.51821881226273,93.79076209902964,100.02292398502661,98.3842056468015,93.79279849645381,-0.5094937861504147,2.1565557641919404,3.6649908699530958,3.6490769472831923,1.953858726807022,0.9250774084557868,0.2678622007296611,0.9670720856605423,8564.003793978754
0507bc87897f,55,-21.970214496787506,-18.932247974843328,-20.867647774232122,-23.88830154328962,0.03615298895238889,1.381603015753165,-21.7784629270285,-18.131349646504997,-20.58504841966884,-23.842886146524233,0.05834598934274726,1.6282464065697326,1167.8343341491122,-0.7578438038075815,484.6823293398095,116.38475381123828,0.0,1.4772913385794142,165.18669324011145,47.47520935240281,-111.35499425618451,2,926.5388133738082,24,5.718530967806677,88553.85273370377,89084.6197455961,88778.79747275737,88465.71608073055,-35.21202987228594,261.4913286521202,98.40243715179628,99.99177860389973,97.47689555403211,93.68194127825758,-0.12512452915925695,2.2685821237118073,3.6750605629497106,5.228509438592451,3.284435823315802,0.9093623896585811,0.1903267935330424,1.5285667997778236,8108.778028198093
5ad6052410d0,55,-21.411045199548653,-18.954667149631153,-21.65014363310209,-24.458658034612824,-0.07316098871867441,1.6662078663387163,-20.66707915932828,-18.073615165382904,-21.379334949820972,-24.27879803670501,-0.06663533298462662,1.8294931826095007,1165.8948140641605,209.3807231714669,484.7328998500812,107.28677200589915,0.0,0.49722998226204107,157.84007593888953,47.499970533790815,-111.46393796223747,2,1416.71024229518,36,6.144701216194298,88638.29378951754,89091.47772624073,88713.68764281893,88439.57259538707,-15.61671631049034,224.93884479492505,92.26875333851956,100.02173123019347,97.33042591759742,92.28694220574113,-0.06359006495515382,2.250004095110198,4.526436004716228,5.212270037276109,3.0901700853605316,0.9259315521743052,0.03857305023783307,1.4012108728320491,7614.916014042123
baab4477b12d,4,-23.48484037293517,-6.547234745126205,-18.517912324854905,-24.249528005552907,-1.5502183260700135,5.682745419326093,-20.281998607788044,-4.594515166152102,-16.424608166296963,-21.97629356062062,-1.460172603789196,5.528388713768458,1166.6972920956214,242.1610609940932,242.01997846984122,41.71799235796876,0.0,16.57102435853074,76.62411465339925,47.457807224242046,-111.39606448538316,1,414.71760543260086,12,17.345826750348877,88574.9354208698,88586.83779114501,87783.57964453829,86824.05232050801,168.53692668598865,586.8505205926642,73.26524378209649,90.12660529253296,85.00101408688843,73.25872147724463,-1.2697627077937823,5.024609767827885,3.183308766336049,7.568793765136765,4.44164129865843,3.1869435269409547,-0.2864664819350078,1.3512536316213686,1473.719177446668
ff4f94ac84f9,4,-26.11771339668053,-6.531401928514214,-21.22326569940315,-26.129674987141527,-0.5787524628192073,4.945798933368273,-23.955567405758398,-4.609995930262113,-18.93685069380005,-23.948842870949058,-0.5611467037496632,4.8380709964304405,1169.024317775571,-0.1146226565673511,242.4349802452425,48.52602507040141,0.0,0.4858830761042572,79.97090728078977,47.50475709960927,-111.41826227032618,1,889.2550337162477,24,19.33277282796734,88795.6136754522,88817.68924060192,88287.20845416849,86794.5219482435,81.67752272035082,622.8874468524707,81.26416604953984,90.03497870009393,82.10661724045181,70.75157144138913,-0.3854843679695402,5.708692146490312,2.382268452673438,7.566093066401222,3.5300534318364774,2.2480817433097746,-0.15080498499294695,1.3290179620679166,1003.8213537612689
19337f5bc960,4,-26.113728434330948,-6.530100491285106,-23.06962033147601,-27.329381846355123,-0.3755390071723198,4.814917970060313,-23.154340443378,-4.562503813969462,-20.85091796931087,-25.354125926453197,-0.3739507989911421,4.77634098884593,1165.1593183602777,145.0362475749894,242.24966170578546,42.771561099565815,0.0,-0.1668347075390036,72.41520315634664,47.48868246992479,-111.3633948994833,1,1397.7283632007468,36,20.738556515766167,88932.31572588279,88921.80062338796,88407.55907549505,86772.47637164612,42.3282310912746,556.4378220606216,74.97069933329094,90.14650096242835,81.38318605681725,70.91043018871646,-0.20217487912982862,4.907473629978544,1.6771663952298979,7.549609383630603,3.3274280299206405,1.6838483791183274,-0.06939721727948153,1.188646915775657,485.8727136970604
419d915e08ae,13,-20.977556486222376,-20.956138667886613,-29.042430060775445,-31.614961836957743,0.25891917597441755,3.1222462495300842,-20.882752180839883,-20.870053880989687,-29.15450029206361,-32.149608076249194,0.23267574311491485,3.260751433339038,1322.1498899144522,287.68288633309135,287.89068351594096,48.1310455375207,0.0,19.443018228761183,91.97627048447913,48.304201998199176,-114.24614403954945,1,564.4401688186133,12,11.236762925151881,86759.1738481225,86776.45893336581,86529.25205616145,86325.11209543303,45.046046811404025,157.60264832947598,99.78836781954921,100.02967056639201,100.02321416713546,99.89911317850962,-0.005900966564377268,0.054997579544076476,1.2170862679613834,2.9831377069444525,2.1982269640360057,1.2050939025044356,-0.004883413933948075,0.4826564923857127,2568.5701878312284
87cd73561d69,13,-28.48428317733094,-16.458602100134275,-24.969468194642218,-31.587957901713533,0.4086395693156616,5.3769894713028705,-28.7024827850925,-16.116251484429494,-25.040577407843426,-32.0927998076805,0.40686312703342464,5.558784234574288,1319.9253763760378,-1.3197349248100951,359.3036200438393,72.72808611660714,0.0,1.286363566781693,118.31666464686201,48.30237716095114,-114.31640249458171,1,1033.7576177713377,24,16.00955091765758,87057.21348121816,87044.63962033857,86669.58616943115,86281.24832260878,27.694801800750394,199.3608373452105,100.08160459163028,100.02265326885963,99.79868781020335,98.66262041609367,-0.014387710717732125,0.41542148125922024,2.522742326161792,2.9935394443253043,1.6778765331558805,0.3926809173993066,-0.04112753906676219,0.8479546650212678,2099.259098430313
7bba2c8736a9,13,-23.072610876931044,-16.483313892110388,-27.22825876378488,-34.15983924758638,-0.10859992667490287,5.678558317016714,-22.939194764692978,-16.07331806698547,-27.203422509066975,-34.2186051372235,-0.10424329848433199,5.794724321936987,1319.5880535246156,312.04411961822035,359.5260182099568,66.42292775110228,0.0,0.5013655728678792,113.27744841034058,48.29892362098804,-114.31724423096668,1,1628.5843576145826,36,18.11686101042207,87534.02132970364,87566.97411397951,86938.35550513856,86284.35477360123,33.6768540547062,354.2435250065381,99.7557877502055,100.01239752917091,99.65134840837887,96.77526667269046,-0.022864706448675425,0.7253882734036428,1.008786249971428,3.006745221448049,1.8406908323494728,0.38445077533860067,0.003696564962557494,0.7772111370660066,1509.3940066493367
8d11dc629bbe,11,-18.340536068956204,-18.344451529220237,-25.966262031124213,-29.019448677946187,0.20104864009006923,2.8759888084782883,-17.819331563306484,-17.86421535283315,-25.734983502029017,-28.83606687857052,0.27347870148623066,2.954356975915181,1323.6339299692456,308.34688492413625,308.6644089131155,51.037996699915524,0.0,20.764357456731876,97.87184997195058,48.30905739395406,-114.25113363266216,1,524.1797373575105,12,11.00234375283441,85474.67944102296,85431.9991933664,85317.62854324258,85235.693962017,11.875347617249894,65.24665915048325,97.44297703141676,100.01334068999769,98.15750943095414,88.870400913919,-0.5349237277621292,3.134046511223872,1.2957836579474846,2.9635552029028354,2.493074345197288,1.295663147458133,-0.10013393606812582,0.46290915981398106,1354.3931405174571
ba4b4df07354,11,-22.494063749710786,-14.392716452032866,-21.911977202593718,-29.029988107368066,0.45942728707660396,4.823480822430002,-24.056664276944346,-13.680460173761125,-21.86407322121655,-28.8535877017278,0.403901345541434,4.9330402757313525,1322.2432665823296,0.23466251552732553,367.82304056127873,78.80990714775312,0.0,1.530226682747255,127.76589407868103,48.30016406380309,-114.29855515601136,1,956.7543284555836,24,15.162659546196899,86216.37550296578,86227.00953925138,85594.94896786293,85251.39791607193,38.88452711655424,294.49495101987463,99.98583299244558,99.92563809540444,98.06205030524019,88.97865087148851,-0.029966694695449058,2.9021147297220784,1.8883847497003627,2.972648838992184,1.7348272585508304,0.18836691085576232,-0.09813657680462448,0.9131189638908317,918.1421934323184
3c4cf85d9c4a,11,-17.93962111331208,-14.381639780921825,-22.674757598569723,-29.05022640121699,0.07821971375282004,4.350739776511229,-17.658065252045542,-13.666882191559823,-22.541547152754756,-28.840138822759364,0.07319102138404657,4.481253336064575,1320.4767372968176,227.59454603232285,368.3246654718647,66.38423213354963,0.0,-0.31524124588136737,114.63109180456242,48.316341860757184,-114.22167944019361,1,1460.4034809186326,36,15.133682885723942,86642.81506903595,86697.00464367137,85887.2764794083,85228.90927236153,48.17575622545679,514.8745650858909,99.81433913589842,100.00396582486346,97.55099358735623,88.81707317258267,-0.09612015163455863,3.4137281682101595,0.5384992648815656,2.9819104146928868,1.831643293658716,0.17843992971452782,-0.02548089768312239,0.8497186714969844,416.55148094553806
d8c997590a61,38,-19.96050029867822,-19.87597656036846,-22.964419788534588,-27.455350624729878,-0.31382652814870265,2.4732991332632595,-19.6046362722364,-19.594121288081805,-22.685090729963605,-27.233186203730696,-0.3062954172375311,2.485960432462605,1321.8677476399114,309.5973341031516,310.1806956362275,59.13093875945114,0.0,23.222821042300886,103.99068442961696,48.29000306238115,-114.20263623994231,2,487.62911439967553,12,7.641274973959926,85973.98805407542,86071.83068391711,86012.05784534078,85941.59912956036,7.073325812637269,35.792717919577434,97.8587287180726,98.98511586132402,98.149133858552,97.47898049217764,-0.009356076019977401,0.46027152913543284,1.564566774124721,2.9330238669172335,2.297805953839714,1.5591382048495614,-0.12536466753610662,0.4963971809590823,7612.324517705228
0c80dab718ef,38,-21.835386214408217,-16.626627682919864,-20.97786565522889,-27.533718790935016,0.13817115004791528,3.023778877440014,-21.678773811546915,-16.065645666504565,-20.7099151524417,-27.217553259640507,0.13530889997799136,3.1100864781198263,1321.1891310188507,-0.1811736125577143,352.08892791106456,83.36331141175357,0.0,1.545532401464996,123.82603625915813,48.2992001607761,-114.33205083547612,2,928.1689471617747,24,11.154951734844488,85814.86464310846,86052.78877337866,85960.73197052228,85799.02700259772,-9.37962314493966,81.84213602792009,100.01370172292334,99.94351961687148,98.56171917060024,97.19083842593822,0.07864761084674432,0.8947257878506141,1.6411066077708025,2.9215805828067793,1.7494836849907565,0.38541848255549016,-0.07037395739703314,0.7918509420685316,7166.4484269318245
63c7edec0496,38,-19.571661280428454,-16.61529024397296,-20.81509230156515,-27.496230530528248,0.06585824930370361,2.497035435326918,-19.174071645096674,-16.109325242496354,-20.522955454029937,-27.191290853869965,0.06473883332133043,2.5697084810308835,1321.7169684279693,271.66562911299513,351.45243608489005,73.41021975600368,0.0,0.07831536691989803,114.80057425611243,48.320057889664305,-114.25443358755794,2,1386.7403723396246,36,11.153788303988735,86239.23994529374,86266.94521761523,85969.60687175034,85750.19784227664,-2.102392975377205,116.86980747984856,97.79875999897001,100.01745030582138,98.65952528680586,97.16691730303125,0.03654470567670372,0.7595952118267445,3.3935087237436656,3.4928076373710746,1.9769606535629525,0.38035335192203257,0.012028630408832829,0.8236518785007554,6716.979111320208
8d55438ef1fe,11,-24.184825848738196,-21.193177200458752,-22.27394415129635,-24.20322358288184,-0.051687428519346386,0.8679083649385342,-24.077287511718797,-21.025907048131874,-22.073918936480922,-24.004469651876697,-0.060430431730003516,0.8664681338148773,1320.1464002761177,155.08268544310212,154.42962692427434,24.56939310311851,0.0,10.074356302508606,48.372932348929155,48.2858749050968,-114.29292328718834,1,481.83010686470647,12,3.005451405257779,85245.1103164509,85453.91727005094,85368.24659295726,85190.3540933714,-19.089614747008437,84.78700232725521,100.05283928384712,100.01916478717395,99.08383406294627,97.26787714976376,0.24990285228936931,0.972630106688294,6.218284697546703,6.218638405361148,3.4597779759681107,2.3674452753972144,0.3676848117863385,1.4542050886807094,6135.630958533839
30ff093b040a,11,-32.10704096114404,-21.22387292544773,-25.461522491003507,-32.120865569631874,-0.4916699361361378,3.6735438396324707,-31.92885622636702,-21.056605263740217,-25.257652425899025,-31.955244052395013,-0.49845815304836527,3.699331131816285,1321.3333661464922,-0.9616294402998807,183.22630119702714,38.09371182816435,0.0,0.6476545571993998,62.45112287507577,48.30604906707915,-114.28792640309233,1,1038.6353058270743,24,10.9108804066046,85809.09464322383,85786.14362889563,85472.26985592891,85212.2080069863,18.963470846894733,178.9583490211476,97.95715883255605,99.98776479259023,99.06830855686512,97.40901308781507,0.00985367715019284,0.9425814377518976,4.546037831230172,6.219596078607138,4.283627561373533,2.3618988471193103,0.13918148164070132,1.3691570420929657,5579.354431984485
7222a0bc2f73,11,-33.44551554615868,-21.245323677577854,-28.2674857483057,-35.246484080276154,-0.4693121560670716,5.027514946679831,-33.32006880046478,-21.03081103401358,-28.141860843463476,-35.12386079295719,-0.47048102232662153,5.054888798218895,1316.2161219081781,252.44182392588039,252.27781783320617,39.265544701714774,0.0,1.0327030263803967,68.91829956853796,48.29978562626337,-114.32605374218066,1,1658.1336450746135,36,14.100407669003976,86284.06283988043,86303.9367781013,85683.08191395467,85231.16372482409,28.69919623179024,321.89267190017443,98.52420087626585,100.00127390685671,98.94217798311425,96.64300476006103,-0.002284627757917672,1.041355742866969,3.3477668131418756,6.223620154507963,4.030662191118932,2.355084405258202,0.0077336678104879255,1.198141084018088,4964.537135426117
7ff34354500b,340,-20.4780366824182,-20.051750173184107,-21.733864597517776,-23.67596941230713,-0.16985945074622924,1.1672846670103554,-19.683834015186203,-19.66091405682187,-21.391154379827423,-23.468116285921816,-0.1455656012423925,1.255261820830387,1450.7827248192218,242.87802483318913,242.6850372179609,40.881539596154255,0.0,16.207178780908624,74.10414897074828,47.03307149894906,-109.4246665650566,12,473.3846538022485,12,3.8140681425757688,86055.25573123683,86038.83695787797,85907.61127384946,85793.30579223814,25.81006519571049,90.76741404958884,92.4968235329965,99.63302665042217,97.50951451093036,92.44004622054561,-0.2198148087102839,2.072642520054763,5.108084967060171,7.766475313382092,5.699763303650195,4.491783218130974,-0.2340953816678034,0.9283859798063057,1442.4541632491419
cb61f67c1d00,340,-27.217354213528786,-19.50097102119011,-22.03079568811539,-27.243420219736162,-0.14847839440991698,2.024018036527625,-27.703619829744362,-18.60311977832128,-21.707975750258075,-27.718208894668145,-0.16063805708204668,2.3175810768683776,1446.860054190828,-0.6589130749887393,411.5410685363119,60.412049204872055,0.0,0.6969131166135536,113.0255162847591,47.06735328502581,-109.41501464708529,12,953.2009676106445,24,9.14467015495295,86196.42363202834,86229.25333574838,86052.92596197355,85781.46630817822,18.478489570313187,131.7435500130048,100.0177089618318,99.98518413690584,97.31268086940423,91.34461523155362,0.043019077049242696,2.725190128253341,3.1395427964548857,7.752285151379604,4.423917282494484,2.1546920803285006,-0.21304656283315715,1.5710894970037095,966.407717435212
0aae650e557f,340,-17.68173478441874,-17.666051411638062,-23.510857148081822,-28.65077674710629,-0.18565982090301897,3.3050663175538184,-15.023234397873992,-15.04253129330296,-23.254623166767804,-29.549276111303882,-0.18604091315617782,3.84833127661181,1449.3783215986864,357.9106667661396,411.80232111195147,64.44475194941637,0.0,1.725245116309448,116.53254565413457,47.049129639474636,-109.38918962121406,12,1487.7799002801603,36,14.536396126558785,85908.67483753955,86211.42171466448,86061.70775165314,85745.27775169458,4.7084957098764635,118.32172510878857,80.45560769216328,99.97563227269832,96.96556254719393,80.43256095678068,-0.08342885533425218,4.369364795496778,4.11925870173246,7.759242749241239,4.120399215505203,2.133387439250269,-0.09512916139263114,1.3647096072978437,429.4362981985013
e3a50188d0d8,349,-29.144349536103864,-27.85461431999594,-28.82391360641462,-29.51382861641314,-0.13736055871164773,0.5211736196471847,-26.44627285310651,-25.78333135590826,-26.663033949199697,-27.49245775510467,-0.0923550441222003,0.49769978584800945,1447.3263149381912,292.14108901881525,292.296785053797,57.49304859628915,0.0,22.45002647043322,100.24435562621066,47.03186164015514,-109.44176285626412,12,534.8263876304962,12,1.6841016090642564,85149.61173345902,85156.18783098472,85062.32039829773,84882.9395521321,24.25917864296974,86.57658429172488,74.73195551574851,81.6945756638748,79.59813103061042,74.87513358659238,-0.44308747949328076,2.029112534386044,4.030869618896603,5.001253915170375,4.235491727759273,3.642299744633323,-0.10947583635290518,0.43528187642890676,2490.8995272678603
7b3135c1fe05,349,-31.410173445715902,-27.866836986464108,-29.50788289388147,-31.49320839900039,-0.13970415244519535,1.0767691978258935,-29.284283417162275,-25.767071935322726,-27.335195764747805,-29.55555182221097,-0.14505875588068007,1.2460864468394484,1445.4273844052354,-0.9361000272637747,291.4247033371629,56.993861335056664,0.0,0.20932875112109386,94.32274677909096,47.04958867049722,-109.46627762173186,12,1088.072540092153,24,3.788784051590839,85563.62773876631,85503.36790071077,85184.79488923628,84904.89172692588,29.29315689928562,208.08757829853272,80.6267011184287,83.05783864802682,79.71339128281737,74.67147456902777,0.034413146220010446,2.6437575627093035,2.1570111712096707,5.014735017248075,3.9556901457984583,2.1763500790412595,-0.07810705729522427,0.7286122176542107,1937.3072329133613
3a1252f6d138,349,-27.217247309008762,-27.229947794926687,-29.842742613447054,-31.501693680390414,-0.061024457572648835,1.2178678143282253,-24.34350528096862,-24.31489157073909,-27.685805000785795,-29.54789315492363,-0.06711009173906558,1.4862351938440042,1448.753811818168,219.1919051781896,291.8073831466047,51.19144425165724,0.0,-0.028452431342873195,87.02602444763316,47.02221350803073,-109.41908968407967,12,1644.9868012010502,36,5.158304498267373,85786.11288924942,85814.39304987373,85323.07222644586,84913.66316524071,26.66807470424043,281.1935173918963,75.47285142956893,85.17285388654216,80.18789403642829,74.56205596117826,0.05974101276717029,2.893577811367598,2.2285150952498496,5.0150263324645,3.4361710543034834,2.003286855395361,-0.0806359903409071,0.9411614721175515,1384.5872115507605
7c9800683ff4,34,-17.431868642439706,-14.059469710331577,-15.61008197912061,-17.394034629105512,-0.3306588128653261,1.159182701776835,-15.139417372678498,-13.3121069709771,-14.436386802110098,-15.318495601449362,-0.18573398039209976,0.6668101055455675,1449.7204481493077,232.78853119681455,234.06966756820157,46.87749075602997,0.0,17.9773730219159,78.94364795981694,47.05812890058183,-109.38671769502479,2,387.6564280408224,12,1.9878268153020486,85275.06041075446,85260.2802535421,85082.100897326,84917.04199948479,35.82561542416297,127.67716985131855,82.06906849914988,98.249634631085,93.01601395007465,82.18156226421955,-1.4235709093963715,5.228288385765351,5.227315392410195,5.606897774442395,4.298758506742837,2.378084731468568,0.3114005067246234,1.131289954998535,5997.665488020927
da4de03b801d,34,-20.558929405642733,-14.045263682404192,-17.382106699011697,-20.55937376954129,-0.30345248733182895,2.1066883371253065,-18.982911842160632,-13.308028792450202,-15.810820727020689,-19.02408888890591,-0.25154261479166684,1.8092805766591373,1447.4484526632648,0.09884368257895015,328.8691380091125,66.62194096658486,0.0,0.9639011803861696,105.28228085084417,47.0519219751041,-109.40552575465188,2,812.3206069433554,24,5.656369432468667,85602.86701509875,85626.09759197496,85261.35230019783,84916.60516683702,30.70903706072568,214.63123175268936,85.75059495056935,98.23271422889003,88.6183397137083,80.09402801069369,-0.6569624682226739,6.056831798104582,3.7051772079386502,5.599181345044297,4.235233892306012,2.396154481110837,0.015210912728418293,0.8685343852113506,5571.947969467827
7755a6af2d60,34,-23.129316372859407,-14.04957209537086,-18.938827309841063,-23.185436338166447,-0.27115980741083556,2.842960406504548,-20.27428724413567,-13.326809081483836,-17.335092710359245,-21.263159741290515,-0.24617241823159955,2.5979097800026025,1447.3356739501874,391.5995434225124,391.3834921274844,73.49527350074322,0.0,2.281809748602637,119.84487815145532,47.05153060369971,-109.339217275314,2,1270.902094735622,36,7.942474220852456,86045.32536770558,86073.1707206538,85448.76254555887,84931.78108830609,33.38697706042045,347.71138458386565,75.67806793511548,98.24282725987592,87.23941572800247,75.4553770580231,-0.3746763873265142,5.6943845693529145,4.072521295802467,5.62242809470664,4.14320648271255,2.3962678475108925,-0.0025416641210849675,0.7288638944805376,5109.058631723598
dd5470b0225f,11,-22.937976768464058,-19.680285333510856,-22.166767957017324,-23.593155965701236,-0.361617781339126,1.3618841869181697,-19.511392268869905,-17.04616513461939,-19.72686508069697,-21.525054134678722,-0.30655851303858167,1.4204246270268375,1448.1083633113392,185.75165687154103,185.91308380569225,35.31556008138005,0.0,13.922432995372201,61.76064279259073,47.05107097279683,-109.4225902103391,1,454.7188626174548,12,4.471856555672905,84494.64147353177,84559.97591727541,84456.46124785338,84169.51003506305,35.392490689544694,129.086027605003,71.87705256065851,83.45460232150737,79.37685208110491,71.76238556098774,-0.45041506859211905,3.532004644978447,2.1850481906365884,4.617920045565392,3.560999678813855,1.4682827561901917,-0.2832919519335019,1.054763566300577,4829.593986824366
244b86af9788,11,-26.516821098494635,-19.69050550786795,-22.835591362935972,-26.494320591897772,-0.19313830469459334,1.7158407447510522,-24.764532796928304,-17.050662471092284,-20.537131901323328,-24.786923640931192,-0.2153466035223505,2.010693773907784,1450.958363683678,-0.6041647321052739,196.61593684649765,42.43097378261108,0.0,0.3604196869073397,68.45290446451183,47.057298890571516,-109.48876649797795,1,924.9959976569013,24,7.743812951408504,84608.32229185967,84622.02928639336,84446.63876575821,84202.2912531215,11.124518841304626,125.08428655973363,84.05076829739583,85.0454512395576,79.91809511158269,71.75395214185127,0.14968840575605197,3.864783301786114,4.3846998997628255,6.20887873247962,3.7478844929661403,1.4679333684001683,-0.035081050372254265,1.2178607302039992,4352.285171151493
fef45fe5f504,11,-33.315059738597306,-19.715092732707838,-25.38101933678505,-33.325233265825894,-0.3619837174502145,4.018192886644915,-30.468072387278106,-17.031876400140227,-23.135672218979728,-30.56803180233194,-0.3734461677174824,4.190453309001617,1450.8144097465345,334.73893709058217,334.9541964711565,44.790980906250226,0.0,1.2007440598905703,79.26084502474477,47.05387729145326,-109.46854172662319,1,1483.3622162416304,36,13.505456924363168,84970.09597490683,84968.11725105147,84583.48404103106,84184.46428089264,17.57964051335972,210.61983052442596,75.20690083369072,85.02584376026249,80.22904079303571,71.6886051454451,0.05357351520185146,3.553191326054631,3.5316353185115297,6.17938221684038,4.014533997940936,1.4730281795439717,0.014938951094043827,1.123707917828645,3804.959120733637
085b86a0c6b3,13,-26.314661622259145,-23.438947569606007,-26.33024062169869,-28.048118168144143,-0.3138849747974884,1.3973978558932043,-19.279372779480568,-19.250348243182568,-21.669362551299702,-23.79305981808717,-0.03754398290813932,1.3988294584225889,819.5039008330724,398.4013121586362,398.91988659614674,81.79616396016283,0.0,31.340443633017838,135.91048492865156,46.4397224849574,-105.86540698642733,1,475.5283246975758,12,4.537221469539847,93174.59454853114,93207.45852856465,92906.6016690027,92408.96649069827,68.30019695107087,238.86814236518967,50.11585714159678,70.62059393246562,63.15888183836859,49.96761179999528,-1.678276343940456,6.2730276377823655,3.273897016554575,7.457837199029842,5.532310480483821,3.274359444168933,-0.43371298646726003,1.5203260019716414,2314.4126794347176
6ade82aced2b,13,-26.54412791477112,-23.411158348431677,-26.386982536329022,-28.05724392994996,-0.06026338065592903,1.0768721657222424,-22.73829675977623,-17.583076571061962,-21.152143469787788,-23.806256389555777,-0.012197589340853408,1.7901462542018518,821.2664010998667,-0.25011032270344646,407.01356585782963,88.7816942182312,0.0,0.3473676103984488,141.9435511276599,46.42422345298151,-105.91461005632121,1,939.3594197639407,24,6.225686269405779,93221.50426969749,93237.34868784323,93026.77729862952,92456.56455399617,27.769759410676823,223.56572081320954,68.15373980881186,70.62834103534279,60.304616254335805,46.07172114761058,-0.28578426336548574,7.765115571707634,1.0305706110306267,7.466774132015786,3.537669604394974,0.38826470980820754,-0.32495156234315703,2.324367700134636,1849.405311519679
7f2b925a0946,13,-24.869077056876268,-23.432277039493943,-26.246408747136474,-28.060600459344247,0.0016765918684972711,0.9437533474490587,-17.97408490377413,-17.58923662395027,-21.722301039029606,-25.3381360945886,-0.056229979344636166,2.0916588133460525,822.0572353724125,419.8987076680855,418.87049192582964,89.42324001495714,0.0,1.4892532745855125,144.04624984845762,46.448553927066975,-105.89006315834195,1,1431.1508548266431,36,7.774809033302601,93778.52316179474,93827.05659193799,93193.51040227507,92455.60106020645,28.5236028361237,315.92213059178977,51.50549671159357,91.1111780177071,65.15045680912392,46.01048322692062,0.41794215338320684,11.328025292362069,4.5700597363982265,7.435129418091957,3.309263198655251,0.19397554681637738,-0.10412703921189809,2.1410992976104533,1369.6097091479064
9ba441435748,69,-21.675099320760197,-19.00320282300166,-20.757124945727536,-21.928353444934523,-0.30073841311026084,1.0945835481334274,-15.663728306386778,-14.713201453194728,-16.52757934674371,-17.803048907123358,-0.1516281681832803,1.0069600718632299,820.0497277388755,678.4774697902018,678.9153623663021,156.87765725461168,0.0,55.589187786789545,225.03209324558102,46.4262138828186,-105.81612075657632,3,414.5584559604808,12,3.055536428133914,92697.55912863946,92700.07416730536,92603.28473156394,92603.299201317,17.3976532497214,61.246370387309234,56.58076089355269,71.54065076622842,67.35061330116682,56.512768810840114,-0.9908170579324964,4.665289341625253,3.009381539846055,5.805455175386869,4.540643934209005,2.962606493069362,-0.2549656329539295,1.0386489936516832,1164.463280620274
99dc8e9e0b7e,69,-23.73667422353688,-19.010097462840697,-21.232896744873383,-23.704085059913318,-0.1255476341942284,1.1061247272285013,-18.485806918226714,-13.435760556427981,-15.991510318232095,-18.488236859206314,-0.004169773025939111,1.4664213500237078,819.777431771487,-0.6767859900240173,679.2861792309377,163.80970779286085,0.0,0.8712324527210943,218.71622321153936,46.43357152749039,-105.92732234108786,3,815.699319124947,24,5.0487183540791305,93401.6341242551,93409.66107164396,92810.8774941294,92585.70891180118,35.602023207667166,265.745353428109,60.24710413678393,71.60653894446851,61.176152434315284,48.421123999357384,-0.7578450108717224,7.612436584258787,6.117164378000024,6.2118315494098955,4.857144151049313,2.9589425661518534,0.042908697938109724,1.0674049720276861,764.3946067253818
8b9c12e7c26c,69,-21.532213016045894,-19.022263951988432,-22.079650168918516,-24.74578575644392,-0.12243806082256459,1.5952652188259961,-10.097998492408705,-10.123128967753015,-16.792136694082703,-21.758739239204306,-0.06465818251603367,2.6553816694273302,822.0628179465531,747.6073173256499,747.4297395446195,175.48763031739443,0.0,4.039898913193609,239.20577882485614,46.42095938940395,-105.92692642978736,3,1252.200057628913,36,11.649359571422353,93393.07172188007,93531.27486100326,93048.87175142921,92563.49437599504,34.7074282233345,375.8758185379434,34.548863666156684,79.3663119626166,61.269947122686965,34.539017067951306,-0.29235203929427306,9.81611667332536,2.745898322092861,6.259048527579515,4.383785860881024,1.6654119283870181,-0.0493881921979671,1.3431707109156124,326.2201512637904
7f7e8b9750fe,16,-18.879267951298388,-14.043521391596707,-16.972650666930612,-18.917905967122515,-0.4280437770150851,1.5072346998483737,-14.651796830557126,-10.425844268266593,-13.291327761471718,-14.865340294910487,-0.4109150775413155,1.5110110987111545,819.5684165739334,211.82232234108506,211.5925635997815,41.27681735102006,0.0,15.840330421917681,68.59925521340182,46.45391884960132,-105.82853494262307,1,374.67144712166987,12,4.43344159557089,92375.61695344004,92420.79129444444,92261.88614620856,92135.12022600225,24.039898185007438,85.16750936945274,67.89769755465497,75.23073675882269,73.27854373458379,67.96944528738122,-0.40227946415853816,2.1490614423145784,4.277011767390459,4.88058570565721,4.11219176203249,3.6185333955319523,-0.06800476973053164,0.4188885764619697,1191.3675907192116
b73fced3e2d7,16,-21.782844762308056,-14.078794838336178,-18.827259582593832,-21.8163670401837,-0.3220813470492822,2.268898271317991,-17.208213806566047,-10.402838056778608,-14.728906215417258,-17.2714059436654,-0.26902760769999173,1.9528349464604975,819.0427276548311,0.5732385342617193,250.81903477016758,51.67670119849856,0.0,0.45857382007563474,82.3961694817417,46.445185297585994,-105.88693866306063,1,784.1397094471106,24,6.844371114478095,92576.34440375985,92516.94249089093,92350.96522600533,92095.44491959704,16.503370544779038,119.52865065388526,64.23288506015116,75.22487718071352,69.22344705759699,63.402793077906615,-0.5492524269146112,4.322681794987428,1.2528472222681202,4.886328347954352,3.612549789805199,1.2556082914984976,-0.10946593837035345,0.9794265230304592,779.8121070200648
024f17318fce,16,-20.161644206688315,-14.077213780895454,-19.73030753981049,-22.058616913428065,-0.18980228514021744,2.261553726297874,-12.321968268314972,-10.430794227506356,-15.65054351162161,-19.370083705599313,-0.16881087132365472,2.3736912680447113,820.479663206515,399.1644371222593,400.1022985432157,62.069223276416686,0.0,2.4689438773688304,104.98350097930712,46.418096929848595,-105.93897455994787,1,1210.579163302313,36,8.980645960431048,92641.35410946037,92690.6707337173,92455.01219763594,92138.22975857585,14.820760730691946,155.7905529630694,47.84948691479073,77.79038629086847,69.03823626696652,48.02956379683808,-0.22028903465500302,6.111612638406123,1.9515928756681764,4.8735030611045165,2.8612146305192834,0.9519581361858629,-0.11210384902999988,1.334197636206671,365.405681739526
bc795990c61c,347,-17.45369477882299,-14.408844129186825,-16.395170582306715,-17.73342072702919,-0.3355249707942952,1.2771251934957548,-12.19353646158514,-12.094611968174684,-13.410778663216771,-14.843927930040703,-0.12732910409210982,1.0492949269080345,819.1657292499336,245.07883716437374,245.3810310445324,49.03971299156164,0.0,18.785911005669192,81.96348143433637,46.40838384876541,-105.82865092772211,12,375.22084646135613,12,2.736721430403429,92204.97232497075,92223.23953270205,91902.50927178474,91605.34488524546,63.014936729379734,219.78310445339733,63.05815425220312,85.5822906141963,78.34438832776361,63.060147812540436,-1.6303111264776222,6.312231033090864,6.29039372844769,6.29310169829746,5.2993125590049095,4.492882502575797,0.11812689420521383,0.4769853311687465,4279.929840188943
0ab505565d46,347,-18.64437710033802,-14.411540711049799,-17.4689395385126,-18.810605292569804,-0.18121761645977633,1.403760608619152,-16.240688289977882,-10.583416319805686,-13.403028374461957,-16.25356914429932,-0.08514164181123134,1.6165019994980336,822.1593449481119,1.0826325739663973,244.97539269157522,43.28519399692962,0.0,-0.10932359093313612,72.0730157999542,46.440534314858745,-105.88861009068637,12,754.1273702455153,24,5.689534628818803,92539.2473778186,92572.0763334657,92167.05395752251,91609.92987001975,41.03113622674259,290.0686523408983,80.82583475202534,85.51410266064666,71.11710282173992,49.200682439928,-0.7514933934842921,11.38716145033309,4.640569629853893,6.630755932437941,5.325436457272836,4.279091692765776,-0.004550021015846624,0.6580493889006007,3910.8628431652182
f1de4b437ead,347,-14.35086340462567,-14.37159975023043,-17.701450366546435,-19.061208755543316,-0.06780769011905352,1.460872689376629,-9.47241309473225,-9.443981929391645,-14.274959602628787,-18.082772670768534,-0.10336263720965416,2.3813625894198727,819.7816635308614,309.87536349824467,310.8217972266595,52.66612212548322,0.0,1.9460142678834342,89.34465457473766,46.432442451200956,-105.86621556004658,12,1162.50007183414,36,8.65904100157777,92179.66947096252,92559.66083677208,92206.32652188755,91620.7362980008,18.783571054530942,265.34192555328366,66.75970645280736,93.32071197294442,75.2347231688233,49.069612380991614,0.20677683640198694,11.88178415985022,5.18837919819854,6.653840667240787,5.04777528143903,3.6852431976266917,-0.03333086816263478,0.7134642498103171,3497.1607186724264
b4a2b33610d4,37,-22.47253341890831,-19.988541041509784,-22.544653489565068,-23.898420086694188,-0.25373825048870075,1.2080013163208527,-16.071350427143567,-15.192471617088714,-17.66482576784953,-19.62418589650493,-0.16182265844801047,1.4183178805468315,820.6081046975921,248.50846720694148,249.13531896264368,54.91342115663812,0.0,20.534952706153145,86.77914231570811,46.45581182302316,-105.7941048213953,2,426.9430443419649,12,4.419591361267143,92393.974502797,92673.1774627462,92571.41564271391,92373.20721244007,-9.068548476764754,88.48287823609957,54.622119890542585,66.74881602888071,62.45737805909023,54.59181111656172,-0.5603904655169973,3.2465847980245557,2.3003514174967306,6.727878691304363,3.5260149359823045,0.7773499274789483,-0.5467699813406138,2.021406792392854,7703.818312791846
0ea85717e410,37,-20.342853928627008,-19.96518356517159,-21.880004975566518,-23.86237900360637,0.0700379386114563,1.143995828908767,-15.395806297522336,-14.34340902824264,-16.402573288350883,-19.64227879409729,0.13106446344642428,1.6598402192856194,822.1385967447733,-0.335539511787706,427.6800397297604,69.10690392588184,0.0,0.60631366154499,112.2298737852048,46.43290325260089,-105.87526778374094,2,827.1286273667124,24,5.266043835199442,91821.67933510189,92660.11858825127,92265.06549212633,91781.08224383557,-46.79666421477673,348.45468884135136,63.00053293340007,66.78342249713629,59.66545600087239,52.10529611642962,-0.2893381248140512,4.52076017535797,5.670052633714857,6.719774948134999,4.413689519636598,0.7604352120118111,0.07600143619520737,1.8405532188907159,7308.769301378042
560a3d2c5e92,37,-22.588799047870666,-19.96532899243382,-21.588855795576364,-23.882099033347618,0.0436535279829767,1.150936213435418,-16.81185927655836,-14.339009148290664,-16.49140148438005,-19.601252883212727,0.017544097755597607,1.4479727265740505,817.1731588618131,458.86259128771815,458.67682998256606,80.79612184636933,0.0,2.9560854675279082,133.573670865317,46.4365194617812,-105.81418092360455,2,1243.5631557829865,36,5.251969786410614,92282.5585945405,92663.22391407909,92169.73843025873,91833.69132408504,-18.973584317207035,311.69251931975424,57.13746643929246,72.6728250570121,62.190501707355864,52.10967262313267,0.1825990169583172,5.831815185811455,3.737206779237727,6.692348385817126,4.521479287040992,0.7637023924365501,0.030997859474517622,1.5441534471722924,6891.712789636567
8b077721911c,5,-25.45065539702427,-25.412695726451457,-26.752426908155005,-27.589402506055567,0.02706335563720096,0.6421261310137402,-20.907360483364098,-20.917455830295207,-23.236944408273878,-24.742986375828153,0.07238418482513945,1.0852406576585327,820.5702204512268,383.3245860868418,383.33780433542125,82.28109449852619,0.0,31.204339021489314,134.48635137279234,46.43854359161791,-106.00408868103908,1,496.9223237841897,12,3.7914760442857087,92981.41626513515,92988.7253654759,92830.28842103938,92854.1895470281,11.64134181654163,47.96609561007436,63.21799360930021,75.81517702266241,70.4591185813708,63.29022139479019,-0.32013767964091217,3.3458381351763182,5.151019647924447,7.254647145196282,5.457249860978584,4.867035293127252,-0.1474441532662049,0.6801870307663985,1352.4901440972044
67a65ddd3e4b,5,-25.622791395670227,-24.068816712421576,-25.841696775098097,-27.601715961511967,0.0990617138422548,1.0581634096853954,-22.716265105211004,-19.412291957901864,-22.340968236142583,-24.789467197080942,0.08178936204519192,1.4928168998693734,819.6753626103962,0.5693830828472435,390.3277263195325,87.38899158426723,0.0,0.30781802084780674,138.9321740874216,46.419414878993905,-105.84729668521605,1,967.7451304286072,24,5.3131370291224025,93284.85619413602,93331.16139656941,93034.94931803875,92830.15961772001,25.529597905354024,187.05092979415957,73.48424904646103,76.5671462316864,70.49548716782996,62.32867784574069,0.1471813034907335,4.453775979322536,3.9768431123748145,7.2491066848257955,5.098678022563652,3.968408116984044,-0.08079906134917418,0.6889821723609595,888.6805746401798
e28936c6a94d,5,-23.31272546087271,-23.31442459311134,-25.60860917845581,-27.571020189964177,0.06036024304826971,1.0183226687269413,-18.396273533348932,-18.35209895554007,-22.201215562144366,-24.761554182215725,0.046646620522318126,1.507233981774705,819.4846547107944,127.86334094927558,389.96482380669664,73.14520592587424,0.0,-0.782402776036302,122.76492522683986,46.436672430165004,-105.92153196756021,1,1449.0322763434622,36,6.36876944491792,92379.58997185915,93370.4660896832,92990.95018676801,92395.6092807456,-1.382227206051963,229.1081308691472,61.60769648213926,78.69757446509529,71.36423793407043,61.54007731588726,0.11409206881813705,4.858249495356425,4.682576140439458,7.254516217698939,4.3494877912355765,1.3072476372997843,-0.10412156545069615,1.352698747000337,402.3341638545322
7269d36b4275,351,-13.167312414827494,-13.136724154571356,-18.189757585669597,-20.160043495622254,0.05562000879657464,1.8671499917174563,-10.824799678253022,-10.85196146812052,-16.251017494174196,-17.403479674374463,0.3031766922940214,1.8349555144656289,1378.4148040983496,317.73210873326093,318.2897363901289,56.073862507151496,0.0,22.3842302606186,103.88492546320673,46.914388889455154,-114.19163907391217,12,412.60370884101036,12,6.542654362078519,86129.71145049232,86116.86237961215,86069.9935159965,86016.42351287059,4.470764889529454,44.51049906673288,86.76237443502697,99.50562333095093,87.08559977960617,74.50817387283082,-2.030329901908748,8.158975357321376,1.2441988400733037,2.3813618901046874,2.171929572557717,1.249336916546486,-0.05380971604650396,0.33177806425506634,1106.1855035253711
6f85eebcf362,351,-16.87436418778537,-9.174666228047993,-15.716302382778451,-20.195171314316358,0.22596896316278586,3.4185212493424486,-16.474649464941365,-6.17456841827321,-14.05138240906316,-17.385103571021673,0.1863825387530408,3.8177111983741647,1378.9556176574363,0.7331191035932412,361.5954247666033,75.5095994409052,0.0,0.9535636990888496,123.71448707307968,46.92224204010051,-114.03451859084535,12,768.8029310531983,24,11.213155641743326,86626.89902356984,86661.90373238045,86205.35617959185,85998.53763794903,26.197544452147596,200.24994794502362,99.68183867277324,100.0366825961555,89.27958159518553,74.40502680584657,0.2732070806505778,8.329281914416818,2.220244767126368,2.3867114514257057,1.9213847710131355,1.0174718729311154,-0.02040216616314221,0.48049130045687083,752.8804308966027
e81bd0a6ae5b,351,-13.198129820755032,-9.16252805947048,-16.380871071230672,-20.149752781917584,-0.0036691873696945623,3.1127497894719505,-11.4490602168735,-6.1797496286987466,-15.02104456631323,-19.44186033134453,-0.0496653583497807,3.6278054375225306,1380.365519067998,312.518181350724,361.45861406689113,69.51052869291499,0.0,0.4285824364295378,117.7289822040205,46.94148317709947,-114.0943143267934,12,1188.1008293228433,36,13.256216183391164,87047.92002518666,87068.56283984246,86448.74061173608,86007.76017575878,35.6774062368042,383.59195492799313,90.10624575910408,100.01466197722507,91.89513666576087,74.40748851324071,0.34178378925372155,7.997055293930291,1.4217123879332871,2.6335048185952203,2.038432447205241,1.0229912141162327,0.005065377911462152,0.45971530345984546,331.944804042732
fda7672cbdca,334,-10.951365347093446,-10.952673799034503,-17.983902586477843,-20.35383250722918,0.7104252279382954,2.941153780891429,-9.92644728938781,-9.940049991339423,-17.531052624165287,-20.242696248044364,0.824677481396535,3.2765107749310154,1379.3786069980918,256.62242499108316,256.9716079101728,41.582142346144984,0.0,16.55792710403216,77.64424713513496,46.92143407791631,-114.16074433750619,11,426.2086979536069,12,10.33045284322896,85756.7517406027,86455.0663723524,86114.42146514133,85771.80001323042,-64.03120018333145,222.0381260584976,96.45246694670232,99.93015807272016,97.888805678708,93.73877202735926,-0.4825020711942361,2.1205190291500866,0.923639571218752,2.7637407808612657,2.0526528654476293,0.9065830676109401,-0.1759773475621828,0.6406254552895052,1102.383756523742
687136762013,334,-14.593887386589461,-7.171565755809941,-14.38598935606421,-20.368905758688555,0.45484653534562075,4.551137835544784,-14.397248603172105,-6.161776574851029,-13.855051474481817,-20.272273647722358,0.4719073035147587,4.829470290440948,1379.0131485650102,-0.7598741843164214,255.9104396104137,45.66932858009025,0.0,0.2761208929559308,76.6796416269725,46.92068951388674,-114.12152368859876,11,762.0151912804902,24,14.075674973712818,85207.2828714142,86467.20106909149,85755.82961762245,85225.45429758415,-53.830162060365495,376.3431929827938,100.03180297991427,99.98395743007083,98.14276358628182,93.73529916914757,0.01916301894775407,1.861169442679439,1.9195492026267422,2.7874836778161436,1.6094022063404068,0.45564662011100704,-0.059299165006365034,0.6912000010096456,759.0181955727386
32ae0666557f,334,-13.931215486131327,-7.167538914561931,-15.330620272192503,-20.38449759297802,0.030366779517238488,4.066303356655581,-13.039331064131865,-6.169883507237697,-14.824358670272051,-20.233238802123655,0.02699932530863781,4.3242902665962015,1379.0826129787256,179.61055059293892,256.6218472678318,41.45231388105678,0.0,0.05591229913942444,71.56409752865478,46.91881966659627,-114.11187035042788,11,1181.414722050583,36,14.104413180810585,84779.6629554649,86447.00471094389,85538.81237038941,84771.82374938866,-47.57989688175001,497.92438100647837,96.13965761997882,100.05550634197304,98.20655799589353,93.67461213676263,0.010494182617298654,1.7646724463542642,2.127512530716773,2.7714225985080074,1.7237162631462073,0.4471218149335935,-0.005269751043444322,0.5965915956069607,346.4039862896024
2e621e1b5318,6,-17.819687094792126,-13.12269455387508,-20.230184187071437,-25.98868025671016,-0.7745926635612819,3.98104225404642,-17.259400023332752,-12.515360335381542,-19.854805290115063,-26.05151536447992,-0.7961787430926408,4.140981125755005,1379.3821644891955,317.7668062748577,318.1030219870683,51.99703877016382,0.0,21.15858741218446,99.88374505754675,46.91557141556408,-114.06767756179883,1,453.44952579542274,12,13.495903922710665,87313.99412727232,87297.49388646745,86996.38675831258,86603.9860156283,69.14121805707828,240.41326794695007,97.25454243443329,100.01917080426172,98.60547225378214,96.48627075873745,-0.17830972404612794,1.1594581574184073,2.003474177586276,2.8770671809160815,2.107840658624841,1.5359818627046424,0.07064874971212046,0.4162730136083955,1359.6532048853335
f3fac5e450ed,6,-25.724230992637583,-13.118836315790796,-19.747948615377737,-25.976423692798658,-0.16671087374973279,3.89457405682193,-25.99621040859292,-12.555347164587316,-19.671392253844456,-26.035626787543798,-0.22237119118308724,4.248452956362168,1378.4731908359952,-0.9069143751274723,371.52320540477484,75.21451792126072,0.0,1.2646203913134146,122.28591975382068,46.936273392297295,-114.16647045023268,1,905.7923930874206,24,13.500347892472305,87162.1352280587,87264.58523263969,87082.52367834277,86586.3240720174,19.773664083254488,201.05020525762504,99.97144281200512,100.04425545974652,98.70222416311309,96.56584565450282,0.04293695556570564,1.2366340808702683,2.1898013058212147,2.8790582890755108,2.0579570309067337,1.362969757455284,0.008673098195907806,0.35785998911204553,913.8864414469069
2cf03b1de949,6,-16.678888511180947,-13.105423318005759,-23.040239599765712,-34.017046682570964,-0.3945309049636106,6.275116097640619,-15.20782801686683,-12.571079817661882,-21.626577227431177,-28.68824547514221,-0.2526588677622713,4.978027592190833,1382.3092370776562,347.83278650154557,372.53370279328504,70.3164191014071,0.0,0.7159387382240354,119.54626952232117,46.916000810267555,-114.12383281515132,1,1423.8947724339919,36,16.111048275395294,87049.22375948545,87347.19224120448,87076.3979274194,86576.99759214178,3.1444399991345002,167.15621186629502,95.65363153632437,100.02574597040467,90.02247391058215,43.85173260499464,-1.0569134390786916,17.246648822824433,1.5552566488948034,2.902079421573816,2.2230813534287175,1.3754019049124173,0.019640322327721112,0.4527094055560319,384.2609089431022
f60868f0e590,34,-13.407070044742158,-10.92135832719527,-11.947905695651947,-13.38044469296849,-0.23012913938932045,0.8927168139728912,-12.507020688374332,-10.281331290665918,-11.258472514106185,-12.47391665198351,-0.2008572297499128,0.8335112464289014,1380.7825562027735,184.58864776814903,183.69284820217624,36.777298577441165,0.0,14.268855580896954,63.31625355460676,46.92133688692361,-114.05309822050525,2,350.9029058059193,12,2.2324138009184407,85631.65292799645,85644.9112781586,85366.25133891404,85224.81189806975,42.1482585778578,159.88802079323136,96.75643656127838,100.02276201672971,98.70737143370086,96.68074450258624,-0.20408547548158731,1.0051025733753058,2.7017301786528645,2.688861806971476,1.6881767814410793,1.0059210363811988,0.089564499801866,0.588018527057136,5836.527970298738
8c31bcd7e302,34,-19.55197367105971,-10.964920147079615,-14.032839456016687,-19.568781954059332,-0.36579897504247366,2.6508680362457917,-19.222498017065963,-10.268452518194167,-13.347519994873021,-19.27980323960876,-0.37347019044927243,2.7628726051678694,1379.219708828271,-0.06028955329320741,251.14855080329855,58.10520901421434,0.0,1.238009423427897,86.32542436321732,46.90366017493163,-114.01202909631998,2,754.7953832957402,24,8.997380904286425,86138.98695414256,86113.62355589875,85655.3914260509,85213.02997164919,43.619715550135005,304.7723416799612,98.68652013742849,100.03095926610297,98.1239283282992,95.6711456463425,-0.0785326665319369,1.1576162234585534,2.434011467997953,2.7141755518369077,2.070941576804896,0.9958836051953541,0.05505599674945233,0.583940716095942,5441.183006954104
39446e36512d,34,-19.58025483855311,-10.934735326281485,-16.320023203053715,-22.02553414831971,-0.36602659059778836,3.95202702703618,-19.13693652540438,-10.293725233118716,-15.812128920910588,-21.855332695193592,-0.38136383497211324,4.156452391534238,1376.8273442720763,399.4918008745477,399.1751426743593,59.629098991748464,0.0,1.4797541286043108,98.57271886112322,46.901862295396775,-114.05324516351983,2,1218.5314958716492,36,11.580145911906277,86507.5907115796,86541.2354400808,85889.34052410777,85220.07679784132,39.28608617640873,411.75537011900775,96.60823362435013,100.05053175362987,98.21209398359417,95.6052069225223,-0.02137359368060086,1.1088449217853311,3.977492247706381,3.97415848978734,2.36543864746317,0.999272393683146,0.05305481379269037,0.6892278458862169,4971.110620236569
26a6de3932b6,48,-14.978976100471634,-13.114282473848332,-16.13101328793537,-18.370562354885163,-0.24066261018245072,1.5896597601874574,-14.254774803697645,-13.098756362706084,-15.797489333694402,-18.08278093325715,-0.1862269037599962,1.5335943830960257,1381.0429585458198,248.04881183881207,246.38171441951042,51.51658802118847,0.0,19.758617126549847,85.67347872651646,46.9090078665485,-114.14434671975579,2,405.1628843067752,12,4.964792617131964,86028.2994563802,86018.74651397762,85673.8646875321,85344.15159772978,65.37273000119288,226.7129940483721,97.37310721515867,100.02739570873646,99.0516176344339,97.29100969146818,-0.2844992791358367,1.109997089779194,2.980438721760429,2.989323884437991,2.2155736390263754,1.8246441157473388,0.0929728719104485,0.4529306636542424,7447.368173596201
84975e1fc09c,48,-18.279549214092885,-13.140601455533451,-15.665773084747196,-18.420321763004655,-0.029199046723123217,1.6981245859730225,-17.994699020462463,-12.480336385068284,-15.181031669295242,-18.082070880542837,-0.011724041201660682,1.8056131073426986,1381.2359782011492,0.07589861444847103,347.2552203592544,82.18433607318694,0.0,1.7860333388219773,118.9750958160757,46.92099538050709,-114.08223968644893,2,796.7790384982003,24,5.5621377995689825,86252.67033343752,86251.71708308955,85896.66893720409,85352.70934807634,42.003186354882324,301.2308418463816,98.44197290372514,99.99716358726688,98.31878921739572,96.67182942141164,-0.10966160211520205,1.220612768300358,1.8507139089627944,2.990107802980539,2.2132615348713602,1.7602231287018077,-0.0009199339399166562,0.41512904137525963,7053.482300409417
f8c0278595fa,48,-14.719283567171672,-13.125556521281474,-16.862906762674704,-20.783436609723704,-0.12758738286479798,2.3683698793011305,-13.716770608813103,-12.521490392500986,-16.349550762178268,-19.923096367807286,-0.11458382744847125,2.4240091375974395,1381.509424074009,310.4735084920753,347.3231318775478,76.31831268824118,0.0,0.7074664560240149,115.3359801692788,46.941123442315366,-114.05725111249028,2,1234.7891202945787,36,7.37671155266923,86381.61881418579,86360.76098938596,86027.94000022188,85336.44865661189,27.19975997728295,305.8439966066954,94.68536508242413,99.97083950971492,97.439621962957,91.30446875008366,-0.1512621959381267,2.204687176172417,0.45808717663350157,2.988091062254511,1.8361939227094743,0.2776745747204958,-0.04538831638587566,0.6658691824737013,6615.176416566192
5fd19e97cf79,355,-22.90521055021183,-9.30480879489676,-18.986711591129385,-24.618762577088226,-1.3669248831607674,5.008272310734357,-22.557787936773536,-8.731250495796099,-18.65977683273702,-24.349382910899642,-1.3978505782375272,5.129471185020515,1382.6059064186593,164.77082491364678,164.80904792302033,28.76389600836215,0.0,11.52180351038996,53.37675889998638,46.90111231317605,-114.03455409869407,12,437.23173807569964,12,15.633799313426547,86470.65809423591,86450.1316295479,86039.80259378298,85465.68668189627,94.29510486482674,326.4684556229014,96.36250775925461,100.01623401461289,99.52765356959506,96.36792930264443,-0.23960371170510178,1.2490766144466938,1.7023297190264188,3.201591639874914,2.168810511847673,1.3771523525597738,-0.17001644122623819,0.6151597783971412,2536.793142564433
9f9d53477252,355,-34.706271367097955,-9.24036907371325,-23.29919280876738,-34.71426764990678,-0.8756785454761644,6.478640652234516,-34.5308411743017,-8.729536893440919,-23.03464245850619,-34.479771396783846,-0.8918570812127382,6.615681484404828,1380.017141045894,0.6548881826382097,193.22280875649378,42.18908116564621,0.0,0.7179325382142786,67.71334432417788,46.921072463779645,-114.12032739852694,12,983.1236687659267,24,25.800876174461646,87188.97747213236,87148.92952541565,86391.83938334057,85477.2007739012,69.20200317589975,484.76444553319914,100.10922615540782,99.98113304882202,99.03307957160986,95.6778418045249,-0.028101052269140732,1.5418496058072477,2.1408000352239833,3.199744169964058,2.129249988618458,1.384672304321038,-0.02288305987964201,0.4620720614444093,1984.7114610644007
6f372d58d090,355,-29.63340406893287,-9.269215500273663,-28.190635248986386,-40.88949786517327,-0.7919219767329139,8.895353057421142,-29.472873964533704,-8.696873155248973,-27.920545930079534,-40.296989306285596,-0.795927542085639,8.923525765529519,1379.6902064819815,321.2617761036836,321.7522860820766,47.333660476397576,0.0,1.6501423516125648,82.50126502568823,46.94050961620829,-114.04449264072893,12,1654.1871638922064,36,31.548860857810634,87233.39432830663,87301.44591539315,86692.16465490054,85466.99919555387,51.62972247519852,558.1122740815608,100.1017739874806,99.9720457138808,98.14928832985227,90.24911983191006,-0.11374451982153283,2.6175441381156577,1.5501562690574262,3.2106464800007397,2.1655300130327944,1.3877588073663674,-0.00195441884774995,0.41798919805519996,1317.5778484183613
07d636d25f20,20,-15.369092991808788,-10.477768216042797,-14.003296198478694,-15.580536660483562,-0.4551948558627657,1.6974480586986782,-6.9243390664780105,-6.91151276657838,-9.832028860934278,-12.454683056056647,-0.027414448947491003,1.6852344779618897,736.7995820534506,603.4815429058721,604.7724097370071,132.23921560012667,0.0,49.75390980753636,211.66715837959646,35.43893498474706,-82.50099965852866,1,333.5898551629098,12,5.505624526041059,93984.40079898697,93962.02729582415,93479.65803281934,93178.36386149704,74.53829599381388,260.2786585176342,48.698997970104145,81.87615277149668,72.43090388721393,48.848246338134125,-2.6485744940336136,10.605014400886866,4.343607492183616,4.741015163132462,4.451681446081964,3.994559088938325,0.0065738622324627415,0.2183432033345675,924.8656699361715
80579cad8ff5,20,-15.357487858082171,-10.472043677647026,-14.522046644686172,-15.602632274535676,-0.127402262372881,1.3365990482798604,-12.84660825100059,-4.70247812668322,-9.40377604488447,-12.854457577732935,-0.05148972923524768,2.632666358738106,740.0933756486712,-0.2513176165783044,649.1500400722041,165.99517946943,0.0,2.1983116444920556,236.35760138956417,35.46136634915118,-82.57993196446702,1,656.7585334616218,24,8.144598349113673,94555.21502414963,94565.84208491829,93914.5168653196,93188.4595316695,63.837406171033635,444.7422136161625,82.13469827640412,82.10739616881212,67.28355346022553,44.75118354546425,-0.4605753019027635,14.016526742286638,2.110330329105688,4.747310530490563,3.740914426094161,2.1154143215953276,-0.11414235057193517,0.9086114937154232,608.3632028789256
a33d3913b1e7,20,-11.43130420339092,-10.460231519958437,-14.762219493099579,-16.881039272008753,-0.053235838590753114,1.4252850762769957,-1.4288060584324078,-1.4470153441797684,-9.57484023132597,-12.975097221264363,-0.006981202333904597,3.1712244658428523,736.6908257396923,584.6619922425318,648.792817763307,153.06064032324298,0.0,1.061905060837201,227.122119512893,35.417904277685786,-82.48271495326738,1,994.3148512225458,36,11.473282774102895,94906.9720717935,94990.87077304108,94203.28697833068,93177.10797646531,52.72411359271145,553.1738754571845,44.428181933056806,82.85170094073624,67.35402100088997,44.41189346389352,-0.26813840533719363,14.150753026149099,1.7726960473132212,4.756448879827872,2.905765159446584,0.9429846428458274,-0.1268650579525202,1.4049595809579167,260.59556532605444
34b6a5ed4878,365,-11.485476807843556,-8.159089895351523,-10.673606277443586,-12.867780438707461,-0.37439080493478233,1.3832389937967424,-1.2586349251426048,-1.2512715008119146,-6.746145127293472,-9.364735553620688,0.28644428820350953,2.3533338139668487,739.3524294436126,106.89558582787244,108.90262301352378,27.31911864959732,0.0,10.008759418450941,42.06735996730246,35.43732746550372,-82.46342074056935,12,297.53592436837096,12,8.101357676983683,93480.74214218583,93561.3012469446,93359.22101716537,93101.53108527398,42.03965775641199,148.98264445546508,43.684968026302926,91.13334744978974,76.75666919025208,43.606805690392086,-3.7341595376295604,16.95744347679156,1.1369838360687599,3.045512125504339,1.7249773801058803,0.5294587866965019,-0.2062980343701546,0.7484322133533916,262.2074589292453
b956f7c2a084,20,-14.758970729560758,-12.079798941768544,-13.903077211653605,-15.1023081258581,-0.29198332638860774,1.0548737595642346,-8.516657641647642,-8.493343698537435,-10.380135950429159,-11.981794533849769,-0.019478921108925618,1.0479221309445523,737.6128267606563,461.4779977312946,461.1010087050626,100.34910782826962,0.0,37.870435426113225,161.50897985181103,35.40097997501566,-82.5235208100322,1,340.35599103507514,12,3.4587107609948595,93679.19843557705,93708.23722158752,93465.17506165606,93278.65491779373,40.98962262198177,159.67600822168703,59.40655426066539,81.76231605915159,76.26633812392369,59.459846158642456,-1.8528797674349617,7.7458441375577225,4.830742098203926,4.824893865991493,4.371707783286078,4.051458002730476,0.05225877745332401,0.20138264716759008,927.0395734681307
de3c631fba28,20,-15.611017865727039,-12.060266943771007,-14.355530388228972,-15.59849802176675,-0.10643105557446002,0.9315722098543637,-13.326377590765773,-8.068205536686174,-10.474381595408147,-13.356687300641328,-0.08666409200683216,1.5596062327893014,738.7908712999529,-0.22384071763399,542.4457960890447,136.84957432492405,0.0,2.1816254930826657,195.5652821075204,35.4234690671641,-82.60197375886914,1,683.8756694082559,24,5.29225613858986,94155.74920918515,94147.2967556541,93679.90920575945,93289.4582193682,40.777562396222066,287.2266083279124,84.12767483398201,84.13741410419178,74.0225173096468,58.78603277345457,-0.1860244396560122,8.841208572485694,3.7961501003457556,5.363321495726309,4.50520262497032,3.7818750538071506,0.007651689695684698,0.41472575848235765,585.7363492062955
67fadce13b5c,20,-11.759902768899003,-11.71298485863722,-14.451041845687882,-15.670288824102508,-0.030786838515745353,1.06744965354869,-1.6965924401165866,-1.6980723723386466,-10.85735588758606,-14.208014893451892,-0.030603635000178524,2.695203839347896,739.6016067278326,573.4707386206381,573.1356438009468,132.69015270546814,0.0,1.8661452777481906,196.6740201192287,35.433561706574935,-82.5626969734841,1,1038.3749112707653,36,12.482993247782677,94528.24633185517,94564.94235887629,93910.28210477086,93295.43795076243,38.97996734977989,407.48937595497796,44.065764320078564,92.76401229900743,76.2340283002974,43.99375140841831,0.07410022312305825,12.01013241094019,0.507528571523408,5.377759373180474,3.9157744614401886,0.5101109759460432,-0.07109190665768819,1.0393616124490497,232.68955124798444
069a9b50238e,50,-4.513148600860172,-0.11861052948495412,-3.306289727627742,-4.755688090651184,-0.3843922587525699,1.43758630167083,-1.858583085663383,2.6591739455262133,-0.6938642469702815,-2.2074805023904083,-0.4212057722664765,1.5547654215345672,0.6976008468095461,500.0397746218145,499.29961093356536,127.1617888128433,0.0,45.1957493146576,182.800559536354,35.26721856572613,-75.58255542429822,2,222.31591774108185,12,4.8632317346821425,101935.5800977193,101975.40003426571,101706.79719972107,101274.24809625428,69.28274652663579,246.79419701176292,85.39962288194849,86.64777770656336,84.23770609405697,81.86018207832004,0.45401550818063224,1.8842570739045597,10.233124571958289,12.421600518498895,11.602101758048537,10.225783432122569,-0.15721040054500846,0.6119455206794998,766.3456308921016
43db7f7a923e,50,-4.57483471094196,-0.16016069097526356,-3.8170712687284114,-4.722354965821838,-0.11501074584795286,1.1380186834458046,-3.3913909000181186,2.6362368258488265,-1.3911959499388664,-3.457622026883721,-0.16290987595214818,1.3882723678980051,0.41281671734101255,0.16196388929528654,541.2272699466926,147.09282848815843,0.0,1.1310116454338317,200.65666217166074,35.27280544692907,-75.52157995836608,2,465.3083544462845,24,6.055141063502803,102480.23294027525,102460.46457176369,101895.71563178266,101297.85512452981,44.13926947940241,320.28426080906803,95.86922922343328,95.94751370750211,86.1808469430387,81.69864495924355,0.4165496111114034,3.3413365347651274,10.592916720234154,12.417461019618235,10.984502035824946,9.683829132676006,-0.08227183758299077,0.82212446386192,517.2055112056307
6291d07d43b5,50,-4.6839199330441925,-0.1624873533650382,-4.208762367617511,-5.470411606059055,-0.08128764358597249,1.1050131726418493,-3.9190539519724887,2.582900980030697,-2.4964000034453853,-5.534660769227472,-0.17336286635924053,1.9624800698826543,0.4353797135411853,636.22003553854,636.6832842389232,152.77720981960098,0.0,3.0895220041989675,213.02064474131882,35.26957652560664,-75.54644944116194,2,738.2260891664466,36,8.21182176192343,103213.95967089508,103240.2422733585,102257.47037929231,101255.68699080525,50.78236512271979,537.5791254868044,100.02067268659356,100.06819678806389,90.69036558161805,81.83481701114036,0.6376876567098525,7.017205079462337,7.769097068705587,12.429642824858416,10.642182151071305,7.786917150076959,-0.0706852028701007,0.9704180974790275,244.08135151146558
b38c6db9e6d2,5,-4.407027579720884,-4.3360006777262585,-4.89132936285151,-5.271267609902133,-0.021322208922329146,0.31009068872936063,-1.3972564142753259,-1.3986104201811276,-2.5847976878089964,-3.593460992794869,-0.0008270558204623618,0.7489587967136863,-1.4755051613392518,526.2673565760897,525.4724447769513,122.00072206408088,0.0,45.06687432192497,187.96446134138841,35.24936174779028,-75.60909014883806,1,246.57087846732952,12,2.141431092525633,102252.385840329,102313.75010726569,102004.6809126184,101626.95321755536,65.59816715893558,230.9154014124075,81.66249703380169,91.26612366463797,87.03897916724121,81.68924581130675,-0.12286711220744932,3.434514314435396,9.854077405229136,11.723365429481497,10.994897828954054,9.84342623517422,-0.11518544450591718,0.4489211274851689,1175.3248211059183
3f5c617b2bd8,5,-5.154185367605776,-3.889104620162808,-4.674381699591436,-5.316023635490471,0.007940161726022401,0.4618744039149938,-1.1111171773079613,-0.06441367771913153,-1.4915454204728507,-3.5446595198529884,0.13542757237220945,1.237730961060875,-0.23032905354624855,1.0147706369199097,546.0941574983502,126.77120846601827,0.0,0.28643327698308846,191.65465317019124,35.2822178652687,-75.48100990744697,1,466.9967720193369,24,3.4815773420061378,102725.4349043374,102737.64028805893,102254.50306048799,101661.92666068536,42.40245962735249,309.271497831429,75.41503350831867,91.34726132363873,81.03836474313282,70.97676014894458,-0.8475173987660726,6.794030851926941,8.82849981586946,11.730351678059929,10.117162596406091,8.824058843104426,-0.12570298736109708,0.9645371257899426,947.1901242229163
a9eddbb688d2,5,-4.847801335495051,-3.8254801851521725,-4.865832068809812,-5.38713664685102,-0.016995179127838433,0.4671968364955417,-2.0025900427927996,-0.050273170310712045,-1.857529236182776,-3.559273580402185,-0.003470057173287924,1.17304660629208,-2.2097762847259026,488.4193528605776,545.5769785142691,122.18846191661031,0.0,1.1178478232998978,186.50634755800564,35.27060759510337,-75.59896791475613,1,716.0512290447374,36,3.479852556524855,103132.74881360856,103125.3115042888,102501.6447632504,101623.5414331979,40.93050701541106,432.1384890394664,83.5338046384601,91.316492892286,82.26237220649945,71.04785585333259,-0.07935275417678118,6.2197468293684395,7.902556651435628,11.701326567714002,9.533384267067367,7.916092017342641,-0.10244127437408386,1.1373090992144992,705.950163786232
20f318f7dbd0,7,-17.692431999883212,-17.70214680632069,-18.488477566634796,-18.81652341709999,0.023854163901453302,0.32003452992298387,-5.890500880578027,-5.919458976932621,-9.84678673440144,-11.028138318407644,0.3605952938556876,1.6520025658932969,182.57993213158676,567.0326418282406,566.9979651205498,127.17964575893168,0.0,47.43763056614106,201.02276311689064,35.21501717801079,-80.91192578583028,1,336.0197077560105,12,5.150630527186052,100969.13921632132,101039.6196578197,100794.05640631891,100381.07188557925,57.14429596867176,204.66818137321687,35.36014779695167,50.39811397190756,46.29401466559493,35.34355501856125,-1.2929576504972689,5.136961867622515,3.170395095970073,4.728264107788389,3.989906868386673,3.169891271423865,-0.13370558283313996,0.4943711010979452,801.5934073255178
9ff1421e49c3,7,-11.38622953168255,-10.70753895411458,-15.835873538377543,-18.838620743162025,0.41932938756367244,3.2233368469335786,-8.847688530899276,-3.6036275674823894,-8.040684932899977,-11.082498611610411,0.2145169468547505,2.5630178839777975,179.38085537738309,-0.45485144837056113,593.8603979319136,149.48265123478893,0.0,1.4797294272047683,217.5989559705208,35.23828237800979,-80.88321221971627,1,621.5525327583672,24,7.472182681427204,101050.64395304721,101072.31338247984,100882.01672268426,100372.79994457014,22.132491374185594,187.58994388959957,83.93142195588894,83.84562074114692,53.23560426779779,34.23232300144701,1.4124550742497375,16.76337692265124,1.991783597275916,4.714137012343104,2.942975147074454,1.2415086052169244,-0.15460758524553161,1.133313100198621,507.74426098290917
b8877e74e3e3,7,-10.80594644243093,-10.729682045752593,-14.337687638641702,-18.8311635683178,0.2882764614146471,3.364059377697323,2.0912005913987772,2.1447661234529947,-7.6353402111175654,-11.074724863999275,0.13621342634493624,3.1013806214245476,176.55677382055265,555.8678415006568,594.1365907318389,140.89682656897918,0.0,1.139071299328044,210.69213569169085,35.23470654104887,-80.92262883943768,1,922.2675462961159,36,13.15977688745897,101319.3170703778,101332.61982231168,101000.65341823245,100398.08730271138,20.257938977961043,229.1816159416303,35.74583373048236,89.88994880389879,60.094396678105795,34.33602385947195,1.0179466496717278,19.945862601906814,0.6030385603536498,4.726539793376646,2.4040602692968767,0.2922113354662006,-0.11047441263830343,1.2409878736601891,212.71271355200105
c4721f2a39e6,28,-11.065115631895448,-4.4386774903285895,-9.048072569101297,-11.804219546389422,-0.6951698504477168,2.551250681777159,-1.3650016113170456,-0.8457424793804663,-2.5745883799185565,-3.9187828206942137,-0.09493749958673912,0.9617270572931729,179.86858245561191,432.3159088323704,431.9644852990964,82.34414481035962,0.0,31.59488067311424,137.28043463422497,35.228998074883336,-80.94329672523448,1,248.60299990836526,12,3.07435546737268,100264.41274395872,100308.3615682471,100078.9404252925,99707.4762783951,59.99974440738564,213.75915263368708,45.521681710508766,76.80937708287553,61.11219922506036,45.43028832381114,-3.1467624456619245,11.014177539425576,3.3323402180274115,4.212792922728053,3.6451694317576897,3.3022882687560267,0.03240863373151189,0.3178291957192669,1298.4166122681213
905a63a7b5af,28,-7.701760016909193,-4.463762567872293,-8.403797768619533,-11.771299753610002,0.017321248198160347,2.0348051287292996,-4.650714807999775,-0.8399335890696723,-3.0053737592027994,-4.737785687531879,-0.10366750087693269,1.191857295929907,177.2991345273123,-0.20030924421703822,431.721177618968,91.32170286739357,0.0,0.6990582392330792,139.29486317147473,35.22272882078408,-80.97387681270166,1,502.8613572274119,24,3.8443115144209754,99983.55222662397,100300.37450233368,100072.12966677747,99720.1195509142,4.914978352377887,155.28556485627396,80.50217304383338,82.72097360976937,67.15526736368106,45.48872795030013,0.7314050672813489,12.873674304366407,2.9923026905081445,4.210675560075415,3.2858692433037366,2.7848304401592943,-0.042872097053930684,0.42698563064181855,1047.3419103756214
5a31add318b6,28,-13.878023357506818,-4.483309264589013,-9.080677893769026,-13.84130600473337,-0.09899405678349579,2.348097605051891,-2.951539021943264,-0.8658080064596703,-3.565834294859715,-5.46119400849847,-0.08952956585843494,1.2958290705294493,178.80500319747364,609.9636987408484,610.3557873799652,103.2954285923147,0.0,3.2708702317128338,166.31979843988893,35.222247489931256,-80.87212786366618,1,777.116614475511,36,4.564059132128364,100561.47952783154,100520.10092424312,100161.02908493664,99713.7089946335,9.556479193823279,190.88163683758216,39.909810042347274,82.74010139997662,66.33159734964946,39.961970083361,-0.023585437194919023,13.113261107910235,3.155387378275244,4.2141971297987535,3.3609148808556815,2.7969661865093447,-0.003875708650980141,0.3962738047410265,773.0403048115301
3b1d1d036bfe,365,-11.842836872991748,-3.494725379549265,-7.942624579409392,-12.066914554157256,-0.8693613376999051,3.0389308600000495,0.7145015657085863,0.7551030138476713,-2.627523024900702,-4.75707091059772,0.13460678405659668,1.6375146707920825,179.19867734163634,205.85436836858065,205.36249191163495,51.21795629791646,0.0,18.63136645185411,77.69893275107076,35.22033169552064,-80.92012383187355,12,248.34884303548327,12,5.488667513996419,100419.182357331,100476.2889563349,100163.84723385925,99809.71795747432,63.44804059709928,220.26045258249246,35.81922193200133,86.94002275535324,69.3948005207254,35.823879628139814,-5.158512309016244,19.251614289183728,2.2976662042141816,3.6669678281663844,2.7367354714510226,2.2990821656836906,0.04477244518284991,0.4111681914219947,234.0201631106136
91224b868782,7,-19.024766646562405,-18.80504054754771,-19.516531521839777,-19.98108256193497,-0.04734444914258603,0.35349079814769147,-6.766500581359609,-6.766265538118178,-10.2313233594118,-11.491582186375888,0.23686883636689376,1.3871988232744838,122.86809794818389,578.7690090747541,578.5092342537479,134.27703751139558,0.0,49.56225634978078,207.02836129614792,35.90650320178302,-78.82078401247776,1,339.63796061510055,12,4.690553394170217,101627.85458678761,101658.12262573559,101304.35234260625,100812.42252724832,79.95931445896737,280.9115080402988,33.13640685837187,46.0300967962172,42.96825268177505,33.309013429789445,-1.0341788177098632,4.4331589742405635,4.199385420210014,4.9942268595235415,4.4475384426926095,3.9832806198908544,-0.08634679814582787,0.3543035712230319,826.3229314731923
d4c17e3c917b,7,-11.411390772824184,-11.163267587836053,-16.761721650400244,-19.993856190643516,0.43547646017507646,3.4440119693964344,-9.154431011254852,-4.348267689626757,-8.426408766797383,-11.409305233562424,0.19907312800628688,2.3714868285822615,122.4706808365698,-0.49467021640394104,598.7033077223523,149.01673910932607,0.0,0.9035053064878958,218.2041208067043,35.88611764639829,-78.74307380931198,1,633.5268828172345,24,7.108619389608574,101739.13813241065,101751.38461018339,101467.48724062258,100832.38610721169,31.579862345314883,259.34388717874776,85.47813650425388,85.61273475310283,50.68612017233844,31.523853241467364,1.6022175258485702,17.732715036576984,1.6696979430200312,4.995064828707035,3.356739803282944,1.4674774726303625,-0.1724509698321713,1.2604459837707058,530.8416835523241
880031f8d5fa,7,-12.84183040747086,-11.122962805424097,-15.13796318016707,-19.933602657262796,0.3014332200040608,3.6375587384781283,1.2803201599021274,1.288563860357535,-8.261337396855703,-11.495215531889583,0.1137079495647015,3.0533254308726008,122.59458181393384,561.0779837414264,597.9963920672565,142.66453485102247,0.0,1.3191958772254737,212.94291912991582,35.86849316849906,-78.78914392335481,1,944.9521427496537,36,12.761662860751434,102025.50365308777,102102.81056425234,101605.80882243603,100844.97800563481,28.971188343579726,323.8582978745951,31.536403223375377,97.38965276078835,60.11463123356966,31.520041916931394,1.3121025469554861,23.991279541788497,0.5157988723890958,4.993060139386791,2.6462789216640012,0.5229299014273945,-0.13469544406270714,1.4637522631024125,229.47075917175027
c5504f9bd29d,7,-6.340306920841194,-1.378211745770699,-4.69749522943759,-6.670835707967116,-0.5255019428843888,1.9064362009833151,-3.443630987292846,-0.5157085946556655,-3.0879785584460695,-4.871017961454554,-0.35791148173464443,1.458854510549418,122.46799110071404,84.84026353138005,145.390020147575,32.09447222678681,0.0,11.22994491089022,48.89302609867968,35.85824791909059,-78.78481945201976,1,253.42420307114463,12,4.302636017082904,100599.33465387243,100643.68438790977,100495.83791075337,100363.26857149445,14.50662145549007,82.7849813146435,81.60114254129822,94.29117651080841,90.08746082284826,81.61171034884279,-1.033024136777429,3.87431768315156,5.721724624066556,5.701738667356671,4.470583988880707,3.0109715238521297,0.24508425616073623,0.869670973745154,1516.0353767627776
d0bdf4c17d89,7,-14.415354670295143,-1.3980733960747624,-7.180126324306417,-14.44335427113276,-0.4974851224044566,3.7441978398580527,-11.357751005548286,-0.48300096087506,-4.649394256044372,-11.45695678162247,-0.369581560748704,3.1602106556144895,120.78052299965296,0.1921993929125428,145.5149393117232,37.95449717910748,0.0,0.5290401871326358,51.68549819399182,35.869335867198444,-78.80798857326987,1,542.3514411662901,24,10.842410241133274,101417.33111606249,101417.43221489101,100753.88333037696,100370.67658230489,43.13125598206009,328.4511099737245,78.73586428231403,94.31182320268967,83.78015293464141,75.6657781905337,-0.9112859551630053,6.88101198355488,3.091896017835444,5.714662862022348,4.204931816555457,3.0176219426915822,-0.02924839491910696,0.8740110838235697,1221.9455628501912
bc0fd4f001e7,7,-11.453328773255029,-1.4424424417830957,-9.69098863158571,-16.83648258983723,-0.4197126719525769,4.808615152388825,-5.39318550327413,-0.523952010520424,-6.7990301114698415,-13.779189140924153,-0.32747334710172243,4.259392481421761,123.20663099091628,579.0351015741682,579.2091798680206,69.92312799652554,0.0,5.529115453986519,134.93064212796378,35.87347789830381,-78.82586533408515,1,891.5298580617774,36,13.213025347545452,102152.75451937939,102201.69915527874,101130.13471910694,100374.68736621356,55.31832137661254,590.9911864276735,61.778996144712714,94.36970641186612,80.80146241336308,61.715818167925725,-0.6718626117812524,7.966870869557852,4.152893321172574,5.726320745600932,4.016626941031256,3.04054078123956,-0.02397222661474518,0.7886135028497461,878.5283350453544
1ec6735e9ee6,365,-16.235919792760807,-7.2415150360851435,-12.665874072761765,-16.21639767546651,-0.734112517429711,2.6046140814886245,-1.2158787814606495,-1.175159186454485,-3.453492040053573,-5.151298588221984,0.00016060294828447935,1.226554183753852,125.31761939855194,219.2722157256427,240.56636310310975,62.945473636374615,0.0,22.360523631831484,92.20342674512099,35.86741985576883,-78.69897613300502,12,258.3358705624102,12,3.9660712838506114,101185.4946861781,101222.54824619887,100945.11501837624,100550.88712395188,60.53493151785809,214.2157249611822,27.599757831343982,67.48835866868612,47.802779600125106,27.687842627132312,-3.0316434904117173,11.085835931324533,2.9845104120079746,3.8523761303306063,3.5464038204354367,2.991141757064169,0.007821848850460028,0.24888426696930155,261.93293035548896
b7d23ee8b46b,1,-29.71154686484515,-20.739950061984306,-27.22847995707633,-33.088050727015435,-1.1720164987506516,4.426550237167792,-29.418333064259205,-20.441857703090324,-27.019648897009887,-33.05769393321133,-1.1785781583652015,4.477441030338641,572.0304902140906,347.09579818718316,347.29033362803284,60.167255942818464,0.0,24.23258647187623,113.06271624002676,46.764500398466964,-100.78690927858223,1,539.2690695200115,12,12.567970893301295,96700.26695806636,96692.42438945374,96413.36652961544,96102.1621465179,55.85121655507837,193.47446216642933,95.85667523342859,99.96701981191376,98.27559782015483,95.50619980760573,-0.15511726287330116,1.454264911611115,1.7651542466393488,4.075234682946696,3.1110498275829146,1.7573224757347332,-0.19620678235082906,0.6953345296520829,1534.2639376486595
53ef8c7df436,1,-29.82658769228078,-20.721963795797603,-27.66517760751431,-33.10992199471646,-0.2654772785910403,3.5501654734528465,-29.777311110820918,-20.43809068988479,-27.509439895961332,-33.04721946194364,-0.2776604956632776,3.6706855931065814,570.6001327403427,0.23473232930763968,396.3368118645616,84.8027896238113,0.0,1.377992401107119,136.39886098781622,46.75822153834563,-100.72127966212432,1,1092.978049248085,24,12.578180435582425,96354.18360836433,96727.28485115507,96430.62620742896,96108.17001948308,12.132583506189247,168.9583111652739,99.58369706297631,100.07665524051093,98.21570442736443,93.38713048386165,0.012493722387507214,1.8820116230031494,4.047784977076362,4.0673136672526935,2.7928429966903314,0.6820355569707794,-0.0213768322056369,1.0458255933458012,983.8761510856623
c81f916fc8ed,1,-22.21106167087475,-20.7107678936666,-27.344664085597262,-33.10534050724811,-0.027519609322298577,3.137464459428303,-21.585123004699202,-20.47397659563732,-27.19943948044542,-33.04197527059479,-0.02204322010302361,3.2727119611563955,574.973391603837,449.1974457889529,448.3951711577406,81.33053886313061,0.0,1.1026712860701957,138.53122144224125,46.79361751252007,-100.770581907429,1,1626.631080050746,36,12.571621545417047,95783.2043230129,96731.45894920947,96291.73637312789,95729.9962314604,-17.852756684783294,305.8452256097422,93.67481935098695,99.94859973501953,97.96901963253833,93.50384688215993,-0.05445851338769562,1.9082721114482075,7.269397697946934,7.276008680644271,3.8096216628305113,0.6905305137181809,0.11744193849777307,1.7528821748679357,442.17374320154534
b99d14f46bc0,7,-28.769135403888228,-22.869696418779423,-26.893556090163266,-30.323661149996436,-0.7061870888077604,2.5774866974212522,-28.358948971952362,-22.41211856539503,-26.555916131406477,-30.055962792726422,-0.7173429244613018,2.6173434104688416,574.890020259896,350.551409577436,350.66181474610624,60.78020803068222,0.0,24.5102238472208,113.98424013653106,46.747685115966185,-100.71814931181517,1,534.7391004239932,12,7.637074419199528,96912.48523225216,96936.0330154253,96801.55315903723,96656.44458677014,29.667560523654128,103.70950701548031,97.33465337687512,98.65762537264149,96.9099382582612,94.73128640200225,0.16857135450305033,1.2160777716787625,6.27413443934506,7.768457089400323,6.382811414950369,5.793439979386064,-0.13267594539961758,0.560749836161725,2624.9869250855068
d3b1144a9d1f,7,-32.778948494512804,-22.913109762276754,-28.20492919770725,-32.752039856982,-0.3391669704186433,2.8891530182967142,-33.47555634927155,-22.4377236035977,-28.015711254379905,-33.443385814333666,-0.37360228948900187,3.182937042750629,571.2858587389081,-0.7092410906569396,398.1709853484032,88.52249726095907,0.0,1.5110622654559298,141.14010148139639,46.766857926892676,-100.82088235363129,1,1104.1463631675192,24,11.033399320366186,96747.1354686152,96968.75172728993,96874.83098537744,96645.47409480855,5.935975497057045,84.90661804665072,99.91725406234602,100.02362639519144,97.05265730217006,92.82112569410937,0.12210758332534177,2.11110833062056,3.8119943740983464,7.7806996314301475,5.586600468364337,3.4394519015167058,-0.1509884856635792,1.1875799826691364,2047.413497208837
1208485fffa2,7,-28.42361945012945,-22.88750387757136,-29.63715603072703,-34.42161830052164,-0.25679358883220516,3.2333725860078344,-28.130313413918,-22.404142531795216,-29.707281072799407,-34.79427983522337,-0.2912181793210585,3.6541307607301143,570.708572871098,350.5864549242289,399.4595531624154,78.13304133429797,0.0,0.08690610648062654,132.59249841637472,46.76710015127272,-100.76981498827979,1,1716.6043190154928,36,12.428977527324735,96359.720369248,96997.47505108522,96749.69334429962,96372.31170734923,-10.530100200060202,174.23167488007124,97.39181220056514,100.0210739674399,97.97651393952214,92.84461067212935,0.11155089173628414,2.1308247328214014,3.997439722832573,7.779741340839947,4.625702753001459,1.834761647444963,-0.1486688314341113,1.7125124548989084,1436.5790065767262
7423222ad50c,29,-28.616205686572133,-23.612974750871075,-27.663591156461802,-30.644494804845174,-0.5656326794673513,2.3516602803053854,-26.564150053574313,-21.39628660533894,-25.908320328908065,-29.29208118966547,-0.6078565247643688,2.6420062013778374,570.6135874480157,442.13495364314826,442.73175973639457,79.11529408833894,0.0,31.43960609381868,144.31284087062056,46.78127838175071,-100.8133795272085,1,527.9143339407051,12,7.888730557273115,95578.35633267446,95618.99201803029,95424.31967072166,95282.98359901183,21.42694712750322,79.03563221025564,82.78610706725391,90.35723729527446,84.85449158518261,79.81050928714974,0.45298000951435513,3.5869348923611053,10.254743604253678,10.52923920090334,8.373206537358856,6.227491271131782,-0.08816290303791818,1.5197904818535857,1668.9632441671902
e5144bfd4d96,29,-34.92456141574428,-23.623605634869946,-29.390539345377668,-35.233533020992844,-0.38454862591680466,3.179786280545375,-34.602914247521625,-21.427194242746967,-27.872875838286014,-34.84755293239958,-0.44004273788987613,3.736894997407714,570.4384304182724,0.6202825695295893,502.6562706284646,119.02938110766796,0.0,2.3244986512797494,180.87477958381618,46.76450171001139,-100.8107437336058,1,1099.7911801535367,24,13.409561381622302,95736.5550630575,95776.78093548863,95578.47539533828,95274.38593006783,20.026190658570943,142.5273501522567,99.06773358989878,99.96746068773693,86.48130055844146,79.77463841957022,0.4968115950280526,5.8633138266282,2.9220882007110416,10.534129274728512,7.5247101592460925,2.9354605879912685,-0.21583815869257786,2.4083090421818256,1094.6375961481988
557f2ab6b508,29,-27.784439497374866,-23.584691159098305,-30.38072030085818,-35.212239112599114,-0.20416684395195395,3.1177605481641244,-25.701368480477868,-21.394800323410895,-29.140035939775814,-34.80821315891779,-0.24803256867373222,3.795864205317258,570.2205371704111,432.2929948978314,502.7817625091013,105.54838357928404,0.0,0.33484517632286237,169.99503071502724,46.77946531068383,-100.66629613731726,1,1696.0396057883374,36,13.390065746002104,95336.06905850754,95775.7765066496,95512.11661920516,95258.27496612123,1.5739310343726658,144.02992812762434,80.67694137785303,100.01069782271078,89.02325242776581,79.95581510159988,0.3899797252847321,7.266498894566092,0.3393685597226507,10.5361987335903,5.534594986737295,0.33045236122346017,-0.2904689219334912,3.4406614078965374,499.4360885220143
a85b3a63f62d,5,-21.831211793080428,-20.513740909535276,-21.282537658275782,-22.474583995324842,-0.18861051306525753,0.7150934669865864,-20.59884445352598,-19.16000877827182,-20.328744334358372,-21.703905636921636,-0.2276707293334714,0.8827081142595404,572.0173822134103,278.14099082893523,278.99757486623264,49.59749334281865,0.0,19.932974147721467,92.98032552764822,46.78634305262113,-100.69833817495616,1,460.33847716489737,12,2.5176165481808948,95576.78536319968,95566.64452019357,95322.07580460944,95042.88232310659,49.34196293391145,169.93413631791782,88.37087924990473,94.10341628674902,91.2636020457877,88.45267500584612,0.22551371320018596,2.1752580382498476,8.027219693541804,10.54491510388004,8.555323048613108,7.572648873641376,-0.25083823277931744,0.9855717303329439,1529.8218239868854
8b1bd94a22f5,5,-24.200918077946728,-20.541811814506953,-21.716466837812458,-24.24699053732324,-0.11528289824343789,1.045839203995922,-23.33785589473849,-19.187854642206947,-20.753277451224292,-23.375719626182384,-0.12367130116030893,1.226196808356218,570.8963550764273,-0.7672618406875797,324.0513254089784,72.91569011508783,0.0,1.2751288375262126,115.58732685176084,46.73975858524458,-100.70338838981135,1,931.0515735685899,24,4.1978721998055875,96078.31398036049,96048.30482305255,95574.33766869611,95060.06294085195,45.863858461550436,319.783189214011,91.40463742042243,94.1234000707762,91.01191830187116,87.03445793881765,0.05201956836317434,2.274921003998072,6.9735614535937795,10.542464008542009,7.820181294611841,6.337056360679389,-0.13469573485098876,1.080160896017197,1054.2146214452287
8e69c5d374e5,5,-28.306813135593195,-20.495622358125814,-23.72499064896986,-30.116393830180407,-0.27482881171344553,3.1464169729302096,-26.923456699577727,-19.187660241296307,-22.777254583213576,-29.296928827527687,-0.2784287919397708,3.1952983815169436,569.61441341383,323.22894229682333,324.40173513496165,65.79319230306479,0.0,0.23033501827001046,110.61756527842076,46.74672125318779,-100.73982138362955,1,1469.2937436600387,36,10.139875525223792,95887.26421943058,96059.45687984956,95708.56256708552,95002.26840367602,29.38107542583088,336.0444264092305,85.7879185586781,94.10842061027854,90.85576299845683,85.86697335816015,-0.005731118798932224,2.1627053213760643,4.193894051127581,10.549548356269852,7.09488565304349,4.201531994686916,-0.13070258759678177,1.4481130989254163,525.6001161848632
f9a7446a2fe5,351,-18.407149118557054,-17.181971595445493,-19.51382868786577,-21.41992056061314,-0.24375500043822684,1.3992389531881113,-17.728291265076464,-16.591540379967114,-19.05465519099503,-21.07843304344457,-0.2534460402690193,1.5141656088503617,572.5853758230504,301.2756802659172,302.43577297742274,52.748979028689895,0.0,21.11829513895302,98.45370897145058,46.736490096614524,-100.78602010425928,12,444.77708069214,12,4.447846963613356,94918.4320589169,94979.69590372068,94691.8955550184,94542.10994047645,39.1908955145833,138.20897056300623,95.33248981968198,97.47001371959853,96.69706901143138,95.28858923791572,-0.12051090161226853,0.5730668170800279,6.47662190644114,7.01875078722612,6.482527234266193,6.249478210394744,-0.04875801530241046,0.26178982483695845,7569.530996832141
01b9a85bf9ec,351,-23.311852686770003,-15.882114756931458,-19.21094187180763,-23.34160604134327,-0.07940950432984288,2.1001303323828524,-23.148638890968368,-14.869307214525085,-18.74262788707621,-23.19708981423771,-0.0895092979879798,2.33952100431921,575.3928707374317,0.5840502133467086,339.59942040625725,73.70374617130106,0.0,1.078357481956571,118.21109634872624,46.76531461819607,-100.70130935028381,12,881.4294911470864,24,8.323011827390202,95104.83855016645,95150.25453498494,94864.98998853151,94508.98468338908,27.476385144327622,193.67966830233135,98.83018991259857,99.90710826870783,97.03029550585092,93.67676084231063,0.07981316237763808,1.5892283218131305,2.337881250849279,7.010987479589631,5.149662081070685,2.2245218269922575,-0.22068972627393532,1.6628532387686887,7133.905684931108
4237415c7c2e,351,-21.445872840907036,-15.953594409689584,-20.202842984178474,-23.374616799486652,-0.13315027488108166,2.2409121435822064,-20.884573038011375,-14.86949834262546,-19.740409705622138,-23.132366431083895,-0.13188900876196064,2.385163232857707,573.3676137408621,424.10447535643164,423.0937896099365,73.12795996566621,0.0,1.451114607964255,124.35099711865773,46.77537096210721,-100.75278448934144,12,1359.3364982007704,36,8.323958853854029,95543.02248935949,95542.60239449455,95021.23019353881,94554.6544133299,25.490758543396467,267.95183037550805,95.65531442409022,99.82421700299767,96.40906475870509,93.48272466414682,-0.058908002095389225,1.8213186806987653,2.4832144052740945,7.008012347980957,4.285121174463406,2.2427929298397955,-0.1608073439181094,1.818892212760663,6665.054818206446
f6ba1f33423b,27,-26.471667264544074,-26.450441365044473,-30.570057844786675,-34.101634578247214,-0.15160869371561075,2.52849016185806,-25.014953736414984,-25.000749681674513,-29.593623566441448,-33.18368517107821,-0.047811673686238995,2.592553072494552,280.7836226550597,418.1538689720681,417.63224583069183,79.47436229125219,0.0,31.137674679962142,139.7362666203449,46.91347817370998,-96.84672062919539,1,570.9004486690783,12,8.151023896519511,98833.81928181909,98995.54129673913,98962.1092986909,98866.84705719314,-11.403401555880814,44.400374172223806,85.51377607676656,95.17128823532266,90.20947717204658,83.48511295298846,-1.065066748371442,4.099884475392303,1.4290984433757432,4.84835722206209,3.6408682307884055,1.4248293510387637,-0.28954848964097724,1.028370988978424,3925.027174848554
69eaf1280e96,27,-24.48591601432606,-21.327435426290183,-26.720697379928907,-34.10849299797875,0.45901867172212857,4.3163543497446835,-23.6227564516476,-20.0514647284556,-25.637663988648967,-33.15119219037665,0.4821627800963443,4.486071058473737,283.3486175007791,0.20864326223535906,503.9638035535358,112.26700787041888,0.0,1.6716105458158204,180.6182497249004,46.89393840236339,-96.74871237602787,1,1046.6624545622374,24,13.130352992500095,99220.03662122104,99170.97233522695,98925.78468375157,98712.27436217546,0.021868237668257472,108.25750442741182,91.97769412089782,95.26653520165995,89.39918827722867,83.45041228000484,-0.14297526734456178,3.5167981953585605,7.034081518004238,7.033686299579516,4.136951655071538,1.4304165330857348,0.0846555389222394,1.4739504336707787,3460.980963323461
7f1901aa3217,27,-33.439313469865645,-21.345536323515418,-28.339017795814133,-37.758253062805764,-0.0870847258892833,5.016149459402293,-31.742265384604192,-20.053068364995667,-27.16286528791814,-36.42958592361539,-0.07370384176611082,5.019800039938673,281.3679024563374,462.83092347750323,503.86019222673383,107.0065402708031,0.0,1.2107971020983235,175.27272708969127,46.91524563434542,-96.7886806347123,1,1627.8250695227832,36,16.39507097746619,99740.73545888324,99783.8718233032,99143.13352606016,98686.28307536457,25.702059630606634,333.02865042146607,80.7281820694812,95.16644890049699,88.77668642212473,79.33362623102316,-0.14536752159100402,3.895211514033101,6.094600920006002,7.494482891057296,4.983281574692911,1.423938547668297,0.11342455931356527,1.7283793527329008,2868.025338083736
69ffb1ee0a51,50,-19.89932050860721,-19.22117719987205,-22.360457286316127,-24.03041963998666,0.3940004555363221,1.7537910969569261,-17.57140586195387,-17.079194888075953,-22.111738688601132,-25.080730783963876,0.6436023849558806,2.8665628546331576,280.95278810048757,555.3603611645423,556.712105489034,120.89783443659826,0.0,45.37860243500734,192.8022640352461,46.92862220772363,-96.81738958956987,2,479.83669114003237,12,8.011049628955732,98208.63011023348,98373.58289798613,98149.9973843172,97912.39721354569,-29.255098031077292,146.54999867931406,81.0919316381544,99.93662693426234,95.10732661720581,80.83833471320956,-1.5629992750578217,7.143444434808789,9.546032775778675,9.565434860239272,4.278881831607049,1.9883106936397286,0.34114321794490177,2.0294696147203335,1619.8147193564507
777d3e91d92f,50,-34.48539320450184,-19.204947936966335,-25.498521355271954,-34.517488325974696,-0.49181797300718444,4.46111787717197,-32.655014985754434,-17.078194097743005,-24.086889120199327,-32.64503838407257,-0.3329850353562132,4.281078683966088,286.16168567668655,-0.4087770812392732,620.9881172554013,161.87891344614317,0.0,2.6330269075826336,226.97394074506113,46.87743648341118,-96.83159207473875,2,1009.5431987441194,24,15.537116776770498,99708.87807349888,99738.8346940316,98610.93721929679,97965.29118763689,73.72117824823367,595.1034401278561,83.40674027286384,99.92905453232848,86.21686938605406,72.08985366463854,-1.2122285201175542,10.560946782027981,5.982301602150822,11.494402223161972,6.793418883630913,1.9913061771160612,0.28648922349223127,3.2545553670366663,1101.9824875826482
b33c6b2ddc8a,50,-27.011997104872258,-19.223603341660333,-28.535558304262885,-37.21674389372333,-0.46179273308849234,5.942078038910224,-24.450367812968658,-17.087259567089912,-26.904395558418432,-35.476227660782186,-0.3832589100236664,5.6662729812516135,283.5811379359031,590.8493810771798,620.2736274282512,153.75242285194219,0.0,1.785985859585791,222.19362471262093,46.89926606294138,-96.81225955001241,2,1615.7930327712345,36,18.381019853373182,100007.06840126723,100027.13479182145,99060.0321802616,97943.60679888622,72.23660141435165,800.6097934476542,76.93590565685781,100.04393543516554,84.01311156230153,70.91188245254799,-0.6283906552920787,9.457099383128343,0.12288602664463705,11.52323144293444,5.6617435318529825,0.1080261750732346,-0.06083558947283246,3.2759531968888824,494.2767549854413
c5321818e861,363,-28.0169953994957,-28.019187081605168,-31.982583191294832,-34.77641666977752,-0.047936290582723334,2.0139726697125235,-25.433672060930085,-25.39511009064712,-30.92569102015325,-33.819797163190856,0.06076369568988929,2.377282262113014,283.71462884604534,365.93841694697653,367.13653996406356,68.92095093616764,0.0,27.226552782669714,123.23235182572607,46.902960067663734,-96.8570410937083,12,586.7654892911048,12,8.410189900297077,99702.54633036625,99808.20109977847,99782.26286427,99687.84423834964,-1.2005919829327565,40.16372431263848,76.49428256019922,93.68739046325615,89.56286712979393,76.43238546999613,-0.9353564870437642,4.7579205635317665,2.5532762778865807,8.058935808204986,4.649823531631308,2.547703791002206,-0.42935608513326434,1.5744461954593145,2564.679786004924
f46025c8943b,363,-27.216589066427005,-23.117101496078437,-29.457638930177268,-34.756859263380605,0.256939355641697,3.2812514903258623,-26.842842571757753,-21.10467475873469,-28.343883532220776,-33.8056671111009,0.23721930421627874,3.812470569772429,281.8788899287153,0.7364588466613111,399.90677156941246,87.10845906415038,0.0,0.9466238692277861,140.0127903311664,46.88855597990871,-96.81832139134707,12,1112.216470701657,24,12.737813685799019,98850.41206013258,99794.91280727256,99460.4299635064,98808.92836794307,-47.08214127314085,350.7812239137386,96.8772344388436,100.01185921383048,89.11916116026153,76.57791029652942,0.13884491013003744,7.284011070779093,3.569045124253407,8.06271339199416,3.8086168490267256,1.929571127275334,-0.14208371971376627,1.4456852387766093,2034.7210762326042
7e29ed34a15e,363,-19.335373935516763,-19.31021722298705,-26.810706770624236,-34.77648518080307,0.38213114524683006,4.65576347323505,-18.184127518957325,-18.19503133490685,-25.88002315643769,-33.86715466342551,0.35911111741491636,4.764136836210314,281.52954965475857,303.5935233943742,399.6262928154483,81.265239029792,0.0,0.6757292388802155,133.6547724713212,46.91898202159235,-96.82715900194194,12,1578.1457354210231,36,15.600497458501417,98807.98612817391,99818.66731226689,99222.91317680012,98572.49555145421,-42.19087124958351,463.2025295182547,90.57532696870875,100.02460256193143,90.6865627670068,76.6256801397713,0.2177219817460877,6.427014484018882,2.382695955995577,8.061147662546068,3.595140464108428,1.9332059277118772,-0.07347870290883718,1.2859426124482205,1576.1623772838946
209337b751d6,27,-28.781928332243098,-26.1911800979953,-29.85522447186261,-34.32821406034642,-0.5492277750641089,2.6612386316471746,-27.889149065993895,-25.235033039263307,-29.23457747478981,-34.08234367410234,-0.571992288497969,2.8660372684157314,281.5102018859336,439.87587980241807,440.84779580421974,86.67341061190199,0.0,33.671909607091806,149.53046923568712,46.90874972064307,-96.82671708676612,1,566.8369148702212,12,8.852699502353923,99719.5105241394,99716.20275737662,99481.73610860422,99138.62212851857,54.0060954645815,189.7814468153809,91.1164019554442,97.33016528868833,93.71246293803854,90.32346625079576,0.1916157105345863,2.1060275620208158,4.495167910468288,8.521451616283073,5.785583046622959,4.118495065915123,-0.3987616982435688,1.527838390933026,1633.211794265915
28c2cab2ec91,27,-33.09740392395701,-24.75079409522132,-29.21408650095195,-34.37070352023013,-0.08606200944931316,2.9240883303181193,-33.12207972624505,-23.155479169825778,-28.62095182904149,-34.06948190313284,-0.11179687068878984,3.3721162838997247,280.3356340213121,-0.137970583812997,481.24276237049395,115.49765800001646,0.0,1.6846151859454033,173.9942557348097,46.931129175738256,-96.84331503040752,1,1116.397365835704,24,10.875080254879492,99431.26746262779,99701.91133341502,99508.91089111539,99127.25739408252,9.305474417973437,146.11346396756915,99.68862836418953,99.98140080032229,93.72781838580103,84.9458052799671,0.22064126351845928,4.490673933400404,4.466647259159784,8.541118830040642,5.160856728031971,3.4991935120522037,-0.1376614178784039,1.3254824314001266,1074.084479292755
30364cdf24ee,27,-24.61865228081583,-24.64219288875795,-30.633254355062125,-36.303520671761454,-0.1609601377276703,3.7463772545463616,-23.418858568634665,-23.177999541517803,-30.16502650377916,-36.156487339465464,-0.17820348597886987,4.175260045441933,281.40734867608194,450.5310228158744,480.87510356967084,106.79807047338413,0.0,0.8642014701330634,167.53041986891927,46.91055372889582,-96.82099754605406,1,1732.9400452437385,36,12.925810655209203,99036.6716764257,99718.60539800447,99412.5967438199,99019.54853815094,-8.532033789098493,187.60495873332138,90.53055355152301,99.94199190165108,94.78279313870067,85.15985676815065,0.15599732140864653,4.418024978511066,6.077601906433271,8.53703223664154,5.039274596362715,3.4996761052723433,-0.05002631020453557,1.1247671574963554,462.1154055574398
0ee3984a1658,24,-23.251049019981348,-15.133380343737969,-20.9586110765893,-23.738755413571923,-0.7364451541293648,2.6977436524609106,-21.4331230156165,-13.752736901221274,-19.682453584734656,-22.17008008682879,-0.679130821946416,2.593699451144608,283.10444564129534,408.819712417553,408.14180662814687,81.19210285519307,0.0,31.422021988613473,138.94157935255026,46.93149563179506,-96.86999901396142,1,453.9190429755121,12,8.463656932028378,99294.411260719,99263.62358764325,98955.16060231558,98355.31586004078,83.88252964060347,298.85180593132264,83.52466328697464,92.88781104071603,89.0315347514105,83.45966120564164,-0.8633470345813089,3.1507342462041215,8.602597061301196,12.168007583119016,9.965572567634446,8.605490646987866,-0.3377905680263701,1.2454574969528835,8041.784932358082
5dc9579c1580,24,-28.36429488147481,-15.108794969389272,-23.164047874393173,-28.48150167217325,-0.45127971747208084,3.4088792059535473,-28.586455024320696,-13.713908914739328,-21.917304816032953,-28.56314297116066,-0.4803071476061511,3.7281659967292238,280.26071776657255,0.6453622790274876,459.16583843831677,107.48529950283805,0.0,1.5103442535719873,164.29428072941707,46.90428860844929,-96.7493343843723,1,959.4216990033519,24,14.813831982124082,98655.8158391351,99307.56624143504,98999.60762582681,98327.85657588486,8.919306610202446,258.21608719528143,99.959677929926,99.99023458577413,89.0900613206314,79.95362830479563,0.13740810907158096,5.429454340207944,4.09402808403095,12.157478719692056,7.311789381777611,2.530270313601597,-0.4284304011968297,3.1367258806067313,7532.426605237661
23c64cb0fa6b,24,-25.282058657563763,-15.103238535811135,-25.03594756341598,-31.39801689790193,-0.33915301469977854,3.9698223614659476,-24.68019766994977,-13.741437893401434,-24.24385665472954,-31.77909356845409,-0.3955988939447024,4.629655627515704,281.5395311128203,374.78184127316064,458.37968199718307,94.68656443913977,0.0,0.03809301664812285,153.32483006245567,46.8850871575702,-96.83109793451304,1,1521.1791232101277,36,18.005592215052076,98965.03135234023,99282.84368341761,98839.15132416764,98354.56915889384,-11.013131913465864,304.91045952036933,95.03578014448314,100.09269996738831,92.18124355351617,79.94088553083957,0.3808085034529711,6.522977285701773,3.447506942369223,12.155884428297009,5.818621500996816,0.75130501123364,-0.294055687239964,3.369588571596823,6977.304398138165
5da975eaea00,19,-22.228233625630455,-20.401131765610188,-21.7802557776363,-23.00051359343916,-0.21337732796229214,0.8095616293450412,-21.397656698352126,-19.385897655127042,-21.02662546481705,-22.5672744476696,-0.26757999972072344,1.0273316617564594,284.0495035934654,412.69527213573446,411.7812845986976,79.05909119717293,0.0,30.935629389715224,138.35938543854022,46.91042315648593,-96.72913062011601,1,469.47432939825995,12,3.186303494158408,100064.46594039453,100097.80580440369,99444.89567172814,98793.35847501273,118.55792994333797,410.1186882529843,92.92494637574009,95.89511671911707,92.87258643239932,89.91031844589644,0.4538093953587546,1.9117066719540106,7.613693178039234,9.935480629749726,8.186861656300618,7.036016433086708,-0.2456258994461869,0.931624074660017,1624.620490653065
f6626af0e4f8,19,-32.0543261619323,-20.440532441759487,-23.939586102908578,-32.03195093851598,-0.43008785325348886,3.4673247088771104,-31.790220281449326,-19.395594882206478,-23.180408864751485,-31.828919082246294,-0.45021836794810416,3.7147754510104503,284.1744469417317,-0.048373844408722985,455.7701715754736,103.8838611070888,0.0,1.4197259426874382,160.40968268425218,46.90084492344671,-96.72629808890235,1,989.5339563383463,24,12.416259329080464,100480.02736598358,100450.10220854952,99885.73786270994,98795.71346652712,72.44122057039483,519.8849774076604,97.62459781682584,97.93153753841426,93.05166744233767,87.82525263711305,0.1862530626875531,2.8957602431095153,4.047092197193297,9.93483781340746,6.724581559152498,4.038959643064594,-0.2573602524111579,1.855774830955467,1104.021908079239
c1ced0dc6b74,19,-28.524083129484037,-20.468739756043636,-27.266148868633188,-35.690091431219585,-0.4890496028640163,5.618363962927139,-27.53358045103098,-19.442970495687813,-26.53970596232669,-35.12287768029093,-0.4919086816223194,5.770207308499373,284.8304671806878,422.73155813697934,455.5026600640491,96.59830869217845,0.0,0.6708198131505956,155.39484275450488,46.89119056349021,-96.80874044551497,1,1603.4685457824207,36,15.684832028118956,100373.17913504575,100555.02866978024,100092.47183283714,98789.42799178087,44.12418906386602,519.309626975864,92.46961889756999,100.03162906668148,93.08312506658659,83.13237216238956,0.01610317772928089,3.6804034863298756,2.5155867957623816,9.910897072710197,5.497799566216647,2.259132201732907,-0.2185763449363974,2.336553789574879,488.5957859982954
7f7e80ded8f1,26,-25.05809618767226,-23.48966669423929,-25.57944563596165,-27.207906901981104,-0.24546595572914745,1.1697231741490492,-24.501424444493587,-23.20261216493713,-25.29585976202379,-26.98137917202826,-0.2282451939749677,1.185011668689025,500.9143963499122,382.4353835937964,382.28320866428936,66.99139320741743,0.0,26.94681035859568,124.1535811587939,48.25435698489064,-101.29415345999111,1,518.0110039334294,12,3.802331292794875,96315.78626815825,96292.51116625972,96077.9346675478,95873.90566346644,40.947260239194186,141.28089124271358,95.20016694784461,98.47882021079894,97.25070832964848,94.92162182558714,-0.16555666210207926,1.147319641884338,6.54385160808149,6.53974979444869,4.730301504242518,3.9146601726916974,0.22899896302973313,0.8474678017680785,5110.3176862638265
cccdf36972fe,26,-29.87664477659203,-22.854490041524322,-25.742659617227474,-29.876720967661768,-0.13372723601264627,2.070631215674811,-29.999074394820692,-22.053222688003142,-25.465740733081624,-30.02893135812075,-0.14455151144949838,2.327837356675846,501.4391535931432,-0.04229155571322876,439.64861216448935,103.06628920406614,0.0,2.1382630533428078,158.63114809023708,48.26560462595722,-101.26450645708282,1,1042.1200185719044,24,7.976415512259408,96364.4278804898,96471.34544008093,96189.65117004255,95854.85621864864,25.114037831182937,185.3038209314563,100.00720636188244,100.01051982845857,96.84222177819332,91.30639724131277,0.03791182120070887,2.5688007025387907,3.6217073192900258,6.655476642521664,4.738849697810288,3.319371081529062,-0.014106237041354637,1.1445969268710803,4589.591055086879
96d9466e5acc,26,-23.409985594747095,-22.83150260727804,-26.32448838221104,-30.446457735173265,-0.08210545420480729,2.2991125084590047,-22.68936754920795,-22.074156878801116,-26.041959537950003,-30.39254759327535,-0.08059493168202587,2.5074212430701106,501.43170010663874,315.4130683345854,439.9672289008816,87.87392409135244,0.0,-0.22591112927077134,144.79410894587988,48.2601247546894,-101.21935372128965,1,1584.9308890372931,36,8.329644132153161,96043.05286919777,96449.84505813467,96167.12439392899,95875.41354208939,1.5327654294486956,176.16249922526535,93.21321604397583,99.93864598769888,96.71414217639106,91.38992943961513,-0.02065895190549132,2.466381009975694,5.559307734061833,6.633791170273055,4.040984814792577,1.5074978689094591,-0.07964329930566115,1.5325322826983023,4052.8758029542505
07f7f3b4b8e7,4,-29.534393426401866,-29.581222299907964,-32.60322510581777,-34.26165189920624,-0.04848535702872027,1.5524840788951069,-29.091306399673687,-29.046824241071068,-32.25408993583663,-34.13100701185694,-0.05482945421698847,1.6584660516850762,503.4404183602598,315.38354251107046,314.6969641436164,52.59254642494653,0.0,21.375225993734215,101.49548398195753,48.27640355858657,-101.3431841500666,1,603.4377464743606,12,5.042808685522079,96276.86831072146,96276.09307733296,96224.91192930458,96154.6572796957,-0.5860409396169038,25.996433339370355,95.95261747358789,100.04196477497624,97.58921897382596,94.79696866709133,0.14122521866481683,1.5469726580578291,5.926235841319326,6.344193130764091,5.415155159362466,4.776752313596455,-0.03554383413172743,0.5265054371064678,1493.894752765361
baa4d8a2ef53,4,-29.502837793680424,-24.001758713289654,-29.912645634131056,-34.34838649839078,0.28155239187188635,3.1401481002921443,-30.175827071164235,-23.243990808006874,-29.641242774756062,-34.101505427715146,0.2524213660981909,3.250534754198216,500.4640000195055,-0.25252676956502323,362.1243124286553,77.97209691204083,0.0,1.3839628405566773,127.0137592039777,48.25326119997993,-101.29006176508389,1,1146.1082339233199,24,10.876187448566824,95683.60135669354,96266.03694255812,96106.84013080328,95677.22369290184,-18.60019683885,154.06649944001086,100.09055356892354,99.98109002436404,97.22901325022785,91.11821947381603,0.07533670349094178,2.6972051888632897,3.4532354215551155,6.466239733258269,4.842800269259824,3.0390262695756443,-0.10641271689134321,1.0529830599825223,954.354946156592
88a9ba25f06e,4,-20.965832201107933,-20.911136088879218,-28.677817598713684,-34.324487777831294,0.24418269753485186,3.415508376194087,-20.567071964233378,-20.52845744188021,-28.58382643736022,-34.078568056636385,0.22209859876332474,3.4794064557197775,501.90937620117626,300.6617848021819,362.3674078930991,70.17085908999502,0.0,0.3468223459249616,119.97199110946231,48.27248385319268,-101.26217676189397,1,1675.2708586926926,36,13.52819595127831,94607.0677718304,96259.1730475518,95774.3394309057,94621.34889315201,-45.087794442191566,511.4230353440704,99.94475099938394,100.00157279806459,98.20480607737927,91.16205002728505,0.12183939961961876,2.5720068805473146,3.739836130921073,6.468213638194918,4.188372207509598,1.5595023895065858,-0.0996019724732097,1.3427104838697463,420.7778982245623
1ed5bedc22f8,7,-30.002475328566902,-25.652142891828312,-29.844219007430915,-32.20214512145958,-0.514531143434005,2.1610581308468717,-29.67128723513045,-25.32951497744583,-29.61111182077252,-31.975179073756138,-0.5139894551579623,2.1835953006235407,499.41043627979656,314.7852757873286,315.2545395293556,52.57969391302853,0.0,21.250878394112284,101.20055664629989,48.26454787161915,-101.35022820139011,1,571.0939166789124,12,6.674857377812869,97970.21818605602,97959.710806204,97874.85021691749,97767.94752552688,21.09757515069138,73.13016645058363,96.40012528771787,98.08777233194526,97.15147645418472,95.92797142916322,-0.05104890475924801,0.6205025598169166,5.08721852074369,6.1880232104790585,5.505890573162178,4.842036401436457,-0.09469215584117471,0.38098042789453185,1666.8001554389052
608b555c31f5,7,-30.882338846999254,-25.642949273587135,-29.319154958218107,-32.239130104822785,-0.041776383170614564,1.939771930735477,-30.99886559754704,-25.33019873172482,-29.02012279277547,-32.03129920831378,-0.047010119840511524,2.0214385483372035,499.53944399817595,-0.44792143897993225,362.98584351433914,78.16474777950002,0.0,1.4101440547318873,127.52694207995985,48.272381358475,-101.31513995469408,1,1128.5791020466522,24,6.655819656546292,97633.9974829166,98015.87074078072,97834.79140098213,97627.5596318443,-4.416415312277524,87.27445198187843,100.12090288052227,100.0251868869152,97.3442561387155,94.19190197064724,0.06743855590123964,1.6343448878025488,3.113982945435006,6.173022086450723,4.711082884692047,2.883984468725279,-0.13473568642478412,1.0434931431313936,1093.3833921102917
9a7fccbb6d3d,7,-27.742890691800124,-25.650225226094545,-30.425140845795706,-34.90305134955363,-0.13515424449014635,2.5066905719186368,-27.328253051542244,-25.304900636171016,-30.29334284557042,-35.21901971294779,-0.1508208588663364,2.7272147540252183,499.4252626245239,319.73227343611603,362.25701531069524,69.59482696043695,0.0,0.2713664396756053,120.37104499702004,48.25386692492351,-101.22982345241952,1,1741.1151628700006,36,9.896298757502121,97122.403994974,97975.67821823177,97659.61154584875,97088.10770971382,-21.390017302897675,261.7752368742161,96.61376769078264,100.00468622870761,97.95399596272206,94.2455079738784,0.09463604242102128,1.8076401834826021,4.615019777652339,6.183608685172968,4.229899016767603,2.5192409589259737,-0.08754944715712025,1.1755018770663146,485.22222993786215
81c190187c7e,30,-27.119285083000648,-17.150823926091924,-24.054585316983044,-28.39819455496062,-1.0055793374169737,3.634097864769871,-24.210331202252934,-15.515494320353868,-22.03979060661865,-26.515638459594854,-0.9275545202199231,3.456745444249744,501.3764336910973,404.19895216554465,404.40560249965785,72.05602664254589,0.0,28.71540573764176,131.94075938593494,48.258221198932475,-101.33052973748849,1,481.2013145696612,12,10.936381745636009,95680.83045774442,95955.62610534343,95810.81272506232,95634.28099405646,-25.085731630569025,88.20699965507755,73.8810013503786,89.09344247148888,82.42845941688317,73.8535173645822,-0.9653240889804426,3.9508750246471007,7.584031779444038,8.620401335646843,7.934231256414128,6.845480114120107,-0.13094155684721484,0.5417049303252679,1596.500684615641
cd2ca20734a3,30,-28.113038553771247,-17.125094958073113,-25.28527024293279,-28.376665087214626,-0.3055661260506418,2.929394740035574,-26.122136165433652,-15.512299006484753,-23.17961598600466,-26.46931892889177,-0.3094824378765632,2.879968958784239,501.70560892151644,0.18542232219728036,457.90569445087345,110.11728115110256,0.0,2.404550524262982,166.83197896151916,48.286795118337984,-101.32874936233613,1,988.0281421177448,24,10.948940056982433,95926.40090948147,95998.86245171611,95707.9292279539,95446.9717690063,-8.911494744668039,142.7248272885298,82.17086994843248,89.09522399399646,81.8507057164085,73.91408692972401,-0.08071154734855668,4.158513844356867,8.381420585888142,8.636648524905079,7.969546053687728,6.846251338017536,0.00577502888001955,0.5222618573690181,1083.7820184152365
93aa0d0cdd15,30,-29.419723078446363,-17.123199282302146,-26.78142028984843,-32.357964926159184,-0.2726960240251219,3.3268818436439327,-26.28519097467198,-15.525687402414441,-24.68482729074744,-30.764985598594283,-0.27028279737202643,3.3315276054817278,500.62116592788954,416.71901717430273,457.9361938106114,98.65622382890635,0.0,0.559203722360659,158.3192577710164,48.27640083337499,-101.30839945336693,1,1537.5987428074052,36,15.25948798091719,96651.5902735595,96682.07728937607,95947.69463231665,95437.82732952748,23.10045929114618,344.1270262397519,72.53883264349471,89.06189811972335,81.60948782315567,72.43387637514128,-0.05259106410475945,4.041174430316302,8.480442328501535,8.639200744064267,8.053933737885787,6.844891582512204,0.009589885406902152,0.4635038314488248,532.9972551878608
38cb3ffd10d3,29,-31.355717930638665,-26.216868922507437,-30.507597678250647,-32.66799180456046,-0.4838447477591533,1.9379306561974807,-28.72503249072243,-23.721309312272382,-28.290298397656432,-30.710244123025905,-0.49151529042367376,2.0734122884192288,496.0064301886644,405.51279290533967,405.5210949873114,72.23526165426028,0.0,28.895887965555985,132.65102358329713,48.31078727883804,-101.19724077453363,1,555.9932070880184,12,6.977731360880962,96609.94597362926,96613.79693079184,96459.55051440604,96242.26940633546,24.717416015104984,89.19064039819833,75.18160495390472,83.55945925019404,79.74956932417332,75.26013369103909,-0.09300207718921513,2.4871970152681917,9.170150710150166,9.440859261126638,8.184501572222661,7.1335916400995725,0.017725700276862072,0.8115399276104567,1718.3279941844771
f5c3cbeaff4e,29,-34.410273647627506,-26.251191011526444,-31.487687604225012,-34.94778031156692,-0.25329418739774867,2.258221431607806,-33.9182731628223,-23.71997846675194,-29.58591134420509,-34.1787394864664,-0.3186093883318824,2.856499631336826,500.57934050038654,0.17516576504914935,465.0563102647645,110.5926643049152,0.0,2.2316911656013025,168.66575738515232,48.27578929015578,-101.22886561234095,1,1142.0341442721776,24,10.458755623039925,96642.20063990988,96710.67694292899,96541.70974402453,96294.52051074847,16.84770457998623,125.91872448826085,98.73927380656549,98.72493701688825,82.70841277284086,75.21246456796712,0.6632381908757052,7.065929900809401,2.6455223110116015,9.439088049968172,6.8958060065089795,2.6513157538316396,-0.2380851005199392,2.1463809627306323,1135.7520046658426
dd54546055ae,29,-30.06067991206156,-26.214574481984666,-32.06107215358748,-34.97526384658968,-0.12790983606450756,2.098568065373376,-27.82154061322418,-23.70506347586608,-30.527997072450766,-34.1767263284673,-0.18875395345809928,2.8815757700016986,499.2294042562505,411.4548856798815,465.9028215632516,98.47014837560467,0.0,0.4416225017398219,158.8793770714983,48.28138611370042,-101.22856882699976,1,1745.4484319944959,36,10.434433729700103,96199.9977624513,96736.78488658952,96507.68207148662,96220.9861943159,-2.9301094979100357,152.7307080923125,80.9992346132049,99.94839778940084,86.79835382251726,75.24208387637589,0.6104255763196259,8.860193289129047,1.1963515254237866,9.433673241186762,4.990970151083123,0.7327317774774942,-0.2864944007022849,3.230645978471289,529.569676823393
d4cc447dcb0f,34,-26.45991240591205,-18.789400805057504,-24.253584145670473,-27.4192952550918,-0.8046057775724925,2.9459813501800496,-24.67998440275522,-17.975052602012997,-22.870998045250655,-25.822586531208803,-0.7153669621816471,2.6553526787164143,500.9931131432102,396.17574366624416,397.3888263178092,76.7408816083934,0.0,30.041421873072412,134.90598518189313,48.297705927028346,-101.25064494247687,2,490.9389043794485,12,7.816918160805683,95630.223942257,95584.14062899514,95431.98122080794,95089.81468500617,46.319044797404885,164.884893315999,82.232709984543,94.09025686844105,87.6247904766985,82.17393570191368,-1.00018912136852,3.5458393815036815,5.827557469417221,7.451589298737695,6.615028226035954,5.73235867942927,0.02176710127806431,0.640535083991685,7582.093494851657
a44c63ca329c,34,-23.144135175904726,-18.839921707923388,-24.103271866998405,-27.383784128629127,-0.04752444899963882,2.2028915829865006,-22.447462751166004,-17.998825569403447,-22.816295998361753,-25.78429979141246,-0.06593490730283988,1.920278296587001,501.3097200859154,0.8172826722594377,443.3776501167528,101.87287551133274,0.0,1.8363625776544128,151.28850153104216,48.26968584769506,-101.30122058434436,2,980.326235912528,24,7.816560097644944,95872.771398652,95874.3705847591,95542.88823857202,95085.06627833324,27.03118156792205,199.79372446863542,92.7517000298662,94.02593576746925,88.37432168333271,82.26237168399767,0.11097500873066274,3.781447235419105,4.529443690892075,7.449955058379741,5.77506777935302,4.293920752778152,-0.11639352433679269,0.9992436487117664,7095.768726677316
131c98386ecd,34,-23.200101806327798,-18.85377872616367,-24.05934329426083,-27.42955501010919,-0.008254936029090516,1.8217319261635647,-22.44009839238345,-17.989323601534235,-22.990792659855884,-25.80741987040119,-0.037412211374605375,1.6167061536847926,500.03544734754985,431.084968381272,443.20676497460784,94.28041548859912,0.0,0.981765144486836,148.8857756410364,48.275254267167924,-101.23479896769842,2,1476.5033668819028,36,7.824275039373873,96333.35448003143,96359.10237257158,95707.38642012519,95057.59677679255,31.563828698354705,336.48824582234886,92.64461659508729,95.0787865584039,90.2771666551916,82.2988991557823,0.2328311509591638,4.062612757343448,5.457937961672729,7.4521361426965065,5.683133535102049,4.311275791276863,-0.038243887619805274,0.865800443268768,6601.904294149024
662cebea5d34,48,-25.411652747237596,-13.938389325682216,-22.317585796342794,-25.539534807034936,-0.9908007170222082,3.814165499562158,-15.08293281246726,-8.717242473826207,-14.625807889895093,-17.87361329927519,-0.6470974570849719,2.842145112092897,551.4615736673607,254.05821592402268,253.9954485119789,61.439960494769295,0.0,22.80835506524226,96.50876087011906,40.958689003340794,-98.29537315000893,2,391.8064226334765,12,9.181356352650107,97576.96639749361,97586.61672007824,97314.72720875179,96810.16604213201,67.57695112797707,237.83875973189745,37.299324858786214,64.93656612876941,49.1396788598388,37.15474143466093,-1.9931551573398907,7.78568940914285,7.184730199838397,9.029698412530689,8.233742203410275,7.205859470104843,0.019033588927665674,0.5856135333915748,1163.4901237004658
5c1e8b718688,48,-24.245621675202063,-13.97422777343094,-22.770763947254355,-25.584167929869857,-0.16878668916032558,2.8187004515216905,-16.84046216332881,-8.668634305898477,-15.179652334084707,-17.851976827392626,-0.17626082837232193,2.154562976257523,550.8067642418166,0.578716372605855,348.29542120246947,80.18562420075627,0.0,1.1797070075081248,112.94235158475773,40.95477439811716,-98.26129936690707,2,797.1390170313207,24,9.185637370769086,97471.6765593495,97578.41388336965,97391.53988589658,96795.36920267895,19.496984367238824,194.17123508257902,49.33846674544237,64.94310557808606,49.18858098381941,37.2347622686559,-0.07136477439736917,7.053942023629635,4.642079449842019,9.030347357300842,6.81184707374747,4.639687917979917,-0.1945557425897325,1.5331990082892346,752.2314432059013
aef168fb12e9,48,-22.533743284148613,-13.937219907745067,-23.25452786986989,-25.574644383498548,-0.09803631405257941,2.4415113949806546,-12.56240982219876,-8.692574825249528,-15.493058683393452,-17.865434209471164,-0.07620331858550997,2.0572923978601807,551.3778595764074,500.7570987567691,500.9417904722334,90.70691199216472,0.0,3.099652097027088,138.7942245150572,40.95027946970969,-98.2950843831033,2,1207.0978019732113,36,9.183424570745435,97305.55549574955,97611.8131628205,97381.43939493988,96791.86401204765,6.492313272829179,160.77535972396262,39.211826159550384,64.98901920949395,48.31851178903802,37.12782014482477,-0.1624700412197836,6.280134804857537,1.934199643720192,9.042367951908501,5.542727608836069,1.5532643426010893,-0.21232008009309122,2.3000203197678477,349.05270917390624
96cef81fdeb8,348,-16.795275388551783,-12.20299864839523,-15.585734283278331,-17.721029558737534,-0.4949163683318666,1.8616383261826175,-13.31860462673962,-9.932145962390182,-13.146093690010135,-15.525835417057896,-0.4313034432883319,1.8251601559523116,553.9590498311239,354.2796274193822,355.32199898692744,71.6949045971612,0.0,27.75240821790078,121.69530132236164,40.96473834223259,-98.29375043717886,12,376.1161941154492,12,5.634321245626773,95678.73633962522,95701.99033694035,95035.34902058424,94388.34995987822,120.60941935658892,416.83134423030845,74.09866560824156,85.86262730332402,82.50614440905463,74.18458972231171,-0.7716481659226396,3.398881718978815,8.338750734813823,9.811381111961495,8.745170871358322,7.84132400926037,-0.1240488438956572,0.6275518998513593,1201.5299628034352
3fff60b1deef,348,-19.429542870702633,-12.188217685131688,-16.462833007542002,-19.486272678584996,-0.22203844529778297,1.9714653172409715,-18.468039610416824,-9.977983629906259,-14.054995320983446,-18.48932719669351,-0.268217122652208,2.6163168107821053,550.7406079384983,0.4878456963517801,375.1000579953254,86.46024908905288,0.0,0.8344562606903149,135.07003339164154,40.95533750449506,-98.33903441672017,12,767.8535891368781,24,8.54097271521251,96314.97718376614,96316.08767288353,95457.21553952029,94395.5150515983,79.76299232531696,564.401576368741,91.7223276385789,93.5973282774054,82.92510416357695,72.85814085921626,0.2384137334070208,6.28777211497701,3.837539351912447,9.813751140976947,6.983774111772031,3.2946112383616266,-0.2955626603222673,2.24003874753036,796.033216725414
b0b26a031906,348,-15.926400423698928,-12.204581966173562,-17.243138525593533,-19.73212263631384,-0.14892912603029654,2.0713633843542425,-12.538518041068464,-9.961824294167945,-15.333729380574782,-19.85031238013173,-0.20441980039387236,3.0301806141637497,552.5935674141507,452.74893713985705,453.9936597020183,88.18389526349512,0.0,1.713989438579264,142.3396478703008,40.98086649437345,-98.38117075778271,12,1200.9789600723557,36,9.910540788542418,96820.05033277774,96784.98446300554,95867.28485088628,94381.398071376,67.48106280173072,712.21656740321,75.81031477649718,100.01862868384103,85.78130699235565,72.7775273453895,0.35403490280714,7.93155374538385,2.1070783952980054,9.825074100950417,5.548763620066429,2.104147453776385,-0.24549092756184573,2.699061991956854,359.8843273545197
c6fe141a90d7,5,-19.41590208432639,-18.377374105474715,-19.825732996685183,-20.6631703756264,-0.06720766522307357,0.6880414457354961,-13.228385691933038,-12.642382802725097,-14.36352025785535,-15.418274352460022,-0.08357279625665665,0.8784977419176262,552.7462373413041,391.778950788779,392.4338225648356,72.08534393794106,0.0,28.48843457973639,127.84894740665385,40.9454254978249,-98.26678377686497,1,387.0866126258896,12,2.7824539118654457,96317.25672474269,96295.25550207829,96080.18377083886,95812.70268452761,48.177489620799484,167.65310269251452,56.34864162940851,62.81840091537617,60.036617916360775,56.353111296747805,0.04089917420784357,1.8246211535259005,9.211186441186582,9.222797140834626,8.52488430894459,7.848023782439647,0.1160814738821781,0.45466379041427607,1292.6335171995108
8d49661d3898,5,-29.361058526279837,-18.3917220885374,-22.042599354991825,-29.336227957671454,-0.4229063427360086,3.7201744920770468,-22.38287528054945,-11.628276754453692,-15.491839684205907,-22.478154103979808,-0.2966454357992493,3.2081518130981497,549.0635864617052,-0.33991607666050555,412.0149153384021,97.60720898066224,0.0,1.4917880287530207,148.97577994674447,40.966928599537226,-98.36130509502304,1,802.7425575620051,24,10.785047519902081,96727.18692608392,96796.35150666891,96336.26602586961,95805.68576942958,45.9753555548795,324.4840347075568,49.52574151453017,62.87917794216141,54.00369482952424,42.89260024436851,-0.7866670001224182,6.593849525074794,7.876799201127823,12.382370897237704,9.362233526477217,7.855497621206309,0.10746907395916878,1.2597305294599617,877.8524345070265
1372615c57dc,5,-25.330506517373124,-18.388271561641144,-23.922518561242,-29.365107873959758,-0.3237448924048357,4.107479322726857,-16.740154578071806,-11.647599447209522,-17.47717457574537,-22.910711199495633,-0.2963660840077032,4.0471749973510756,553.4224686678593,413.7435890667121,412.73096043095615,93.10508280410582,0.0,1.1248129769365627,146.95007962129145,40.96393423978443,-98.41669914558592,1,1279.320067272239,36,11.303780702417868,96525.79013325744,96810.88695485708,96410.06362868861,95852.46075305466,23.652658674476495,298.6842848129322,43.11542496548042,62.79697023998946,54.10908631340302,42.76589084792833,-0.23200481217266325,6.23206092659393,9.085792987111692,12.377799941571249,8.641532973283187,5.586528784690925,-0.04726065599179288,1.5776569372341283,400.60317693791586
5da2d5ac456d,36,-19.361664802336765,-18.863539665125217,-19.326992405550108,-19.536393011045526,-0.03271230723533007,0.17734440652432876,-12.965710361827977,-12.958766543416843,-15.264017665987602,-15.926430627111609,0.20054391230438146,0.9429243164949237,549.1273952965383,563.7900497363355,562.9692020601183,107.25670892342374,0.0,42.297088292111376,192.3085732680771,40.97480087787004,-98.39617857135292,2,400.9854852526039,12,2.9656353912879885,96983.60151587172,96974.92055193771,96776.78956555524,96484.0412038663,48.42262188372298,169.1283667583866,55.506163577894405,73.90878966023993,68.92146453246164,55.60215597267961,-1.451527692791648,5.785820666853812,8.69120903342673,10.577952518645738,9.368129516759797,8.30283363200899,-0.2012189127166302,0.7818228667723973,4001.0095251518756
6da9dbc8b649,36,-22.00843458216309,-18.90261797366356,-20.20501359079607,-22.050865968729184,-0.14488136550000158,1.1052427219126548,-18.502307468953695,-11.223058401969205,-15.007814484197189,-18.496857054085115,-0.032851129235723774,2.0853957680421433,551.9697396338504,-0.0616561446666855,600.7331625045344,137.55238451734016,0.0,1.9748611830453937,211.78446458119308,40.9698968238459,-98.3124815531753,2,792.8208368583398,24,7.257599259547185,96997.1228256828,97004.217715903,96845.56148388714,96456.48699334677,18.614343289629645,152.54269541011914,71.9814656970291,73.85665955437415,62.36241240717104,44.151095900895754,-0.690584025358609,10.27591995560079,3.8004562887863265,10.57089137133979,7.745032457292901,3.8082211491429647,-0.29118327565321384,2.156723007671536,3610.140678035717
fa944a72ddc5,36,-20.99060127482162,-18.90423622257143,-20.841959684212362,-22.77781147670795,-0.11389987913036245,1.3124090722722812,-15.86427153398473,-11.236697125974711,-16.330959165248004,-21.27767759188124,-0.1516990476441383,2.7255267912917396,547.4598160345072,392.9012435326019,600.2687442539686,113.28678181915647,0.0,-1.1969941139631477,189.1835408241822,40.960138082344606,-98.36135380544314,2,1236.3659242279941,36,9.983438746169414,96801.22459545608,96981.98976804261,96875.33122047184,96487.9471740422,6.155186614494007,127.72188526281352,60.92529664657723,85.57884065156,66.45262523640004,44.19047413408001,0.20589566793824773,11.304430364011345,4.687272938645058,10.561360123750617,6.611708368606541,3.7558716185122156,-0.20727010696692716,2.391276472314061,3168.455933846382
c33fb50fc506,37,-16.048799442287837,-9.943935582499407,-12.561873413674363,-16.05981995645054,-0.6728494722590788,2.466658405934841,-11.617939335080052,-6.2934211267208555,-9.29103938785964,-12.336236749637534,-0.6298979263301139,2.261790049164006,552.9194839708197,299.73762959770454,299.42424511008704,69.83585170073454,0.0,25.998878226319047,111.0775637201717,40.957512405417525,-98.2803455204911,2,326.71339362111746,12,6.0439980831943725,95777.58230811999,95802.6656643924,95229.04274596911,94874.42695200673,101.19997693086472,360.9148141913088,68.37031979062286,84.15418513311121,78.63655727847191,68.38404440775395,-0.5743998999398285,4.938970605272186,7.2704552394664725,8.158683143433263,5.751973631209971,2.7432730265756224,0.5358807004254097,2.122293967061774,9647.61922002996
139ce67d1cfc,37,-19.217356982089484,-9.9088757670417,-15.15222006566046,-19.58401441351244,-0.4672265044160156,3.3575882530399306,-15.028845137059076,-6.288948582064091,-11.136383234714318,-15.129805198738444,-0.37297067096135805,2.8124098446582835,547.9749318493725,0.09991694399808027,547.1429355961741,114.90908396855683,0.0,2.305191651131339,171.05655065482537,40.97914941192035,-98.2955607452356,2,699.3055397552071,24,8.824189282999837,95597.67886553031,95786.22447642402,95446.34539602451,94838.70466822975,36.43923127971634,325.17941062472323,68.12377694783173,84.1403176568659,71.70558994969333,61.85624081889012,-0.8753969766915365,7.792358941593583,2.8437043685441026,8.179004492425465,5.196493253099189,2.7470250674852084,-0.0600512992123556,2.004030898014463,9271.507334915694
2b885fb2c4e0,37,-17.233363370335077,-9.942046416419231,-16.17117649830847,-19.62736979688389,-0.25180101339885924,3.1095354164187685,-13.392717402705033,-6.3571449613111675,-12.564992708167413,-16.3072190235361,-0.26634396970146634,3.0813844652690237,551.7183731337022,153.59593899865177,548.0239670308139,99.11342121054413,0.0,-0.27240124494954565,154.83133694859995,40.949466318629966,-98.34006482952103,2,1101.9697132603346,36,10.000706886362003,95470.33680735486,95796.52428001893,95464.51366527278,94877.50528297803,12.703377908215773,267.44780148680184,72.10371321383211,84.17805342422749,73.8238666366762,61.834030722049405,-0.031719059804105845,7.283232375915587,6.360888892318513,8.156724623512693,5.063598436322705,2.7417291703107627,-0.022276394841802022,1.764556344420993,8866.87020590832
a96cc921076c,356,-27.204134377949753,-26.05375422743009,-28.08827751598561,-29.037497280303104,-0.08978696438686519,0.8877399555596421,-20.903157614710178,-20.914785252327235,-22.900607998460128,-24.3392510529953,-0.04664323783638537,1.1340525840749822,551.0811658403757,229.07656334064072,228.63585048406895,48.1692751018773,0.0,18.511594172322354,79.92616080267841,40.98197403216541,-98.43857357266816,12,492.7342258929481,12,3.4847433839338966,96316.56922296846,96379.37458488597,96231.19575236432,96071.46603282986,27.240494748979344,96.00392638699599,53.888189326041285,64.26133510946696,59.67296349500843,53.95003776749752,-0.20569359379044452,2.6732614110055226,12.534481129851029,12.859517523631679,12.259379422931948,11.273662301243148,-0.08215771460782617,0.5108191614989387,2069.96590637951
0b1426ed8c55,356,-23.97061291956319,-23.914313896314045,-26.706673650664026,-29.00219768100625,0.19433089630325304,1.6378302946537318,-19.637615246043218,-19.585002371284002,-21.5199926313254,-24.372090618008446,0.1676220596998285,1.6308040229125296,550.4683141077176,0.35929776701878086,281.6935817074326,56.84975090724773,0.0,0.4870496156249881,87.16519371149985,40.98117853665634,-98.38032859282438,12,948.7363264012564,24,4.770743923172937,96414.21330413822,96441.6466218181,96287.56779021573,96062.44923007156,12.911869321876917,102.3710880840044,64.94812882731675,65.02965920170055,59.89449750800595,51.45983217101427,0.1819210993530603,4.2006032886484395,12.00356264915636,13.554921671353936,12.45335669882888,11.284201814997543,-0.004186084909154227,0.5815776633194506,1606.6694161688156
d76b14b93883,356,-23.59660290463963,-23.632532693868598,-25.755672014465535,-29.006588291920444,0.15997347671323842,1.8741784479381765,-16.033820025191925,-16.025805781960813,-20.81751906373239,-24.36677448308859,0.13347569587114377,1.7901415827399982,549.7990682575027,301.33636452219235,301.2239951396357,60.245520812751806,0.0,1.4066094476132187,94.68128856951974,40.98191381648633,-98.3909683699493,12,1395.3206287551898,36,8.329883926312052,96653.9846464145,96670.474164476,96377.63808914307,96055.15430201235,12.967747562456056,143.625308528637,48.69268499769074,71.21671805637122,61.6123057495091,48.64813887036567,0.2007486653795833,5.670807613051279,11.737287228641843,13.57986844489446,11.951740561210872,9.81528120340979,-0.05970967666099083,0.9525821482782854,1158.5330753836365
541181aa4e8f,11,-16.491818269080003,-15.076741795749099,-17.555859816206354,-19.813007231674955,-0.265558162016038,1.5575286589610433,-13.312044569317555,-13.34369131618923,-15.85505276658056,-18.343820794459265,-0.14000202441810336,1.7234473573903968,511.60337062460275,468.12214730556843,468.12021984292306,91.15565740482988,0.0,35.4138644729581,158.13097953541774,41.997754778146344,-97.42720252132874,1,406.3104833811534,12,4.982436592651934,96899.42187966089,96868.94344595066,96689.07466146068,96512.32805545299,38.59548847332317,132.8848391399014,76.99553842539808,91.34737044195272,87.49923181919256,76.96295146742132,-1.1852289549013642,4.648184724559441,10.579831009167926,10.584342816220886,9.143544987933796,7.98822403295424,-0.04510003334188221,0.8075600791014172,1175.5966181378624
cac9855c5eb9,11,-17.781407131064615,-15.11154367098335,-17.152434873383307,-19.850028902382466,-6.402866875518734e-05,1.245479309850216,-16.931647634055647,-12.250851980206143,-15.125554643015834,-18.359268461167478,0.018564841613344558,1.834756021158528,510.74012484886055,0.35820076915855986,507.99041891921786,119.85512817742088,0.0,1.701999747223165,182.6577465051399,41.9805402771585,-97.46951996676356,1,794.5838480751635,24,6.084124803054566,97319.75222684375,97349.85584796724,96884.0042181449,96448.36317859584,33.361663524963866,233.41154428982168,93.94511210293352,93.9795486930405,85.27511604247127,73.09096557633296,-0.1505354952937806,6.773384797665351,6.841423896881119,10.822252566867977,8.834348511695763,6.829353717681091,-0.09138748676417344,1.190373611785674,783.7677161526227
f4c12a184123,11,-14.997766268751024,-15.0045415956702,-17.204075707082126,-19.838297531993476,0.0012191973836011441,1.1379463553823206,-13.251535723376184,-12.273180602653275,-15.476247593912388,-18.36195230544237,-0.021744431512294295,1.697454490923979,514.1260178647209,462.8147214869738,507.22731413967097,107.58647405632532,0.0,0.26370389787497606,171.3392302542394,41.97065933668465,-97.42720311467545,1,1204.3135264777768,36,6.0908802373566715,97701.54827152767,97732.92063173074,97135.75498631278,96468.3185839353,37.5143655309841,391.8007990525014,88.08572060201108,93.89545173841839,87.59937671821727,73.17907422645963,0.1915774986302411,6.466584902422909,5.247018744901574,10.81935346146302,7.9495902538151215,5.208570826033611,-0.1306127127625316,1.6210659327420354,386.72245764852596
adad469e2e37,39,-22.2131867302205,-21.21135708458992,-23.479410320235353,-24.691218944366675,-0.0773685570773027,1.1076362486145912,-16.69276644591134,-16.728781281535994,-20.083459669745185,-22.13077764073127,0.0978657540447889,1.724619833299536,512.7497224005759,546.6966209085638,546.4829664576584,111.75571863070535,0.0,42.806466118483,185.5995570452111,41.98587379005052,-97.36829595432411,2,459.12819460382303,12,5.406638176652118,97289.93616056528,97340.70136345676,97129.72941101085,96753.0941394081,54.46067905433278,192.24022299314333,58.76403842937902,77.86191032758668,72.22415990482935,58.63081746970353,-1.1991384273564167,5.860747559392894,4.804767366162985,7.713135852694056,6.349756232978307,4.816918852762377,-0.2829927127509368,0.9846689209530551,1120.7649820002366
850abc99dd45,39,-18.826284591670476,-18.824062014160337,-21.705919421221004,-24.698121007757404,0.2349350330793042,1.988511470176203,-14.919734260388015,-12.899739611987826,-17.16706587556737,-22.08349286775123,0.36487447807573903,3.2413115395307055,509.9971696001569,-0.14461861782114252,546.4855855488515,136.63295847231203,0.0,1.8828944853106022,198.4204776405275,41.988423040930954,-97.41310592497669,2,840.4259239916004,24,9.18604463352335,96936.44794238244,97337.67883877072,97090.1444681103,96755.13220697736,1.2786951272052303,149.20371010335347,70.16266089959697,77.8445578836852,65.47825885741416,50.22601272289187,-0.7627796623726014,9.30148224542916,3.901092215182815,7.723641819423908,5.0504772197454635,3.108206940994495,-0.2072253775709244,1.5056564178488665,733.9094701981861
26faf54a8d3f,39,-18.42350178923196,-18.443489014087827,-20.81610351387992,-24.686385878357687,0.1702231866941282,2.0780944491086433,-9.535770059122234,-9.54007710095516,-16.361472375234168,-22.085966105180972,0.2076386862644716,3.13881434275937,510.9417395711813,548.3770759179968,548.7745188569925,129.4822344686211,0.0,1.3977421759910404,195.4984095762029,41.97303073739993,-97.40881369750107,2,1235.047881126894,36,12.603815929694743,96712.30592041023,97363.10279716346,96938.42986269854,96768.74158752579,-9.781429090886691,174.47007541171982,44.76869415304751,80.01340871046904,66.66891272468973,44.74742210562581,-0.16074815323026126,9.909775380589178,6.868694780513669,7.71284163534736,5.244733479215397,3.0952447712094946,-0.031194188362238057,1.3596439231663424,338.2478064229579
85a3a3b46ada,5,-20.443771476782516,-19.726725783138942,-20.727550402044756,-21.602487295303,0.06212484182431648,0.638475364506526,-13.983099340304339,-13.959841449285033,-15.927663681835186,-16.85850450839068,0.030100018591635077,0.8854365339652402,511.91816260956796,311.8242461513209,311.4546572278416,58.81866961988914,0.0,22.928404164933728,102.39483419039902,41.9850034324939,-97.45337706950949,1,406.57516272909294,12,2.889635773725062,96757.3569654921,96747.68546776066,96574.36014562007,96375.25092567077,38.86210574338058,135.44498318366186,54.66824702722513,71.14531659316938,63.46215564878243,54.70227731688445,0.21345015880644952,4.571026234204114,10.197221960113398,10.168655177515701,8.848889000789576,8.261970889057542,0.12813061768509101,0.5547632849151678,1382.6366701234242
9083435f9da9,5,-29.21124928644233,-19.738673388825994,-23.13395406221212,-29.47253844797158,-0.41490696445424613,3.549263904326975,-23.98143674141127,-13.39794215928491,-17.51735692582092,-24.02043246032549,-0.3383828964818602,3.3016756321147276,515.7086654276432,0.43635902245487657,391.5370528052876,82.0373871714117,0.0,1.1703211868132253,127.23597945471869,41.97166773639126,-97.41518654328922,1,851.8727231329634,24,10.618565244526001,97088.96443158736,97179.9141540014,96752.11020927312,96369.36360973834,36.044461101018406,258.2597384133095,58.03045023856639,71.11926239486003,58.464057232354506,48.16001185045737,-0.5307071028925083,6.489791477923425,8.875844796198496,13.484351333084314,10.058416895635279,8.269223459792844,0.13857982117200499,1.572347113469332,935.8636520054512
22480140fd8e,5,-25.910691053561013,-19.73162566523352,-24.640716888208374,-29.504397246952283,-0.2813170786182242,3.6588919489354623,-19.504837267720585,-13.400762657593727,-19.369343140583503,-24.200740077847072,-0.297457767698064,3.9083509967346433,512.621310947982,348.3615417802115,390.9220178636713,78.53658683850485,0.0,1.0235512213080058,125.06176861234925,41.97290353218359,-97.4437375877423,1,1347.3139756296162,36,10.820289091750572,96896.9693219472,97174.95005364486,96824.40714549468,96384.03144458438,15.532826822126246,223.15914981583643,53.22354087562054,72.02030722583537,60.37087723797997,48.14040136212879,0.037115036310088174,6.638528345873627,9.4115433559124,13.453659058474948,9.374821722402281,6.229691213719471,-0.033394990327380004,1.7134785294132024,438.62463589487635
59e46bfd6e64,12,-20.317082398021956,-20.056566561383605,-21.00741570742338,-21.57810998658725,-0.029912907178295128,0.4866780120236208,-14.603945836238745,-14.612124103515288,-17.664626092454426,-19.00790089488469,0.14806997438421435,1.2888240421433845,512.5252393386004,229.7849158758053,229.80029285697643,47.734887230704274,0.0,18.381263298463825,80.2497277198197,41.973404035080264,-97.43522177467442,1,424.82559847358755,12,4.387695416519016,96902.74151647468,96936.16635741094,96670.46256535624,96607.20236088203,24.82537809810887,103.54758780267635,58.2253925283989,77.92356476127556,73.08705025422435,58.223300676907584,-1.140771147879652,6.0162712323745895,2.492964381879219,6.670276481359893,4.956370569026532,2.507245279121454,-0.3848062888816588,1.3526834004095671,3385.3410411324003
efcb748591c6,12,-18.69065407383189,-17.469461614548546,-19.635354677278258,-21.554046857877864,0.16732243384107578,1.457022987086281,-16.054606958181665,-13.151888680403141,-16.13259809324191,-18.97405976382117,0.1784497474792042,1.944339439907485,515.0267241723958,0.6988689196581694,265.93041984968164,62.0461044663965,0.0,0.7260584596073401,93.82970427340459,41.97838455158945,-97.46919672592756,1,821.1530035400547,24,5.854404174444384,97468.41871281751,97496.80496367291,96968.91361030011,96579.4088764685,46.31779633465262,333.13299913052407,78.00205022351732,78.40188994953635,72.46705526774913,58.220758269102106,0.025433632024463405,6.493155636622073,3.735796026301842,6.678475738707625,4.507437673238506,2.5130195465774476,-0.09909437054488092,1.127158881395845,2991.2600317162746
8d4e82ebf56d,12,-17.113458562762414,-17.13958785531441,-19.255509678948552,-21.58194393363652,0.10017425962765393,1.3533756544081978,-12.310309403185085,-12.255548740381624,-15.894904597457431,-19.037827123842153,0.09118963178562856,1.7751942532366445,512.1066049178387,209.68591396816316,265.0305479222005,55.12386011509598,0.0,0.07476143167565985,87.3222303504949,41.979903362634786,-97.45973019045756,1,1217.347777332424,36,6.680455580032697,97470.13208677125,97598.87668928299,97162.8585513177,96601.05495832427,35.118288359424895,380.63339912741304,66.01325284256045,84.76166458727663,73.78348298805568,58.17345539801944,0.12112716939950981,6.340004559678529,2.5292036139877268,6.662890311544073,3.8422967111579145,0.4057998245700824,-0.11171546596713998,1.4590367892009408,2599.229740608387
d938fde7a35b,29,-22.891892779476766,-14.55518534844035,-18.298751628363817,-22.892685122399417,-0.8268419792808698,2.903794515827746,-15.587194759749282,-12.754708723572387,-14.73868028959976,-16.581054505049273,-0.3509440237966814,1.3043015531363302,511.9786723509609,497.3566954801603,497.35748910222065,99.03807470492907,0.0,38.190495430429586,167.6039557708161,41.9871060126444,-97.39288087606003,1,394.50452778756755,12,3.9109339918348973,96205.55759428615,96208.36841417686,96045.43062320755,95967.02022702109,21.381751758418723,88.79575494106722,49.45940666443769,88.04296649414209,74.2242179235225,49.56491282828213,-3.539868623828619,12.71423035139741,11.427568513542262,11.416015506268234,7.623791896002248,4.569116111933617,0.7646117655330424,2.7153153803077603,1336.6831068074496
9da43c64c49c,29,-26.977748783029885,-14.548727739454897,-21.170856347997777,-26.959410978452826,-0.5072206888290853,3.6522253605623054,-22.639527023436035,-12.693846116333825,-16.204993610738565,-22.629632122475613,-0.3259151100136756,2.6521164349818194,513.523078980774,-0.5470589993515662,559.5695276629909,134.1472089969897,0.0,2.0728859805698536,198.25200073214495,41.99285774951343,-97.4235971922877,1,819.794910701226,24,9.894433866915401,96540.22364045377,96554.86138846427,96149.7794064702,95948.1742106862,19.566886175076252,156.6229322507961,63.945473431322775,88.0024864225843,64.4685120793893,44.5108657079981,-1.4132550379989361,14.365231083394006,9.223895847813418,11.859804898931635,9.09396708386176,4.549992645863573,0.24743608727698047,2.500477970805949,911.4741886039644
896d1572384f,29,-23.677278231333112,-14.544352356590341,-23.036429166052404,-28.17874076116134,-0.34812536589273935,4.0772757620454625,-19.3608827383404,-12.728901916983318,-18.506504463244887,-24.93376970850678,-0.3359515838071452,4.042202869626938,511.51443915500585,324.90552118332903,559.7047167617463,113.59428628352109,0.0,-0.6950878461252764,178.63344786818692,41.96166419694682,-97.52070225950868,1,1314.1949168702783,36,12.191124125391426,96407.43079510044,96647.4765565505,96269.47704004278,95963.54466792579,17.970441331145867,216.96750276855795,66.36967264207547,88.04546783906935,66.06232919399218,44.36226723409136,-0.2420623159174825,12.060830764931445,1.0404997227038637,11.866057856127718,7.351491413377017,1.0536122544617397,-0.14297990560035517,3.4334066558234615,428.193794125203
e9eb13d56bf4,11,-16.496478261143032,-10.969176957471731,-16.105335844037185,-18.757309825209965,-0.44558080359821384,2.28268907907067,-14.89534724430384,-9.839974090791394,-14.739929428106246,-17.70077132616487,-0.40503715566728754,2.2883932220865852,511.52858898172263,134.4108432698277,135.00131705454325,25.75644183975347,0.0,10.044783698519312,43.89256454176572,41.977534994541955,-97.44312767502433,1,392.03478089276007,12,7.875008545608217,95119.23196816591,95162.08921969475,94817.60994214469,94435.70213672201,61.77912070642217,213.20828506023116,89.00627855815023,94.94113104282972,90.52781359719808,87.5904545257688,-0.5497947641110773,2.1232842468786584,7.367416287048858,7.389323919500279,5.807366752952487,4.567058810471401,0.16035799354425292,0.9311617164527615,8622.542475519982
a1d889b08e0b,11,-17.56345751112657,-10.984945687652367,-16.61847730725365,-18.762767813725013,-0.13352528224642066,1.714394845870308,-16.850511227756854,-9.833189798303696,-15.377771195380605,-17.68738104651314,-0.16070458375968733,1.828892258639405,511.4572419700037,-1.6519669541764437,140.99306176671547,32.971704735123545,0.0,0.46931453325541755,50.283894715375986,41.980890214654806,-97.39068794695423,1,802.8814193771377,24,7.849968349334666,95154.78400550377,95319.33228300921,95003.26460202059,94438.90989457125,33.57674350982377,249.44720060196252,95.78364958535293,95.78974496547156,91.89297373933547,87.6651225443743,0.17732377675352004,2.5079367921859164,8.152854893587602,8.137425949058457,6.506260187326545,4.584440206139537,0.11416698357926415,1.0064125262611903,8224.975004884189
d0abc85f707b,11,-19.681219883141956,-10.932310751109384,-17.227415027292903,-19.678851173336373,-0.11177594728696921,1.7058753209401556,-19.086189059535403,-9.841688687345602,-16.193086417088182,-19.108959727167843,-0.1434269876869991,1.9296110714040846,512.9604492646961,363.4104692920744,364.07971032430135,45.8054710957682,0.0,2.630265279122407,84.46829249967891,41.970537329728316,-97.35708958139442,1,1233.1495960140376,36,9.245211496438044,94974.57574322513,95338.36373200096,94992.60759705483,94486.60592328425,11.480715217305562,205.41206551719105,94.86387359553119,96.92392559870302,93.21555253793045,87.6352379631585,0.18972707319732746,2.787781043551894,11.976938932406032,11.97179956785415,7.687926101269,4.581400611267799,0.1743860314659903,1.9482938592939743,7789.9775871398415
ca0ab077320a,48,-23.541289040207374,-18.112760884233193,-22.179006996725832,-23.81713577783398,-0.4997421075377569,1.9277484995091965,-16.330890131631083,-12.336208995762881,-15.661491476434778,-17.60075175449081,-0.40169495119535154,1.6595723918431378,892.1502085879746,237.5917627276234,237.32418850474116,50.30021669270327,0.0,19.14543091693324,82.58557246989024,41.12956825094399,-100.6650226528313,2,403.8302497559494,12,5.191151571713488,93234.61865530832,93259.65311681545,93046.32877021993,92782.04970348816,38.57055567024007,139.27129472183523,50.356008780160785,60.330915663944175,54.289577079729135,50.33256795499691,-0.7068303304054383,2.73709845446298,4.087863151830402,6.24778935071698,5.184339386078809,4.092711800704278,0.009561406424860733,0.738669085341634,1897.1156414141735
922a531a2a58,48,-24.65155254713076,-18.09571427395886,-22.780437922168556,-24.626225048526287,-0.1591503854804966,1.5730192089942845,-18.883970802389506,-12.381485708685789,-16.49540571021619,-18.9001340934241,-0.18963325559934627,1.6160234566845297,891.6096430757873,-1.7154214370653784,270.3268346437876,67.014391327445,0.0,1.1508095771535514,94.61547309432221,41.149631649570196,-100.69088811604485,2,827.8160691743727,24,6.488103670671729,93211.945820637,93271.81517462265,93122.42225140485,92796.16154004406,13.074782910253376,120.54837209353589,57.22752338962238,60.238913728322565,55.0503475431768,50.24707366280973,0.08391853427884631,2.7635127225415963,3.169270753588613,6.266363148721374,4.344155306874122,3.1115061641979227,-0.1029047597993238,1.0065475814568678,1474.390728404181
05380e9ca2cf,48,-22.870083829442592,-18.122476747558203,-23.305211858074745,-24.84700042740565,-0.10585946589388749,1.559001122457353,-14.912269413250469,-12.353686658560026,-16.960901563304432,-19.123195948236184,-0.0985522765702558,1.6659669081292472,891.3223039908698,378.08177770395685,420.12162946889094,76.51059696852684,0.0,2.6249158187014348,117.71685712699053,41.11867210966859,-100.60048871020659,2,1259.407928093625,36,6.724274830240915,92911.33663537123,93232.26667035487,93099.95006188893,92780.42569120401,1.8136571543882638,108.61102008584108,46.62919755439788,60.269795980140266,54.468890629290705,46.63924022263801,-0.07352276285112098,3.1263952347795976,3.901763844045533,6.244127962814868,3.869134634800161,1.923426815780749,-0.08143380515223055,1.1236049317444876,1044.8725580981502
04521dd12f49,10,-15.729532780347625,-13.647447608255458,-15.22081310274912,-15.811449659669904,-0.17571400526260766,0.6702065779070974,-12.313730474033584,-11.0430708699497,-12.529078696114894,-13.310646442741895,-0.133226151142895,0.6364622571929324,891.9957081897714,111.89441320321819,111.88042114664822,18.741590112144586,0.0,7.534269434807393,34.893575765744224,41.15616382605943,-100.69230248595441,1,366.88550022775905,12,2.2437790656275998,91897.50782695277,91934.81478025432,91660.33795804853,91383.55128084298,48.86714449403537,168.5736700168246,75.58787106238579,83.08737912631926,80.96530992161672,75.57444820832946,-0.4693737459934582,2.0213481954174624,8.880705864321758,8.878272113015974,7.911286417619549,6.5774105880484175,0.16857602858422785,0.6746818680514352,2019.956870438828
7470c213c702,10,-20.65960567657255,-13.616536527912052,-16.545197545776702,-20.663019493544382,-0.2615279899277663,2.065386491500877,-19.019895943395632,-10.827040347967628,-13.61504679438093,-19.028846042869052,-0.2665755403726363,2.6351689952655715,891.3055855074164,0.6676445772929398,224.33951074687613,36.829891022862085,0.0,0.9327884364817174,61.02805890226535,41.13057867340859,-100.67264399206518,1,756.7687743735595,24,8.234091068376905,92283.42603128076,92237.17175150156,91846.26180052127,91396.14356505603,36.54511539999943,256.71049171646354,85.30021852761864,85.38236750009955,78.62330356729613,67.18049203724593,-0.12931335274249522,5.592076370349325,4.485459798527692,9.402000744649861,7.320303356510997,4.47940728034133,-0.1205846422873546,1.6377107214652737,1634.1398866661352
550e607bb46b,10,-17.061659582112117,-13.61703971759244,-17.66481187055185,-20.66603605570906,-0.18958429061235596,2.4041528997736723,-11.771900362087157,-10.844765413474203,-15.230893702341863,-20.452578100714607,-0.24018915877250946,3.513084396458285,888.2013355633262,461.2891575125944,462.55440749843683,53.20747245198444,0.0,3.3596747053757716,104.5157933196667,41.14681839466245,-100.77471998396825,1,1196.7863389963147,36,9.597545799714005,92619.18688429218,92610.07935914648,92017.94202373689,91423.29739229042,32.919393061814255,346.2701933294562,63.04235687894686,99.09084014570992,82.01459363268029,62.97914277654767,0.29471093600505754,9.21884143055043,8.033368120562743,9.396743021523589,6.462848714611395,4.070539458088994,-0.1208205788608605,1.9385184222606222,1195.502083832958
ed70ec60bbd6,60,-17.874118256438287,-15.322707870170468,-16.912049224585104,-17.87664495807204,-0.1778530661748519,0.6745733463348766,-12.81677870003212,-10.307193332114682,-12.391411598515859,-13.131478290138828,-0.1373318750317353,0.7806870162400793,890.5982732927163,159.0596616698541,160.86113920431401,36.5214161130508,0.0,12.889651509054628,53.968583576236504,41.13261904455522,-100.72477635919813,3,364.420494555079,12,2.7859055322351107,91946.39904858184,91942.62724016384,91719.12626461992,91569.10243505819,35.685448791901955,141.44109517740412,63.64344111951614,70.67367975227334,67.7469497767069,62.68547080215661,-0.3575589773210098,2.5657028608607213,6.460978965371998,6.698137373461574,5.992134567835536,5.066893742591575,0.08329080538103999,0.5500012282524341,1219.3003220265432
87716cf1ca1a,60,-22.808599611836843,-15.332880512803424,-18.54462445523366,-22.812682562938274,-0.285545802557512,2.052898211011654,-18.948913588253582,-10.378881144283204,-13.85907922629194,-18.90134455504506,-0.27836249194326257,2.241854241219248,890.4289614392675,-1.5362192197215618,270.8134699524839,57.27157252179589,0.0,1.283364060285304,77.57217134289286,41.12938046178311,-100.6809152453466,3,763.3755666056603,24,8.5839772449349,92359.89589549626,92378.08997478292,91904.5793803138,91563.58260742648,33.764790147768316,246.37976839713986,68.68216972368977,70.734319174979,65.57707234683153,57.414021555473944,-0.21008870632072102,3.9509504884319955,4.7058312830086955,6.705936647565806,5.851716662179143,4.714792903925491,-0.014703039871966946,0.4996146983143341,816.8235087242049
b6d9b3d83bfe,60,-22.159143543355004,-15.32396857506842,-20.393627991380303,-24.999304074835603,-0.28523465085015937,3.128298532965004,-15.311939960064782,-10.35141770931458,-15.650604051862024,-20.863260251458158,-0.2686405687317608,3.2844663909636047,891.5904764048059,340.7236393720698,340.76669285350044,63.65223165616506,0.0,2.1603648452794033,94.03586022692356,41.122311350097625,-100.6344907329558,3,1210.9404763293949,36,10.500628683889397,92499.0488010534,92496.7440643663,92051.73362147156,91563.1321738547,29.821513907551527,320.3331587495138,51.68188567878899,70.66835676094865,64.79458684987337,51.68975608033154,-0.22046244897003528,4.912778073889242,3.1449359142955404,6.715814958998276,5.12743284110047,2.649808065211215,-0.0902955196973373,1.1612123749680952,377.78580865809437
3389f8e5bdbd,38,-12.837268558516191,-12.823066295500334,-13.99473643058176,-14.579220845068377,0.027711435680642937,0.44073991153376973,-8.782078195148552,-8.75458972661177,-10.896760839572115,-12.160132084775766,0.0071432436342252536,0.872731890286318,892.4043203435903,92.90317867859453,91.71512002483131,21.08513628598157,0.0,7.950073240584694,34.00667958705235,41.127704440965275,-100.6525528082852,2,346.19574284020047,12,3.3518499020204278,90818.05617965675,91075.8392653193,90928.55984314067,90840.04378566498,-10.654510603726893,58.29635575211467,72.93075891225611,83.55014839435968,78.80365591730121,73.07867543106428,0.19869528898020447,3.2764530180881373,8.025138185335255,8.229306397050227,7.7563486296975634,6.728645222820017,0.10827270717858538,0.42424056246444825,9289.947811887489
3c08371b439a,38,-18.926209745307794,-9.829822738901434,-13.971341337799215,-18.962113847032516,-0.10023281892883362,2.4358111197152894,-16.79490623232045,-4.719500537845923,-10.7384268814863,-16.79257805949526,-0.1336639671157833,3.2551379780806124,891.7868919156192,-1.0491344590031437,174.28361347364438,35.97159168113052,0.0,1.1452435198325266,51.63379624406809,41.13814256587211,-100.61865859929749,2,689.5788045474503,24,12.0322993940219,91541.11409253413,91575.08279055417,91022.70040424618,90674.73671585506,23.488978294425586,269.2641100695513,81.78732506229234,85.93769575215035,78.36649234021661,67.42750474904203,0.16725380276312043,5.464745106822746,3.7343763561037084,8.230012839169502,6.527968047496288,3.7199828455455046,-0.1855350869063185,1.5425719409761702,8941.962207233484
9224e8e3fdbc,38,-18.512278346015215,-9.812110818673538,-15.968876096909556,-21.33926325281275,-0.2551567058438235,3.5306540737755006,-14.5305436281945,-4.742171541569443,-12.804354233257598,-17.976029647331984,-0.2598202893216868,3.9945686990905815,893.0724224142762,495.7852605683408,494.88965525945207,54.746094164891,0.0,3.696457117070858,106.3864631703639,41.13389175618121,-100.6507347495948,2,1109.4983240878569,36,13.225905062306095,91481.42331031898,91621.52552012267,91189.86530054151,90693.39344513435,24.114308235076972,317.0989737042204,70.05253621530984,85.95452129478798,77.21289009813843,67.3499224013497,-0.13483064154146396,5.5413140948160455,1.8248838508313057,8.221058930863027,5.324729997127614,1.826975252255294,-0.19604923044513473,2.157769493808057,8523.791327284669
cd1f4efa694e,353,-13.637970752208817,-8.983628257072688,-13.57588875674034,-16.658870277460483,-0.5746679871570105,2.6220113938167473,-7.773774107251765,-7.679445738756355,-10.839329436036124,-13.810857782342772,-0.18020280563403512,2.1334277442016973,890.5103363963509,292.0618027999911,293.8807867270329,54.99390750208381,0.0,21.626025437595292,97.6294874914795,41.10265677112096,-100.65462395301829,12,345.9431926274022,12,6.085452434428517,91653.89988107764,91654.29351180264,91442.98676170623,91253.30468220593,40.820353798554606,143.58319496798038,61.98568789971836,96.94485379333159,82.10056450851931,61.99124787210201,-3.0043182558808303,10.63765048143817,3.213364721670994,6.547738676657318,4.601527270753275,2.4602059611361313,-0.3323164218298385,1.4317451614398313,4228.884044227528
b4bc99b35810,353,-16.43583759756546,-8.961672906062482,-13.298902299302966,-16.689286415087967,-0.09529121403560586,2.278937579358595,-13.875970936589301,-1.9310251235949203,-9.530631082310379,-13.871657078874241,-0.00022955789527064996,3.754414769439945,888.403880608483,1.1575969349656892,315.1029155709874,76.05083761155302,0.0,1.1983556314309325,116.06441429617452,41.12272558687705,-100.70214982564414,12,660.2715405934877,24,11.928700127440317,92495.55383527373,92444.32291664476,91680.22919351018,91243.71179472317,53.14924699101436,382.796438500564,80.83693490309062,96.92312285671395,76.01075359300421,48.2944859230154,-0.6371146552128505,14.82336179288862,4.389850857691394,6.558349027920859,4.737781185046883,2.46181311153692,-0.024502723336721828,1.1037772028775867,3909.012195790801
dd99f7f994e3,353,-17.394083844273045,-8.975927068216462,-14.840487168397829,-18.450787665349377,-0.2002694591167428,2.8618679723501073,-11.484166128778645,-1.9446793180555235,-11.095224072196622,-15.334791575761754,-0.1718754609441847,3.857384327883199,892.1620941025154,364.7937491862678,364.6616454043866,73.94157179450926,0.0,1.0795097652210217,118.26780481351895,41.14014741562154,-100.66079302087259,12,1047.319789100803,36,13.428491489326817,92705.58461306221,92710.14521912535,91992.00998927662,91242.2791692859,48.99577916988694,520.5953209984098,59.61521768698018,96.98434809984765,74.98966868629913,48.36104972315157,-0.3431055392015173,12.566602208640957,2.286821547934517,6.558985088662402,4.19010858284727,2.2938043997485593,-0.07438968345148438,1.2556306447237466,3527.2006655678006
a9ea08a1fc30,11,-14.16461997936793,-6.424397523512437,-10.489540326996478,-14.142544265549219,-0.5679094612282363,2.5615782252452424,-9.548939914759208,-4.883435848868707,-7.070093498743388,-9.560911514688394,-0.48748864773814615,1.747331649999135,893.3530726666938,341.28986021426437,340.8495667824206,60.292587255223204,0.0,24.140754829503884,112.22897200752219,41.13568529175837,-100.65941902775968,1,302.61118300561253,12,4.622755870435813,90470.89686276282,90491.74682620425,90091.55150748497,89938.2567011731,46.33170284936484,177.46455323290016,68.6776380250624,93.52704367415215,77.65120397080544,63.586390412247376,-0.7916608109769191,9.051453378314038,7.886085248522408,8.534410061270615,6.843011259592103,2.525577231962565,0.4948641554618115,2.0725137504049913,4617.554977247501
bbe455be6957,11,-17.099234212117782,-6.4371331956738915,-13.244622032190083,-17.0672914915336,-0.4452529896230694,3.3327603542361217,-13.182895783755303,-4.922969258844649,-9.473509095652776,-13.196099803738793,-0.4042872366545556,2.8441165833901483,891.3703490625412,-0.4612578842425964,392.767979381692,91.38526752345591,0.0,1.8122705524192761,142.68010000488593,41.114634815781415,-100.67484608016704,1,658.9130955838335,24,8.25666949407866,90805.29023069248,90831.94572117287,90379.66410587434,89946.49235529648,45.94826512784525,324.5222800881758,71.66332453939106,93.49585049882204,74.35702176912154,63.5781536451867,-0.484341584756194,7.263696422653835,7.820134052707082,8.636086131338432,7.431322736109086,2.528688943898428,0.13997680395165107,1.6021985168636037,4270.170638579802
cebe335202a6,11,-17.24270702571895,-6.446161141328075,-14.644244551068693,-18.14431358658406,-0.29036346557660125,3.3761390977812376,-11.261848703527942,-4.929130558535967,-10.821223548733835,-14.849659104994517,-0.2648238817499748,3.021655498882641,894.1203578900428,440.4379942031336,440.3030035391141,88.51700474680383,0.0,1.3786781919557778,144.47411984012146,41.141791845351975,-100.70323648414946,1,1036.4672369285604,36,9.893253408633894,90667.89696555269,90831.53542259212,90470.99444499084,89946.5230511815,25.695122089935474,307.69304302032253,59.110821309138274,93.52161026108868,73.0416070232209,59.12423438527227,-0.31723697426891784,6.819004316151937,6.41612014926402,8.640041251105018,7.184641504205277,2.5259821465454735,0.009519635769395263,1.4086034894594324,3890.700514881363
39114845ebdc,14,-23.577836726370894,-21.426139827093976,-23.704100791710996,-24.979439485270216,-0.24526460855286608,1.1067990373859575,-18.92599325255319,-17.796621986409743,-20.45828063651664,-22.614753565284897,-0.1815858721221176,1.4718599680775513,106.1881453413065,424.745328348308,424.4902748986292,97.47386386778629,0.0,35.898469925522036,149.80441428691043,43.18409706598992,-71.46763574475833,1,461.898713368263,12,4.826601602907982,100610.42460330743,100774.82268842324,100565.30046399309,100259.69458898333,39.82464324891329,150.34162829584935,63.686633169260155,79.8790799606727,73.76931107720382,63.753694832147914,-0.4775073337326624,4.848944113506224,4.20504552818809,5.8089270419435755,4.732869879344889,4.117739036875824,-0.16528282264113764,0.6056371577282536,2207.263784600206
e7c44ecbb7f3,14,-21.972372508941096,-21.446412143247862,-22.965349532067247,-24.96604095065436,0.05653124487020924,1.0374658750493857,-18.60371844576324,-17.4819404922951,-19.502567889873102,-22.62683746589365,0.09063847203676918,1.4947528255870506,108.47671989857791,1.6712887131024505,436.87541495264037,98.5018115293201,0.0,-0.011469082742426728,152.95403339324562,43.19610238737757,-71.47652071753971,1,897.3968064763735,24,5.088488016608393,100112.12223888034,100765.24095901907,100403.82138480723,100082.39096422557,-12.588313303810791,174.9486443620743,72.36059302725062,79.79742768408703,71.32265398253621,62.357901410259174,-0.26652658187950284,4.752773621042745,1.880745642880298,5.817799474818348,3.8294565309833497,1.8708531495113414,-0.1604291102387748,1.1390280857010033,1775.4594870380706
d349b81c43a9,14,-21.51147351719354,-21.27296018003326,-22.488083458109028,-25.017458909756957,0.07434901529816271,1.1106576272334976,-16.566705145514216,-16.55880101232277,-19.113916822053177,-22.612536377413615,0.06904559150646437,1.3798462017032131,105.63676049632912,387.52812274423803,437.28191959609643,94.49966346177719,0.0,0.7361667138430689,147.3721979446891,43.208954840136755,-71.55196328811762,1,1336.023813983227,36,6.054457981303041,99579.98739413709,100740.3987418157,100234.71578347306,99567.0050952014,-29.337250639051412,348.6393224545697,62.541428863874515,80.16965763147556,72.50026601408956,62.56387713225063,0.024589069540544423,5.22333574080545,4.173919472268144,5.805592916562777,3.470429467859419,1.718306253716824,-0.07701049249524244,1.1641161946795449,1333.0131039074583
d88434e03767,18,-19.466447940900547,-16.705167282890148,-18.64605301110603,-20.226787983554257,-0.3309417215947966,1.2235805245594944,-15.280625767703246,-13.598695474362346,-15.551642172379607,-17.163041451742572,-0.25926561079812654,1.1677916878880579,109.1155601535603,474.637788459512,474.6237975771422,110.444929815766,0.0,40.606953969945096,168.99228070229063,43.22540357903807,-71.50891287951823,1,402.9230762984875,12,3.557168219014557,101626.41991351629,101625.8298014019,101287.67666336578,100952.86006965973,68.19872714619706,237.1301636890623,67.94601455162451,78.74807085027743,76.03884122765432,68.00790538419334,-0.739913783516784,3.4040318061782333,5.238211528182599,5.22066471752883,4.847915814305343,4.44514772561781,0.07826826972967695,0.2730633987533856,7995.70802731226
ccb241eb0f81,18,-22.107724023903273,-16.69887887925704,-19.384491162533365,-22.192585814347698,-0.18541206052763687,1.5623698412527178,-20.917415621610814,-13.627428116587994,-16.58155893357859,-20.872187470980606,-0.24732599715749398,2.246364315539324,105.57092754019294,0.06268165069429583,474.04405148783803,109.47406808028816,0.0,-0.06514333888139191,167.75323308621938,43.186724349739016,-71.47080433836379,1,826.9129249838454,24,7.300482409429443,102169.18716793426,102135.05705366151,101626.44105141508,100951.9309981915,55.763732114887056,389.6146205940593,88.42373267098334,88.35754564358228,77.49196239017654,67.14247794013168,0.3709253735168812,6.292662363304669,2.3366629192332153,5.236835426791239,4.380765443520583,2.338352211877859,-0.08475279173504596,0.8623124799556499,7568.145619165084
2cc2b30c31a5,18,-15.900967533980669,-15.91395916270118,-19.74044564092893,-22.2201135945096,-0.07291231383326813,1.7465712887798828,-12.716164468185802,-12.750656987831002,-17.250418498144693,-20.878091617579834,-0.12417980022778603,2.658391314467608,108.03786346934676,201.00033637305773,473.9836671925,89.64883901741558,0.0,-1.497650205944364,146.69391232489926,43.24566748240465,-71.48779101785505,1,1268.1486853076094,36,8.182628214508078,101259.09945411487,102167.18043938275,101646.8362276324,100968.2574554724,18.447475139330493,356.8447831161446,77.54637230472595,95.22653402873276,80.23918117387431,67.0677503245687,0.34452636809413506,7.932328929131462,2.4017603841568524,5.237670864584117,3.386556348142265,0.5408695550976964,-0.13365383122792676,1.590003863162334,7129.059557784231
5dd76a75434f,25,-11.34794943506862,-11.388063838956423,-20.367048749850813,-24.440817807833078,0.8731999935717297,4.266705149903495,-10.749288249154827,-10.719747791284467,-20.67882089652916,-25.042057122553697,0.9607849876777866,4.684468714860654,106.74039987557111,489.50925496138086,489.78452494289417,121.20696571371194,0.0,43.81696534664506,180.69479238024246,43.206496290431296,-71.47778232940558,1,463.786069513465,12,14.30498320413606,100986.99487845882,101115.37591526953,101056.13744200868,100921.16306961671,-4.844949527541834,50.59216070416765,99.21109187320467,100.05058832979509,99.90847736395074,99.20049755423564,-0.03615492124408441,0.23931262040787532,3.012562784263915,3.0115081437399884,2.5391524093751574,2.2295118224775297,0.0348553713947332,0.185434860415361,1064.9589493855494
8bf72eb76d74,25,-11.567601841711618,-8.498098512911795,-15.17630859750108,-24.444935281343746,0.7300730563228506,6.051284505125574,-11.022594438889092,-7.816376760953234,-15.021833438407088,-25.064395045491665,0.7968794449570562,6.5680457142712765,109.83187118592673,-0.08707606635145697,495.2154053883917,118.52506588296387,0.0,-0.1731763031018185,179.1752071241042,43.20813602298564,-71.57913419161422,1,791.1884800234133,24,17.180932747758824,101155.40717577172,101191.7740809162,101066.35070887757,100890.57269940527,-0.0867678588504374,84.54074965536344,100.02673167347535,99.95928803323174,99.66586327867837,98.83684221792055,-0.02529715064867266,0.39500849896294515,2.0825888987663594,3.3111943921128875,2.580475725715901,2.0801044672440723,-0.0034980088859616247,0.3127943174976238,733.6514932103923
be9c8e6feb4e,25,-10.518886686604686,-8.470528720166396,-14.970974131917641,-24.44768533289282,0.24240028658928375,5.098513718990644,-9.71576395377062,-7.854211801817561,-14.726313494804423,-25.041221041315247,0.26665764817385323,5.5519977119790775,105.92523557329132,476.89345361185946,495.6401827317014,118.2813763238061,0.0,1.5453566736872029,177.87500520329155,43.20951601315369,-71.43275498869598,1,1177.4425126605777,36,17.206837741816532,101557.08629395092,101650.21833271434,101205.05206158868,100927.93751023794,16.606450603661084,220.70391669536883,98.09915881232308,99.94827286681466,99.73578508968946,98.13975985160003,-0.015298633587904112,0.4748460029973975,1.016511179470961,3.3117378344578436,2.3337207127880997,1.0130915936589429,-0.03122208932499254,0.48645370286861506,349.637351051686
b662c5cd2b4a,2,-7.424991451824938,-7.437776136804924,-16.182445983873308,-19.418050097959775,0.7932657428577959,3.968982217393775,-5.270616454383952,-5.272369084758529,-14.95903246516897,-18.39284839670863,0.9631754685109206,4.4788598169378675,107.82525249723687,313.5444338650189,321.70045823480046,79.34411153152301,0.0,29.034229399760207,122.2678322876782,43.23036091999425,-71.56964686071937,1,392.908045298937,12,13.121995201352744,99908.22825297707,100037.45390542518,100007.93021931824,99902.1653891966,-10.439653275252189,39.65223602563593,86.63617505766891,99.69062364393872,93.2734362067305,86.64886997396917,-1.2987698375643144,4.642951916871151,3.1789160142557713,3.180197985463938,2.8183943444264976,2.538389908377619,0.02364626828728343,0.16971590068098608,1135.8512560949407
7ae490ee67ce,2,-18.391799607191192,-6.7117210405029875,-14.440892971394133,-19.438559181370326,0.17267992411292857,4.32203983327846,-17.06860013373484,-4.471936797933567,-12.845727192425924,-18.447655472775416,0.2281444115484325,4.870584986487269,106.76840521225672,0.26666066230156094,321.0219972116391,72.2930755087499,0.0,-0.3016127523679053,113.66604569859686,43.18314654871697,-71.45693356979565,1,741.4981079450296,24,13.960283656655792,100709.08646586286,100733.04833226917,100197.72468406717,99929.62126962592,33.85311303280136,281.19259935131447,89.97730898104477,99.6752431678064,90.1308105220754,84.91141213550506,-0.4839448705125006,4.593807834449352,3.371854319400576,4.168643191927517,3.296856785647619,2.556613305920515,0.05327839425319747,0.5153392487530984,784.3524717523019
92d3d1092db5,2,-14.007215311572153,-6.741388904265634,-16.260377931804655,-23.184629023918223,-0.1377249372370979,4.60904636767323,-10.72895581785312,-4.446485809934057,-14.658456605403712,-21.938336558862375,-0.11287691180426362,5.136527807962731,106.27050949897179,340.68116044957463,340.32183177745503,78.73674561795667,0.0,1.8428040068488216,121.92627801955095,43.20215467209343,-71.39234290265574,1,1176.9476150483824,36,17.474967750798328,100546.29074781828,100801.55491611738,100374.68769412494,99896.10430465738,28.879010554185424,338.452980954458,77.74026131313494,99.74314079189737,89.40897724992452,77.55059452330721,-0.28117047478507395,5.038678053517821,2.2452642016388777,4.173343055815926,3.1192425177880017,2.227129479285687,-0.007670837593123556,0.5293027724937234,350.61841701219873
77b5b1d94ee6,361,-12.59602203369581,-12.623315266747952,-17.06337370816769,-20.26426717883923,0.19168525621161736,2.4116742212750184,-10.282966205451004,-10.281060947342631,-16.101185695869642,-20.246177663601348,0.26701228181727105,3.0531733888688217,106.8504432555056,379.2253469248226,379.5383303492045,91.36373096909614,0.0,33.495065371566824,138.95680822613673,43.19527202625945,-71.46593332983251,12,409.73852690835116,12,9.950826762127999,101689.40490108263,101727.37093356435,101614.54967306835,101485.92091063834,22.14028511791683,85.23490192979502,85.1882833991758,99.96310045984745,94.9489401915824,85.07090534239727,-0.7371828941134952,4.439358851471807,2.997637534473882,2.9818784003320076,2.7324844292630317,2.4664104938324427,-0.014050495836669437,0.15777859545885375,3925.2814634003066
b833aeebe45b,361,-18.236872230820303,-12.086353835467673,-15.718904231563359,-20.236520948783557,0.12457208722275115,2.5825926364506335,-17.579203555009457,-9.768352258945852,-14.643436168349059,-20.235965876736543,0.1211000373507525,3.2018389781333205,104.86586654752588,-0.8410247521412118,379.0485382409687,80.9324879762173,0.0,-0.4287153894396846,126.33983071373156,43.19093707640359,-71.52156059040404,12,783.8194743865432,24,10.470560473408801,101597.6436264482,101737.31198119579,101625.05203048394,101452.15628964969,2.172998702021503,72.13358433529677,96.67061864564357,99.96014518111718,94.23710197858607,84.84529263365621,0.008318526807494198,5.031397676185243,2.602085852889353,3.2080885729601816,2.7415353787442736,2.361876832743789,-0.004725633905663017,0.1980381906468202,3553.6061347961945
53c903d58a63,361,-19.545148071720423,-12.071673599072252,-17.69017496186065,-23.209925268014675,-0.18233822711064693,3.5767179816335464,-18.400982179511328,-9.789213973476722,-16.829087822816632,-23.03476864860884,-0.20079986541183212,4.148686670857083,105.50648077130916,417.9727144464946,418.6243315743436,86.20336653714358,0.0,1.7162303834916162,134.57130032040826,43.20458136516203,-71.51339734126327,12,1252.4383111006834,36,13.281041919793623,101533.25983314219,101735.79923280186,101594.19920624694,101465.17635012328,1.1615904635597478,64.24330771799353,89.15907758801237,100.00202481964695,95.0715787538071,84.9213762951241,0.06995814071943554,4.807398750087857,4.76033239230881,4.7648605266527175,2.999247074142134,2.3695939823256427,0.0355454350641305,0.5550347855245565,3078.63883441947
6affe93fb5b3,34,-19.909253731945412,-5.557061091383903,-12.746725458681752,-19.94335885254558,-1.6743127438001981,6.0786523958366105,-14.543920374410371,-3.651564722246748,-9.536480764400377,-14.523267684086342,-1.2864214760585995,4.747768349849919,107.43829331440385,510.42086838987035,510.26244085055623,131.36173962202182,0.0,46.70789423417328,189.62963860829066,43.20923838534182,-71.48736796710526,2,331.1815038784105,12,10.93629433824916,100014.39097434655,100002.84955558059,99442.63951411865,98915.0869051601,116.02114378221606,419.1402135250381,60.7526747459054,90.90300750321653,77.51402655068817,60.835047634869184,-3.17900606127323,11.413864954486815,6.964210054223078,6.953330478704759,5.684090324008185,3.7109961385329875,0.3457661226356689,1.3316893193799404,1403.495090637077
e134e11a6dfd,34,-28.143550809608538,-5.544280797176243,-18.559431582875025,-28.135011528067572,-1.0308635922708584,7.463464764595531,-25.552907383106845,-3.665402690318738,-15.147253949049732,-25.52265969260999,-0.9906179079102435,7.008746430086009,106.36338279425455,0.7523941280629355,510.130831171178,130.3864696807198,0.0,-0.16530947791884748,188.93834079978961,43.21406718651447,-71.56259814961516,2,795.934437996011,24,21.93016118042054,101273.74413356074,101274.94717391291,100075.39505866046,98932.61375733427,106.23271309537525,742.8880902995304,78.9130577405747,90.96725927434228,74.27338165629858,60.85599282781528,-0.6117983096524704,9.514374182204616,6.238439215754265,7.067633962595042,6.150168668815717,3.706764446101584,0.08997779048837319,1.0813201689279293,933.1570968852592
67bc0be02534,34,-24.598000083471767,-5.545171905864525,-21.754491003948935,-29.077324758344236,-0.6501964300114033,7.605767173958433,-19.43002929423785,-3.6388544374050134,-18.612535989780408,-27.617100458052796,-0.6618215896983922,7.6794121892146086,101.54750178494463,553.8296539437008,554.3019634440952,134.55247988830342,0.0,2.3615132921516913,194.95837860395847,43.227382857505404,-71.5420520605154,2,1315.2591628294028,36,24.004164096262844,101931.03131357906,101951.17307441347,100628.45631696696,98933.07325208689,94.7256995598653,992.0626375183775,59.94556192215961,90.93255094620018,75.81406085592174,59.833757588374226,-0.08762040387090378,9.791406825025767,4.838298477967228,7.063937657024607,5.967047219153107,3.7135959731543524,1.5747766826185378e-05,0.9589174545488245,408.0084527757962
62be54a5965a,7,-15.420368937696592,-13.751606051778241,-15.415538687825823,-16.076323602912794,-0.13942604687980978,0.6487452216315528,-11.286266441806719,-8.92895820457881,-11.569898244632652,-12.838725838517552,-0.21857336306527833,1.0916781975810745,9.61261976226867,458.6816825638518,458.5747872521755,106.5288137218864,0.0,39.329050378364514,164.31201867629673,39.4416848182302,-74.60901277686486,1,354.8606490019356,12,3.892687672690598,102502.12696632398,102534.67235369667,101940.14821014773,101254.25884070546,119.08032712128313,415.20627601954715,76.0980756965239,83.06855488662434,78.22386575415764,71.02664038297222,0.5916939387941061,3.580433884898824,11.971687581138543,14.18606215024624,13.019381472205351,11.978467055754209,-0.19900077833693497,0.6909917312725309,937.8597524461521
cd356d2142be,7,-12.32674889717654,-12.30651799456216,-14.52613755763262,-16.083460664048765,0.12792026602989448,1.1933214235364844,-9.788499594439969,-8.855772542275668,-10.910814090992726,-12.836607738850956,0.0647121734401539,1.0575837875373273,12.058405353838664,-0.032059570059792375,489.1072202660774,113.33126972920856,0.0,0.3661236740199417,172.54008314030173,39.45561599559552,-74.55928872094617,1,693.1952896811032,24,3.9124511211062694,102999.77951370153,102986.56950534318,102333.25023428249,101309.50534349775,68.60599978319013,495.35554644818956,86.13625833194416,86.27409546192561,79.48341264665568,71.11433760118867,0.4095344534406211,4.678784293473522,6.437568140308665,14.20658210485425,10.845182873071805,6.453289191061243,-0.3596184504153887,2.5512558547751567,591.8452935578391
7cd1810f2eaa,7,-11.759584435671787,-11.757470074637693,-13.747416199741075,-16.12544364496022,0.12084213912489719,1.4474590445291966,-6.173306685219041,-6.077672379377927,-10.356181509222402,-12.839080873381375,0.09138051578032823,1.3814708077290625,10.32694341142529,477.92588747971297,489.947755240633,112.72602178426557,0.0,1.4961524151194354,172.08994744363036,39.44262203836612,-74.574459081111,1,1018.8998527275606,36,6.709228262455171,103430.3702267439,103566.15520011447,102653.54861387829,101304.21284183335,57.88300535641277,617.441110134274,65.08816433945651,90.98761106965942,80.60260809372515,65.12243579862505,0.1773880171593597,6.444251783458045,4.795383174093234,14.199015641587495,9.00246075443941,4.666236192524695,-0.31700216713852064,3.349193712151105,270.4290749679835
b488cc75c7e0,361,-8.532702148981045,-6.9121394168163075,-8.023222057060645,-8.558137088365166,-0.13731855606817206,0.5186315323565114,-2.69286457471962,-1.3315038896707863,-2.5729693287931186,-3.21491718261759,-0.13310813186017528,0.5688537899451397,9.822612463303676,239.86566965724168,239.3995607130523,53.92201719420655,0.0,20.02889369872529,84.1606940164277,39.44165569365253,-74.51682037947855,12,246.7750011552842,12,1.8674403552242607,103111.24400935665,103206.36902228155,103160.76954738975,103000.9549094687,14.318110860420482,58.89651427869596,65.84552602692588,69.43970415458602,67.57523917686872,65.81432221951341,0.12140953504028756,1.1309133174743633,5.58134163342414,5.62205244372744,5.41728724768021,5.151906059127118,0.013485749848987287,0.14852212619805089,2541.1834802572157
314df0da70d1,361,-10.397733826408096,-6.9105378657700935,-8.729714466937036,-10.391322382601357,-0.12864579194605372,0.9214203900388528,-5.380672586578012,-1.3374008316240469,-2.9764321737766344,-5.402173835457018,-0.10337704812085491,0.9857161932604884,13.150931939188858,0.08071191731828421,348.49368727839305,67.63952112804554,0.0,0.41833049749981505,107.53745121868576,39.436436585518,-74.53785351783384,12,504.07417937710477,24,4.056487382717246,103237.2528085173,103248.00008433766,103113.99559491168,103000.50000596837,3.492494827195474,77.57900157583957,69.90780593396869,69.97259459615789,65.8431934848354,59.3361131521724,-0.11250304356516111,2.8455168293680964,7.286481125773747,8.101266063005914,6.183804848636655,5.171955927583608,0.12317487670772345,0.9880673917052932,2283.999699839902
adab8d17ba5e,361,-11.958017749861423,-6.92422329448453,-9.473528104396477,-11.92210632386817,-0.12440941394782301,1.319325093205105,-5.699747676187127,-1.34832290800797,-4.241438777403819,-7.80306225842145,-0.17355296460315237,2.0122550491176936,9.848675841979416,491.83052336646733,492.4794620919914,84.45475195152888,0.0,3.6518461175839145,137.45768494679282,39.4767286617418,-74.54833320373275,12,801.600216936577,36,6.478078893022006,103430.91274646235,103580.46539017791,103238.52295302578,103002.5664206145,11.716103408425177,151.15207069633206,64.61021591382178,86.13098646307593,69.12600159878409,59.268430961394785,0.34301005299966936,6.407991797624373,7.65455339013622,8.121904105376455,6.607170958480024,5.142886686184713,0.08610239014435281,1.0311264342570223,1984.4648620415173
9e993ff024f3,21,-13.53227688235792,-11.499989333450493,-13.057247083653488,-13.739836315362966,-0.18739141634976966,0.7137822481951046,-9.273660168355084,-7.926372948175673,-9.786278326536136,-10.721649985982765,-0.15074097804404044,0.8494485835232533,10.841693613128255,514.3615994822296,514.6905823321937,127.2460184092562,0.0,46.29038871935141,191.03496489298473,39.4610077034159,-74.60847492587284,1,333.99180839758696,12,2.796001693048624,102140.87128117844,102120.243798846,101652.84145501225,101065.02633692959,99.75257371361856,345.7949144259993,74.28090100466136,83.96368000825977,80.72623117030749,74.39987358148466,-0.22268900007052495,2.824103166740377,13.10417795251859,13.321758190460612,13.132288677788297,12.890855101886626,-0.021734154642798195,0.1285130739295705,870.6364569282315
1beba18ffb7c,21,-11.463867186572198,-11.442757236184105,-12.639319768492557,-13.769129821174092,0.04716042325653395,0.7423979621747431,-9.256662005115407,-7.8961283870345245,-9.352296284612166,-10.707262251057651,0.018399337667293892,0.8497964471392063,13.629319723240101,0.37054554816544794,531.1527877895713,133.6483186743604,0.0,0.43719289467307043,195.27745963748905,39.44718104332139,-74.63804493500781,1,657.2944750332676,24,2.8207560543330232,103157.98757760078,103147.97698244647,102143.0464889496,101070.87197848684,88.68905006240682,617.5598859245503,88.52052239554132,88.59083038017576,80.4434409696629,70.38128025880175,0.17785055215187826,5.437084865560443,9.875285289145413,13.323289730347964,12.511632222820358,9.874400457187315,-0.12301349006429371,1.0450995275050252,546.626634993735
5805e91d02a1,21,-9.156137082850947,-9.116808902570533,-11.936906179166183,-13.747665140622551,0.10383082264717115,1.2745997937161475,-3.524248929460841,-3.4997049306241403,-8.913094029190578,-10.74400336139961,0.06867170586721057,1.410204266264837,7.968357436388463,542.7066405870778,541.7748992115379,133.0210758408986,0.0,1.830744771769545,195.83168959405506,39.470832288658826,-74.62123891626952,1,970.663437450587,36,7.1906311727188585,103835.29441127612,103849.75395962148,102581.69121725076,101031.08226845186,80.72976439108656,841.0060861981722,65.42092933421308,97.09698194764303,83.02180974122282,65.4508939947847,0.271919175450562,7.857527101800976,3.8855010521437183,13.325391134106086,10.704153545062152,3.8838742510356976,-0.25185647966257113,2.8210967107259637,231.7324378378184
a7123f6a76e9,358,-15.157301237470495,-12.660200982347092,-13.45732634432039,-15.144522885922791,-0.1769603527796549,0.8917545470694056,0.19341937974424434,0.2334427073089714,-4.855904607007377,-7.019050779662257,0.5141447808438042,2.4956700720722074,1688.055390715883,516.3806438748927,516.3065340953275,123.0388476121067,0.0,44.77001889095696,185.06910420684326,35.049391107831475,-106.64876116057367,12,274.90441204384047,12,7.240980711717201,82977.72044011505,83014.68517651137,82990.86654506954,82896.30848939413,5.361658537892076,35.95763910776172,27.353877078372662,63.66345320504783,50.901795521219626,27.27250996579136,-2.488967400792569,12.915438983879074,3.7679012778252208,4.145311119128318,2.5338249398980883,1.610526969380534,0.23531892489144707,0.9408590462078766,795.8721846342172
38d70bfe6ab0,358,-13.889263496589123,-12.682241328165096,-14.019813023626487,-16.150129046094136,-0.05731640265402664,1.0600007986251903,-7.951102590202164,0.8956402669740631,-4.1252466861470465,-7.93579110362265,0.04342830465764353,2.9323417777679404,1685.3657601951252,-0.14926286443060513,516.1123962179405,116.88488745173376,0.0,-0.21033511090780724,176.3882984588629,35.04127510118081,-106.68871212089547,12,530.4676314434371,24,8.849287104672738,83418.16883121248,83436.24415363015,83011.34970420657,82806.76220486032,15.888073177341967,166.87721989077954,61.57921272718191,63.76001039774827,46.26959273615769,24.623433729261407,-0.4065203137302985,14.070922616266657,4.245335505628245,5.032359425742191,2.983029076557304,1.5724022351878986,0.09663341657696022,1.1337175652421152,547.6358026844828
da9cbe8ea393,358,-19.01049354870237,-12.664695596525345,-14.511239208880506,-19.018760273671358,-0.0864165226063811,1.3916991367195557,-1.2006288599809125,0.8496856870124844,-5.135785921698607,-8.928353321481348,-0.08466371906621974,3.125601864969215,1686.6379864018804,541.9027034311425,543.1383091398163,121.34421765970961,0.0,2.162735083134464,183.63087985018817,35.03855473123732,-106.60031887395141,12,835.3051703159376,36,9.741884280171295,83409.36333888021,83472.76210966511,83176.59409283129,82810.06961846359,19.623288673519262,231.79935096671554,20.849340246174936,63.549407092434954,48.098214043546804,20.914333371352253,-0.02711184559562892,14.23988556757593,3.67972767380386,5.043125281314055,2.725318287627547,0.7415269510930087,0.0027389519356684376,1.1331270447572155,235.96552113413765
9b465b2c4a56,362,-7.301466439229118,-3.2513868688853145,-6.0036151841619265,-9.568799809832383,-0.5686935598036507,2.3882105440981376,-1.05502962174618,-1.0349703355322126,-3.345396313494789,-5.768122573244429,-0.05851053592209872,1.3241133715304996,1688.685767777244,124.69975591762442,133.34660386444145,34.79239875001379,0.0,12.233407638999191,51.0225275946819,35.04629890471323,-106.65311379683322,12,257.83058542933054,12,4.70766524857988,82525.26405373681,82590.06796914189,82326.48987831103,82104.49364184806,46.17679533261089,166.81666166555866,61.770049726877474,97.84193312279442,83.96538711912422,61.71565287300522,-3.3096685154588967,12.012691022816155,7.420122782339718,10.79068144666579,6.314212990395348,1.6603479870505093,0.8073526550372866,3.2922092334421005,1851.4978060523201
0fc1a5b978fd,362,-10.62579203014957,-3.24744825186982,-7.5259723831358105,-10.643087544419194,-0.30019196140649246,2.403510290245377,-7.997669618556921,0.9402463968249318,-3.37578047291851,-8.00794242351274,-0.13097818301180406,2.6049376576571492,1689.4664633618509,0.4052879769036842,148.1493931591043,38.65581587973138,0.0,0.23440116855216106,55.53646230505954,35.066817982396756,-106.62969319144338,12,514.3433538363181,24,8.947249696803521,83199.63677417196,83173.9799135042,82581.40058615088,82138.83972203067,48.513201548418515,345.7980659615205,83.08528831150592,97.83074154903335,75.00890261002188,48.78745990215604,-1.084376227438721,15.383700410473464,2.243843460147705,10.793801001211188,4.681720910379352,1.327683762494948,-0.11834819992115746,2.9638939685344354,1588.6727988468099
838ca03d9524,362,-10.176962933935195,-3.26606658582989,-8.67444139537188,-11.409300406697966,-0.21423420457466158,2.5572762272740097,-1.6298596247830213,0.9934156696866131,-4.4496210323163385,-8.277016089211353,-0.1392598776345874,2.9300965525199083,1686.0569405820866,572.1683606092745,571.4349477401345,70.2261645556199,0.0,5.305468093821566,135.64718940868974,35.04418328511667,-106.57929754486779,12,808.7674508564915,36,9.224844457333736,83332.89734220864,83498.09248262501,82857.17904762524,82117.48422479599,43.62399638022045,460.43748552423057,49.96399504706811,97.83535806333362,74.24379657290012,48.84425529686871,-0.5087157889937909,14.181393128972648,3.5605180725641583,10.790979812170331,3.81384561364676,1.1236473500928885,-0.1251900984017211,2.7581480446865374,1299.7327739933205
823935e09d25,34,-13.879337584372623,-13.847603777175035,-14.387172219326017,-14.944434737774426,-0.0033214413857161097,0.32534558432402005,-2.9528646786854056,-2.960629379120453,-6.562491858291512,-8.081668443698007,0.3104623550041899,1.5817475380482737,1686.1486851484224,605.8751553761218,606.0838378092442,137.5355693167259,0.0,50.63705140697179,211.06011293841817,35.05257215735966,-106.56682577966424,2,295.6979930045548,12,5.1988711676185355,83167.11914188473,83216.13310177172,83040.44018605983,82884.97424996646,33.985593700293705,121.42358009449511,39.83043808682138,56.65764211053838,52.25214874282756,39.84739319690863,-1.3173394239795488,5.635695616961937,1.4378667029142798,4.5511766305655215,3.1974174360729064,1.4457560468347428,-0.29791027652445146,1.0419462351572448,799.1791138404877
c73f9d6cbad8,34,-14.725154578033301,-13.884461403879358,-14.572213508611496,-15.156497334164806,-0.02529891366613489,0.3809765022615839,-7.822197012686925,-1.6520572498706785,-5.746350040782919,-8.11868228399611,0.0558675020954693,2.2446627174453715,1689.234504148066,0.3742742803325995,607.3022113135283,152.61118365638453,0.0,1.0239151620420157,219.3988918357296,35.0723494776714,-106.57632945667942,2,568.1603565631627,24,6.437371637296135,83688.52903071564,83643.95504626515,83244.28386075869,82868.57804740094,33.30624004602389,250.59980379039416,55.828006743687894,56.7478002988025,48.46833625237303,33.491874580817765,-0.31716027303021527,8.471763075516815,1.850068849937479,4.542565522245197,2.1154784460846225,0.4008622829711416,-0.16312102006675686,1.3633970548047225,535.3517392215543
a38e58c19778,34,-15.077301841293211,-13.882608749571036,-14.676554199835055,-15.832468045212586,-0.02589882109747602,0.44480475575757444,0.22988351506127472,0.22368637220237658,-5.766293480983006,-8.116137868472487,0.03946690613212958,2.4859779234013217,1685.0058515291275,669.2380025713182,669.3429790730396,156.77848363131258,0.0,3.033406115359668,229.91038521850965,35.05459267354635,-106.64395446738186,2,854.946639483383,36,8.333087975921881,84266.77760563734,84290.59956233679,83437.86567587189,82890.70038828843,41.494600789878575,442.8604268515321,27.420025781538133,57.27397299316378,48.28425994134643,27.541339289528455,-0.22797915011265352,9.690483306014452,1.5913324020189197,4.5335159602370485,2.1280912606124813,0.4006980347497986,-0.043530786733556356,1.1441034148217988,233.1375568343355
9bf8ebe478a5,361,-12.24191971191956,-12.268112320370346,-17.242163458635076,-19.65555713465006,0.6486550620122751,2.5524322672560946,-10.241509260602818,-10.284939766433203,-16.98239362891016,-20.72902541770014,0.8582754752328223,3.3209079062018594,1836.7265726228047,296.5043206009335,297.3412654950383,76.20610233871258,0.0,27.051857492338534,110.53258658722493,40.842847192056134,-115.85596028434034,12,418.50414346984894,12,10.497652826291231,81061.04983476641,81063.89209278926,80601.75289733463,80150.47553517071,90.89001181882806,314.977587252282,87.78464101702431,100.00240294221165,97.90095948632718,87.58130683972166,-0.8313453760108657,3.8797949718171147,6.968517010756916,6.9316643256390185,4.43319841281165,3.2038566077169186,0.30305144787075067,1.2034085668535148,1127.1704701075462
193244337469,361,-18.349537759587207,-11.981884980990657,-16.604058580416844,-19.634026374657555,0.06955247608587047,2.752858894934436,-18.492906976270543,-9.624990476045502,-16.21272755126477,-20.78144352947376,0.07523426890393477,3.7671064565818138,1844.1795536912596,-0.816484680289091,316.1865794446851,75.36055092124118,0.0,-0.2500657626081226,114.91843176408949,40.84228410816889,-115.6991929511845,12,819.8530051320544,24,11.086151682642775,81541.19591375816,81573.69681377808,80980.46495576201,80142.45580307957,67.57493012329479,476.6209169422696,99.98949391288043,100.01699660760244,96.35033805945459,85.07488715108943,-0.09655621508703159,5.359674033897489,2.846974410181353,6.94939178912291,4.292447749858715,2.864327219677997,-0.022749849943596027,1.2980267510060954,727.5602602724699
76b73b61f514,361,-10.183119609333962,-10.21699459334883,-16.813660646798784,-19.60915103066772,0.023962884461243044,2.868492626241772,-8.793428465325682,-8.837053591955392,-16.383183149474053,-20.717872730537316,0.029290235595337936,3.7215637448839343,1842.1803007659432,124.60630947969904,315.68762455005367,63.069335745878284,0.0,-0.9458534074256025,100.154180864213,40.81558607510414,-115.72896307767988,12,1237.8402742749886,36,11.935141346338078,81660.13007924035,81703.62002890342,81209.07658984336,80136.65230161439,43.50095233123099,487.2924010738538,92.6579730815269,100.05381777278954,96.90350086891155,85.09714806576699,0.019291778871600655,4.725730318921645,6.294947988869168,6.9420868585214555,4.111495595352157,2.8550565702274784,-0.016598457794228763,1.2641005191302095,307.59960175910743
ef50231e0468,11,-11.505381883761496,-11.397165280314086,-15.95849011191039,-17.90384406861216,0.6086094536115966,2.506461057045965,-8.931259649358658,-8.956999011375972,-15.417287573491935,-17.97813290765168,0.8062088039197364,3.2918132642443547,1841.652574081166,167.29394057241052,167.3018442376522,39.118224593779416,0.0,13.828373380332415,57.08683477176398,40.81918981938383,-115.7796753790633,1,401.1689346090712,12,9.076277480963798,80716.80354384903,80691.29868868965,80541.80300880525,80393.26126826445,32.34754877129082,119.82773267898139,83.4969098510897,99.98122066446483,97.23434244355448,83.49433399627743,-1.1092809000705877,5.123821574605635,7.155584191799785,7.146360643756056,5.052221885455409,4.400299860148743,0.18473209100987945,0.8927134412548225,5877.998855180371
cf960adcccca,11,-20.56900680727004,-11.405603422204795,-16.25881638182007,-20.524647527013553,-0.06740199974996613,2.877437361506863,-21.010265562094595,-8.87067008425935,-15.485610805176085,-21.060349187523133,-0.06882722764932933,3.9847752508370196,1839.9380136953753,-0.5344229427593762,167.05321890768823,36.84076238770185,0.0,-0.006716307792752868,55.11164919760728,40.80306428339841,-115.69911938887552,1,804.2421786800088,24,12.161032225147208,81118.61817170684,81085.91005659268,80681.85167354923,80387.0260511875,34.964423721814235,245.77910436330743,99.98250932357652,99.98773351628446,95.0888720384613,79.09798903296787,-0.13681701855891076,7.109056075565398,2.9004125867294617,7.150164451616541,4.5991549759145425,2.894427645377887,-0.07911137686035051,1.2936909602916167,5472.347323462699
29db80589afa,11,-15.981046084736144,-11.396930754544274,-17.611909548973106,-21.9531858387527,-0.15921109376303252,3.2548906585984714,-13.889088390175921,-8.87480458392312,-17.01054757613419,-22.18467790601584,-0.1732582400007151,4.22650546721535,1840.9568889834986,418.0220785442121,418.35523493405566,55.37787155157425,0.0,3.3496223894666213,96.88803035562351,40.83096439391287,-115.66862497874124,1,1260.566232350962,36,13.34203330265577,81225.99247775093,81255.84740182816,80850.71583644775,80393.59698424983,26.759285225492466,286.41574406093855,84.53634105066988,99.95935681988558,95.92073198860818,79.12594197315437,0.02501870593944301,6.527918171060692,1.587617339456274,7.1564967968620135,3.828165767102344,1.5929457025789966,-0.11448191291827448,1.5450308617362836,5019.6287574030885
31a1c8649aeb,358,-6.730657963165179,-6.77288262962535,-12.02546705758048,-14.744079096086994,0.7304837059982422,2.69241425852798,-4.7673480131736605,-4.7939069919261525,-10.718115970971029,-13.607358844233062,0.8074866340671506,2.9929118045638883,1841.8935598849373,56.987108730805275,137.29994640280606,34.29892006156478,0.0,10.933646244302977,48.76532730193117,40.84788522752142,-115.812641159097,12,344.23427573226127,12,8.837038810459115,80255.53257015193,80492.41062560996,80400.43169019722,80216.75703257458,-15.054043104349912,59.88027863779696,88.31453011584821,95.54462450291952,93.44418920066242,88.32862371860347,-0.5252077948097195,2.4461939518155393,6.607717679298091,6.61172967530044,4.501424930832387,3.7412847243594634,0.13234264620422181,0.7730556369694997,5881.561491610997
1eadaa2880b7,358,-14.613762862406533,-6.202037357869382,-10.992481872481157,-14.706799795183198,0.1124495729012559,2.971908272247841,-14.965107198388132,-4.789499914874814,-10.02541365923595,-15.026005637357013,0.06515927879796235,3.32643256400792,1843.0086059711275,-0.6356859270217737,160.76848745049256,32.422526334029676,0.0,-0.24113483449148787,50.42275730111764,40.82007438416579,-115.76102081520824,12,673.8700601679267,24,10.170507422325976,80456.05748800405,80471.62334932521,80350.92586718602,80095.86549753352,-4.41191880975701,115.644768987731,100.0225575572982,99.97122540242101,95.29387246813171,88.26502626781392,0.2801681547029489,3.5313060615622303,2.6808753702403165,7.40210634618314,4.04214354979215,2.154496726150842,-0.0797471209171528,1.3063382147980538,5547.092456851073
c22d1ce46f9e,358,-9.88010572253563,-6.224743508064428,-12.75520299311264,-19.18801395032561,-0.1419345325829933,3.872891109730296,-8.703875454013206,-4.846671738312761,-12.107860409894542,-19.783883332414383,-0.19244554908482986,4.588792762582692,1842.809804440737,144.91490116555096,229.45209538498548,42.06694832567306,0.0,1.7680442956861893,66.14105353442953,40.82537663206233,-115.66483197763507,12,1086.0553607840443,36,15.026293413578765,80974.97339847112,80993.36026654177,80494.83115147607,80114.73470528859,15.497271235261158,234.13131153948683,95.18106977599528,100.02522249618447,96.59985468801187,88.17588781219966,0.2147239478969312,3.543792982679812,4.769007312217358,7.412183755629272,3.791699302583156,2.1610276464805733,-0.044072964095897386,1.2040890115200096,5131.231876900556
53585a9eb0d6,352,-16.41377066946946,-16.430940876683263,-22.485993669334405,-24.61118149836533,0.4285747025758466,2.551631260813794,-13.997261230005574,-13.959644221924474,-22.82934427603691,-25.964890575764457,0.6596530277459713,3.7333807899865037,1841.5370683468143,480.0511940376254,479.9192388524979,121.77511735141111,0.0,43.739516671332794,178.07929455138628,40.818872468203644,-115.75122758086202,12,489.22813727046133,12,11.958617519005411,81506.27745747051,81481.62146190867,81193.9177915014,80791.25776651573,67.26428939811282,234.54667668896045,82.23622779848168,99.9197985550587,97.36313623988356,82.23023748725339,-1.1035066169879408,5.560651989706253,3.389961818961269,4.493769625838384,3.6778159924583864,2.411887727777828,-0.15458578199212886,0.6342647557548455,1959.2947013252494
d727b90bc40a,352,-20.554262147046522,-14.577110278509181,-20.141108768417475,-24.653220607466007,0.264846355156293,3.316622367499757,-20.94574042000842,-11.336866099324194,-19.710781506215177,-25.918774752057452,0.3459229218047771,4.823157428364072,1841.5467318877522,0.1914927374211305,480.49727407673686,102.29408753506546,0.0,-0.8823126914554176,158.94810807326903,40.8137053001709,-115.7430433183865,12,903.5468237157078,24,14.572121059417702,81863.58478600261,81899.56709956998,81453.85377537571,80831.62637520509,41.38116897047964,295.9235707498107,99.97389171187422,100.03359470761359,93.6693611204762,76.25701729607663,-0.2810738759856086,8.564758729280474,1.4387632350943929,4.489765741006203,2.92202596797682,1.431945150153684,-0.13957715842643464,1.0704538433538615,1548.434046215332
7a4837ef022e,352,-15.814018916623104,-14.581641199032417,-20.192476814771798,-24.648660752107986,0.0876343145240767,2.864320794027805,-13.404028267724389,-11.374478680852558,-19.938768515852328,-25.931147856458146,0.09052919081619352,4.237683363949976,1841.1957182868975,483.73132186262893,482.6091108469434,108.90981583592969,0.0,1.965724570683268,164.23717003812365,40.80508968299109,-115.8469889334075,12,1368.3918841032228,36,14.577414538706108,82351.16604894145,82384.30624702344,81688.04149016835,80815.94321338803,42.47910946827817,445.59784861877637,83.0552689579748,99.9901122392319,94.94755542275011,76.13197242843512,0.030915081684473142,7.768918119281238,1.4238267670629823,4.494153649483596,2.2665931403132857,0.2185324178288831,-0.11487242010048056,1.2796024702025868,1082.5085685446466
ec9dd37c4bcc,360,-11.862213381994131,-11.840527559352118,-15.283812641642145,-17.13371916859439,0.29970987697254814,1.831159569415077,-10.012798465572212,-9.98687431121006,-14.865526668893065,-17.214372729618486,0.3855900953717722,2.3464292890561937,1842.2643723903368,360.58513852744824,362.03493606747776,90.5686056977039,0.0,32.69565160739574,135.19047276095327,40.826141056925316,-115.78533974656267,12,390.6880228680758,12,7.225862942061874,80902.55246236623,80933.02755750791,80610.91277624608,80237.26777998141,66.80312731238591,230.9930252712945,88.80682568715198,100.03659802748403,98.26363785859219,88.81779279663968,-0.5645945958466431,3.3868799398849823,6.122992730216802,6.555971048921666,4.771282987831291,4.023347291924642,0.19162684319127996,0.8265737734219575,1245.7062837157848
add9e5cf6de3,360,-18.180905053019828,-11.735784832940919,-15.217279658288106,-18.15563271035799,-0.03824566484191579,2.1285613594713215,-19.83246832370137,-9.372679312560248,-14.857512288887605,-19.827426518226847,-0.08937695250044382,3.17907157332905,1838.378112116659,-0.29641259085095145,368.75404845794606,85.66084145098552,0.0,-0.30329341263151355,132.51968792028197,40.82771676511879,-115.76879492082149,12,786.9880040929459,24,10.402647590997974,81528.02358035087,81501.97550167257,80918.10063433538,80270.28618484685,53.07241950889619,369.9354157896082,99.9607412214097,99.95374147230217,96.58426671623685,85.00095121521876,-0.09061884399104046,5.128831695745242,2.0808356064974967,6.5482669746999775,3.8482905109615184,2.0716613554738244,-0.1279038926177504,1.3951025056383937,852.0259739918849
4ec7f10b72f1,360,-13.738354452682444,-11.728588351010002,-16.967147001812044,-23.03175915667373,-0.1864187096457212,3.382373714043277,-12.837100886761055,-9.419738264654857,-16.723501520668016,-23.22312319897332,-0.21604048354783684,4.133582596721691,1844.2473920549705,500.0424056213587,500.37496993465834,99.78450068076835,0.0,3.10484176882465,154.06601056961583,40.81553554535317,-115.84536643464261,12,1251.096685204791,36,13.831877080960476,82125.73600726566,82104.96062170019,81276.50927942398,80240.95414839429,51.51562485758023,537.2676005722019,97.1132634429461,100.06560096530666,97.71531129607625,84.93604485444996,0.08065067912505987,4.4618254952153045,1.539833590436465,6.554585987316618,3.1690016108793735,1.4103463124386884,-0.1160232301727177,1.5088670658220567,383.2444502856262
cc2de865ece0,365,-8.875690093502163,-8.690026663204552,-11.118104610902368,-14.437890114871456,-0.04167190192715105,1.9609527795203328,-6.309962770174314,-6.298033167075901,-10.342931437489668,-14.264809579669384,0.03522182190998265,2.4434513594867484,1841.4942358627356,198.0996011021705,197.4559917382614,50.224145463189586,0.0,17.923402412020366,73.44516307429264,40.820056261687554,-115.76210628787194,12,341.92877374077136,12,7.956653689177343,80256.304147625,80239.28394023859,80184.02034184367,80173.98852896105,8.426880236232268,33.254592915295945,84.03674953914017,99.969250657828,97.54459415272309,84.0274181175855,-0.6493717285268117,4.410176355469247,6.022960895207133,6.041698640997336,4.463633640964396,3.809321257344502,0.08283026461452937,0.6133574353689318,356.63004583023303
878403e4cf01,360,-9.002751807873576,-7.677406532606415,-8.478437062587146,-8.974511977677826,-0.09168121164890651,0.4331439197860014,-7.034522732256592,-6.622001169565051,-7.277443807033674,-7.870201765260401,-0.04227385918751552,0.42726396593557986,2096.2873621478416,117.89639607985863,117.47605779564182,33.62684126390011,0.0,11.163958678517865,45.23721093183671,39.29064045313141,-114.82756272892203,12,304.4231213974424,12,1.2789307162416677,78156.44920440075,78152.06632373728,77661.46874244144,77282.71671098443,80.9958411521748,283.3043597603685,88.78895325481373,96.22077181219743,94.55386642854052,88.8434160256764,-0.3673940227161152,2.098266776428682,7.97656023851664,8.369171488425511,7.040857812846556,4.154592943882765,0.13530517322965704,1.0905152643999358,1940.5721099661353
215dd47950ff,360,-19.17636530591788,-7.705831668908216,-11.660469808649486,-19.155842131111985,-0.5412129019865002,4.116844695406612,-19.207338269505026,-6.565250825438447,-10.567673819974662,-19.206859813894102,-0.5675182597560451,4.500090527947826,2093.6990900507535,0.45158708870088726,117.80981530670438,26.762353636056755,0.0,-0.39051332621215556,38.87530740388422,39.29028704413952,-114.76371036510969,12,686.453115964401,24,12.634383979648481,78647.75495744702,78653.47861511556,78059.06186060436,77290.47166601292,66.98035739664492,472.3823692589422,99.92723409282547,100.01941316177654,93.95536365661194,85.76347370703984,0.055877431952952854,3.675494325505796,4.044839102651118,8.36157837885476,5.890568760148944,3.2817393314031116,-0.1630283715198904,1.7164719352298456,1565.9071521473843
fa27fe2184c9,360,-11.759918736794805,-7.697026539206701,-13.808389917039046,-20.734353587149656,-0.36641500937658594,4.884095573014723,-9.441379645911521,-6.601835570832987,-13.103998436164696,-21.830562271321917,-0.41427636704156234,5.772577462326821,2094.7792232195147,287.5169421707636,287.5090316450833,44.022942509247954,0.0,2.7871402384720856,73.80879019936663,39.30723003263336,-114.79051602991147,12,1120.5551589386707,36,15.201123473187181,79041.14176839075,79050.66972805867,78294.1019853183,77261.22659685955,50.74394494922599,544.3388973581708,84.92971528583764,100.0463281968078,95.16675488288575,85.08487083919013,0.10854934714789082,4.358186904375221,6.814922006408506,8.382966834895038,5.371313122846772,3.0827979807907027,-0.10184222111486807,1.6895139031091215,1123.5129759515132
4923c05463cb,328,-17.43108263052741,-17.44499032842663,-21.34718518358902,-23.08758701438636,0.4580519638473974,2.053031078600053,-11.360720391377916,-11.345446207905338,-16.67057484291367,-19.505336228586806,0.470113651151447,2.6461565137243364,2096.5481100234297,586.6911215620152,585.7228225951043,167.42605185369314,0.0,57.21320798008945,225.51818771547826,39.28113801285447,-114.8446690371248,11,416.1144727092941,12,8.147710167825084,78478.66422440737,78491.81141299689,78263.74479908345,78046.33088354432,44.93181793916533,156.9603084856972,58.60424046063239,73.25120495588052,64.78265451814801,58.454503728692245,0.213117430438495,4.606708694350547,4.138258988135353,4.317161452831824,3.7226577302726285,3.2157845959376887,0.07908491855828013,0.33159643394191873,1140.1577697857006
3b677409da85,328,-21.797296425619805,-17.069174997288886,-20.749329966347798,-23.087793127766368,0.06687903800596391,2.1921560044898944,-18.26140286617361,-10.289856794261459,-15.774754565706218,-19.526095473148427,0.06791620419558639,3.016615690816301,2094.8734111940785,-0.22405995747666754,585.7848227451008,137.08325265235712,0.0,-1.8418496128758979,206.8544290154662,39.2681177121671,-114.86719096421385,11,809.7799351631503,24,9.246912812037113,78759.46301384103,78780.24778716029,78425.37390328497,78059.16314270534,31.08188493438632,221.75492919880307,70.27398542577092,73.23888809857598,63.340791443144276,55.17025480516032,0.03020349308442753,5.326648344659679,1.7824302176045148,4.31099829495307,3.1117663395819264,1.6380612264149146,-0.09436571073660964,0.8721771737486105,755.5286669719005
f083857aed2f,328,-14.939399002159838,-14.941398518036685,-20.550241060034864,-23.083680878836972,0.0602637010985247,2.284586438884672,-8.27648576094716,-8.284748132942815,-16.092025328245892,-19.775944715666824,0.028004896286569846,3.44146330881005,2094.5751018980936,553.0103273308605,586.2064962218357,145.52925343222654,0.0,2.455314596433572,211.53833442900984,39.25313371675312,-114.83575339138666,11,1226.8439900598232,36,11.485158132551593,79322.72575158144,79304.44635789166,78664.8437823457,78053.0474522876,34.931877752751184,368.0751018809831,57.29175103570327,80.45615708450444,66.22425182265624,54.89581206876964,0.2577213992514706,8.131132039076215,2.077045892970517,4.3193290360685985,2.6991695218935536,1.5602658649537027,-0.07419718380202964,0.9405981296203751,335.5313626622985
3c488617f453,364,-14.960825347622661,-14.895257305713118,-16.563968194462625,-18.14408869773452,0.15793256926527258,1.0513631495414408,-13.177352356898044,-13.145683814244553,-15.96487492396864,-18.077497795671587,0.29225100163970386,1.579749691420899,2095.597323341128,376.7374395143824,391.49644537542275,108.93888449392676,0.0,38.081245907259444,154.19814618709373,39.251554460313585,-114.88386597556803,12,408.14415627784484,12,4.892903931389758,77270.09859193617,77293.3807857401,77237.96716777403,77236.27400095534,5.821237563892432,22.900416091930623,88.19808313133447,100.0174687980893,97.32015158512044,88.27302304384862,-0.9519466296300559,4.1757846994546615,7.85003112288049,7.910558737927974,5.555661955922332,4.112262825104068,0.31750155619644327,1.3077242729952694,1397.2631365304294
4a203d2c765e,364,-22.37763183057846,-14.895947095960054,-17.676025520136044,-22.371203399357242,-0.22609308031466238,2.4258028044138684,-22.94192693850544,-13.023246062172372,-17.13712246940637,-22.92152426976356,-0.2432847402366312,3.1590127415513987,2096.8324823132675,-0.20804931881851096,391.200788703618,89.41320961931679,0.0,-0.990104522009019,135.62611305779438,39.311587016986344,-114.92322428295435,12,843.9624342079718,24,9.916607861206833,77711.50588332658,77718.736142526,77353.12680468312,77235.30216616164,21.249289309631376,164.90448736481108,100.03587326935741,99.97959377452547,96.03347722938406,85.32918879979917,-0.08792716724033871,5.285827495874938,3.7419932070567254,7.924517947770395,5.208815697566259,3.719678713273349,-0.04831815730868604,1.409901745609126,960.8285329504449
66e4cb68a74f,364,-18.026296684554453,-14.886990914279096,-19.38821375794543,-25.0344223357465,-0.23945011422763277,3.3134826802116497,-16.358834176521423,-13.07657548928394,-19.149880532452052,-26.116151980782384,-0.2741781747828198,4.1782556430864615,2095.013425188862,523.1757505952457,524.3591712690945,105.86444519911667,0.0,3.3778412283419117,161.51818188463503,39.292105668950875,-114.824070655456,12,1338.4615556486597,36,13.037385240656784,78195.03868351963,78242.64689208734,77548.26105593813,77251.15381469937,30.31133606187112,329.1305318928316,87.00398802880942,99.94861400702766,96.69456168113048,85.1358000872398,0.02001682194800865,4.980798324234979,4.204949777777098,7.9092677195305034,4.593733599697946,2.461006787717044,-0.08454814524406858,1.4757261732443592,462.23373647311354
be688b5730c1,362,-7.527430697911746,-7.50089069874625,-9.473368608976202,-11.061402077550866,0.30848295111280843,1.187042414622738,-5.031480294379672,-5.029086914916028,-8.53169696473787,-10.53077651595637,0.4546022632558796,1.7872197242350054,2098.832010995211,380.18537987191564,381.09885807671475,97.17414987888799,0.0,35.13293309422844,146.4749449760868,39.28491631708604,-114.88840945274649,12,317.39172351470194,12,5.52469692699687,78388.65792436976,78370.66419776622,78182.76774637803,78054.7693841927,34.050149196873534,121.71037720281507,84.41440218365825,100.02577360554375,96.39007545145203,84.46092881884788,-1.1931433638151174,5.205511015065713,6.364739438693769,6.364307087545856,3.8119451431036238,2.7398766567281694,0.2505422580068381,1.3346666960639109,3202.755211940357
a520535ecc6f,362,-13.626848131786497,-7.498003847018124,-10.10468618480332,-13.646565156689048,-0.11491213427044593,1.922200333989438,-13.86337179221412,-4.774098007835831,-9.202275771364903,-13.873300246292937,-0.1483875348612941,2.873649525855514,2095.2157621566917,-0.43959725673162375,381.46629978434635,76.11094515906296,0.0,-0.8855413664923375,128.3869578250101,39.27989346941304,-114.92503619035745,12,651.2584037643632,24,9.107429834500293,78828.11072803981,78829.28579268354,78400.58186401002,78068.66931722572,38.101752508948266,265.56961386730535,100.01388554884534,99.97682618545605,95.23229468005256,82.4423477275191,-0.06390857900833179,6.351572893732996,1.7735606422525823,6.366353047255938,3.6114202777603577,1.7777424390470242,-0.043241612073573764,1.4386519419527892,2875.4606394865277
8fbf897bd90e,362,-10.917863448037897,-7.466732975075055,-11.490410668239686,-15.548785183366524,-0.17427250697503965,2.5849754971280343,-7.191021691209166,-4.7604140479788235,-10.674106009275736,-15.560756469166265,-0.18924368012985468,3.458402673699924,2095.4414605672077,513.0852364079848,512.7733553708993,94.82074294574927,0.0,3.611733999700059,155.5290223984514,39.27212969247133,-114.80427824068568,12,1032.0810872703,36,10.829238460217367,78942.22041566657,78990.90789431774,78570.64430625156,78039.60709756926,30.30198238959718,321.143947365231,75.40198072705978,99.97057614199078,95.56453703824648,75.28763244269379,-0.03769523064639921,6.743768075178215,3.0480451903044106,6.362975373968663,2.9178841315909154,0.5681776526184698,-0.0886241552992788,1.59227482600447,2501.2622717074214
7069b63270f0,11,-14.241501901663664,-13.60981189907799,-15.271612090573617,-16.388983967417854,0.2685241359879236,1.0291673215311892,-9.154718868574973,-9.230461593057374,-13.898047856785864,-16.44986608704095,0.7081151466065033,2.7443700887720395,2093.612100402876,321.92899610032595,324.67345588867767,82.17045954670665,0.0,29.929618558602012,124.66942839330265,39.29093422250161,-114.86540581319134,1,382.6631031401262,12,7.281816791588494,78043.25165512427,78133.60697775085,77944.52270706871,77781.38499796778,35.0574288672224,128.45380224685084,66.51698789112334,100.05087340462826,91.0820080157445,66.5340554451806,-3.010543310300455,12.36682099079382,7.586627578073079,7.824503592148857,5.700730010612184,4.577197923322231,0.2970409410636858,1.23227351006759,3637.903036062328
17470f29d541,11,-18.2273343706854,-13.59678425546828,-15.513149848578069,-18.23933936539317,-0.04256911521020306,1.243112366035341,-17.455325441534278,-9.144975111658812,-13.602240188765334,-17.468347134664697,0.016010547834673854,2.9072810868633066,2093.834738075267,0.048617890114674864,340.0780734449211,77.78860806485845,0.0,-0.1882299010503926,119.52129041302486,39.25727593220433,-114.88035511864358,1,760.4034439469535,24,8.319210094594606,78390.37267900776,78420.59272061435,78140.09095937997,77798.50794641885,30.46567514146398,215.4805256699996,94.614934776332,100.01712628063366,87.4438238276638,65.29485796604145,-0.42102294992405737,12.690564458937994,3.208609875249003,7.820570814669183,4.971055070168543,2.976147002000949,-0.10370455718168678,1.5672093609544389,3264.9295482754433
9f51801bffbc,11,-16.539130911677876,-13.606876773694955,-16.433325482204832,-19.128583338461425,-0.10555355689577345,1.71905684721507,-12.050572646116883,-9.123352600331277,-14.730867777295433,-19.124614987709023,-0.09987504719077425,3.1765130703929536,2096.8739956833997,392.9021350753297,393.1780384191686,83.37345655797893,0.0,1.888864402834956,127.6944148856562,39.30724224847226,-114.85417557953954,1,1177.1413859236086,36,9.987389614258127,78452.82854787889,78519.36463271531,78215.96672861291,77762.86209814675,20.904858470195894,230.62604097153118,68.08911581702469,100.04986602808218,88.31754312016297,65.15574531720331,-0.1065779887547974,12.189847473593709,3.925027810805195,7.82425446309743,4.40924942539996,2.609917142579384,-0.09071139662994633,1.5296730479266627,2838.9219017721593
ce04ae2bbd9e,30,-16.009220716790225,-15.980250978202427,-20.612876193156396,-25.407936649356085,0.010353267215015031,2.9805630843403526,-12.4764090014426,-12.47803800421957,-18.266168351649515,-22.090801089936086,0.26847342945248,2.9473093357794307,2094.139962684219,639.6626515622177,639.4389841129062,165.8286453735531,0.0,58.63284708227817,235.87547617523867,39.26639033718844,-114.89078871916513,1,436.3952923786769,12,9.609736349623704,78897.54763476153,78883.59993846573,78667.95469962439,78451.73691458919,44.26616856305196,154.86625933685642,74.75766022602573,92.30926003558919,81.6224195795512,72.34081402578042,-1.9588850135610874,7.4150351009972315,3.7546636291805155,3.770568323663262,2.85066076838558,2.473787774047906,0.0913060408800381,0.4073372956140784,1217.4789356121878
99e56b3f1756,30,-23.434705067900516,-14.975929042680132,-20.094724355344518,-25.370351962198125,-0.048471817366885474,3.3006700189007367,-24.680025345614272,-11.328872970475807,-18.384204797367875,-24.708963376780897,-0.1708944647990615,4.314793627802188,2096.145189730052,-0.16305206065608188,638.5939874468122,163.45601966768663,0.0,-0.2602050011527056,235.5410931446412,39.28274068219491,-114.83438755527712,1,875.7292870494841,24,13.397143322101263,79108.08048866471,79092.15031209163,78862.01362446714,78445.72258304806,29.550432058019165,210.1713208960271,99.97977725898554,99.98937472893705,86.0198325345306,72.3304278952152,0.6583337015843913,10.105000940898972,3.1637359400074305,4.593912176903874,3.142101683795117,2.4878112061989945,0.03392787914417146,0.5744481220293403,790.4434222963457
5fab00d76a97,30,-12.584114435741085,-12.590567480199638,-20.535584106966162,-25.377203220728898,-0.03715031860934804,3.4600931075457817,-9.564962035160956,-9.518075609128267,-18.90566050102193,-24.785695480507155,-0.05826697133386533,4.571378502937381,2097.833305773723,641.4985157216024,639.818993432775,167.47793096283155,0.0,2.652073450373733,237.84518087517478,39.28899548476158,-114.91827335775947,1,1330.3073063642096,36,15.191065034297152,79288.74153997147,79330.57133939983,78960.6977328069,78460.83259797283,24.59709453138593,261.43597448624314,79.93138596718934,100.006019300826,86.07567169556913,66.91148726994525,0.08816289724964363,11.003151498776655,1.978914752020149,4.599750315718425,2.790314628007416,1.456367420219039,-0.03487361378339615,0.7467916536428245,338.91082758724843
71c81d9e0455,13,-18.012796971946287,-14.890447056162403,-15.942979705116858,-18.029396269113565,-0.32725779584357373,1.314269526977469,1.3691823696428032,1.375390487898514,-3.3183998148002645,-5.765828832793902,0.5688756979642128,2.4334943441642976,722.7268629078843,581.7644385983255,581.314281992008,151.5574616417531,0.0,53.748016669825276,216.22553558698763,36.08441620123167,-115.1236234374442,1,255.94004006586718,12,7.080275717148595,93635.49343712625,93752.24693007935,93580.93332989715,93326.33166747955,37.516020025371425,138.73475847914517,18.785665875433807,45.5140781582249,35.438495209840525,18.80160231922401,-2.4072522147544784,10.07809254650741,5.922481605379529,5.974718700994139,3.628836908822203,2.2799797407536704,0.35488011445138834,1.5321881437065397,1626.2082838950632
615985d98eba,13,-16.140083682760874,-14.92427506170278,-16.54269340193428,-18.340064190147892,-0.08819752091675136,1.2388155039501525,-4.32813410788603,2.055886925201247,-2.7671367840388945,-5.733678983673859,0.048406895284254056,2.715974164487853,723.1353873326885,0.6432066639025634,583.5500295667911,147.07419664418958,0.0,-0.3038801238086889,214.51600665837157,36.07998919170091,-115.19119430700145,1,496.97179498391847,24,7.839112986663948,93545.56260066509,93739.30405183416,93561.49105031737,93303.42625442629,4.0690535180164495,103.21288483039868,35.90153539673306,45.46992713382415,32.08682440176149,17.511225292252913,-0.4534840685455051,9.657813172415015,2.0600714091005923,5.976556905324258,3.5974579497711994,2.0594826433378084,-0.008469325347296537,1.5142193975315454,1381.118000126618
91ddf8a5fb87,13,-18.330864754923333,-14.88023719957386,-16.6012884924671,-18.347662672004077,-0.037918101467613895,1.1414369459423155,1.4506868139880225,2.0702131914758093,-2.8400339508055903,-5.739929233572491,0.024992006921827247,2.5577470818226105,729.493494358435,587.9546162114044,587.7727498820158,147.84902880985047,0.0,2.0154580651013685,215.0558634454485,36.06147580014943,-115.17247421103455,1,751.5182078278773,36,7.835212950183432,93955.90041737989,94035.64086618401,93624.28010728359,93289.38411329393,11.306349044223733,165.01719168401593,18.29536241429724,45.50897508926009,32.09515573801928,17.42624965697645,-0.20875412209552324,9.037728976748834,4.380569447502462,5.980446378882344,3.4019404547146794,2.072174663912183,-0.01308693897551404,1.3961303982520572,1123.7622261387296
0be2b087f276,365,-15.921154107370134,-11.150228219083859,-13.333537246115462,-16.148269626478932,-0.4968674583623158,1.8880168783114046,2.0317260172015903,2.027171834528806,-2.8112836653621573,-4.9872102618919545,0.6485841286926599,2.6380906004944933,722.1737496022848,580.4705366450916,580.2468143161401,148.03746828437977,0.0,52.50284594265378,211.8790723898869,36.074421911406226,-115.12762317306847,12,249.22181787233825,12,7.042063262969068,93049.01882229853,93076.84672457105,92798.80785730758,92460.8452650348,58.67949957989722,206.23688939972726,22.212290895387017,58.37083603952857,44.719856692994085,22.217695618215267,-3.826698050816453,14.546800519022664,3.8810607231492846,5.491432217533566,3.692276931839819,2.780695889500492,0.19360558526993601,0.8920237383316689,229.34173162773953
9e072d361bef,13,-14.936101304335644,-12.116703355460414,-13.20818079090513,-14.947717290797257,-0.17654309983763491,0.996191198302219,1.9677269825721215,1.9597301697056484,-2.431527792831794,-5.138502881560499,0.47887631615550313,2.3296377032524322,724.7634467340691,547.498988088841,546.8505024902829,139.2081404772546,0.0,49.38745096468994,198.9171932358684,36.06780402575993,-115.2036654508668,1,247.35980823415866,12,7.099316751393058,93462.55543260391,93634.61742794287,93511.22324583164,93438.23186514505,6.061920963404072,56.92522007779517,24.418904048098234,56.653527726031086,42.4919297036845,24.426496417643065,-1.9687682468221481,10.87885008312597,2.98956315829678,4.206138857740479,2.8795516298054196,2.049101702710614,0.13755284593492786,0.6223650831490509,1195.0086763395225
74dfd872fe88,13,-13.755954842420884,-12.146056964532667,-13.588391152530773,-15.898860239647442,-0.04043265639767066,1.0787598480560332,-5.475272372482705,2.9433244716744587,-2.3164519633140026,-5.5056602599430375,-0.03152674862477114,2.8533220991348647,725.8284612535201,-0.9973825317311479,554.9465364739016,134.60813079253552,0.0,-0.2956753863785062,198.1533050822158,36.03610136277235,-115.14522556056299,1,488.80200288671296,24,8.409123384087108,93626.3095284323,93600.48452516222,93447.9243712624,93302.73038204045,0.9551832270729652,90.96327261135244,49.85015171682279,56.59625950895234,41.165418254385024,21.107609940365204,-0.0241115428301307,11.528266230531173,3.327706042991621,4.212849176262505,2.848345642172418,1.7358321449820975,0.013577627057774176,0.5598789571908822,952.8246272030993
b069105ef55d,13,-17.7208934122215,-12.198450445039828,-14.464339770107301,-17.701490269017373,-0.11695807593983437,1.6167115003704748,0.5752047050512898,2.9463683609667997,-2.818353057656254,-5.770450286073221,-0.043386488493327276,2.6946543046997715,726.0162221204442,610.8187375421566,609.8588646007004,143.51960851386144,0.0,2.9284164712679956,209.1558765841506,36.09894719604317,-115.25179427044074,1,748.2419368871813,36,8.717508934500659,93933.13572569255,94066.99303844034,93621.3673812557,93317.36971748834,15.102563125708107,205.22076330725824,20.61864595126073,56.59711077930005,39.44452441053192,20.71509250055696,-0.30761105713566406,10.974249601146248,8.117386017214791,8.536707399318876,4.058845455196759,1.720073743637134,0.15811047042220674,2.080232471121433,700.1390929920872
97eb9e96ca04,328,-12.41898519268142,-12.452624638043291,-16.67126025453817,-18.613256165641307,0.2961522030325251,1.9484802751171073,-8.615784788582967,-8.652936569194534,-16.216746575217222,-19.285074146116077,0.656194594697648,3.3975282902753223,1774.8781674221261,554.0184988579097,554.4347209405885,142.13847866824267,0.0,50.766109964138316,207.11704404982484,39.48460171983118,-119.7643777988495,11,410.799270360821,12,10.574519902538176,81945.75796510972,81986.44125520038,81784.80129679453,81631.81598519438,39.15368017980673,138.726804871571,75.20298970235395,99.9698266056202,95.01428742010624,75.06569825721466,-1.9420911153887697,8.879120241919628,1.8262721259521353,1.8196864251275429,0.8621970547310864,0.5430138352977032,0.08126001969617114,0.39305535838316485,1048.7886475250993
8f54c710b152,328,-19.601427404340157,-10.741801543574729,-16.42246780981404,-19.636442574405226,-0.04726722391531267,2.957716418698034,-15.626134435799612,-6.733487084840407,-13.886209913008553,-19.19531339174573,0.24986769877948206,4.239468621168929,1774.1372201669658,0.5568506395590195,553.5451911464213,129.8508253626055,0.0,-0.6825873601742286,197.251994284366,39.516344885279345,-119.82699156085476,11,766.9758435682298,24,12.531269803094553,82203.16048707165,82215.03072046043,81942.17900693083,81583.53676779983,25.480542668677,182.68918375959748,70.99920063389004,100.04629627781108,81.91333136621728,60.604984521372174,-1.9107133851684241,14.871783956445466,1.9149976780014317,2.004921270517182,1.309804008958629,0.5367971785326869,0.06950428075472095,0.5463973922879185,697.221053555771
73eb8a8d2b86,328,-9.552078189606181,-9.554016512113504,-16.819732971504266,-20.190905646425538,-0.031114767765495932,3.2445653047623857,-5.685390488753929,-5.719195441900201,-13.868260859316976,-19.227241707709332,0.10561644947129364,4.057684551760609,1775.0782562673612,541.4373301620395,553.67935280991,133.00128746956017,0.0,2.0171166356923624,199.71672833963527,39.4990964515094,-119.78594702024574,11,1148.2242545356526,36,13.530997786302235,82673.48858842024,82688.05170873205,82066.39971502383,81648.09501520688,29.11120091374123,308.8791440576405,75.95829357527195,100.00198761102278,79.42200147275518,60.552575751768366,-0.8291181102148114,12.633348958192652,3.751168809341054,3.746194399888486,1.815080876557519,0.5484518856492016,0.08478574609093405,0.903590947470901,318.75412702005707
9658cfb08902,364,-9.341444128914356,-9.354264649748147,-13.83368648630428,-16.36688386238407,0.6225418782397686,2.5186912652948035,-6.381947251747111,-6.430590788936184,-12.834031696896353,-15.857495924416643,0.8360424345375881,3.3584923959460538,1775.3565001430447,254.1456292053105,253.31235604194475,57.499597416692446,0.0,21.173374070164247,88.33554450052249,39.511649978171086,-119.79810528552144,12,369.92360129559114,12,9.480293285109692,81238.68846728606,81257.2817522211,81159.94349416898,81099.46483191356,12.034107466284095,45.09480774941111,81.3372582204089,100.11888570464463,96.14493395566956,81.28785454457672,-1.4921458127657652,6.579940621892259,5.833372120196601,5.829646231975689,4.042250752682989,2.648719833361953,0.22469910833321025,0.8768810459865618,1080.841510969841
a4be49736e01,364,-15.511555124637715,-9.198924141887995,-13.237788981939685,-16.378257955371243,0.05683736995129448,2.6900103496234946,-15.447954000476964,-6.10050061303402,-11.848353871583244,-15.893174095871359,0.09990893267368123,3.689692890529954,1772.6819941411354,0.1420207129142265,283.0118641583543,62.158348710717085,0.0,0.14608929249682495,95.08056842418101,39.49385841710892,-119.73115998389707,12,717.992718036604,24,9.799954472360087,81427.85570776244,81418.84942669317,81226.55174135421,81084.90293199483,13.197683026640929,99.02549853119123,100.0088369767296,100.03022271516376,92.4054842632845,80.03543710915854,-0.38793442325225214,7.730549441480297,1.2579439162980315,5.935003866153156,3.8143732465050038,1.2642489850072993,-0.05035563643831577,1.214284874563094,732.2731860770472
c952e420de0e,364,-13.521146845498096,-9.17431113513474,-14.283679355933485,-18.230002304528533,-0.09649333887039085,2.7431133867946853,-8.73987141624243,-6.062368459480884,-12.948642288886298,-17.373504982403986,-0.07252742130487315,3.759100694056431,1773.7182998226037,348.3198947238636,347.310587250686,70.33173907335434,0.0,2.1493646747262924,108.89513373585798,39.49652497942835,-119.7974873164259,12,1115.5244728514347,36,11.29199157565204,81676.50153506093,81694.80377205172,81350.07817517708,81099.4302396644,17.18824344091681,186.82227984145484,69.32542126757049,99.98217500514745,92.16159076386336,69.41871467824349,-0.2613970649433505,9.596027384139278,0.6323829572381218,5.925934918764468,2.8635443661725484,0.6271221640247299,-0.12218616676534226,1.6841594911109679,323.75415056168254
67c29f07e703,362,-5.710285311703688,-5.649942403774786,-10.001323521345615,-11.940600268692128,0.29259515045772466,1.9614020620443795,-4.170820768377721,-4.130461493016803,-9.973373610032672,-12.498831640857281,0.4036043834421649,2.5687027373357854,1774.3245104816995,345.4802237848901,345.25351565598555,71.80082263594248,0.0,26.686242144132923,113.41619812928987,39.492707399429435,-119.87853782995859,12,334.9511621219924,12,8.372858603060937,82000.48166169132,82007.86313488113,81841.94595654015,81675.6802466689,31.553849768277626,109.0960588662879,91.3342267081034,100.01439366242893,98.9688779036322,91.26528684834501,-0.4595585754367893,2.554378987632125,1.9555992028184828,1.9415031827647398,1.5831442674686786,1.42782982397378,0.017992951930086362,0.13785723831225735,2940.3658380713423
280706670467,362,-13.210937391539185,-5.4191084106758,-9.754324166292648,-13.228349806728321,-0.037243049645593315,2.5833829691994503,-14.449453241646886,-3.489301611133135,-9.210234651964901,-14.39372113485042,-0.0007594708141958193,3.4840481227885154,1773.284791481611,-0.6331292702055081,345.87439317532306,79.09329670526363,0.0,0.43955515536902556,122.72045997791282,39.50206208565496,-119.74842324966198,12,655.1237048074587,24,10.926560722614377,82127.53797292172,82159.56949145005,81986.49947121345,81656.02507631273,20.45195674472507,145.23916293252154,100.01273043692133,100.01096791468959,96.249219917942,87.08450937879397,-0.20971033499746725,5.004559357049997,2.670833999407566,2.6619060693454326,1.6515653178924365,1.0265878806707904,0.02602895239343738,0.36456028652494904,2612.0772472256253
7a407ceb9dac,362,-7.237888841841923,-5.43013881491112,-10.602311754795258,-14.065987038032643,-0.08588458081163537,2.7547477111045544,-5.143961234992437,-3.5120965035398886,-10.06875005385286,-14.597673895355861,-0.06197847993095368,3.542979424777391,1774.1787782174254,351.24581900614487,351.07699727314645,81.67787705793437,0.0,1.555765032966882,127.25293928529192,39.51453464732738,-119.77340554672148,12,1009.3444431748871,36,11.082588785305486,82060.03309398014,82160.3800716759,82016.71819159585,81716.04895509282,10.542722858544353,133.84627355455805,87.87941502853225,99.93531010681542,96.2888662610443,87.145336182303,-0.09256697149802451,4.782549936189053,1.77392588555314,2.671512421258335,1.8468022899476233,1.0247908784667272,0.02685477676840297,0.4201199690037711,2266.2769310908047
83321a270732,12,-19.837084569889754,-17.77506990426966,-18.46559849496889,-19.82426182241278,-0.10628696918860679,0.6332426520633677,-7.948165780631382,-7.206158155988995,-9.090043709140154,-10.467098403928285,-0.07040640970900126,1.0534089579601311,1807.2016827826617,438.9021090124662,439.65606476183615,105.85161161649951,0.0,38.30341393510177,157.63039019486004,38.07641747442339,-117.05043769140899,1,326.9907264103283,12,3.3017361418665305,81038.63777532135,81056.61245641686,80945.87358443836,80831.64087801785,19.819864918609465,69.49562954170044,33.48432924437115,52.180490382432424,43.4314472762715,33.500116327527614,-0.171576109034354,6.236866120973691,7.503443373691135,8.150730538456186,7.333722964920651,6.792859744576505,0.07296494373674162,0.44861194667853255,3914.668021433369
e1e2bc614513,12,-20.435177624841366,-17.74142645102219,-19.572501448704585,-21.18396176139707,-0.15501359234621687,1.252521020919759,-13.355602457249269,-7.139148585006601,-9.571310855152174,-13.38458777732129,-0.14292709381034027,1.7344028758650634,1806.4453788033982,-0.5221959450131843,440.5992106722502,100.37458043456003,0.0,-0.1348469081007338,149.48785475160065,38.080935292741046,-117.11314159023313,1,663.8588592928369,24,6.212143418931182,81606.87229703878,81588.25162279407,81190.21686597423,80839.0197328248,33.118962627484756,240.40802404332504,51.27055923489653,52.12585278357918,40.596597177724334,30.16561125088726,-0.11011797169166941,7.521379099976051,3.8787864446148395,8.144409862256044,6.414839545102927,3.8678026085451367,-0.14613042696138792,1.2632312231142235,3570.9457499856703
a49923c9d7dd,12,-24.449039723974366,-17.762473332954084,-20.22190484377326,-24.693613902051776,-0.13000227618837779,1.6779291020703402,-6.708253026036151,-6.73562102584866,-10.646847488491161,-15.330027505130271,-0.1428046613261897,2.6611241560773404,1805.0779581898876,548.1887309915332,548.5927316700006,110.72333832686462,0.0,2.890082133426763,167.46810204535868,38.057586591453855,-117.09264661422475,1,1033.4293078667833,36,8.611374558316118,81878.18167272987,81901.82905841373,81389.6976251933,80857.99824224156,33.38680397231843,350.1128905176604,19.38612086409858,62.22562350955544,43.17319873029239,19.32939142727778,0.11146472569851541,11.423420950786905,3.9355347564513563,8.161859817408011,5.4571750224883315,2.8138808747029853,-0.14599726826428275,1.7595706392802022,3201.1535171968303
adc3e195e0f8,361,-17.674854021808834,-11.948568963059097,-13.782482865200977,-17.703827159884533,-0.359469616994938,1.6725801765978456,-5.021981968261041,-4.993559160865401,-7.5537051544626435,-8.916503624598493,0.23016411269779619,1.1882746513804414,1807.3208632179353,419.7601448158123,418.94007615364205,94.76615546265106,0.0,34.22623768357334,141.91263380901646,38.069810634301895,-117.07477585893001,12,305.9846622146152,12,3.9135234105183616,81537.23199286556,81550.279394919,81153.60487428552,80725.11543461747,80.85397707395568,279.6854950790282,32.67393947508727,72.51990322055927,61.25837927677523,32.70687964923831,-2.8109633210299663,12.994911006814878,9.361339733916532,9.751715627863238,8.0207214624886,3.841484137501539,0.41141508322437137,1.6128243120522843,869.8308482637232
71666dd8a55a,361,-16.64270968009345,-11.953701314217872,-15.837276727787568,-19.064552995816197,-0.2773200911880804,2.42101162326793,-10.372644912228973,-4.405696396608973,-7.946397765901366,-10.975577215748356,-0.10758039652813746,2.0505663847392523,1804.9325973343007,0.5772776836965573,419.46982985874934,93.6689605976502,0.0,-0.12432206678777141,143.03215543204044,38.06288462630486,-117.15893372720986,12,621.4756980001061,24,6.559261961542058,82087.89174729672,82087.29056628923,81528.79839428817,80709.3777762317,62.7619446090357,439.2544805724785,58.400359055648416,72.59414598931876,52.85420911020233,28.920731091052474,-0.9738892136810545,15.056817083782246,2.97717689148607,9.750447758940423,6.512481442388159,2.599536419807299,-0.22214267210276242,2.643400938002518,545.3856162944696
136ea825513a,361,-10.502029940294001,-10.528724770313536,-15.63275779053179,-19.042835230360016,-0.04115004288054386,2.269412151588268,-0.23904180540889314,-0.19098226129477228,-8.148489249861667,-11.536563587473768,-0.02157136396449793,2.8183090848047025,1809.3639031732919,294.62921817984585,419.3148004742096,90.24259133057637,0.0,0.6234102811650452,135.77737108097028,38.05325091246795,-117.10271228885651,12,940.7675088607034,36,11.326688600768778,82344.22203287783,82324.7145502018,81719.49837928386,80704.98600217667,44.91379522059263,485.71865711086303,43.65859779660748,72.58423457926386,54.827224608521746,28.957987717051104,-0.1620627719750922,13.640532878474813,2.3320271210147316,9.75369071716093,5.03681896677278,1.6640328686614743,-0.23041435075692884,3.003096139479828,232.02210927766328
213e43e666d0,360,-14.87933806143439,-11.29986276121366,-12.79193506622818,-14.870606419751823,-0.2689787722778653,0.9695803810903538,-3.3436501975625306,-3.3875027883716458,-8.402205497728335,-10.531019219197425,0.473000994605943,2.331237120042405,1807.8388493859075,431.3843016477883,433.06888596787127,110.55978286100323,0.0,39.09724023383869,158.77571627930607,38.05504010214453,-117.14390537829009,12,316.1429297881775,12,7.1475491337578045,81354.36479006094,81455.51570837958,81166.1056795286,80847.25809293744,58.721783371534386,206.93911208038693,37.59408548046708,85.37286656991621,73.34643738111329,37.59978412192938,-4.10067448993097,16.84614774022999,3.587738223512511,5.59608762585052,3.9605512638183757,3.146310886864184,-0.13998806442775277,0.6944285552428623,855.4315162965726
8c7b9d6c0517,360,-16.87550008751467,-11.292024325517168,-14.234538871574278,-16.83989745522104,-0.24136860026812731,1.7006339255495175,-9.309038321158773,-2.471358521904985,-7.040853118325181,-10.47053500262855,0.140925480909188,2.697443800355537,1806.8109005041931,0.5076856474579012,432.67802968431937,96.55950114064717,0.0,-0.7528371603190974,145.94855095631158,38.06645613385049,-117.1379734983518,12,603.5058377147874,24,8.051332713396485,81966.63231704173,81928.67356146699,81429.62538859497,80849.89902340605,42.89142577490484,304.3355344162932,52.487120086982735,85.31173030160264,58.32193892714475,34.34987292016188,-2.1752286925504203,19.573837722700457,1.9928856981443206,5.585853403999937,3.0227683343489122,0.9354584140591266,-0.162530407666342,1.2959659109595991,573.451122552485
7fa22d5d70c8,360,-12.824710692438439,-11.29462348759899,-15.090427027682322,-18.201089582866715,-0.15137791470194834,2.080987684179679,-1.0037559993100327,-1.0459331277843646,-7.503846975996346,-11.3357220364129,0.0205440565191597,3.0259772657130988,1808.3541731300743,524.0862144911307,524.0500608494397,108.36172975544754,0.0,2.7467220573932534,163.73134182694673,38.054249175352666,-117.17455012854619,12,917.6594009637995,36,10.330571559096697,82409.37330124297,82488.14474155816,81696.26196248941,80840.23350481877,44.37114432180342,463.08676879447495,37.75381874776725,85.3227089583384,55.0898201249246,34.42222741487659,-1.0529423821026638,16.993117237064077,1.8202502897065618,5.596674178354358,2.8211312535664894,0.9297953086092661,-0.07183948646112102,1.12700051785481,259.2836348069952
c84d537f2e99,362,-5.263306144277763,-5.30558452969059,-8.49295154558454,-10.30597192638887,0.16152664559925298,1.5509005078848928,-2.5580600262074533,-2.533963928979367,-7.844992047407264,-10.20454572116145,0.3339801434329192,2.361204153009093,1507.4757180025629,365.53677588774895,366.3666500268045,67.79883716678893,0.0,25.238979920207466,110.96289813673472,40.93142619208167,-117.75034457072555,12,309.49465371830877,12,7.652633954383317,84706.1602574472,84703.27048890242,84489.977773253,84281.88906003657,43.80927939280287,153.51784285967517,82.51182465128466,100.00976017297042,97.03607431472344,82.55077578301287,-1.133988372065662,5.58321753284986,3.2801916776601696,3.2945783740815218,2.8178528036562263,2.2974953075610194,-0.010433481509561604,0.2382470852309578,2924.878310297791
635c66863071,362,-9.199414846504418,-5.252773952833818,-7.968215887964929,-10.30250959283154,0.0346901695821335,1.5967968403574757,-9.376464212338261,-2.0544504675561877,-6.830880725237613,-10.171885015707495,0.07803750591227561,2.699610505338867,1507.428773880558,-0.5856695495451999,365.73556493965873,71.80596874072599,0.0,0.08299476688825931,117.339345548107,40.87549447055627,-117.76042544326096,12,595.0938693020701,24,8.13832781748506,85063.09490096402,85051.28210352751,84696.91497286371,84298.75015976116,34.77452374102307,241.2979784556057,100.0133125746968,99.9879026710817,93.53703915194309,78.68079426027094,-0.28967593743375913,7.912654835859524,1.6413141158177647,3.299044316909842,2.1950041344150497,0.7119710702794582,-0.10076158428597068,0.8272828604178727,2633.5804040665466
44278b087540,362,-8.744711633213269,-5.218542722361098,-8.984510340951882,-12.779255869979618,-0.09618121114792247,2.066388695927535,-5.263224847995834,-2.0716397084162423,-7.99439866607226,-12.7451745140775,-0.09330646694120012,3.0546476917202052,1510.2707680123226,428.1596744174925,427.68868458452073,84.88641608711224,0.0,2.9565526652228358,136.35167647223682,40.8925404263878,-117.73642559929091,12,933.1708127389046,36,10.708101217951826,84995.61867749513,85060.05833885942,84815.63057672358,84285.97454282045,23.803076580252416,259.62140411002036,77.66875976226935,99.95535391149427,94.36374493139571,77.58913627126431,-0.05710409688838498,7.851508252067407,4.4058552592168425,4.455510505502304,2.544857663900727,0.7066830710261514,0.01715633481000525,0.9341436827110805,2287.4978462471095
6cea600e2784,360,-10.777587426662857,-10.757394453774529,-12.104534621817747,-12.538535540167741,0.13244075761809393,0.598530828998401,-6.905511639227414,-6.868950848264075,-11.140741183809963,-12.554065910674382,0.4418748246791746,1.8921394928484667,1509.4424046648116,421.11915865358907,420.8719655180963,93.66521328536363,0.0,33.83070160789517,140.57382207116342,40.897408586659736,-117.78211911147943,12,348.54079107097965,12,5.651363388665946,84540.13373458883,84572.74533496516,84319.05728939782,84023.30715189985,54.7214241349638,191.99897512064624,74.22162204894971,100.0411680571237,94.79190121896721,74.15780468664981,-2.0317658766875613,8.82003230373569,2.1273051833213645,3.1844468824263257,2.335973609262107,1.753821581968155,-0.11732207837819328,0.46557798314637633,1044.0822635198538
b23fa3a85a71,360,-13.77642766560598,-10.582035026428779,-12.30457571405839,-13.817644736689765,-0.04475611336299067,0.9623178188347176,-14.070113678125251,-5.553894629886234,-10.48416005666675,-14.064591020568477,0.02376038640054685,2.6344000708153157,1510.0192471093317,-0.5791439211764868,421.108799256535,84.40063071676812,0.0,-0.28785709560597234,127.50098943951359,40.900197173894284,-117.72004756190901,12,683.0666025803223,24,8.488677776523186,85118.7436182437,85107.00868797011,84569.67212061834,83981.62298226127,44.84531359454208,315.70507957951276,100.02174800516168,100.04803725568867,89.16509810292821,66.71659363172382,-0.47887049004490534,12.37963217558993,1.6721889209611853,3.1822058369122312,1.8611453146376264,0.8726767146410565,-0.08442885073854879,0.6423238107733045,697.469596095632
00c6ef3e5580,360,-11.450284609798006,-10.543373686292218,-13.003053572576153,-15.799973678835412,-0.08839543236854014,1.5483554285393755,-5.633935818375543,-5.568929897625473,-11.512719890899248,-15.99175653734575,-0.07889468648708339,3.216714952160274,1509.213487999964,489.2530958086655,490.00539220513576,94.69523255946696,0.0,2.613667550473837,146.0333917777505,40.889499520466195,-117.78327280415407,12,1060.7504342622683,36,10.404235558654392,85573.225301382,85589.91376701723,84831.6841937341,83969.89262923076,44.58975155368424,467.7175414472952,63.305918650212526,99.94237738995407,90.55227792722935,63.30447792178385,-0.09530554171945942,12.477534774674535,2.8445069811667403,3.198482165136716,2.1001789918005285,0.8629392719085173,0.003838734454752058,0.6598859911790533,314.10747042954614
2455900da050,5,-11.993143152196382,-9.519667222812098,-11.220651095196915,-12.283314797307455,-0.2259414592524927,0.8542818477595643,-7.245044087839734,-7.241935327423919,-9.44719925306312,-11.162461286919676,0.08139829029981901,1.0730544032177873,1510.627583401577,176.33417587106103,176.78570009669667,35.09013066798561,0.0,13.023963731293502,55.68863819034594,40.926219317791144,-117.78166371167656,1,330.3704296921784,12,3.9111694449367556,84489.23649838098,84503.10956411784,84388.05348236376,84332.10911802089,14.487115640746815,64.81750033796449,69.09706283657715,98.20201236240062,90.77624717999865,69.27842487044944,-2.2494934108938587,9.203645235563965,5.077769239272763,5.0775071950607735,3.477727131160321,2.7902755646236383,0.17205852075936254,0.7897728480198386,1793.8097880272123
1e14eb3846a1,5,-19.674727935624816,-9.525066295369127,-14.152718784225371,-19.70992044527115,-0.4879770314385874,3.591988128697979,-18.95190388244131,-6.886529290415095,-11.840361539597195,-18.995241382990116,-0.4602202104298637,4.261237648300207,1506.8569890339736,0.04928281210482473,215.86207282688775,46.771726352206784,0.0,0.4166919250581722,72.28414066358205,40.86987099340384,-117.7599114118372,1,716.7038743904382,24,12.084018584696675,84941.33258860638,84971.16415720418,84586.03862862114,84347.28081558386,29.692391410811556,217.97901236386028,96.9307981572985,98.25666305683244,86.43485678273464,61.294445483090996,-0.35204695022795207,12.550015940538186,2.005412044873351,5.327971489306995,3.3201068112784293,1.68190002646908,-0.041297828171616036,1.0418289168362411,1406.4668913629598
721c1aacf034,5,-15.255814714408002,-9.516667036464458,-15.66011709249232,-21.024619140048884,-0.30664385871500716,3.7661303433434647,-11.111700408155997,-6.90400357436457,-14.075304604007538,-22.138456097586378,-0.3641017223501512,5.0581954975386285,1508.6581011647681,504.30430247239224,505.9342611877948,73.71409135165572,0.0,4.819064213265137,129.62137945461018,40.86713462068353,-117.7636894935962,1,1154.8208975574332,36,15.199537004749953,84969.74907474432,85039.59009599785,84725.24484297485,84316.85198188397,23.683445239562236,259.395128125474,71.5317176930304,100.01835055157231,89.21458627018885,61.23667463319809,0.13509439567452916,12.278648072997925,3.7803733776140653,5.3498628092230724,3.2546622729816184,1.6919320271644105,-0.01278963133019761,0.9780186327725738,962.2492943823381
e40ca7f71ad7,14,-13.697893206844265,-13.221279818692349,-17.814258687607165,-21.385866898330725,-0.15973327039564264,2.965095452212695,-13.010004224527702,-12.62625520445454,-17.602745631487696,-21.873014358366156,-0.16649326548454618,3.3491861447623,173.44490557175587,469.2157069878342,469.25231406744456,110.48328025437281,0.0,40.64847615145734,169.55910221109076,42.73387044704539,-73.84386678559649,1,426.721086334008,12,9.265565120257993,99652.4878868265,99698.52180121145,99620.16774324838,99350.52912470065,31.2676841643606,122.66449255353265,98.23420496110914,99.99369345514206,99.13213964071106,96.91918951337298,-0.12251683416491282,1.0648226198793647,1.8624632191057822,3.1710839458576237,2.3518211757253864,1.533556554503607,-0.10797457625165587,0.4522407119754989,8610.996164472705
b525a1b10a11,14,-19.31490753233147,-11.33607087331138,-16.25297059621397,-21.343293375007427,0.08746945503378997,3.138645045927896,-19.16598685539284,-10.535609368079413,-15.872521385286905,-21.845065952027074,0.10452001168357396,3.481822111568441,173.7686520737681,-0.15646942677737238,475.72294525142524,110.14311588832143,0.0,0.00438186597861475,169.5409254414329,42.75566677148759,-73.82560312133472,1,811.8174363054661,24,11.317771435107638,99596.89914111388,99723.98993925448,99603.8914084462,99373.92543712638,0.8019953533919778,91.70941388859688,98.84263482764233,100.03450161257616,98.68652462726908,96.90953134482606,-0.07009522003754244,0.9675456644172284,2.6175778344456906,3.159855329770006,2.2925742467037598,1.5256529552012896,-0.01786727974497196,0.37872289570728074,8226.266757441012
8f61bd22f297,14,-11.161438297669006,-11.155209360290124,-16.7031196185928,-21.350826996882088,0.006369763555807736,3.05469289092153,-10.498417081384375,-10.508880902264064,-16.383042546783212,-21.876660711643968,0.004529620819292937,3.4025151419581454,175.08486269180887,246.14831280426233,475.7218982129893,92.63061420567716,0.0,-1.2172252249439937,149.25657056470826,42.78420654014599,-73.75059664590151,1,1239.4862129511835,36,11.342010928482667,99447.7434204956,99712.6516093187,99551.6311464898,99326.26990552183,0.12299931285633706,76.283868710525,99.1679082901258,99.94557049087817,99.10124871219516,96.90779583473164,0.018872415388100142,0.9829020097665692,1.0665671446495366,3.1802985676715267,2.067403085766516,0.8454247009229717,-0.03595883451527215,0.5585301636143452,7790.949858167946
00b158319e11,14,-23.14878831223588,-23.11348615234293,-26.025566046290304,-28.6182075173474,-0.012845122387471425,1.7949938823937839,-19.359466623054022,-19.333567157147996,-23.523135816473996,-26.40654505071366,0.13193277550648755,2.1885132604450392,172.03986973811953,327.37544283271495,330.4804809672538,83.7891477227482,0.0,30.457837565863063,127.07372959005781,42.75824570209448,-73.74133247047693,1,499.0357532223019,12,7.091595817241447,99950.81589020483,100144.07641534349,100068.40664527965,99919.78261242769,12.254674352751726,65.16289024422139,68.86248131608248,82.08800490440883,78.14143391541313,68.7475659149744,-1.1342574362349858,4.563204309130553,2.2926623966601904,3.5017853864798707,2.879318945419548,2.2153717658766516,-0.11838657869607949,0.42526156271254606,2229.9102000435355
e2c11a871d65,14,-21.60802794027787,-21.052798219029114,-23.98164895142396,-28.605600946762262,0.24765054312117019,2.4424441154761465,-18.617743759935014,-17.724764807829587,-20.96464617896607,-26.46901077715829,0.3267281034908702,2.969159876022281,174.02114781113113,-0.8266067187471073,333.6286339732248,79.99898894946293,0.0,-0.10885196405748643,122.55029191726254,42.75243117990777,-73.72361274784274,1,936.2205616045121,24,8.644252181223507,99175.67138790841,100139.26558534749,99764.92248935984,99141.1557922154,-38.546831590207134,302.5862442325974,74.44689697863778,82.14386947893453,74.9637188240399,68.88399773911588,-0.5518298482336988,4.899069339944383,1.1119269636664577,3.483377499602007,2.190922455821165,0.8042413278775873,-0.11707107413394967,0.8243757735969567,1790.8939974780626
5b4ede652f5d,14,-20.364878704445843,-20.399881737824785,-22.947836955065135,-28.636314530180204,0.1880047624064503,2.4669047480782584,-17.063843202515727,-17.067755963674205,-20.27102670138818,-26.465674467508038,0.18245031512329113,2.671452061983945,174.52640776782474,299.48438029850854,333.27982268475233,77.77298484719844,0.0,0.6561469260232736,118.57299861349347,42.75436908457852,-73.8019890794778,1,1377.312327538133,36,9.360899754765853,99060.92970119044,100108.77975452793,99550.27278463937,98955.4001280629,-38.978773878039966,434.3441084281038,72.26375892713203,85.86960353788024,77.19413128226581,68.87154248453403,0.06480240672740104,5.674195814743963,3.568775968838206,3.580502391342235,2.2557418978425545,0.7899114783118596,-0.020639286829539003,0.7780975446587148,1348.0574782436802
cc5b6f708858,20,-13.866559906855025,-13.89749445224395,-15.868929487112936,-17.49717785698609,0.09680104411010078,1.0565249540279422,-10.662378314253223,-10.71346907346102,-14.402556780781866,-16.533641319736994,0.3021791831849043,1.8398297413192788,175.33796590315197,405.19197206374616,405.34244516816216,94.73911471698173,0.0,34.80245050045895,144.57995669160107,42.763278515020545,-73.76364946512726,1,387.52366069893543,12,5.9011649962308805,98969.82381504643,99010.61232354859,98796.68632769857,98571.817843501,40.97197685472288,142.53362356328157,78.10892057098808,96.23217497614382,90.78356068987503,78.11100590054518,-1.5998494909731786,6.61459295330274,4.816353834714012,4.817996682627166,3.5924662987176337,3.1272064716421144,0.12455798825272417,0.5652296596915451,5062.009698399009
de6f4bd96964,20,-16.552039982352365,-13.334150955043556,-15.337685558366895,-17.41906062724544,0.04272561834499923,1.208972918242486,-15.564432569227934,-10.19089767696306,-13.654202285149623,-16.57742867900759,0.0672634931600425,2.0134286663123273,174.2669110862964,-0.8862558912482974,423.19510878270285,101.60310479907888,0.0,0.3340330789683347,151.6856019590507,42.749318253204834,-73.79369076773723,1,760.9413256654939,24,6.354790121286596,99439.39889583888,99458.17678009521,99054.678503489,98599.87119815483,41.5427327139614,291.1280442523962,93.67148062539168,96.18081522987218,89.12045910608808,77.95492899232073,-0.20518093996667788,6.38785302670389,2.9627550846336703,4.9858183472532716,3.8279977489517685,2.96961888373715,0.021264117723820575,0.6907585613417571,4694.665336449886
6e900a73ae6c,20,-13.78116798379614,-13.358833041968968,-16.104255134099148,-19.268973353718657,-0.06115569902667555,1.70865255484273,-9.91504335425546,-9.937110017423542,-14.43817881427072,-18.54954815789561,-0.050334766479140744,2.5183982450153666,173.942731826749,448.42509173318086,449.18094532355775,102.91051964175965,0.0,1.6767297536824872,155.20303712801933,42.7344320869224,-73.84291063489871,1,1169.1152612236544,36,8.604302795779882,99708.58527704536,99823.09695060099,99270.95696544979,98593.59314467706,37.87984051547724,397.7056406086977,73.5839066969231,96.6015223822217,89.04461843560041,73.59586205183437,-0.1297266019643149,7.013482134255914,2.6399010550155793,4.983903930765509,3.4242759504814644,2.29487395758189,-0.03985873632776787,0.8145973880340383,4273.031547184353
f0c158fc872d,25,-14.952471447277993,-14.975650963257381,-20.192996712232798,-22.735343485167117,0.399214233989303,2.346170633007313,-13.727645229402672,-13.75878860790339,-19.586797999097495,-22.230240118630554,0.4629166050570295,2.5936771773293374,174.97531341988747,351.84443738686696,351.8276958821447,84.75237437180034,0.0,30.743725769063044,126.70839701801964,42.74744067600428,-73.84467196727638,1,451.5282349047804,12,8.528678777312223,99022.01953188272,99273.38854910713,99167.14913949244,99020.83612160396,-18.38025934373231,72.5638946851297,92.51593207017105,97.08401482104489,95.35459288260665,92.48323562728194,-0.3025773829707585,1.2025245037770966,2.11737829370421,2.608116323010065,2.1515660093019324,1.7149166760681094,-0.0675026190182732,0.2736989343908432,1373.1347384663957
0950bb27e084,25,-23.899138644013675,-13.387398147499319,-18.84020916568034,-23.84248138907224,0.08826687462974694,3.4979173197420024,-23.682614603482023,-11.981689013762344,-18.122424910352017,-23.652744129040954,0.09640271900353437,3.8764066715525254,173.0543063616568,-0.5758820620278953,385.11298671706743,92.79868911151972,0.0,0.38000905199405194,136.45338704346727,42.73688787717622,-73.85849923525743,1,867.0401457036729,24,11.62575562682163,99199.35599651228,99274.95742676508,99116.5086297009,98936.0129943508,-3.5727788484924865,93.34528070957334,99.24997683365461,99.36568379268721,95.34914616641176,92.30257949686948,0.05637205059396554,2.0438965273904155,2.7585786888361143,3.0098643312498647,2.460003576856561,1.6999282425891535,0.03141678467087532,0.38141312015707585,955.5579167229829
75bca241c8d0,25,-18.317287833896913,-13.369246037462695,-20.690307940279933,-27.325848519520736,-0.1558130348002951,4.292956586304088,-17.289527637938864,-12.005670994846815,-20.094109846111145,-27.65473374788001,-0.16520239930220715,4.7481438534584735,177.011990657684,385.94020438901083,385.2106433832853,94.83984520646698,0.0,1.7147444022649225,139.70586981786684,42.757003632775955,-73.74949574577104,1,1371.3514775959522,36,15.589802897297705,99138.23265443322,99300.24250064419,99152.31032055545,98940.16964775191,1.7104398301554706,88.66061969873131,91.24101614351156,100.0367962263755,95.84831209028066,91.27758526272943,0.03882831360771908,2.6418738730932145,3.774426109263437,3.7917104363938954,2.609062486081294,1.712156995656453,0.027210013777426743,0.4529425784703445,451.29847922579665
1f2c289fa6d7,9,-11.298122503568939,-11.302185597965579,-15.530382702404772,-18.39441256306226,0.07630704594197416,2.2124098001561867,-10.54747916128247,-10.589270632975303,-15.180553020045354,-18.573193696591428,0.0733489392758521,2.481253492989948,175.1735663731053,429.04365308214034,427.33602896098955,100.2818440621099,0.0,37.1592375613363,155.13234375023086,42.747197987089756,-73.84937671864462,1,397.60341935705435,12,8.082823260966558,99172.26031437312,99199.16306798771,98821.29151592034,98311.01985813501,89.88928438662518,313.69254166662876,98.54058968472243,100.00549799169507,99.67783293298032,98.54916241533354,-0.10507372902766618,0.5482259719616805,3.0650061089608127,3.064140739071974,2.636746180049127,2.125323419224276,0.011081113843466639,0.2253786012153217,1181.309318753696
0506cae76535,9,-18.565523006606174,-9.24558992288596,-14.804299635661073,-19.81245830023733,-0.030612891920443842,3.233744681861299,-18.512858522148328,-8.497181597698715,-14.415004535498454,-19.7981529412159,-0.03174836213923872,3.5088096336525547,175.1435153418068,-0.6703106676821542,435.83793987542856,102.63990988874815,0.0,0.12986545206025282,157.9544893342233,42.73705090660738,-73.79720270623561,1,777.3487782001458,24,11.352661044774953,100104.21726349194,100161.63776203664,99318.55219997615,98290.73565233134,81.34824377061457,566.6399900017745,100.0710293646561,99.96808079845343,99.47461245377414,98.01069600481338,-0.018411007088059674,0.706697470030427,2.2769874436444533,3.455615241156565,2.68317953514464,2.11956437871551,-0.0036380938551348533,0.3504170523839837,801.6610376084191
213036669849,9,-13.938241296146419,-9.247730058824631,-16.250433350369324,-20.819931843199026,-0.15556516172145943,3.5173043848529093,-13.320214197322619,-8.446315879247416,-16.0168294098686,-20.941490701270116,-0.172725540539947,3.882175098722513,175.94280940521173,239.87168309029022,435.4404908920851,87.31137970214792,0.0,-0.8731630350717926,139.80004100520324,42.73768318318957,-73.77542861692042,1,1223.5342627070538,36,12.447671075326413,100410.74198190904,100513.36614315394,99673.24836391644,98283.58219781918,65.45735534492371,695.3312229300612,98.58798209426978,99.98966713745506,99.65273748257292,98.06095800703915,0.004606484100201005,0.6426910411941612,0.608022405197035,3.472965698531092,2.2331636507381627,0.011545333807114797,-0.057807395143867124,0.8193745481019357,348.18078391183917
e71596e494c0,33,-13.19878181007359,-13.200382943856908,-13.593502701299773,-14.190891359245265,0.050054974901339554,0.2585259135215334,-12.571725994973582,-12.540880781892696,-12.768736454652995,-13.074913972888897,-0.009172462851868774,0.16991610102213225,178.40960529421164,104.05378920208604,104.7123759066629,25.68098038892296,0.0,9.102522244902758,37.78784174217851,42.75590708671093,-73.77598796736926,2,368.1081150647618,12,0.5043725914354866,97954.85600306427,99504.5765533773,98693.56324182311,97948.28986028183,-136.87137839682012,475.2738291985874,98.9303831534031,98.8850707686076,97.10412857855916,92.5309855443241,0.45100013802284517,1.7778076841998303,3.898280662560428,4.393180588343078,3.446964340118221,2.6535172791146326,0.15369642753964513,0.5646430454187437,1206.8590692607256
8081509133c0,33,-18.87779783087775,-12.81111992954951,-14.151687632229132,-18.876516340692135,-0.1254584750738434,1.465475739758643,-18.593739043895244,-12.173261970123288,-13.442684831794184,-18.596678989316946,-0.15423193781009625,1.598878418209776,177.07072728377838,-0.19589489758597234,170.56381862440546,35.77138687785699,0.0,0.4835036620638713,52.468095898273276,42.73325207963304,-73.72621029546228,2,755.4172182524848,24,6.421868192179867,99213.15405267531,99514.82413504408,98575.3115407453,97825.31486391081,-17.127495719525577,493.32483388386106,98.61004671520482,99.25421218750026,97.9422176078948,92.49101748695085,0.15413623670131016,1.535484579744202,3.349039638602966,4.374025354124829,3.5316688829825322,2.647213920811397,0.031883483089745056,0.43601151926137965,826.2575132247321
7f7ad75d6f81,33,-13.060463031644963,-12.808466477594465,-16.555409397729107,-24.49138645343472,-0.2826682441752814,4.164781008707297,-12.389694000259007,-12.202880877694916,-16.09767358353349,-24.876901588666104,-0.313421709913963,4.531806774346567,175.97127663394215,438.5572572468572,439.47815190849565,58.81435049197354,0.0,4.087081722869019,104.9220850057638,42.74574146515791,-73.7289809221758,2,1225.1996654606319,36,12.739900822062939,100001.99965607426,100045.98022571139,98911.32753064389,97776.84039514739,41.7201484602646,706.8015358098684,99.06611468674993,100.05862086927972,98.43981935395395,92.55327154311131,0.1020638193980531,1.4852531596934395,1.6723225223439602,4.3746098571267025,2.9945321515155,1.1615487556065114,-0.05155972988867581,0.8397068071105092,353.0751591283573
dce2f527e369,27,-18.002149826733415,-14.866960764264016,-17.343089068774997,-18.369056782540827,-0.26959505528335503,1.0378603342287611,-16.72065070157314,-13.809059396159242,-16.29234572169713,-17.23829988475565,-0.25719422609157355,1.038861601573618,394.43980071811916,481.66062829476505,482.612886662316,100.55499429133611,0.0,37.80634713486466,160.13842658608394,42.21547510339587,-75.92648045607558,1,412.6956236221909,12,3.421840655466059,98059.95717236523,98042.89006151348,97760.22968248556,97394.62009132346,64.97345004868326,224.86359695055245,90.58130415435511,94.02816759740705,92.82299424274669,90.58391058911504,-0.28938559899808075,1.0940430933025986,4.538294393712572,4.734877141629821,4.356184663097077,4.000681340705361,0.016361095071350966,0.2351489602287021,1147.0889865915988
c85820237631,27,-20.195564169960036,-14.833718139538215,-18.186640677553214,-21.318966170465796,-0.19441310780630627,1.6640279479334552,-19.731618630628212,-13.803009741570168,-17.3227192432049,-21.092538425695356,-0.2291056175345769,1.98810744579965,391.9946224345972,-1.524951415855319,482.82217405438087,109.40787907164034,0.0,0.7422871312444236,163.79457639631158,42.217357609805056,-75.98905530770612,1,845.875442439169,24,7.29508218145312,97844.23836673578,98087.65311606352,97880.6294081874,97362.17161764244,23.051132546332514,209.92622403285864,96.80539102677106,100.0790440873008,93.76912219313505,89.7369370471497,0.1988411077805324,2.9512753537712686,1.4237085763443513,4.752059738647258,3.60500533248612,1.4187817961200941,-0.12537085788461427,1.0285043618225669,703.7888170563286
ce1d512cb871,27,-10.310173629167883,-10.318894349681152,-17.546937336604696,-21.329772308034613,0.045312465899869,2.4421442462197436,-8.540225128847606,-8.486981320696607,-16.48625746387966,-21.10568376379249,0.05584872619310954,2.7135176946263226,394.36099385473426,269.3750363885087,481.75726955576704,93.81978791957383,0.0,-0.6355266438036785,146.4032568727559,42.24194368933365,-75.97343245814454,1,1239.6970458233582,36,12.617107982575085,97338.11585272297,98110.21377842754,97808.14617399806,97347.65540043094,-4.786569805482735,230.30831036794967,89.65835504789594,100.00882766167611,92.59664090070083,84.64979188800606,-0.06161832284613751,3.4682315222292184,3.304625164805437,4.734887744769766,3.0692766261470226,1.0367182859828539,-0.08745386093748134,1.233628745023581,302.5527144236022
9e81df57c588,14,-18.163145932082188,-16.917932188975243,-18.273600625527457,-19.00401725471581,-0.13529213888070232,0.6314343616028508,-16.31225433072081,-15.404826418639916,-16.84823456650442,-17.906093882137455,-0.1142654139996875,0.7496620416205231,394.20602753640077,334.67665938635565,334.48121499355335,66.36228595930172,0.0,24.861821073226796,106.22555765913233,42.1958350665597,-76.03088202347641,1,419.4439723393465,12,2.471082910922692,97143.30901349746,97317.42858409304,97290.44752403589,97176.20448189489,-6.437086470739122,42.35225726326954,85.25677802451938,91.15981743568973,89.09651537973271,85.305080762328,-0.29678719321510977,1.7153207059609377,1.0249331306268965,4.603524758094412,3.1890962700772074,1.0291259007219349,-0.32115422647869574,1.1344870919336951,2028.1495829435075
830e56d05700,14,-15.788712286517262,-15.549640191498552,-17.464774101871733,-19.048023242996322,0.10717002228092584,1.0562673021674094,-15.004281803602371,-14.719509452274597,-16.03321504104344,-17.90337900934785,0.09334875814946489,1.0033096585894432,394.1005321039506,-0.40248639957443066,338.85380006921247,71.36256708052149,0.0,0.25148822482281735,109.93933579176468,42.215624076531306,-75.971114734378,1,817.0998601946452,24,3.215794892391588,95978.68844483359,97316.07828350455,96903.23254647425,95960.40053025239,-63.58433904440372,467.9793737160906,96.27489459061613,96.3124993971909,89.92911119425159,84.20722970185496,0.219673576925518,3.402659494047194,2.8223180766932576,4.615367232440062,2.4007071692667936,0.18340552219791342,-0.10762131266738503,1.3009107671857327,1635.3616578894469
d4abcb078ebd,14,-17.594164132181707,-15.594239463688268,-17.489692384982668,-19.074040971550883,0.01640410980509977,1.0225379822737581,-16.44571920208612,-14.739329571723198,-16.322571720530828,-18.348102278498626,-0.01005946517288474,1.0608683760909727,392.78055310487656,279.08229290813324,339.3627964947113,71.8619836499349,0.0,1.0787864673669658,109.94683209064108,42.19896742149155,-75.98745601138477,1,1237.2725527399434,36,3.6431349355837073,96500.31138755255,97326.6539035086,96676.03662367378,95905.66493584802,-42.081081098273415,524.4472339778918,91.04916802973679,96.67325791472726,91.64070928153534,84.38560579612886,0.23930735911220352,3.834636968730224,3.546273514586923,4.615836608560783,2.6169814403389173,0.18669381038124638,-0.006695753482386189,1.1179562491359143,1218.3835233301515
2e6670586826,14,-14.734662942641519,-11.670586682235395,-14.447246638143575,-15.567816258475062,-0.26683342850348846,1.130653911154536,-13.792702036790754,-10.904899498885323,-13.690421360983136,-14.932215701040912,-0.25700248736803183,1.1474282183881135,396.3572108970674,409.6192856292449,408.4628357343411,88.82716767409268,0.0,33.49239630284754,143.3204509560842,42.20104117500966,-76.10253725266836,1,381.8355934816488,12,4.006166745167398,97176.6967588384,97199.8137827288,96887.34332999629,96503.87522747528,75.8273612046552,266.52557592361103,95.71057408832081,98.32344035741106,97.16942574322526,95.6764906218468,-0.19803934411560292,0.7493341906410406,2.592912912978222,4.8096363815391925,3.793149221558902,2.586428777043794,-0.20977867242681786,0.7403552048260593,5783.242325518332
9ff8b9591a33,14,-15.076147150440832,-11.713123366958614,-14.713157572564029,-15.82171764579225,-0.08768068634158965,0.9900285665866209,-14.53988073603212,-10.895161014375995,-13.890856380457073,-15.173841832619544,-0.07861591271271978,1.0066454430146146,393.51961638135754,-1.0288854940255017,409.62987040010125,92.70290473462242,0.0,0.22837329175733237,143.94644012443774,42.22455310884197,-76.02376606143342,1,767.1962266669253,24,4.233646268621043,96987.37977379638,97187.10218835351,96979.66862667174,96490.34497043118,19.953981865526785,215.1615764267361,98.45625568299798,99.04921801498054,96.08947301317679,88.57283830061522,-0.11316413261828581,2.503788789172251,1.5426430778873765,4.803031408355107,2.565096896994961,0.4870470997819929,-0.18346769648265188,1.3896008275445682,5391.602825896465
f3881aa96671,14,-13.311275634507542,-11.676152232155209,-14.85082296639107,-15.960205352428678,-0.03599522933035022,0.9201520200151588,-12.509381393813415,-10.910046682856539,-14.098005257818059,-15.63586710036318,-0.046390177831561,1.003095521980502,391.0211554208619,352.42415182157504,408.8739859065338,86.22035718610812,0.0,0.43308372452584193,136.42403242923277,42.226112232929815,-76.01884174842505,1,1157.4309477117188,36,4.680777224387737,97504.39863239563,97505.07075799904,97044.22098270903,96493.1232642295,14.954513224953015,233.04602532112838,97.70962054201091,100.06817483330181,97.11121774839232,88.76172412552899,0.07156774069517388,2.4952388296678887,2.5400982166892594,4.7925358198221595,2.2753957933225277,0.47559910120116544,-0.08466583815205908,1.2148680765100586,5003.538015901688
a80425a0ca7b,7,-23.302674745066426,-22.00903772677615,-23.527979742863824,-24.233441173843598,-0.12706847982703376,0.6867934945193811,-19.562980624675944,-18.97398741026132,-20.564252181750565,-21.55163661427253,-0.07376620792038151,0.8269340378035942,394.97835530278354,388.5982299278237,388.6135031368026,82.41033933870327,0.0,31.20790703746649,133.03557195069376,42.23025885271777,-75.89547940248562,1,463.8176317255742,12,2.6009756291791972,97152.39775021329,97123.86917879384,96749.64341600066,96294.56681542282,78.96933297804692,274.652610053664,69.19909753449966,77.38708710363488,74.96505160725488,69.24684902812265,-0.42670294465281977,2.428366262627564,5.076363420705062,5.768869020364116,5.448532661577362,5.0892602019830955,-0.0611550538366253,0.2149841892962375,1188.942580643177
88f065a4da1b,7,-19.060605872136847,-19.08295354504573,-22.073781235225606,-24.27695230766069,0.20341765397237868,1.7185670396325508,-17.062430509489463,-17.023311270402655,-19.15986324311479,-21.594144290150897,0.1821425218674221,1.5573666617773523,394.0929492303067,-0.43131334787252334,446.0759573364733,90.79974317609526,0.0,0.439735836935226,143.63706725886564,42.232011359116356,-76.06499892445652,1,889.854475616887,24,4.560450735748493,97705.77980229519,97684.28843277867,97078.74699106255,96362.79342384072,54.966700093011035,387.71680774725655,82.71514830387447,82.66411886152076,75.45988381372084,67.19936383365618,0.19458629505728278,3.9737647894700268,3.2602487753847944,5.774999355496562,4.833422231472396,3.2577346696913003,-0.10605901212593154,0.7628018672900174,763.1170741203723
41346e63785f,7,-16.129223387630923,-16.156119994178045,-20.91560730996578,-24.248277552463037,0.19984094333408556,2.2511610167063756,-11.882954284681754,-11.891227559761486,-18.190199657476235,-21.57205763957082,0.17415035243572313,2.1534165217833063,395.289293728318,418.2280291266644,446.6926920526272,92.7519618086761,0.0,1.663521455078186,146.12382596828928,42.215741143422086,-75.97972657389789,1,1303.229987317257,36,9.689726443633237,98182.86259614133,98262.87974402981,97369.04787869156,96374.07864160168,54.28945919644402,567.4156097285418,69.61775290087495,90.21090696637715,77.8000419189599,67.2566253270084,0.2743911938950933,5.761078557840775,2.585811820187273,5.780433365036904,4.1044109337631625,2.2753638308809965,-0.11436936232675043,1.21376415055574,351.35840032985647
ddb02b1186b4,28,-19.852058413672836,-17.108338507808938,-20.215056038991378,-22.278575034918035,-0.3359490143999872,1.7171917326222697,-13.126633406967171,-13.114678027980005,-15.95769127055829,-19.35693617528665,-0.0940628559555791,1.8982215319586322,395.1471681268706,426.21374395805856,425.3118495726066,103.70502206869274,0.0,37.683531619166075,155.97711253683963,42.231060377182736,-75.97385891595583,1,407.7863938887318,12,6.214055016611238,97691.90501692645,97758.95427750466,97462.21333353301,97058.29377608471,67.10524245931286,236.12308646216098,53.555950007123364,75.54114981533407,68.04469982917878,53.63701340464857,-1.6257512119147768,6.937578878723917,2.8833498655163985,5.661281718318509,3.866739348525107,2.872236291273679,-0.1413193266623663,0.9161586707963462,1154.6474578206416
7291bc4c8faf,28,-17.478167688428787,-16.578722432303532,-18.82796667216367,-22.27203872279967,0.14658691831973375,1.8946986580010448,-15.561772238724405,-11.699504271654444,-14.781695106130613,-19.28859384957781,0.09447281697760816,2.040911910383511,398.56568303260195,-0.3102845148781839,426.518155001526,103.42550113641302,0.0,0.18750035331522297,152.1047905557554,42.19626203550151,-75.9697419061319,1,786.8822655002772,24,7.671092236539204,97362.63979333131,97732.45645584186,97503.60365372547,97061.46741949215,8.881646267094476,175.67898196506948,84.48567143291868,85.5774546803106,70.10837122973835,53.53287317218451,0.492157318510327,10.36091498531264,1.934958383280054,5.664306340447414,2.8967998626164073,1.4696511878092748,-0.14587040755890857,1.178543358630309,778.2343373082439
e73e3d99a8b2,28,-17.897055473086336,-16.587732885496752,-18.89689839126376,-22.316143036800522,0.036730030313765406,1.6045534767261227,-11.982641353838813,-11.70740644425717,-15.653574657965558,-20.083624622769623,-0.05793015865740641,2.525716040631289,395.2126280347776,471.0364992852711,471.5372088352905,102.69758361054652,0.0,1.282423312960477,154.34935891586036,42.23732855142395,-75.98420571710474,1,1210.227284729793,36,8.385747701093393,97071.51267683726,97773.32335206904,97363.0434935914,97040.98902059277,-10.320943683384234,215.76170889632152,58.79384688263874,100.00669670895991,76.25726824806094,53.535385071169316,0.7164338338725432,14.811688202616498,4.352096403453533,5.671012324954688,2.803385556345101,1.472885709068041,-0.045818344701639965,1.0971503663632527,360.08931497307344
e6e8a6ced22e,46,-19.751104169688112,-15.877464173476616,-17.358988245450725,-19.73825230533439,-0.242113214880569,1.2018334972421898,-19.531911498283137,-15.309779284743867,-16.90961722953686,-19.49736789399028,-0.2591673084856973,1.2937315556529616,396.198926360012,398.86716953788783,398.3979245433248,89.19368298786318,0.0,32.731025682032076,136.19417272881446,42.218892135717034,-75.96341187849322,2,419.06802713661574,12,4.198150466197603,96835.49391817438,96861.97368654115,96299.7513487557,95795.67480541064,109.8646178801537,381.9829473881411,97.69043615375608,99.13882374541342,98.03063404330246,97.0997736047459,-0.08632913247439528,0.615038435057613,7.0114848015817,7.55513580605976,6.994949305451522,6.200654173933439,0.09303235480629643,0.46094692358070144,10681.491590583251
45984f71613f,46,-19.888956963972955,-15.881373417710591,-18.846713169778877,-20.914761631374272,-0.2099582474490736,1.7455607087588514,-19.63155969086179,-15.26870140624908,-18.510045906105695,-20.69800503456399,-0.22374059015699146,1.8728468296394143,393.24951933532606,0.7216089276718676,584.6697734376711,117.51491939225872,0.0,1.315893951871951,174.7571644879964,42.21607851846271,-75.95326786193299,2,875.9165478042673,24,5.377316579081611,97402.40964197143,97412.00684328162,96755.236903109,95724.61193928598,79.7336153724911,564.83562150451,98.0323404934935,99.12027712460316,97.9396173457999,96.90347433450489,-0.024319321886029956,0.6132700704742388,6.133709304885334,7.567568846292671,6.605477091526949,5.91963682724375,-0.044595029354066035,0.5422377537691262,10226.092811763483
914231b7a0e1,46,-18.137924891374087,-15.90793087234916,-19.563865789299,-22.00867231837337,-0.1318354310018902,1.833630089960532,-17.661748565935078,-15.335710457885366,-19.273237339887473,-21.836930388059614,-0.1399839649981921,1.9711386105026598,392.633140636357,570.487471938777,584.4382004732461,121.41942089150812,0.0,2.541675745696506,182.84119686319772,42.21509487419932,-75.95294507977498,2,1339.5842949515131,36,6.566569023451494,97551.58357659756,97572.42046979035,97026.14579043347,95755.78971989168,51.96119515541195,582.4621738931003,96.89323603709845,98.99818945601439,97.98964572963415,96.82064428141886,-0.008582868850717703,0.6131532196479326,3.8566758634203686,7.560958774119534,5.937269342481685,3.863581998091254,-0.09455018499286878,1.1173431411449921,9754.448798669058
f2cdfe59a21d,27,-13.73440179317871,-13.779891073560028,-15.104307195636073,-16.42819189765373,0.02738420204121639,0.9027330727960988,-12.273656294969932,-12.292564686635085,-14.489735069996973,-16.307719124787564,0.08541866462968208,1.2651512723274376,211.07121419891536,476.89791688058637,478.30211626091483,99.50560009969298,0.0,37.9384867868756,164.08953996569014,42.936856242510196,-78.76901269671343,1,389.6065010665896,12,3.991399292143092,101074.29024601604,101070.84415309755,100536.27302440832,99996.36363085313,102.08761637528328,352.4699894518889,91.46245673621219,99.98456772806622,98.32698046164046,91.47808016324794,-0.5899907641098029,2.9267324615287844,3.181523304729058,4.237096358379952,3.5604778825696055,3.185057395360057,-0.05131446893198305,0.2653726569052338,1149.2352252232854
0f5efbce7243,27,-16.950637146893932,-13.384669254881109,-15.280481528239232,-17.116624349501723,-0.07559050046480824,1.35881140765705,-16.016641907162324,-11.685504487125149,-14.217502938447154,-16.306277016319246,-0.014064727176393956,1.5495512652632613,208.66431499057583,0.730234935456478,510.79084250981174,124.96577319609396,0.0,1.502650838053376,187.22350684776924,42.89505274890037,-78.75572792649186,1,775.0889299787171,24,4.6337418018041845,101491.25373828612,101459.08852218196,100927.1215343401,99961.60045554324,65.35064138125374,466.41364073118575,94.38677351500883,100.03574693675368,93.99730823403638,86.62388810383241,-0.5951228269202655,5.001601436746522,1.0833781476746653,4.228630171248457,2.808137040014443,1.0890697756972108,-0.12252905807889905,0.897062121738699,771.8229833845173
6945fcf67a1a,27,-12.939937015416834,-12.957028148355757,-15.876548884677343,-19.49647599620558,-0.07959270356987175,1.7391526282211551,-11.019222954498382,-11.048266550137091,-14.85188491782411,-18.81465347679839,-0.0663004176710266,2.020998521752811,208.03504528964044,508.47284915110794,512.3670543776008,119.40306169314084,0.0,1.3454941512227303,183.19783693393717,42.917627528976304,-78.74530941672612,1,1184.426434217134,36,7.817136626636584,101690.50924955712,101740.10258113696,101164.89430155947,99979.22632619998,47.708987488569015,520.7544473146592,88.16812368265802,99.99770433948433,94.88116154392944,86.65956872725484,-0.1075942315626679,4.762769060672599,2.0354840089550907,4.217266756447182,2.3843750610048686,0.4748959105994336,-0.07671010165770038,1.0229450226533046,350.88393175933913
f25d767b6515,21,-16.317022950917114,-16.068107493975173,-16.355568070119496,-16.69761542286044,-0.049712686203331746,0.2204287824752554,-13.170728327782268,-13.138475380585824,-14.309366828477081,-15.348432287591198,0.008263146311859067,0.6976156751547115,208.47742017396519,323.6484825952127,324.59991694797077,65.0532971549566,0.0,25.057614493782946,109.35827103472604,42.928463425014385,-78.75070557911381,1,386.9867661109265,12,2.1921901121310756,99444.09043675818,99454.18388290964,99295.95304603188,99155.98571646426,30.165707746498786,110.0294115545603,77.72374143981249,92.27199724014275,85.75026703248656,77.6574427453165,-0.45609816478133214,4.973474559027221,3.9776147735721192,3.9583047968089686,3.227975043705071,2.6224506625420085,0.11088956281009006,0.4102408431369645,6186.166482675091
ec2ec4c3067b,21,-17.806811925115635,-16.00912873938163,-16.718083272027084,-17.78371784394275,-0.07137229696425097,0.5556984192630274,-15.568185084118397,-12.937210502983515,-14.395056492945264,-15.552671237389397,-0.04247384294066969,0.8409236778621036,207.20799675954322,0.9670642959275814,323.82444873875204,75.22145776878843,0.0,0.7001125140257602,114.99539358905879,42.94500513961485,-78.72251436638624,1,778.0273219984394,24,2.610009174066853,99400.25459437202,99473.23868342164,99361.76727165513,99122.71100858427,13.951700711316466,113.66779068118745,82.70385347661686,92.27011701175208,83.35871960703369,76.16580766651262,-0.27716355489006245,4.643422745947448,3.1529092911093963,4.64690675103955,3.594677656542211,2.630417435442702,0.04131890024054281,0.606071033125453,5792.87782893634
63c5e146ce21,21,-17.739805936744133,-16.047327716683913,-17.189638943844695,-18.297102459661367,-0.06902122881982818,0.7948450316555329,-14.354646218145882,-12.958270014715456,-14.846517222309995,-16.2807143105298,-0.05959351887070827,0.986794237567491,208.38165298066002,289.49575947370977,323.49249102494645,70.3363447263353,0.0,0.3266827845168161,110.52785803644048,42.91268751675313,-78.68612975951649,1,1180.8870119407106,36,3.327060253868713,99266.23463851682,99524.22863765719,99323.02148625499,99124.69119306903,3.090383714133817,95.45774704753791,74.66458714487317,92.28202422341397,82.91633266115257,74.66578373813431,-0.1574726748225853,4.236392108740935,2.213988184796085,4.632085194981746,3.388171513529868,2.202192221719563,-0.011574959498529288,0.5975221645549529,5388.222865118991
b2f886066984,44,-20.093170945363966,-14.555852817655815,-18.14266655053538,-20.24184453898854,-0.5248125461686249,1.8562362361001468,-18.85409011559993,-11.315369108129703,-16.15537604016879,-19.19349589800743,-0.7604143216739179,2.7074554495978402,209.8015755823191,321.25771903525794,321.2539362307292,79.02933830548646,0.0,28.59552661209518,119.4740239844698,42.92712932654288,-78.69944098987071,2,410.01886259919684,12,7.885364240773174,100155.79247825069,100212.65872597,99692.92505039243,99109.82149166524,109.23291425141535,379.78659665642016,90.32233904890748,93.36713559107287,85.53333924799675,77.0236807774376,1.681476389502938,6.189434504387538,7.327829001616984,8.902967883556151,8.031305897009078,7.314473061333278,-0.11347337448580924,0.4159105218030985,1229.576390268454
95a4dd6025e0,44,-18.01522388494507,-14.608652005643556,-18.461014475618253,-20.25500957531283,-0.0780674217867189,1.442866381353086,-16.480779680780046,-11.290318501548843,-16.58989585044031,-19.17767855949077,-0.12634903032676653,2.0402063441258216,210.63905254410042,-0.3650363078244269,471.53944282770203,96.65859969072224,0.0,0.869388238743563,140.29982391099674,42.93921182883945,-78.6950506156782,2,829.6957805770104,24,7.892589815957855,100518.04551209128,100536.93956431744,100053.96152781964,99067.11614445821,56.94801780012657,422.0023804504397,88.75849641465847,93.37323182419705,86.23213010405628,77.063852115626,0.30608400992293155,4.481425998712402,5.074991732426927,8.916692080572576,7.241637537694878,5.06285267724797,-0.14105938374781066,1.0056899611761323,810.8278168077404
a44d34868f58,44,-18.91306021126732,-14.553896784102927,-18.66039459545205,-20.231840578291397,-0.05281318622692134,1.2617443519476224,-15.048958056638385,-11.268232484268939,-16.88252609863479,-19.152977987253212,-0.06529382736287061,1.8066633232056872,209.0870681407779,576.9165443712445,576.3901524623092,101.56924734899926,0.0,2.301341443186208,154.94189913704585,42.94617695050543,-78.76432440403995,2,1255.2616165038319,36,7.865945538520216,100794.26594839322,100872.37169127754,100284.80108301966,99079.41635485242,43.913629241320166,480.91000021488355,70.84190772579149,93.4114428735103,86.5470990775135,71.00949284824789,0.07077415552262148,5.454312751110412,0.419461368099326,8.891928272665718,5.625852368606041,0.42776587705344454,-0.23721572121019238,2.5703634641045574,389.485149539282
59dd51bf2fd8,30,-16.770685345708408,-13.230309202973142,-14.34408768281186,-16.72768682066188,-0.2900236972419528,1.0896561793147455,-15.859662122386585,-11.586724073942614,-12.926405840778584,-15.855234230773922,-0.355107193263863,1.3102127897319666,208.0505497122251,209.2001287811411,209.94483077711357,51.88554996817936,0.0,19.160501764167417,80.91508188034935,42.92420316798254,-78.78179013132807,1,369.4164857301613,12,4.251639086826046,98709.13053424575,98665.32515386339,98534.76421771529,98426.50726141676,-2.789442911247183,89.83082020057611,94.57647942681646,94.54785246559902,91.37111999373124,88.90651525339143,0.33817444337378294,1.3709720722346386,10.010120670695864,10.019163139170466,7.146686949218107,6.177130350996101,0.24406527286328333,1.185350357317341,1992.9489680587342
644664969b31,30,-17.794022827300207,-13.268825712326725,-16.04228657469085,-18.003734949622622,-0.24801749676790735,1.8725765775288452,-17.759478746380562,-11.631066067586405,-15.096423437169008,-17.74928214536246,-0.32574306806246656,2.3937738070728596,211.29040793508705,-0.4493990494183258,222.45843001991764,52.716360197536574,0.0,0.2542547852687954,77.17209974197809,42.91878398589533,-78.70264735226819,1,793.6862497457953,24,6.125313540164297,99473.82974462617,99471.4575274099,98900.95255977077,98419.0912156848,50.243127489293215,382.3522161499025,100.06547078651133,99.99202575556009,94.90671471116333,88.91998038133366,0.5289560966901743,3.7740070614935632,10.402173877140386,10.97261702074826,8.9521567925152,6.188315271474767,0.25679852739078324,2.0002700144409244,1555.46813420627
b1e05898e422,30,-15.467065662098891,-13.276798504414025,-16.201760334639868,-18.008703568486553,-0.08297295242369353,1.6023733421181379,-14.466126155608622,-11.616647462406053,-15.45773509830842,-17.723539412031457,-0.12438326123474674,2.0869491091587036,211.58326093708635,356.0439438213348,355.87123911671296,63.40116811364547,0.0,2.410685042795231,98.88708463786686,42.92936260414293,-78.67693684668188,1,1202.5892596700448,36,6.114200403041306,99964.35802526366,99970.41327580893,99151.45844331851,98408.78861202937,47.572160947930776,509.18992900966344,94.27632925857597,100.07619626100862,96.32550760483007,88.94924941152395,0.3021724230318427,3.8067665400601194,9.410337999983101,10.972261689134742,9.156149339619938,6.1934062945533555,0.09670792750071572,1.6672154990155328,1155.794066118699
c3d3fce7a507,22,-11.04622268794662,-11.047801806016553,-14.320832710498458,-17.453224695963357,0.006271155629837857,2.144120600193977,-8.174128501855279,-8.122379169336101,-13.366402270029313,-17.40614424989832,0.17534439287330064,2.96423487720493,76.81408041770322,326.44288188895734,325.1421947085183,78.49591263678698,0.0,28.669563910132894,119.51644130739186,40.75832059323359,-73.90740414697255,1,376.5822075592581,12,9.287642106748226,100594.99438368467,100726.59397742072,100545.37274138915,100307.03768494596,37.68482956204265,147.19037946689332,81.24399905770974,100.03709665123806,95.14924128572247,81.2195213534943,-1.3708868426679601,6.460416731466466,2.977013630775066,4.4171850900771,3.62986127674929,2.966604722960648,-0.09497970195276041,0.374010853760768,1834.1962805000692
ad5b5d39ec8f,22,-14.766146211942294,-9.57800558295457,-13.170295182485818,-17.49335504125639,0.08931259745695189,2.259378689699635,-15.592592353963576,-6.485758672520496,-11.678726926272676,-17.454510430935372,0.13113875902405084,3.4040746903723313,75.76167949134151,-0.31191430774375944,325.785579956189,78.01417251307122,0.0,0.039872537481497924,118.17805577908175,40.7583108715576,-73.91228724489525,1,712.9523152146428,24,10.967441673194749,100246.13317008146,100748.94955183753,100461.06775200134,100268.2517946203,-5.775615396138823,133.8788009851178,99.92197244629851,100.02480932983507,91.04544033784336,78.02240372939706,-0.42525256177765064,8.32964842823545,3.538494879082489,4.40155136671214,2.913784336736911,1.598620920063707,-0.08941345126466202,0.858923240874442,1505.9202236547703
d96e3df5a5d0,22,-9.335350195005244,-9.27455646162116,-13.338936065748305,-17.451720720645,0.029771272278499912,2.2515643963686465,-6.433725812120202,-6.420045495672991,-12.06848778684497,-17.492647439452938,0.022811515904276776,3.4159597217225532,77.54372730636041,447.6132839461642,447.8288959640905,86.06481154609618,0.0,2.377750997030795,133.27026693296207,40.75554382502605,-73.97214617588752,1,1083.8498809942735,36,11.021531708283657,100649.2537795098,100749.60257988056,100451.2863611983,100223.90393550892,-3.213793516992337,142.48129858000718,81.52514900585967,100.01737807798425,92.75831642090463,77.9439018742993,0.009655664818182972,8.096253849548566,6.312669583337235,6.313518615854772,3.246627788183851,1.5978816918461267,0.020631899739323098,1.0419777457382258,1128.2834841101605
a53e9c5e3bcb,7,-19.823693862655624,-13.667779538047705,-18.87073755279455,-20.425088728464612,-0.4509774623857338,1.909602070881313,-13.843698119407078,-8.082189629138343,-13.782647947538747,-16.13490918216637,-0.4886138982053847,2.2667302392155118,74.80271750903167,385.610547492403,385.41794603871404,88.86827202299163,0.0,32.97270114795418,138.58520810745017,40.78555961623367,-73.99143783260216,1,379.7608258184964,12,8.060004670077818,101188.97755087735,101227.89593908025,100659.60081644288,99859.76887003472,128.30834953116772,446.31907664541507,58.68935226684989,68.63777848730864,63.871856567048034,58.55938352038637,-0.06000293408247007,2.8760299018723816,7.733735054020271,9.285229368782073,8.265260235144929,7.690860162042244,-0.14911355432282572,0.5494451357061653,1094.7524467133753
f1d4030d9579,7,-17.41869039716044,-13.653730875392279,-18.699746943959628,-20.432075648860778,-0.01125837393689597,1.4399392630623447,-15.224308663693654,-8.0735631703234,-14.018940494252796,-16.131880251732884,-0.12237528586936572,1.7395090756561487,75.41934562645912,0.043726885218134864,386.0680020905588,91.38113033793262,0.0,0.07275199999829328,141.20130652294625,40.772794474469706,-73.93094970245684,1,766.6183973191855,24,8.073625931565651,101920.74987641018,101898.35230265545,101098.33530775181,99897.0808847601,81.55838101998431,578.7204076626214,84.09389772392893,84.08367448387528,66.85911859579795,57.064155934489946,0.6852825273629499,7.504913911125457,4.433104206477281,9.278247730198096,7.008940242881199,4.426981463875054,-0.21094496200404098,1.5014575706486029,699.6330073107616
341d1627f678,7,-15.018847519727078,-13.658524979463555,-18.002835448506527,-20.460405663297944,0.08420171794697104,1.6037694294478253,-8.96526973866694,-8.09673807777484,-14.063898393879926,-16.174057289347235,-0.019245489859438414,1.926645247564269,74.07902073820524,440.09729096966305,441.0938839336661,94.49602522019396,0.0,1.6940824940389791,146.38634871837004,40.76739574967925,-74.02135064468949,1,1155.7424100718472,36,8.045578849311344,102393.48535513574,102490.74655935352,101534.88004737554,99868.69031059071,68.6853562866967,729.5264825194135,60.17293488876457,94.54254606396087,72.37442215075353,57.060257173044285,0.7332155286467207,12.168480535645452,3.220319560606454,9.288052118382279,5.880910084227812,3.202007087461643,-0.19078235633635895,2.0122328017336333,326.14404542172394
18a912569807,361,-12.958312799559568,-11.658785261938164,-12.782487709545071,-13.215714915236921,-0.11425803691616494,0.4725734870485841,-5.372723761980349,-5.402246729831031,-7.052825592123278,-8.545954614067595,0.009673202666017731,0.8858710934913622,73.53396846236619,360.1320962531502,359.2032442081429,84.73588018234288,0.0,31.217608872865416,130.54581318189958,40.82340967513759,-74.00558768903785,12,298.80264159052024,12,3.1680280284200046,102248.13586855683,102333.91857022596,102252.983970832,102129.78244957216,14.387577367150167,61.64907262555183,53.6190015335119,70.69064796684735,63.341045341918324,53.614265191837006,-0.7128853904105391,4.528872795898775,3.9612591119257754,3.9721387921556013,3.389728337912992,2.9546474236558953,0.036491859754595374,0.29378860413862135,3020.8658126631576
19f0676499c4,361,-14.453898153076263,-11.724148082382897,-13.277230361049874,-14.556468913474758,-0.09886332568966588,0.7498459297242708,-11.397750950764825,-4.841877057047043,-7.495542198385395,-11.364065109108768,-0.132910972645925,1.7397922473940868,77.84676624529894,-0.3087214303096949,379.32840018385383,84.75606888278207,0.0,-0.06823029161553315,132.30269422495388,40.78562063608915,-73.93020974351965,12,610.4797704814961,24,6.557794128067123,102305.74303789796,102347.58825685292,102242.48163467179,102069.19227174143,3.6513183191206178,83.29469104806608,79.47526813467239,79.35639853057826,63.17211805967898,51.863305992153286,0.19902677299839824,6.8967187673755,3.7770166402237804,4.414126541494512,3.6848682151066248,2.962016749237267,0.03340169486285421,0.3987207395894759,2716.4542256208347
fc7558209415,361,-16.074807852059983,-11.722685123657357,-13.92032946275654,-16.38734189807993,-0.10901251853709074,1.2115947530890123,-9.80136444143785,-4.7966991344972305,-8.843616603360633,-12.258585944683063,-0.1822651688176056,2.383540187437658,76.35932761011578,467.3836397561373,468.1678330701935,91.07224072557473,0.0,2.1470185921468086,143.34335043765836,40.78897020246631,-73.94305837092843,12,964.5337859932914,36,7.457413472430875,102470.78287172456,102577.899211243,102297.10424160653,102081.66042076761,8.357551806808832,120.37129385145099,58.6939987484313,88.33771911435473,67.16113147063572,51.82871461317715,0.4020216413603791,9.893201163092177,6.01928893805827,6.014267216380153,4.0891908125391225,2.9758503287234155,0.06377913890032823,0.8432790159975943,2362.9381783229387
1ef7150a533a,9,-17.385136442109964,-12.174813002433787,-15.277581403918866,-17.484613173893987,-0.5782729514292263,2.06284864428606,-15.648188344497004,-10.55613751863923,-13.847449843019886,-16.079771952860433,-0.581374977240218,2.1411819520696524,219.33432984057166,250.0481002708191,248.50698654190055,51.58505121307831,0.0,19.662258692811445,85.11000869852923,43.080579941506834,-77.62631448863885,1,381.59766366660403,12,5.608560476839899,100479.31087896197,100544.1049936291,100221.81916623561,99883.94540816158,65.78922780257888,230.57604748597473,88.04139068162277,94.07593212665341,91.76933326096461,88.10827768475556,-0.17501550859672085,1.8063916339951338,2.953876591942135,4.575409757927701,3.8005067500587626,2.868560378976487,-0.05718264167701056,0.5852284704690398,1187.565812389123
42f06cd493ee,9,-17.344739186187695,-12.146272253218362,-16.312285814719996,-17.792716174880184,-0.21099441080356685,1.8229238967359838,-15.829181103557529,-10.49810660672259,-14.783873016912763,-16.331338464821474,-0.19992659789155193,1.8040904956870805,217.64285436532538,0.2359705885224752,251.09920294956643,57.72616008249133,0.0,0.43255393246923146,89.93724022852322,43.10840134381916,-77.64330229027622,1,787.4298804830753,24,5.832253265396832,100428.55673817472,100519.20627423364,100349.60483032175,99880.59886963735,22.65065605938974,198.13859313710904,90.52008527446584,94.2730060579644,90.65523834361,87.04858333009837,-0.13009136534655996,1.926746029470279,2.699650035873446,4.5588651784012475,3.2144328379314198,2.3860787052752874,-0.08097083160750199,0.7146171660866607,779.2780721570996
3f14e56283b1,9,-16.11098554720949,-12.17996141937285,-16.455296656346786,-17.79046671025576,-0.07459502783061515,1.5121481812881463,-13.664158103301931,-10.535070955541707,-14.910808660393942,-16.325165055351423,-0.06461902916795713,1.5099399678695615,217.68875705992812,256.2303640645758,256.58342661050546,56.3824932328758,0.0,0.7303710845806733,89.11696855339498,43.10492164860496,-77.70018319256427,1,1185.320367142493,36,5.821995660386925,100478.10979895567,100575.82550689527,100408.86412038995,99886.17194257326,12.63974476189846,179.61646091173702,83.23324400435193,94.11198102622112,90.1773270440303,83.19515230106316,-0.11274709158752341,2.2636272244831113,2.38630905057866,4.575984334264722,3.0809035343761755,2.3096842927457493,-0.04003365323871627,0.6417798334397076,377.00877749666176
6cc0a75d4ea9,14,-16.474166224457097,-16.098927358239827,-16.594900360666692,-17.12972229539459,-0.05592694844946074,0.3022426867072725,-15.302882874775987,-15.299401812821992,-15.928768144705083,-16.48509709199642,0.0006564848084455763,0.3541241123773625,220.71670516261253,230.82558074536715,230.7586977333132,49.60074622728389,0.0,18.761045988835797,81.36872307076416,43.09650446863176,-77.60668976734303,1,406.19003597930947,12,1.2163578619732793,99405.83698428862,99785.22681071656,99675.78214407702,99406.71597290954,-32.450291217875304,119.16637307311144,92.54776265384534,99.97607207781141,97.70454014842907,92.40069312562896,-0.626131807851568,2.5786139782791366,1.1935634472821222,3.747541541938153,2.3445948028714825,0.8362780279200291,-0.3043584631681638,1.0886547563088536,1985.5949348109696
573b4dfffe9c,14,-16.21475682806219,-15.692455165054803,-16.25783104318541,-17.155837161668142,0.0357801359323405,0.4339308713564901,-15.880419830277415,-14.798168178016383,-15.610186422598218,-16.488499492464378,0.0309672107443205,0.480581903203466,215.9367172160771,0.8067627832253799,231.3762066090165,50.946682332931225,0.0,0.11282597385511195,79.23193308229658,43.104774663162836,-77.65474688741776,1,807.1221573299371,24,1.7081468374881483,98331.50175336952,99789.24475113789,99162.96229245036,98336.92703114342,-71.92528883718727,510.2636375252551,100.02827660534302,100.02762856126611,97.73548773235434,92.41352757485504,0.01584871361602065,2.676858084734479,3.8636057801035872,4.176712772430729,2.7725322459917767,0.8166887700476682,0.045766494908474877,1.0789941570371102,1581.7352355983967
dc3222a33a93,14,-16.079855019037165,-15.526034264514626,-16.292726070266205,-17.201258459467052,0.012145103093194028,0.4404297398984169,-15.750681167676087,-14.805700266464699,-15.750295520601533,-16.95624278429736,-0.0043543386353588395,0.5263057186823391,219.65470640096882,266.4641136891651,267.04444688905846,52.61743425563062,0.0,1.0262569816796618,83.52702044800166,43.11579962938792,-77.63705744292213,1,1215.9437072288608,36,2.134258996666508,99007.25374767001,99809.52798573238,99044.52209264263,98347.25307220778,-37.40679261993571,495.8340182834779,100.00506990733253,100.08387260704022,98.37770772493246,92.4442045607856,0.08980747368215324,2.442219777000537,4.637465299099981,4.626029611196288,2.9018737195410007,0.823493192289696,0.029251772412567104,0.9738671218299783,1167.7570975594626
cc722d109a4f,27,-13.545811534122421,-13.204481859778113,-14.129611851283041,-15.603177501159704,-0.06627368672910709,0.657683314058653,-12.656866361886076,-12.6178031143034,-13.534904666473492,-15.199206358013484,-0.046619735686555606,0.752547131864796,218.44112676955658,274.3586561247282,274.3548294615177,63.50381589337683,0.0,23.522751391805304,98.62007044847388,43.14961695604359,-77.7018784215893,1,379.6036697836438,12,2.6082097910915,100853.91655305425,100852.08990317404,100306.7138606636,99770.42208160307,103.58019368726498,357.9992754840429,96.74568936893638,99.99497952976584,99.32002168339446,96.72192387863286,-0.25858169703236256,1.185150385087563,2.962715246432137,3.905051847480466,3.0589044247600814,2.343571296425672,-0.0680177853082156,0.42810641972689867,1201.8956778153342
9e3ab4267a81,27,-17.770358905977012,-13.17693735932012,-14.888218701767164,-17.71812964634937,-0.1709837556454477,1.6675215253933378,-17.389659753181647,-12.216078330185809,-14.202268384908669,-17.40420998431057,-0.1666328222030723,1.778842681968212,217.65721503223637,-0.04295252182703902,434.8332527838524,89.9562817469062,0.0,1.179074561929737,138.93003071318518,43.09575089131921,-77.68436749699005,1,774.930479219774,24,5.160811655286743,101322.58438264954,101334.08656300048,100752.61375158915,99747.42702819854,68.6611488945936,485.40698129442137,99.94342656717045,100.01567465582261,98.6376910776173,95.85698687697986,-0.06897476989345468,1.4701595034457378,1.8927831093335672,3.917356924648422,2.674103057631314,1.854603377862717,-0.06873713795064393,0.5786159801370325,804.2722833331094
3d5fb020e8af,27,-12.941301490803133,-12.934663687578917,-15.85667916676795,-20.748275228674103,-0.1551746628130667,2.3330067996184676,-12.04728034214771,-12.06377387614208,-15.314044067032404,-20.691948279564745,-0.1601726027655909,2.5232466294871636,217.1362626189321,295.3538027769255,434.89753796872304,83.18356957339896,0.0,0.5844445380892411,129.3717409057805,43.12069444459564,-77.61270829966251,1,1199.3068745472108,36,8.63950275374209,101594.71692138922,101651.19576595811,101053.88877313101,99779.19350009905,51.88965664781014,560.4792132657188,96.72537042657865,99.95175245145907,98.81399765690041,95.79527436096586,-0.01078992499253862,1.4819723065065966,0.9823788705794275,3.9298972837163815,2.357072152408609,0.9794624049533719,-0.05740458915460067,0.6746659878139172,383.2310131757348
62fe26319098,360,-13.918982217761792,-12.992153220012739,-13.981045835314202,-14.68789861096779,-0.10271615125439729,0.5293802707895717,-11.8037734862811,-11.515104416302766,-12.450014149545503,-13.22022338803185,-0.057408864228031146,0.586772078550272,216.73190697388046,243.50165995105135,243.87195752772038,51.337155572321855,0.0,19.5350618573556,84.30236189730508,43.13014246262945,-77.64460371841461,12,366.6547083199745,12,1.7270142937578252,100109.65222525033,100085.1314067005,99906.95430431182,99537.19534514897,56.64007177512243,196.60424258718143,87.00427248769428,93.51850212331544,92.05451624230454,87.01761851575988,-0.36320297440395544,1.8972568060199761,6.108100293847012,6.11447039505266,5.397606933156678,5.072640511394043,0.03639045769424002,0.2926735909089746,4073.4548821321446
6a26ab7d2530,360,-18.69709422525541,-12.99723321378805,-14.88670114362847,-18.709847868554164,-0.19133115478164767,1.7545915255992586,-18.495885355924173,-11.520457190894108,-13.53940026314463,-18.476983344706834,-0.24084245686437517,2.3592594736909733,217.78936079813866,0.233668938681727,258.87828886435295,56.16785856396671,0.0,0.3179257731027831,89.18667403640485,43.11329922269401,-77.74444257135526,12,759.6119459731268,24,6.972534901124841,100353.89014073268,100402.66880616704,100085.62030310136,99501.57349867043,35.539829854171806,253.25614295769898,100.0225280581541,99.96161265357568,93.06415113638943,86.57416659116306,0.28079954450012223,4.3254740486896965,3.548375731924396,6.139249451726404,4.980382932506998,3.555238844424544,-0.0830697616821118,0.8689239799767579,3683.455197293862
262db8806f99,360,-13.340919567248664,-12.974444157201482,-15.78773208343688,-19.002672858011575,-0.13967305869514915,2.2093293588494776,-11.067516741842162,-11.078145853676245,-14.652540872036106,-18.7174729837333,-0.1720006539864709,2.8991639374282876,216.61440268113185,290.7267218953167,290.42801383439473,57.818164721351444,0.0,1.0538178343973141,92.87889295926037,43.12354797690461,-77.66486091590902,12,1175.2434894342853,36,7.653483839560744,100520.46400897867,100536.05575873733,100199.68469508983,99538.998254708,25.171688630617467,275.3880193722943,86.69878441178004,99.98116878977393,94.67784791053627,86.59512299835019,0.22547375741197773,4.86182342227588,4.63245140435251,6.152160117030313,4.588179468619514,3.4488639269465478,-0.06656454526531672,0.9266957009984683,3270.7508477479364
9664d6677abb,44,-12.988641539236188,-12.931965991560991,-13.636769676458112,-14.911132337132544,-0.09262799534394317,0.6869276169000718,-11.840662025563585,-11.83017119888561,-12.89785583664027,-14.344406535003106,-0.06910330576221652,0.7896539034282986,221.4303645812002,302.0614691151057,301.04584050821893,71.48531234764579,0.0,26.189836496737104,108.68387973573921,43.1311346845046,-76.08418643729586,2,369.7998188740594,12,2.4880315675530014,98556.89192407877,98562.02500561457,98480.17143589717,98368.42201097963,22.24941777425278,82.7100295681676,94.07334326522951,99.2600477761609,97.8545755444591,94.16837485094771,-0.24844165574038202,1.4307562377820457,4.623142609634133,4.623975759645113,3.1828250052234446,2.3788396991445446,0.0687342459612198,0.6103411893459971,3640.7762149928403
0d83563da9b5,44,-15.683909914898464,-12.762955870947147,-13.870288424505572,-15.699624109326143,-0.07150048838897516,0.9125376095910277,-15.167863698739724,-11.503820789206374,-13.106584616265888,-15.218353857867777,-0.07626223750881825,1.1071227090566171,222.38221965207936,-0.5438781429421,341.2225035385487,81.85359138535752,0.0,0.6577119429834554,117.00588202155356,43.116932540767394,-76.11015620861605,2,748.079506987348,24,3.6837218127170184,98942.87471834217,98951.84381975837,98589.97915422067,98382.04641441136,25.985895261771425,189.3071418213489,99.9617123965406,100.01233174475225,97.49357445154725,94.05209066791258,0.008351483472885692,1.810667960910924,2.1478880096343627,5.219161607221481,3.29600454215395,2.062019480481468,-0.020531123237676464,0.9706968981550768,3257.781436561542
044f6be6b7bb,44,-10.769399573376617,-10.756046386165645,-13.873370275628272,-16.305854592079776,0.0013010205794690222,1.3377430828605092,-9.682094946369796,-9.69557245381133,-13.167932860874538,-15.937075350195958,-0.006048441145919988,1.5231927499964704,223.33915598364925,382.78879057984636,382.56963078982017,83.01025046264074,0.0,1.4396556091504922,122.38432010044515,43.112852508522906,-76.10481610145524,2,1119.5707946713474,36,6.237122455402162,99389.90147009348,99397.41387910042,98812.67309921753,98378.89024169349,28.92902739689215,306.40934959796994,95.03994742737157,99.97503756306826,97.84782367585304,94.15595618217907,0.027025748596571898,1.7657726688860855,4.277242851053,5.211931189937969,3.1590171095989104,1.9362860644079922,-0.012793550591487556,0.9461155340274566,2876.532583786201
3f3532dc822b,14,-19.30061995491134,-17.497385324990365,-18.672787489955557,-19.58818598527957,-0.19971708951956213,0.7154787840988417,-17.750929196488027,-16.425450845420126,-17.683484371163242,-18.723548789574604,-0.17577226556328096,0.7379225405795876,223.2360649256273,316.4276626195416,315.7802508541164,63.04282257177743,0.0,24.224481569813953,104.66324674436032,43.12017934419663,-76.090571593417,1,428.0540174954379,12,2.3089580561311323,99399.8042755632,99630.92401655091,99595.19129772544,99440.15249289911,-11.835759032175492,52.092479461614566,87.68915712927178,95.30220460876168,92.8967328270663,87.67682250712768,-0.3618324715489422,2.1518539878816516,0.6137942102032182,4.099098536235081,2.722967160424976,0.6182708529925055,-0.30651372092792684,1.0869231390932557,2080.190449452045
fc7565113e98,14,-18.300067893768166,-17.458191476711498,-18.56558072797611,-19.616679529910222,-0.010147927904121994,0.5398542174756596,-17.63355026792073,-16.456140570957583,-17.58181084536109,-18.70464020933188,-0.0038153426021542325,0.6162251491488178,223.82133155809828,-0.020380173185805935,316.0019008838207,60.347240648223554,0.0,-0.04490158726906411,97.24288538471859,43.11965157963375,-76.06697196629187,1,854.4528231916847,24,2.3072907932135953,98403.67891343245,99625.03699650982,99198.76833000546,98464.46930653123,-57.93844218023391,421.32689896636384,95.40582876922022,95.46234360630481,91.89045271509104,85.2865056479719,-0.04097932974809118,3.151549417454247,3.1736904553964305,4.106001798644748,2.3748948291232415,0.4433966246227946,-0.047090137637232604,1.104231829876913,1656.947805512086
9a48c84b3afa,14,-19.293173105462987,-17.425441731191135,-18.988576117676374,-21.20454494231184,-0.047127485944088054,0.8411477951120481,-18.4889874293882,-16.430123091053602,-18.07709181783561,-20.636108532107748,-0.06359091297028682,1.0042059382057307,221.49292604773024,289.4837805202614,316.43653538841454,60.93313911225305,0.0,0.8755875697195218,98.07125211735705,43.13252598802834,-76.10222695550354,1,1299.1681860833753,36,4.166005854698906,98877.46121806624,99640.50654173114,99006.88448128151,98365.77400981977,-36.726028883401725,456.8001386915111,93.52241631153643,96.27287801927282,93.0129024635471,85.22821414697134,0.10519388448612954,3.054735378677689,3.460367993017161,4.091443395324807,2.572937707043784,0.45012340755988844,0.006429663561128524,0.9610501120564546,1205.2046076224108
789fe50c84c9,18,-19.953638756473595,-14.509554174519241,-17.4089580362802,-20.20478310318758,-0.6162238525526667,2.1712519987728283,-18.338474477696572,-12.937452845567748,-15.993189013157881,-18.92308766566032,-0.6364558814272137,2.2624699626018367,219.42629077766972,381.11479698074413,380.2475089830621,83.77302694225416,0.0,31.74375317547155,136.09192494169216,43.09758676307241,-76.09728682116136,1,407.6524722711592,12,5.953987688028131,101111.95624513947,101121.49305553423,100637.74656402359,100170.10211518034,100.21122489241034,348.97273761054197,86.50750950335892,91.18739188270351,89.63984193128934,86.44718329533934,-0.24774243315103034,1.3106589316606339,3.9356019346074125,5.690136879757649,4.6733788428999405,3.0522716487243144,0.06928604405201606,0.7595008949680497,8174.336835875049
cb6a8e7dddd8,18,-20.500699144820555,-14.523320205678225,-18.350506048124483,-20.52620085969606,-0.20877824720185217,1.8565071500890684,-19.9568420319998,-12.904153986831162,-16.840195398911433,-20.00096924296111,-0.20906657648788843,1.947756840951306,222.22470911472868,-0.41719197845563855,451.7557987978754,91.53515552058379,0.0,0.5255641410200914,144.0254415102471,43.1362406294693,-76.06876388045727,1,835.2342802748476,24,7.044566629784573,100504.66549547159,101117.43970059052,100786.36643335772,100111.21706013834,23.271630848771938,311.98759856503915,95.29302204941756,95.30023228203243,88.38884403951643,83.024199528282,-0.12426402832608192,2.9284080799539267,3.0089720553783694,5.6794448932721355,3.513390820887057,1.2504519714555786,-0.14558138881275043,1.3902509416011206,7740.204948985746
1c9531f7e025,18,-11.868563292685156,-11.871984262608672,-17.471761460941483,-20.491687980907713,0.057032249130474014,2.3585129213715414,-10.229625887124778,-10.187604376681684,-16.049213763328595,-20.02256615821467,0.05564188851487125,2.478946735761165,222.1277808761732,136.8562224058166,450.5656719293419,70.5371916930623,0.0,-1.860804706018595,124.35256528726036,43.12827842166991,-76.26520617151553,1,1224.6139002320458,36,9.771576959968103,98829.00019144545,101121.78122493716,100341.60162497367,98797.97549647333,-44.12864211344913,697.9593588017758,90.17333634866615,95.24688101532378,89.3680622724552,82.98439594247672,0.05479333713432897,2.9032225273793415,6.77609326545076,7.1077685314700325,4.005159370687839,1.241614103286274,0.026339262619297872,1.565406698844557,7358.481745813609
c2f0b3a8a43b,30,-13.393294059281596,-11.387701219090175,-14.732479834036809,-17.557963832951703,-0.1284528775303695,2.001365769033072,-10.814082623246671,-9.49707008801504,-12.827129308491607,-16.30383206946948,-0.04501399369961491,2.3903650402688226,224.24662954058442,225.43710378667205,227.3202503304092,55.006889183547564,0.0,20.244863001419347,84.82298587600978,43.097554235154,-76.14386998158494,1,371.3669655912496,12,6.81283352027867,98227.48308062724,98586.89027872749,98422.80075535983,98202.97337525323,-35.89454093082919,128.7321028175433,82.8350206083383,90.9307209870607,87.43759873191641,81.19004448468705,-0.6892187302713504,3.5189308085418745,4.998011408446499,5.010997028337965,3.88412440698833,3.288667917712332,0.032631704995953324,0.5136705855567728,1987.5259597120314
aa57cea1589d,30,-19.359611551002708,-11.375960997043874,-16.47985287622208,-19.48200458480279,-0.2848721766125986,2.5510149648288625,-17.805938137989703,-9.489117953139484,-14.555150665191986,-17.779271252804136,-0.2845152721066373,2.793327038716344,223.14560698423762,-0.5812870674091467,264.14688028625113,62.0683113040094,0.0,0.39035751839600324,91.85961802554823,43.11804032407514,-76.08871872198068,1,780.8400476997443,24,8.318226569695502,99238.2382127425,99234.23910430186,98609.75764347709,98194.76039691472,37.39447333308969,349.9712169531329,86.63547004498564,90.92408362822661,86.0974592192151,81.10993305807757,-0.2017781279976986,3.1106124257762886,5.975393247988907,7.965453978375458,5.283412297171062,3.2922935409566643,0.1658537002439582,1.5194557712406582,1575.2509704676272
50a23d0532b1,30,-15.76120587642938,-11.438016559893175,-16.99501138796528,-19.52545700142521,-0.13267346567101074,2.3250044799158784,-13.456181608693065,-9.547274276914786,-15.264899612137441,-17.841037350443294,-0.147318910055009,2.624936692197233,220.8469122850946,205.57912586550728,263.98890953192114,56.78637013909855,0.0,0.22459903991643582,85.98089634502003,43.10431348502532,-76.12304919176043,1,1197.420322941305,36,8.368725567212111,99655.37876305294,99666.33643777996,98917.77344204395,98205.46168977977,42.41481951388331,482.1810013068963,83.2752288504263,91.77129177434306,86.84117017300619,81.11240386352205,0.03216478452761274,3.1272172579959436,6.253974160697855,7.9468556857692985,5.484754504019255,3.2886845050202336,0.07209886369071544,1.2807060344416035,1158.3412215308374
ba632e140676,15,-20.19736088097599,-20.209545253551198,-21.982202275102914,-22.948446101509862,0.08953723382219395,0.7512938771871738,-17.795056460165657,-17.85306257208949,-20.707230821301405,-22.00859694007363,0.17639737452152093,1.1613505376369961,222.08755645094175,397.4479204325281,398.32543669328675,81.11775864574939,0.0,30.985263664882094,134.59507240774323,43.106816471352396,-76.20603917348122,1,463.53618229448347,12,4.187871246843768,100391.61781242501,100465.67712736597,100139.98541723091,99815.88416289657,59.577845828035706,207.711186123684,80.11687550938532,94.78243693788207,91.15475850957645,79.9899203051037,-0.9000560334166897,4.4928051372133035,2.700815411289317,3.893151812375492,3.2008349182158473,2.706381293079878,-0.09908905889538377,0.35801144684963593,1191.5487328713446
5a27e488a737,15,-21.58520283079959,-18.84664618457315,-21.005585520601446,-22.946723609646448,0.10425623085221433,1.2366240451069084,-21.502024936093637,-16.23734635257742,-19.718956094006856,-21.99510211288735,0.08954728501699072,1.7988329262237732,222.4082771051966,-0.047130083014186475,400.03857756078463,84.14117319105576,0.0,0.26256714623762606,133.52289357801675,43.12217187031065,-76.11395144406977,1,903.4527690234443,24,5.7990048323748855,100271.5132320949,100422.89920565358,100216.90538246057,99794.72604059752,18.248453179867905,171.98688130595448,99.2807592194444,99.2566291813384,89.97632263214076,77.91778532138646,0.019734888352769726,6.370243796686191,1.8791313176958735,3.8934393827030167,2.521884432655895,1.312802270523233,-0.1095154034213923,0.7836771802039488,758.3797530529279
bd25a1a01c6c,15,-13.458213147551296,-13.514012168924202,-20.82633436359845,-22.93935459812346,0.06974858599864303,1.9218032026538103,-9.5166534927794,-9.568605763002545,-19.77341307094401,-22.948750746619027,0.04811940444266786,2.884234067789596,221.54452036923823,420.43493035619326,421.44166854579987,86.53982914379903,0.0,1.605478412794963,138.35766711430682,43.13562665216775,-76.02920502992887,1,1359.0386058520328,36,13.424447792066191,99579.6074391316,100421.67828373985,100142.15754918942,99561.42751422507,-6.3860259803543284,216.37457779692383,73.41684892217778,100.05568615854264,91.50077343683871,73.4166383821052,0.09800813019945762,7.653616233657803,3.457255558905117,3.8932806804906392,2.5765392295591822,1.3239322978111816,-0.0211025713519103,0.7060568617267562,302.70035921713685
13c9da0f0d25,34,-18.533659368658483,-9.451664861976662,-14.835371282525465,-18.499251968088515,-0.8202574326292166,2.9018758812255765,-16.550959817706897,-6.936882915103193,-12.68775515642487,-16.571683299526125,-0.8715106001858467,3.086653833330818,220.84845292456453,348.87409184998444,348.2646295112266,80.70579083875207,0.0,29.892685196069202,125.53928813527388,43.09300941570687,-76.0770381593321,2,367.71425517922484,12,9.643429138210465,99472.64356952164,99481.1804156937,98962.23648974387,98400.94365391081,97.5464526975527,337.7554623181032,83.78145240488199,86.03913957414751,84.90052419383983,83.87797580725932,-0.014260653297439535,0.682415514725558,6.898180854156015,7.561121001122529,6.8291614804497405,6.185939179239794,-0.042514410245385804,0.38501110698775465,1214.5894553285402
fff9a9a0276f,34,-21.57034494783223,-9.465623854343557,-17.059485909707426,-21.522284798109308,-0.4180593153745825,3.1388178969231673,-20.312811364414117,-6.886803354607903,-15.18922707610652,-20.259821587334994,-0.46784353835205145,3.4589942895030803,222.93465535668707,0.5495945292600712,348.56377030088413,82.3546171879207,0.0,0.19974729325993423,122.35535066330353,43.12924651968737,-76.15145333687867,2,798.1773922785056,24,13.384376045940833,100500.61103866281,100514.0503242122,99433.31938352167,98418.3358712879,85.05275010902372,593.0945059063296,88.47169045588494,88.51342689560016,85.90537976211795,83.60190191034756,0.1605643234648206,1.4161136471508446,5.474735628222012,8.64719882278218,7.228872534601895,5.471247857381285,0.029776464453329037,0.8489321605263807,782.4924477582041
940208477bd9,34,-17.36650903637226,-9.436948020906414,-17.866416713763876,-21.50549246533207,-0.20286858343060363,2.9052336280833955,-14.841615008671154,-6.913862512606394,-16.248545772308738,-20.308077386352704,-0.23624950354134497,3.313877878125983,224.64818648751447,334.76331614647427,348.8130799478091,79.46811692071803,0.0,0.7959435486325238,120.9486518348173,43.118186554911475,-76.09126004137666,2,1231.2803471435186,36,13.43941154510558,100636.292215615,100758.74237066282,99830.16280642516,98413.57855334738,70.76754102437195,756.0287926922898,81.09714302779707,93.0636647121436,87.11474386402399,80.88189989217646,0.16039133246325638,2.9457150313724076,2.6746708843955846,8.66387595962519,5.785789864675371,1.4684458983960078,-0.16175269213919335,2.2566809072958858,344.33664547857916
488c9107f864,6,-18.53493844309633,3.4676179448607787,-8.83633736624666,-18.528866185546008,-1.7656290875980338,6.238142100025433,-14.85167019665358,3.6007273194880116,-6.466866460347418,-14.858872428913946,-1.4711590371464318,5.177027047751545,334.02133945710875,187.66364216835538,189.10254883726162,37.44688820116175,0.0,14.504332046776556,63.47269079468525,40.90747242037981,-81.35689737674998,1,293.25161850215187,12,18.48948456414832,97251.66322119645,97253.23373847871,96577.680135294,95550.15673860082,153.31749859293055,540.531818619129,71.92845792479892,99.37802071682918,84.32457054260693,72.06661341677719,-2.202971662170896,7.759589425263908,8.311063848868834,8.324046502129407,7.459375318394551,6.04185833546831,0.12361259510928815,0.5838177239544536,2088.055190113455
12519facd901,6,-25.741730193263077,3.5216408459111253,-16.32701234416205,-25.709784615063747,-1.220886137331114,8.804552537780141,-22.981378557834343,3.620338899629227,-13.395505187090455,-23.010538636790518,-1.1371645178811454,8.035124330783896,334.0982980882313,0.32337841397506906,280.06306267821014,60.48953915349817,0.0,1.2186738179247236,91.99898104386948,40.92322418312686,-81.413146641898,1,753.225095464639,24,26.584091164959837,98088.28276629184,98109.87170651201,97173.84120640985,95592.50889947645,103.22924719639205,734.1630495845191,75.38077868320137,99.40763042770767,77.66005664334675,62.15650455106313,-0.9479862170068938,9.411830960172793,7.070856317908481,9.074972997233056,7.815135533456011,6.042352201780866,0.03671186339955383,0.7064634150187835,1630.9762154414102
47b0b8ea3c78,6,-23.438965036509387,3.4990420681442367,-19.26983810392657,-25.733807175214547,-0.6811171256690371,8.308489269327762,-19.561643433286747,3.6001714898525767,-16.388271831808176,-23.050774952191556,-0.6594973597126236,7.823964482667244,333.45095751271754,285.8141881373464,284.9774273843245,59.61678673328072,0.0,1.0961714298420835,93.17524475742708,40.91704925441757,-81.4908610178737,1,1236.1397911779904,36,26.66371128739342,98522.03215619463,98508.78889029715,97548.41791894213,95543.11267575847,73.53361113980799,802.5267088454534,69.23700825168122,99.34364004592564,76.92567008124574,62.01788578796037,-0.3792220089527594,7.904332151843241,7.256664064312878,9.060944153242097,7.498521315192834,6.038594056702875,-0.02216898426379647,0.7221322366441835,1146.4262076438254
f2e357183758,36,-14.626566945571199,-7.9613386334845275,-15.033941471750847,-20.731614476626778,-0.7132853919963499,3.7972105978023043,-12.033492650963835,-6.821906332020189,-14.105522201203424,-21.216780441422934,-0.6509446117753191,4.380559485785319,334.7669997220231,561.2807647875412,561.9999475623052,118.84872850826947,0.0,45.06304871664336,193.25436172290227,40.93093802120267,-81.4840638469834,2,385.9581709508715,12,14.393813535447464,98798.59607334579,98783.84379052845,98390.18000872793,97869.0412648415,86.87832940497854,301.94344249520026,81.97148019740084,99.97824957923208,94.58342336732117,81.93680153981589,-0.8127919671242679,5.884732765745202,4.558498226529049,5.384530556010472,4.126663250064859,3.322271790998801,-0.09886887526207862,0.7153631384367587,1138.1717580893583
69564d88221e,36,-21.52448198541048,-7.973456598806573,-16.45163484108188,-21.805147921602803,-0.3664724734678916,3.7287978277736777,-21.949770944358175,-6.865009799648805,-15.27643344815337,-22.143476041568917,-0.3694881463515572,4.488505168400621,338.8282387738611,0.5254934736940386,601.4643812513789,150.59862313129554,0.0,1.9904074154670708,219.12885816391216,40.927279904869046,-81.50250926015966,2,799.4393562855414,24,15.326493342491178,98501.23839842988,98786.41311534453,98547.41266910663,97863.74501709577,26.20411140627133,261.36018546810527,100.078202714167,100.01207790365359,91.92338696828958,80.96592418061196,-0.16895609291895614,7.325245730843587,3.614014119234623,5.412388150784601,3.7256708562282825,2.347767966950545,-0.07749126431008775,0.8379899391476079,709.5881177117703
6b604b0955bc,36,-9.007156926647522,-7.977481328626985,-16.364523732591017,-21.774967405490187,-0.058706861567125464,3.8285748563917363,-6.53977065168228,-6.559866137825046,-15.33935870110023,-22.167891119661466,-0.06900859709561122,4.652660703474214,334.42301664741603,286.87474854033644,600.8649946996397,121.48226203037045,0.0,-1.788604164819062,192.36542286521893,40.92602547371451,-81.38745614890385,2,1200.3253941726784,36,15.585216181037547,98192.38894043017,98805.3453572422,98487.72010446942,97889.93794700074,-1.6766360177646185,241.98759337350373,84.40712894690819,100.00326694638848,93.0793656812945,80.9249155113027,0.028283142275162692,7.039928027088175,5.380672289301147,5.389845702442353,3.9179142518926335,2.3514080680900253,0.005722236451087614,0.8207131228068215,310.2876389135502
0ef657e4ddf3,43,-12.777352313224823,-4.126903613922836,-8.083440972135477,-12.7262069626524,-0.9017597146871557,3.1989267919794786,-8.16626685968416,-3.1475102899938876,-5.859892646629911,-8.12415685648707,-0.4949438367201493,1.748574269865078,333.770595852785,312.5091591520579,312.16487392877696,65.66819616857727,0.0,24.80812694023767,106.27646598981347,40.936262849788925,-81.43573860798153,2,286.0699098215113,12,5.008752594640268,97683.09576057277,97679.38311610142,97383.4819236329,97163.57922850674,47.87834195523235,176.56919243113086,69.2659853752284,98.04289057497195,86.90749192931415,69.01172041832199,-2.8751815949158845,11.199547375987763,7.07009132448657,7.105406009511812,4.834534203620182,3.777747718365211,0.31306536338609875,1.1850304916320626,6453.338958502782
e08ec9f92a51,43,-17.462214759879632,-4.125835336293705,-12.122219451042927,-17.47534649092927,-0.665270171376398,4.736200678670608,-14.452169182667829,-3.103610674493389,-9.306232549362354,-14.430040652193135,-0.554434784464745,3.8682467194937487,337.0817048090226,-0.9223234311514685,326.57116109860135,86.30547566613747,0.0,1.3138703749247964,120.85689199813257,40.93056809195906,-81.45960341446977,2,654.4755476359305,24,11.297410190048145,98536.95886398118,98526.37209979132,97799.24263300729,97179.71929708363,73.75730454578489,519.1231606611921,77.26816251960969,97.9979024302578,81.04962010890452,69.04835995440492,-1.0157425702575065,10.08087508011551,4.190987378908142,7.607972649030294,5.550379439781852,3.7635984694240245,0.0875325892559008,1.3941211879361397,6083.348277164829
dd2ddffa7529,43,-15.989132902966618,-4.115000222680429,-13.885938831818779,-17.90763088459668,-0.3880185303984625,4.61218992923109,-10.368184567735275,-3.135376723074563,-11.164429967595018,-17.71703203521655,-0.36175887143201474,4.287381779269015,335.88118123828036,501.0924134966695,502.35293011480604,94.94248407165479,0.0,2.842222582230151,141.06387607607576,40.91414101179076,-81.38380456060273,2,1049.9737722024674,36,14.576281461367207,98439.33970885542,98586.62254347846,98024.08759135756,97156.82910111074,48.25509880068641,539.8515882622208,61.75887068704484,99.98456333242889,81.12030887789652,61.801713191311904,-0.32245084216346614,10.66962208724812,2.9660131361702446,7.601123609045507,4.677399426145207,2.038715415889315,-0.07580674753659748,1.7197593600690217,5683.318423762248
7d464cda750a,30,-24.896222943288123,-15.123032741055335,-20.44171773105761,-24.922923320662477,-0.8536783230700952,2.990556371512038,-21.133612339865252,-12.511164873732714,-17.31017636519994,-21.147371492900426,-0.7781649378914895,2.7456577814365444,333.709221909078,336.3942521197371,336.1634646665316,67.53709263248945,0.0,25.581390603449755,109.78168476140604,40.92509074939222,-81.39487733224475,1,422.86786167495893,12,8.622926148664474,97899.95316169424,97867.85058666916,97389.55866898967,97258.92326225834,45.55136143574464,200.73177930796982,69.74427371455789,82.09884153587355,74.99743793576295,69.65289344595337,-0.9683932665078827,3.9362515004911476,8.644308799763818,8.766978420700717,6.819916606784672,5.12644868928623,0.31889447822127226,1.227355647558346,2084.542483548242
3bc1283edce0,30,-23.72256219772815,-15.110909415706418,-22.35992655537805,-25.460730271674926,-0.32039427823767264,2.8514226938023004,-22.521607448290496,-12.519429929115727,-19.317558625705498,-22.587214585690813,-0.3698743453575736,2.8325282708549953,334.7547373469775,0.8242454048806782,396.6868754488629,94.23099401446844,0.0,1.5724430614309959,135.75013879525338,40.91433144840442,-81.40011006511659,1,895.2453881172615,24,10.039325404958172,98447.3492447437,98464.8342501881,97802.96618895244,97238.05514799929,63.15364916814171,452.58080150532004,88.55506075553858,88.5096849081432,75.09271293307489,63.67820701293415,0.22584418614585658,7.184831019243597,4.75988620484929,8.768139071257984,6.3336424538413985,4.767665317199497,-0.058685574899544034,1.260566550517739,1618.2217830369993
f2d49117e533,30,-21.216552698517603,-15.129213843580759,-22.765694371460228,-25.461732728672335,-0.13774295102589468,2.48627995555452,-16.202797872417992,-12.535089940468845,-20.213012862408437,-24.263979043186115,-0.1978817445083698,3.041155672176676,332.3284420916045,359.23641403722866,396.91031207931474,90.66154402901634,0.0,1.1817247858717905,133.86597353989717,40.91685847981888,-81.46277548803212,1,1374.6538476606743,36,11.781683026169556,98793.78118617792,98763.52409622978,98108.95143600152,97199.0352107057,50.33475901873833,541.0165906296472,62.145756733523,98.21503485452473,79.05131870394986,62.20841261674599,0.4225080215306925,10.440576394543363,5.043851906149603,8.768642125217024,5.484072761582414,3.1522049797705876,-0.1085055434430725,1.6022623008134993,1127.257206895403
2435c9332a69,27,-12.973979943630042,-11.869930424012823,-12.968731225852236,-13.912095764695895,-0.12386410967502637,0.5637341663723561,-11.154805218600156,-10.349116387565791,-11.96918537407388,-13.31363957458567,-0.11260324360488645,0.8932718684225757,220.31412583331706,477.2596259546835,477.6688756124757,94.24936103208712,0.0,36.47045308541265,160.84778777627477,41.415589509392824,-81.89034681443965,1,359.63055668272347,12,3.0030424599281442,100948.2077185052,100920.88043430689,100472.36941548689,99875.9859388739,99.2193554769788,343.46998698359295,88.8845340692577,100.08863287158316,95.43226685187295,89.02266934594404,-0.15856191528101857,3.618027910287298,4.9808180196137695,6.742050387296183,5.778599815433048,4.973852139345386,-0.13750303798492106,0.49250153255293744,1037.5131977793446
d8317051b6b1,27,-14.617429292141864,-11.824353350699527,-13.39921903460365,-14.680202511866524,-0.09925373022148028,0.8657226840788262,-13.492335530731346,-10.248108699880639,-12.002747001919165,-13.51842510610617,-0.05925001974957417,1.1256004611048025,222.73900427617758,0.18525181725139547,576.1556194831478,130.93906250725914,0.0,2.029632462291473,196.4527067047699,41.417489945035506,-81.79156118976034,1,718.1933613467695,24,3.2655279694583266,101237.0676160837,101261.43568635567,100810.942580946,99889.33563129957,58.904603527214924,426.8119632972676,94.34441623909385,99.97423593143984,92.03427902201986,83.59415382382853,-0.3364103428633749,4.929422428786505,3.397425182791588,6.727854787271997,4.857006051983404,3.3752354292004134,-0.14684628728542842,1.0225339590678149,676.6802581283652
99c6b7e2c2c5,27,-12.173121503228815,-11.857886948190071,-13.678965977592783,-14.723164803199975,-0.0514225019792857,0.9322296779618745,-8.596432528884783,-8.627190908582628,-12.35336971089149,-14.547587919884304,-0.04480778889531802,1.4973717419084052,222.18938169722423,480.64782073289666,575.9916822337133,121.0315457813428,0.0,0.9085860384645409,187.76767162577647,41.41313037759284,-81.8711211095629,1,1092.0062598595705,36,5.904005931415725,101298.57850663856,101389.22078014792,100978.06638765875,99925.0202756839,39.11964243202587,445.13409817185027,76.31813375510977,100.01273084443456,92.91288409758174,76.38800095740505,-0.06187584271397871,6.090227228355029,4.8405495759233315,6.743535262085595,4.671115462546608,3.392736893398808,-0.056940916176099504,0.9459197618231553,304.1065425018773
f1f1e63f2135,6,-17.57701849513114,-1.6792581370814388,-10.23039193381772,-17.604505150801504,-1.3251459656384896,4.6431049444764385,-15.822009095645958,-0.8401592836581662,-8.340197981838283,-15.767921752778571,-1.2651350100107053,4.418813466643859,219.33699828959894,192.22390399862672,192.16340560333265,36.929445168003454,0.0,14.345910166339541,64.26029999667728,41.40558934540387,-81.80825774726286,1,316.59684023108,12,14.955750487070311,98630.91747806748,98672.14772231813,97981.67250390309,96919.34739601854,155.27776076013592,551.3226126824278,87.79837713856563,94.98219221170685,88.40265890502693,84.65204474605505,-0.47817299833690485,2.792682545046036,13.958914509080023,14.235908346975624,12.110537059191726,8.865352219713005,0.24418222544344917,1.4745217561544,2017.6732370931807
27856dba4921,6,-22.05859466514349,-1.682651257026968,-15.593871551284808,-22.096186378172963,-0.877366179210516,6.349418986566249,-22.145541336771537,-0.865383422359377,-14.304302195809864,-22.22327951639971,-0.9709914295560391,6.866183788628197,224.6928224135013,0.4221635010852578,245.06089511811533,51.51537661533479,0.0,0.7268784794271859,81.63121789921547,41.3890233356739,-81.76449634629766,1,775.6285134984311,24,21.341411226527466,99485.93644869413,99514.57269964488,98544.46171762596,96938.7199372599,103.51370098018893,737.8127741279488,99.97060248515464,99.91833835338439,91.97827168538159,84.71546632091089,0.5554911269930153,5.404731000592405,12.691170824052968,14.769762696398411,13.031578219631692,8.865959724093415,0.12062545279072924,1.4934747078587132,1561.0029044196242
e64e90cba410,6,-20.095297853417364,-1.6732410790718588,-17.53520647865197,-22.107213096077395,-0.46602841109062426,5.8470258033957885,-18.75116837991782,-0.8252220409967401,-16.510530048740822,-22.205183929861896,-0.5236014869778897,6.43907211281032,222.66574699164087,315.9925752014764,315.7435837026491,54.6103651759016,0.0,1.3885940863015815,89.6971932434584,41.36795416953705,-81.80519538807513,1,1241.970474700047,36,21.36813535447277,99875.0456668594,99932.49595210791,98960.79930328442,96899.88584408358,72.16682810772946,793.1510409051058,90.87730214723781,100.00061649703679,94.26523233251056,84.63642187920593,0.3921326422130938,5.668936048323665,12.124835128179857,14.759497622289363,12.818351526802703,8.866686522393302,0.008043837459841871,1.2785466742484364,1083.4987345380175
eeddcff4ee0b,40,-9.827175028287593,-5.5199051202644815,-8.766352574402214,-10.016336272206251,-0.36873093585968775,1.4099385182011397,-7.883562345686511,-4.1986830126658425,-7.217877716789751,-8.448574554275064,-0.336764957450699,1.3355747581697333,222.28936110600256,188.82426509592983,189.00561625327632,43.04799483742834,0.0,15.914886680183821,66.98844071102414,41.4121772618825,-81.82243789128079,2,300.0115861266645,12,4.285042472528087,99077.99389321875,99101.35390046574,98776.97805199804,98434.3150267844,66.80335891822749,232.79512440510032,88.86422098980772,93.46977327916572,91.65922550787204,88.74252971267266,-0.27040627317457094,1.2797168927849496,6.77603300428405,7.941782415053222,7.356775246003884,6.769057617456787,-0.07752144022964404,0.3096229342041229,8066.637055795621
4405fc2e57ad,40,-10.395577223959682,-5.532218503068812,-9.347445088120269,-10.390452332957897,-0.12731930854158982,1.1700696927527698,-8.746519140060794,-4.232792330861764,-7.634456626218319,-8.774279708857499,-0.11034485536967378,1.0988651240398946,222.40992911182713,-0.44106037650341057,349.8303638275522,59.379079109358486,0.0,0.9268527859649273,89.90917212136755,41.393871487871934,-81.88411327611519,2,615.1512554842466,24,4.571417771283716,99432.06843261678,99453.35464451938,99003.71418591878,98414.3936108067,43.77449302142677,311.1302372085388,90.83791911889494,93.40967635732548,90.23155252526023,86.69901439965759,-0.1456635233888029,2.0489939411617613,4.307935693232224,7.930691621987196,6.458396375274659,3.7179345706153395,-0.16264234680356382,1.2737921563498116,7750.990576090797
73dce4a4e747,40,-9.444234227692826,-5.530151539973557,-9.769699111636669,-11.342194061720342,-0.08590970785990736,1.1919346448735597,-6.6330595563094805,-4.182558365519472,-8.054206794031884,-9.650536045482983,-0.07145650759871591,1.1817272617117467,221.58978046869683,442.3440753481865,443.6257124644863,68.7708093443569,0.0,2.599883140431254,114.33097782933235,41.40351796717458,-81.84616561018223,2,937.6965184665686,36,5.475564094313355,99683.6562199208,99703.27632826316,99186.30860359587,98397.17929035546,34.269883458534785,365.4006981934272,81.90783264905754,93.45699827464666,89.92462213587088,81.93827232614709,-0.1117333981764266,2.42461934143449,3.3524032318775014,7.936721553327491,5.587833783132945,3.3219911875327965,-0.1508685834941012,1.6466456349402694,7430.021596365515
4f6df3f0c5b1,34,-12.00624900212926,-12.027638116530465,-15.13308481124526,-16.59855228151306,0.2927516222778645,1.406180057669107,-5.797365790528569,-5.822173839250341,-13.143446540883211,-15.668849852249695,0.683406239806637,3.2646364426272907,291.94534859545365,325.17193164316103,325.45496001331054,76.18723382181008,0.0,28.45409051776968,120.9295587857843,40.00261098197285,-82.82646021874052,2,373.9645719668875,12,9.864558575062807,97788.18389206054,98028.37443809253,97988.30517795951,97819.9408926911,-19.07506447810544,77.57709026417986,60.7083059724672,99.93044349008213,87.23946284986064,60.70853864015182,-2.5604808469010174,12.919749925190816,12.05170130583148,12.065388066249412,5.882587420260352,3.244418522103732,0.7561702418577045,2.9712472157155725,6278.997705279046
53ca91eabe11,34,-17.14573333904418,-10.75294262293377,-15.064121930114085,-17.189410768644763,-0.025611175769847797,1.974252135956117,-14.22007981178572,-4.9554893471910475,-11.539811852599705,-15.662033532754746,0.17665771400984162,3.519286748923972,291.6209041117179,-0.18297317273360264,351.89116777270874,80.322291515804,0.0,0.6101580548717526,116.81507110876504,39.99434625918999,-82.87375965562181,2,709.8167816047593,24,10.748306360777253,98667.79727067979,98666.82738418267,98156.47516954535,97747.84058399909,29.679318491711406,295.5156309818193,78.71906711598349,100.01810646412001,76.78168217625627,60.71861161949594,-1.4781481161641674,14.145688462391865,5.614714414206878,14.08489165758069,8.096308639780792,3.2434536105245293,0.2663432878898457,3.7463567634553434,5946.559020225004
cdaf003f5f0f,34,-18.488573375620582,-10.761433179494633,-16.200867720974678,-19.276427192978453,-0.14292887643668234,2.3429310205209055,-13.655276867502524,-4.9440525916527545,-13.30838693256572,-18.749547453014685,-0.1351149934796641,3.880611661484816,287.43086209980873,504.5001605967916,503.79723624088217,90.27678741707861,0.0,2.7851114351278214,139.8260664964799,40.02215487232925,-82.98027751100079,2,1124.4825460773602,36,13.812967075857681,98797.84834199921,98804.34727413146,98334.7190265553,97759.24328968587,30.117010632548894,362.48378031564494,64.57123417064894,99.98076393504995,79.97232353980006,60.736273935688416,-0.1609445291161456,14.111188466405768,9.546924604218708,14.085498504018119,7.25451366986559,3.243969191977339,0.004823510487947052,3.4559608894502207,5524.59277554187
dcb3065e1975,6,-23.566385838601015,-6.50967130884693,-15.149901791265275,-23.58785379756385,-1.774356614058178,6.256414648695855,-18.37518153167904,-4.514977042736728,-11.829035947557289,-18.426332573940346,-1.5005020950567671,5.3380460854342,292.8243992037819,270.5876748335341,270.5193935126329,54.28163444268064,0.0,21.117711263060112,93.58904693148858,39.9912904961098,-82.84294785389147,1,358.6127036378944,12,13.905479552208876,98366.08443783296,98353.51385830698,97748.39827194701,96787.69644083468,142.00220405488614,497.1362988823426,60.32869514313394,88.45350209000988,76.37979878556271,60.4255362308636,-2.582708570936319,9.137662143986017,12.023212556915308,12.033046745459563,11.571410402525432,10.996718375431177,0.045061325895010974,0.3283216816405484,1996.70260018257
aedfe4eec6e3,6,-25.633448051141013,-6.502273915722344,-19.86298387296459,-25.642287667577527,-0.8424483333595751,6.497452687377918,-22.286579991594227,-4.536355856093904,-16.21005939315815,-22.299852732823318,-0.7883713183089427,5.890181301059706,290.1626629739207,-0.3553212197815439,288.3018278742693,70.48567448584731,0.0,1.1301268662078268,104.81877207173436,40.00590281246531,-82.83002547596324,1,820.359679208129,24,17.770233572600937,98983.56051686886,98991.86966674437,98227.55675423388,96818.46042167871,89.20029443008569,638.7197443931711,71.3300342516576,88.43311342847944,72.13477917938046,59.7956678444232,-0.7399393535223897,8.139326519486346,10.067627390963262,12.077255148465387,11.323507525956211,10.066814585295983,-0.04654481068597162,0.5578122764866789,1530.708733033417
26ba9a611558,6,-21.9221893332406,-6.496644987575728,-21.407659140291535,-25.66779845730161,-0.4078979385077057,5.783250177703043,-17.11751411242626,-4.532784636319058,-17.886840427543483,-22.37778805062435,-0.4027681158448862,5.429851366172913,288.50316840217636,286.0855088283959,287.1630524760359,65.24084319179491,0.0,0.5154952550453467,101.0302062143575,40.01291345816421,-82.84410517416313,1,1291.7744512606223,36,17.84721032897567,99335.30590775615,99317.97187040943,98547.71032147126,96756.79945024906,61.57464044601387,680.6322580163107,63.537051536765404,88.46777709127659,72.23464710274833,59.8005840233012,-0.21795236789295466,6.991564153339089,9.469934933849116,12.08765024573794,10.786824827705045,9.043373190373003,-0.07667704963415461,0.9178509876756589,1049.5775713098171
d766f0f608fd,20,-14.313135907519241,-7.574411812141538,-11.24103889828195,-14.359088400500603,-0.5800118895832288,2.062274508547196,-11.235133310154314,-6.220314182953449,-9.406199300903497,-11.699255336054474,-0.4655459024630774,1.6623130105758066,292.4394133333114,440.01455083649034,441.81263013132883,78.57306800586176,0.0,31.267656573153033,143.84420042164473,39.99935100024202,-82.90376321451554,1,329.87425384335637,12,5.442087905519021,98448.72225697101,98412.33849094874,97617.9502497405,96799.98944466274,166.6086278682556,578.6315652859793,78.88298384173248,92.95869775065545,88.80072187884433,78.95698809667823,-1.0075829900965172,4.213873319616814,8.987578030544238,13.878183845126621,11.565099356892084,8.996382428308728,-0.4845979918610258,1.7020518304461871,1218.647608890718
db52e0d084a7,20,-18.55876568840553,-7.620880737396732,-13.578652969442581,-18.54494008398376,-0.41663883762265363,2.952942603077815,-15.884794561119218,-6.215545466104073,-10.971999610830435,-15.85067496179662,-0.3264420260976996,2.4204607299762224,293.81954527181546,-0.004355481856409679,455.9890266129157,109.93489957445325,0.0,1.9383995127799312,168.6541348473232,39.9856200149302,-82.88521456078765,1,695.4080229460765,24,9.65475733373481,99166.18028196554,99140.61104872351,98237.38400439327,96848.58110405091,103.09876128431573,735.4343904794044,79.25501397524813,93.01491446438413,82.47913884448364,72.69314547996751,-0.8529626784459641,7.176508571458197,5.189795821614551,13.908938722045427,9.185676398984064,5.172309625663004,-0.40481847823200956,2.8309501870341194,844.0194731461855
a583814dae71,20,-17.09564609159929,-7.65732227782869,-16.061933543623045,-22.996513912743218,-0.39346113154962564,4.387694337959851,-13.571642183056309,-6.200300552066635,-13.978029080286639,-23.142529666499033,-0.4174922015713693,4.999112332806925,290.7695794951668,499.5457190986857,499.50028214205,106.68101607772721,0.0,1.6370153141671715,168.54712754547634,39.98666503682209,-82.93003683175432,1,1151.1791860716594,36,16.94302182275821,99976.24587895634,99963.46699541026,98652.72333732813,96776.8011615416,83.40181406653564,891.7100698047035,74.04649560379062,99.89962764995282,85.49725336189478,72.76534757511166,0.02870778091624765,8.96845881326127,2.3220340444178995,13.899297806173564,7.601823608360406,2.309464202195035,-0.3072189459339767,3.2768404950849495,385.0135567675566
fa21b2a5aa4d,356,-18.600664684295033,-7.009083020162821,-11.233110001925338,-18.614167478975816,-1.1396057284582781,4.3804026910069815,-17.360117160758495,-5.856551981449817,-10.122547534719681,-17.38844116662639,-1.0908301298545222,4.2751996071927945,206.03124719899256,359.436537689772,360.0569626831737,64.17001633140899,0.0,25.489264743051603,118.15742672525171,41.61076714778828,-83.74538073966434,12,336.7795545321376,12,11.574102537688308,98601.23393174693,98603.4808000976,98220.99553499527,97949.36088155009,58.14074322190386,230.72783531753643,89.91049811695035,97.70369033915551,93.92395305987573,89.90987291605397,-0.7724339009075196,2.7912475747922656,13.29152829111256,13.315197836107592,9.240826179655048,2.000403650496442,1.111374916963777,4.077582698085261,1319.7686559510237
635682152f3b,356,-20.982758929043797,-7.011992122030464,-16.03440097945216,-21.619646593398727,-0.7645382140454732,5.724286035991304,-20.608065471728562,-5.838430724612016,-14.977808515931802,-20.9409703138099,-0.7819594300714036,5.777245222864358,206.4882475989717,0.13035917775768233,393.2062817304927,82.66416873154913,0.0,0.989570883976988,135.98159605470417,41.60179808672017,-83.72484656250097,12,790.4363068700211,24,15.115407414368836,99252.44814066851,99244.4787620247,98594.18481053588,97976.4687614121,63.27618833689965,445.8082732490157,97.03978965399085,97.67194918996861,92.51983295440017,87.34573406820564,-0.165064752738558,3.1205120771645576,11.598800265295905,13.86190207638436,10.95888984173578,1.9979522433120385,0.32666437266065546,3.4149812234783514,879.2700356082793
aa9169b8bfde,356,-17.631658914543404,-7.023699634236845,-16.959294546759107,-21.61473229735957,-0.32884354641732405,4.879180176931707,-16.983208980608584,-5.801868795324043,-16.170595631208332,-20.94674772184664,-0.3588820407444068,5.021046257320484,202.77306376064917,406.6945275815906,408.2558417085577,79.79295146133757,0.0,1.1232962900746528,135.92894902437064,41.58934845093364,-83.76018646479824,12,1230.9142186640327,36,15.115579266954743,100394.18898815924,100435.06491227228,99033.88210053668,97977.57961607733,69.07435049635973,727.7531210267267,96.55240750532155,98.15848538257873,94.27954606639187,87.33970772836717,0.12700774137634502,3.4096425683990037,9.084939798642777,13.851726664278642,10.582914366410636,2.0065512618381813,0.04320856568322163,2.9060767606624984,425.0475154504931
677ddd32b441,27,-15.55862176888726,-4.909005668501698,-14.010349898714646,-16.421716109475675,-0.7548799014790121,3.62373769240839,-10.539861947930351,-3.7594750550187475,-10.336367622480173,-12.643172878941789,-0.5280055551900774,2.807070752375913,205.82080892351078,164.07745128283128,164.59196987847545,40.57949054845391,0.0,14.717330383614748,62.37635769036122,41.593026676436885,-83.77482242640063,1,340.62575155393586,12,8.87093736379874,99368.3190235929,99374.95939175723,98536.06186464589,97447.55160890218,182.78653594179926,637.0780670076476,65.65432415254281,94.18044795716403,74.7619652525197,65.58848138501675,-1.7843648117770123,7.9998520117484935,8.553527728006829,14.493715612820546,10.129689520736505,7.128659841864695,-0.4927729214791455,2.5948418035641825,2036.7325855809308
56158fbc2911,27,-19.76073991125176,-4.877051849475989,-16.474682061927602,-20.177649406563305,-0.44751641341595016,3.696124022505222,-16.443332527753615,-3.738570521826025,-12.520735910266385,-16.4682982426162,-0.4078473648519943,3.2874258355156836,207.130854720475,0.5374925442659351,260.53704620712864,59.378742338114165,0.0,1.0228220364513714,84.43174280515743,41.60172883859065,-83.72637637109378,1,735.554632192044,24,12.70544241882655,100182.1357876361,100171.6057525756,99136.85514290669,97427.40722511584,112.3618470122142,804.0717202474402,73.52873700705545,94.16917452461708,71.53818460588946,62.894508948450536,-0.5213646050377373,6.911217178231243,6.627362903946644,14.470213573283013,9.736568122424547,6.636580148608902,-0.1494291873901485,2.085431985541215,1644.0906630488314
d626d4dbb4d6,27,-19.517918405991555,-4.877330184994645,-17.779194419385195,-21.716693862933862,-0.2808872703368113,3.5683319263479145,-16.05820249895613,-3.7817861835500763,-14.505963960190119,-20.473455755629267,-0.34546107214233596,3.9697206866346466,206.01755982944246,513.3612510895267,514.1399491026301,70.56760214450478,0.0,2.9340477992940195,121.26750805904574,41.600456561510654,-83.79479042566749,1,1170.48333806675,36,16.698439590214335,100414.89614319538,100453.1656698113,99587.96204339644,97426.33710527893,77.50072040660963,859.379983810842,72.28103918546908,94.27321707993828,75.59423083854372,62.95785460882676,0.29920570279380887,8.717942880672233,6.521597465514543,14.501869901375159,8.556805347864913,5.535561656996657,-0.17079467039841303,2.398484622819496,1198.4828914197155
78307e75fd23,43,-15.588571755148891,-4.992363439972715,-10.551412204738401,-15.556445907943347,-1.1183506742889358,3.9530927517844843,-10.51920121256664,-3.2491881546178245,-7.179253690972766,-10.56757548966683,-0.7549014480105417,2.6862577241396384,205.36256046157396,519.9396006853135,520.6805696627357,105.2562422785015,0.0,40.35856287375741,175.95531500018487,41.591558049684174,-83.82000827584964,2,301.7392879666677,12,7.274218217807052,99787.31367851146,99853.65729952653,99220.19651923454,98934.19624531102,84.74354916928398,299.7733081179305,65.37429551933737,89.74205034757446,78.01997492447396,64.97679148144229,-2.6465521305159068,9.526304638485778,9.36417824162394,9.950895963160049,7.621648984007855,5.732474101930464,0.41175509138373934,1.516820064288597,6407.377530347257
f40cfae04cc7,43,-17.084045995749296,-5.001040533195362,-13.47302467716173,-17.496301700787644,-0.5349486926974255,4.107202618656823,-15.670824600321975,-3.2501767893846294,-9.626716595335232,-15.639053407207241,-0.4706096515487806,3.409778109165323,207.35514322214098,0.23679352008291762,632.6221718514818,155.56378071726544,0.0,2.9477900922900786,225.85797748565574,41.59843456508857,-83.79751622580008,2,662.4707317275728,24,12.387990956984678,100319.8612086585,100409.66550860774,99696.74303719927,98901.37983578556,76.85374235961771,539.8510582157543,90.2354753759266,90.20184157186256,73.63235987618148,60.743009727375885,-0.6013016491823191,10.403834853420616,2.475025128009873,9.957103152498044,7.058766814448564,2.457554129555576,-0.09733845598687833,1.9979549598206816,6044.707225366515
95508a160ed6,43,-13.878708665231024,-5.001164898473219,-14.589624299605264,-17.67065314098252,-0.2685977448799227,3.766652560639293,-8.83676926860261,-3.2830609581858763,-11.191911107144389,-16.552341210191805,-0.29176249259054354,3.8848714233581902,204.73028350073065,585.8670748308076,632.1170344386233,143.6995109417739,0.0,1.2737366161681007,217.1787991249636,41.63055316907267,-83.82569065284248,2,1051.0815222352228,36,13.264238810999137,100092.9589361673,100410.61835011134,99897.37910240545,98882.4799102026,42.013996503140646,509.9466679952321,66.45337515652096,94.62795024052328,76.81834323400756,60.64002888925705,0.07867741692114581,11.349178751776368,4.780054451328599,9.955882009586471,5.412818619973332,0.47353202851797294,-0.20443721454664632,2.927192373240116,5657.945852964726
79e95cf70757,20,-16.013127717994784,-10.516407849055618,-13.631736026283479,-16.393336091070466,-0.6707154062809997,2.455338518070143,-11.132878405275129,-8.065107621289583,-10.581631669911047,-13.304057184570409,-0.4942234811687317,2.0225185648432724,210.0182320531447,493.78537826298555,494.41668326849253,95.47067503804146,0.0,37.2061517167786,165.18153061787396,41.61336936123761,-83.78878153642793,1,342.80876057193734,12,5.295553432679554,99685.51400140801,99676.2574662182,99128.74787729657,98580.66171009783,119.51619784259442,418.8252965735761,66.2035105431301,85.0802867428485,79.3846488412769,65.99904176577017,-1.504715230989246,5.668293222976159,9.160220472184069,12.460863420700921,10.817126720109625,9.149121953825986,-0.3378920612472013,1.1819607197308182,1200.0210109337263
81871e1ba106,20,-21.788211643683308,-10.480991570944205,-15.90781032534786,-21.78789545269878,-0.4394845916000791,3.2065460363152165,-19.13054422169319,-7.992604527642489,-11.992058237954346,-19.05309948307408,-0.3469722407104085,2.978876465427765,207.04870074768252,0.19000560277046577,532.0698104900937,127.94066594182367,0.0,2.0157419382253075,192.31582286765118,41.59971138824735,-83.77034811776754,1,719.8884309319849,24,11.037927263986028,100346.9749329867,100369.0515267026,99549.61390061527,98596.50970675677,79.90944173692098,564.9540316311325,77.27853983225067,85.08976124247492,72.65592942018662,60.051415224823494,-0.8593873927764504,8.808629204273027,5.804690166013042,12.473640374886333,9.069900794941862,5.760661456153928,-0.3063848483688982,2.147914368758429,828.8922845099922
207bfd4a9c48,20,-18.40197000961452,-10.510460651923344,-17.93532529284611,-23.154179332600318,-0.3441012960639694,3.9671188711318157,-13.774644092544454,-8.05449050367666,-14.651470570377423,-21.797721229220002,-0.3760233001068973,4.657374472193297,203.97181477243922,470.7212800979914,532.3977106034185,115.25219533108357,0.0,0.4938793695297947,181.901038392903,41.56952808738593,-83.8647335931257,1,1175.8533923312696,36,13.763710068612863,101129.15417179164,101120.97768030525,99959.71037980122,98598.78907439957,71.41066500832474,747.2076662794831,65.71088490307554,90.2713461888773,75.8980010888568,60.04899208364981,0.08546438237177859,9.481719490348,2.0507404580307007,12.46964954855978,7.55417202966316,2.061653112491975,-0.27213508515747353,2.8503152278388724,381.75025558533156
c9ceb21cad38,29,-14.517069927164043,-9.935495644749137,-12.046903718202536,-14.631238581842073,-0.4939069552521574,1.8951362498469235,-10.360874599018517,-8.184724594245306,-9.674849251489784,-11.798686787155443,-0.2736036190592204,1.182919423388823,204.03721307704032,272.90537108354687,274.2154559677687,54.064650517032675,0.0,20.9652817202516,92.83780585447529,41.6265456894828,-83.83142012507226,1,332.8684672724717,12,3.5927598064072384,98745.81770856689,98758.89112832824,98462.36016342166,98163.92547761925,61.11088917419308,217.2879313516432,71.51849058023946,91.11080761558092,84.78039453963623,71.705362548803,-1.7743587219019488,6.96665297089715,11.41242479952831,11.41548785166976,9.76175864445849,8.978861996525941,0.11665050745329573,0.7297182354822529,3019.0592209198367
ddad43d8fda8,29,-18.957693796407042,-9.925862758835194,-14.57116102721666,-18.982892020547233,-0.4059628866754358,2.93804998369967,-15.932825760420787,-8.19502621778137,-11.430434781369518,-15.903290987119272,-0.29919063559117187,2.151418852098514,209.14492392828697,0.14961231905957428,377.4344145839974,85.7327771181474,0.0,1.9616705009024125,127.7314474659859,41.57066616804197,-83.85702498376656,1,706.9723761596192,24,7.71057043924122,98976.492589491,98985.88263301588,98727.90586542037,98164.2895880403,34.6586474104139,252.84028770323252,75.45347881454119,91.27071035020448,77.98644480915219,63.789655306417124,-0.9618769216970023,8.931661764561328,8.289695441919953,12.210508349615035,9.955012403473772,8.267916731102261,-0.00521089496898539,1.074677297827679,2636.4504263795193
cd8709726ed3,29,-24.664187751502116,-9.878551881766523,-17.6401367010458,-25.8129169856187,-0.4760675165965217,5.046423057818745,-21.806774951049192,-8.225271528645255,-14.641045532338564,-23.015936779891057,-0.4612442397308127,4.97558469221153,208.37754025783858,562.8400111306908,563.267563277469,93.53111837850885,0.0,2.931139064213217,151.81938633825484,41.6295589978677,-83.74698073193376,1,1174.220604353135,36,14.786943652401487,99656.2718016207,99667.5876985015,98827.48005838438,98184.78106680397,30.13613609530188,336.06552296016037,75.6120027094195,91.23432478450415,77.62240127096965,63.808167078130836,-0.3393884636407085,7.37144222921118,11.176416242361162,12.217485097772178,10.15878053024331,7.902404781163531,0.034543794185157344,1.2756238877528387,2173.2065921517315
d768beccca67,14,-20.611017792741027,-13.444811522981775,-18.707625892629547,-21.174564645938933,-0.6809734751765487,2.5721778491571468,-18.605616932441123,-11.434266005314837,-16.845565611291935,-19.57127532146616,-0.7115525048820407,2.730208821867954,205.14530621082938,468.682842420751,468.7037561324079,87.67139301886964,0.0,34.47235242792614,156.06017799662123,41.61430516489532,-83.81806961436942,1,418.7610724957095,12,8.134805417669117,99505.90053140643,99481.66488550973,98866.28707356674,98504.54672229936,88.99346972642988,318.4358680841475,82.6316237267139,87.02113628069819,85.20296511129537,82.60003923677235,-0.24182525867874266,1.2613073184567298,11.577785831907878,12.527836312403823,11.972059684980048,11.079747176614957,0.0330758181021798,0.43389125466719547,2940.377077381863
9b29d8e9002b,14,-24.2530873451846,-13.463865041212884,-20.28590512376468,-24.29643893336702,-0.32948284190060256,2.5990511027240246,-22.629026779300982,-11.43879177601103,-18.418398651194494,-22.602772475513653,-0.34265563053507675,2.7230262053932712,206.75137377487962,1.350532683369285,507.9604619327977,116.62585838681404,0.0,1.673654634529773,182.04205123863926,41.614291372063214,-83.79789009859907,1,873.4906211207821,24,11.235615999670339,99905.59051377935,99980.07362899274,99375.45297643752,98510.26815673026,77.11052175297847,549.8873145497312,84.241012839953,87.02028384743485,84.36922632742684,81.42178380828831,-0.08550742143310665,1.5869013262656644,5.113019986319106,12.520043755735925,9.755053609755135,4.941487623676043,-0.3449910846337573,2.650265514455882,2490.2399789287833
0c8f448bc9b7,14,-21.699580323031547,-13.444540628303287,-22.37904829872858,-29.106535965308478,-0.3262746990576168,3.883744574667054,-19.202298402985697,-11.361017797828104,-20.709867447677116,-28.11885229891839,-0.3431729517473912,4.223462409196106,206.35044912634592,461.270633731711,508.74500667578326,107.17031646321456,0.0,0.7325602388792727,173.72008733713386,41.59216793406309,-83.82596907625756,1,1392.9478618179023,36,16.75750836253954,100008.4219605023,100046.98241800745,99537.90540528539,98502.3426799043,46.28641956626497,537.549269109361,78.04446540647893,94.12498481469132,85.56556484601462,77.8997559010126,0.06774389072768433,3.8263650444736883,5.577273992147035,12.506276304357632,8.272848626777348,4.926100588499587,-0.26753222074507577,3.0173791765235736,1955.2337766194485
c857a2a51e66,6,-14.784932408991724,4.597466257423465,-6.6523477544942216,-14.752106353382326,-1.7254863018882756,6.145378923950404,-10.996796610200006,4.56679394991238,-4.491954198637402,-11.000126778841611,-1.3572561241894872,4.859766350624226,310.55398976734045,198.80904869219214,196.6821470782532,40.30500625313974,0.0,15.502590309619192,67.95057089101044,41.25445398753748,-80.77657932900989,1,270.1792199226519,12,15.60373721699747,97286.75310485829,97310.8437982361,96645.74260393201,95685.04034503935,155.08017094901882,548.2388308158756,74.20927278503011,99.73955185421974,86.10086181546014,74.09013732302483,-2.5131230202626273,8.751621724246524,7.065610558905006,7.04707127524809,6.066176982854829,4.9674463332372865,0.11337718632890646,0.5004774035372012,2074.8139276931242
27594449ce25,6,-24.817203166240812,4.602524898484193,-14.469082589932645,-24.846134691611148,-1.2748007714015759,9.08884296178208,-22.76959078791734,4.61669013246614,-12.012072704212361,-22.778186782881654,-1.21385325009545,8.524799866160416,309.0059564197012,-0.18615843681640515,242.2305923277629,54.01294304732473,0.0,0.7207173878802842,82.95828317624381,41.259436684230465,-80.68600772233354,1,719.1719621024558,24,27.355134033069277,98232.55441936653,98249.66680475975,97288.0650682467,95715.77967773617,108.04388264156546,765.4690221751256,82.00793457947302,99.69944607687006,82.00121735654972,70.13041784121228,-0.6617072116547151,8.130221745051202,6.0560268757915905,7.343365008279647,6.437973220974735,4.975965957343993,0.04804513162436439,0.6057703069923472,1618.2967030548732
d25946a3f6c5,6,-23.074892994116922,4.566482995856619,-17.771570524966023,-24.912096088001835,-0.7391828054828238,8.781910422463309,-19.89708847646696,4.625752057800692,-15.406679819928017,-23.00930460209269,-0.72902497010247,8.46984545499492,304.7750165099202,365.3781099997271,365.8088477436582,61.13943031731988,0.0,2.0305981916972002,99.6717153754257,41.26965234005028,-80.69083186006706,1,1202.8146574544824,36,27.57546349137936,98701.51859769107,98668.62066460567,97682.17649020664,95683.93454372078,78.08727007960451,846.5579235284703,74.34251773406801,99.76107808763373,81.92930237542338,69.91949976549533,-0.24573985444656396,6.914860031445038,6.056712199663552,7.350462414036629,6.247206289813629,4.978926054565706,-0.007346988305688534,0.561624388044057,1132.7369873115492
4b619319a42d,36,-13.451020128107789,-8.232746091945991,-14.262059080465109,-19.559540998184755,-0.6195712521446253,3.4998065270270895,-12.491295023438953,-7.402359063821161,-13.731444714343706,-19.559487587664805,-0.639873053328607,3.7855320808383546,309.0447444029468,417.0803074443826,417.8685635100132,95.60911613483789,0.0,35.453998892405735,149.0372518036069,41.27092603083479,-80.65631101379479,2,380.91002612206,12,12.177272225001094,99050.47425742811,99046.64187309041,98662.79216362305,98093.97509912365,87.98320149123457,304.86832778453186,95.72086497332577,99.94877636440647,98.45311828497503,95.76317119067527,-0.003299477754048528,1.4010799938584617,3.5461042786386656,3.9233488061771533,3.2766538477149516,2.657011547322512,-0.04656392740503411,0.4360939608812371,1167.5917505302582
77ef2d08c658,36,-23.102655741578644,-8.228243160889507,-16.28806369279713,-23.67476620769641,-0.4832400975456455,4.536525877204671,-23.145319078527855,-7.381011682050992,-15.753993784026523,-23.809494457007293,-0.5072114064975398,4.922545984716698,305.69096650809246,-0.04844329519347283,535.7114471391862,131.3035877500627,0.0,2.1109470950092493,186.57075644472098,41.25530923222038,-80.68394101756023,2,809.740482762279,24,16.36597732734832,98746.26671308791,99096.14155611892,98802.52085647083,98145.36905975376,27.76622590718525,268.73111637667506,99.91671186106723,99.98959537774893,97.98827542470197,93.96445610206271,0.02898232568673328,2.1573693508308627,3.154174146660758,3.9127952696816837,3.1175345645615886,1.9919727094398654,-0.02731225200593678,0.46692141633091233,743.8755009541381
cbc8abafbfb9,36,-8.47235565413709,-8.197847620169258,-16.35386235814312,-23.635110944488474,-0.09261256970320834,4.824708573539842,-7.4729561212903635,-7.383928256104874,-15.817451889043971,-23.763829876480685,-0.09719110342823563,5.23849435027193,308.30324458924116,293.6957474019124,536.6971650978985,107.28319862368656,0.0,-1.1668619963360127,166.09286778363762,41.26741888780556,-80.65343348503448,2,1216.6856560501365,36,16.393596059176918,98392.6962269093,99038.63672039777,98734.11720206344,98152.73568717584,-2.679622335061946,259.34104592131376,96.17354074847724,99.96976212773846,98.0493925844592,93.86151331342988,-0.0033242005846581117,2.039558987807662,4.512876803683316,4.700852500021099,3.3501121216871415,1.993567158116553,0.025614193343973583,0.639840440011015,333.98921731505277
e88942dae393,43,-11.712611915639595,-3.7814539958113973,-8.214229377420649,-11.722811465288274,-0.8159938743407775,2.8989956880034335,-8.677161407770807,-2.9669641519974945,-6.535873892228209,-8.72208019699541,-0.5506376097086276,2.0056326184219717,309.10928190401444,330.8113189406872,330.41171224942815,75.32977470975452,0.0,27.83178027729141,117.52154275486008,41.2775656373476,-80.70863933417418,2,293.81094918857565,12,5.768454015075041,97881.05885988341,97873.68788713063,97565.70570490503,97419.43761131272,50.20757045683616,180.41798133298238,79.594477863705,98.85849353256644,90.33781989083036,79.50855684261683,-2.0122718748327313,7.403067493150255,5.6510099852788285,5.6551723497402975,3.9760468546539176,2.7894149521265184,0.22740131721434353,0.8798903503983939,6579.334743876431
cd5bd1e1c71b,43,-16.279784504378195,-3.779097293327742,-11.679807344252435,-16.336853456857746,-0.576954301169295,4.112975605698418,-14.119764679520346,-2.89655581643533,-9.545802404349129,-14.053513471958604,-0.5028066757243622,3.5416523474470685,307.9840499729946,-0.09122158812309634,402.511733127453,99.22150559383698,0.0,1.5006049935153707,141.48426143177565,41.276688666121935,-80.6699511329465,2,662.7548782124408,24,11.161841756229796,98760.33849753562,98724.88732004691,98040.56122191118,97369.04237406503,72.38452727869058,508.3851889743716,83.78851040700506,98.85486490539174,86.4584571897187,79.5523129020244,-0.6937297007970887,6.62804188804308,3.9445086911338136,6.277613661006694,4.722569178919235,2.7669956919464873,0.09646632121655574,1.1298734208571402,6209.080225892723
b1b3ea2113ef,43,-15.362705290510632,-3.7567950109043684,-13.52456351444424,-18.37204833927067,-0.3767069034207832,4.291712756436583,-11.055034206605557,-2.987815458907492,-11.610675512090106,-18.45016637841861,-0.36600263712081854,4.295390738102158,308.83032720758393,517.5519722035302,517.349163935517,102.96590014587994,0.0,2.383542110031271,152.9835518351107,41.27313991658372,-80.712112091983,2,1065.8971599110225,36,15.466212384346802,98698.80790724735,98861.43189589608,98282.19545123402,97401.75382759541,49.109817626030384,544.085534574087,69.86622778928701,99.97628304731221,87.20871108651964,69.83996477670995,-0.15821934265463902,7.949699004893065,2.3577100026061295,6.282720822500993,4.047795021238432,2.1848659423153696,-0.051189352695214616,1.3554301160514692,5809.8616386489975
a3e0b8c8c4d5,30,-22.340393194384685,-14.682512218988984,-18.69036656301421,-22.31105818235695,-0.7217225987597004,2.503334362022286,-19.810214226330828,-12.4408532200945,-16.12263456109731,-19.74424866971771,-0.6883568792429269,2.377148627666114,309.1562706635108,260.8450299161972,260.12726293198847,52.45570141756328,0.0,19.35684696709582,82.75005182714841,41.26792281013774,-80.73638318618522,1,410.42148189759456,12,7.31598376979864,98003.95551378606,98060.76652874719,97614.38875654544,97463.01977349953,33.04809880642494,166.224071971653,79.05736420238381,85.25303243540142,80.46404215081019,78.30648208154399,-0.5917213666341007,2.644110876144237,7.07684112779895,7.18569463752642,5.742197750994441,4.613579714142763,0.24453717621589224,0.8878808689850973,2058.8132632703123
5370e2d4d6e9,30,-21.148307041894682,-14.659989673493921,-20.431390940470646,-23.026164819278172,-0.28589041687683714,2.534149601677514,-19.916261889880243,-12.444024812380071,-18.057003377403873,-20.26112263733363,-0.3241517734760832,2.5613506375311004,307.49147892600956,-0.6963336244140008,361.9134160508558,74.58797718771308,0.0,1.2508404825254145,109.06113227248935,41.28283276881426,-80.65593958251938,1,864.9116372171593,24,7.825580336312937,98639.9882587428,98650.84213293457,98036.49785714965,97475.92479124098,61.999791029328826,447.96153415905945,89.95543104016843,90.00264000610555,81.36335724149882,77.36201189972029,0.17217998427696452,3.5310390938899983,4.7555274333337465,7.178080263607694,5.644971350014539,4.600127641620774,-0.0008598693462089187,0.7667598130906367,1598.629737445576
6f7af37ddf9f,30,-19.71315007858066,-14.718933870093702,-20.50144403705145,-23.02915840113711,-0.09437626098294816,2.0800094284961013,-15.88267802046155,-12.468309635883188,-18.43997644973982,-20.30294122427921,-0.12960823235669683,2.2638972002499322,305.9396901682641,374.25286193970004,375.0551375696523,79.29710143631749,0.0,2.0338855419476665,119.30463294816377,41.27984387784964,-80.71488134800782,1,1311.4369873347496,36,7.802042978687758,99010.17170211759,99046.13915817568,98288.96205386902,97460.38126148809,51.37226988917468,550.4377143781408,71.06147342190319,93.28801251139362,83.6864320972335,71.03004572878953,0.26297500894207576,5.988727139450441,4.332673567881444,7.188358889244129,5.124081960217949,3.698816713188248,-0.062179121758523095,1.00461604525095,1151.5037327008326
52410b81b328,2,-10.244781754145585,-7.0708519706185315,-10.04736469108841,-11.736341831994965,-0.36352842961732934,1.5272409109130098,-3.1123230169491203,-3.1386163128512328,-6.3821130037464,-8.058915332360959,0.1319597229120567,1.3439866635306206,358.9043606195581,394.31170508358844,393.56695092779074,82.1122414447424,0.0,31.123983326778035,133.36296516280498,35.4138846857046,-97.58806821579415,1,292.65669312588335,12,4.9440078723481236,98647.62664944319,98821.18856072646,98776.78441883466,98660.60789186129,-13.468208955585807,54.2640530281332,56.94847206852469,93.23152840275094,76.98858561339756,56.99262455587242,-3.2091210650895245,11.200398148679689,4.281137051468251,6.225629474929512,5.709851070521644,4.283424765139328,-0.11718625871636737,0.5450457054138587,4912.697433383575
ee788323ee23,2,-6.980041193550079,-5.450725911507827,-8.343711030683641,-11.766797841774824,0.19228560577062107,2.170382120333222,-4.076763409604581,-0.1415846935070314,-4.2974399388504185,-8.057161555329433,0.23792672805608578,2.5259440548069563,360.41308717829787,0.40948997523569053,436.608060673282,98.70112070356863,0.0,1.0392426416901188,146.26897213163298,35.42712861121735,-97.64347253957787,1,532.6065458841605,24,7.920629642043139,98170.87833425468,98826.67378160878,98514.0775893958,98113.96700030936,-40.97849014635744,304.73663538367424,81.8006536077271,93.16094561186952,74.70016805216764,55.09542115921701,-0.30326302149951323,11.70835647878125,4.332909555805902,6.226615294786236,4.72974906086912,3.0468211293580665,-0.1345788667896914,1.0880050842619347,4672.371906616113
0aed5ed81048,2,-6.77497937166123,-5.485118348240659,-8.053570954922748,-11.737424253321935,0.09315696496980166,1.8260282935570853,-2.2690771550027033,-0.13814092270838274,-4.370310683205721,-8.044158107895854,0.06342929998023895,2.1325724632497365,359.323963775128,206.64992070222962,437.74164744529554,80.00200899945281,0.0,-1.1398773788526444,128.99916259097253,35.39927215759478,-97.65176213708183,1,805.7117305099015,36,7.9530728832506545,98444.70592025711,98865.89352435968,98414.95779546976,98096.4447777165,-18.320634537435446,270.16757247919526,71.12249553738927,93.23037816482714,77.21231433848553,54.82738826843573,0.17242422380342595,10.559407905345234,4.939219948617754,6.226848458192359,4.599847895091602,3.026765006076316,-0.053923996136601225,0.9203500764138326,4406.239369698058
0cf2172b7718,40,-13.651919894256993,-12.243893549302012,-13.946391406633694,-14.933468155528326,-0.1734104629023193,0.8429222923028339,-8.752240845658696,-8.723244476889679,-10.297209277072353,-11.682316465100804,-0.07363138553051614,0.9632153331522005,359.733637792319,376.575279769482,376.1270741526535,73.33907231507867,0.0,27.98493562558789,120.60777001305425,35.39476529490076,-97.59396689541362,2,340.09302014971564,12,2.9312481562772654,98561.32334575577,98581.4864658974,98471.5750832531,98360.50141661752,22.63558377091637,84.20572615385574,66.99530109901983,78.26144407075856,75.21348824789833,67.05915112466549,-0.731539652530694,3.182713290376943,8.735991433616547,9.36749121316094,8.806306875463509,8.277302039136808,0.015178647554075301,0.3649929663442453,923.1816516364556
1a0d163cbe23,40,-14.872126195350681,-11.265199098693605,-13.357144747206586,-14.906223410597866,0.018552508818286708,1.1750809422863309,-12.54411278995779,-5.810973065401991,-9.527547421118676,-12.576087003874207,0.010878035691788687,2.019271290012935,360.45251564743387,-0.6292175386496809,679.8589434614103,127.15257675697035,0.0,2.666138915695184,198.9808330319638,35.403925844632795,-97.5403908173203,2,661.036869129295,24,6.75411688838294,98732.04571305816,98721.10632870931,98571.83297600533,98338.3408670424,15.66291757774374,120.6362764894424,84.59828879055986,84.48040640281297,74.49329594700556,63.991807563192715,0.09894360102624368,6.525000104484351,2.6609594683451325,9.356146166433945,7.286592642246168,2.5736506152623906,-0.27992598072550734,2.398334693442045,594.0597968680981
0eef93e09766,40,-13.697444379115536,-11.229831830405757,-14.139977005274659,-16.72952354606214,-0.07606880488776668,1.522645861183906,-2.1708841155061576,-2.1868498252976543,-10.165472876397372,-14.64552909010984,-0.03598949396866369,3.047316536019462,359.35508020515783,555.4563288164627,679.8806942083389,129.6706104220693,0.0,2.872158433414969,202.8447430918218,35.419888033636475,-97.55726699337721,2,1015.8750104130785,36,12.494822589448209,98356.24389419386,98721.07085201929,98529.56697982496,98351.1760268015,1.4075128999165518,116.3010948766677,38.02680581683832,86.05251771481127,74.18240059392774,38.05871384789278,-0.15295379353471283,11.52598242335459,4.1260883975967415,9.36512473256185,5.709264024691211,1.576670989234986,-0.2509811202752957,2.9698309466920843,259.3911470091683
ba9f216766bf,16,-19.04330916769103,-18.260070582292705,-18.78568982004945,-19.34071881384847,-0.06140837426998422,0.3111581869645691,-9.148247882248508,-8.860342521742906,-11.702452500858914,-14.065431767776174,-0.09844403275031925,1.7209170293127627,359.1489928142808,568.7513820842488,569.2989171375284,125.75998866252209,0.0,47.17994460559472,201.1195681569147,35.408224200944225,-97.59525907780609,1,356.1834604914141,12,5.1953405005995,99987.50554361445,100035.02787365441,99878.16505517138,99704.45953553777,31.035713215653406,110.49871084337242,40.76436254191571,67.78322844349272,53.40986566492256,40.71197390486274,0.14298782606004787,8.468685874743723,6.328604598794281,9.7145780607466,7.02250513464313,4.621900380219959,-0.37493760217461813,1.6021566142971466,922.3563977297151
60ae75f6196c,16,-15.853712868917327,-15.40210138041805,-17.84097679285813,-19.358609452955434,0.15587236314621752,1.3708117431691964,-12.171188069596301,-6.349517132550241,-10.414338691450494,-14.056851738323692,0.08095879659778454,2.330010162859152,358.5678613817296,-0.29043780718576573,629.6161324867605,161.15370515342295,0.0,2.3186863991611717,230.64098411374246,35.39775706763929,-97.62385516898539,1,680.7303679571551,24,7.714040428437199,99665.21607439828,100042.29956515912,99780.93860677662,99659.69294204078,-7.945237079656758,124.26061263732367,74.21214492126717,74.23529016913405,53.372329441933225,34.95742472944468,0.5641468579365326,12.86848199626225,1.8007529724383413,9.724744513674885,5.493480550347273,1.808236654917861,-0.3021608739817145,2.3277191917989586,588.5988232062628
9edd1cad394d,16,-15.495266649802806,-15.373148468706265,-17.239394631466038,-19.359847571011898,0.11158431516041772,1.389964998586299,-3.5858745421384572,-3.5747021643906023,-10.590908987893513,-14.081068970970357,0.02858833079416717,2.63725453377355,357.6582358619383,581.992208534127,629.3570010505724,149.0179442811984,0.0,1.0712169768451723,221.94798524164946,35.40253774925956,-97.69088609181372,1,1030.2008523818572,36,10.500952791617694,99546.22383930755,100043.92642671776,99735.42058563427,99513.83918503005,-9.285791822401693,131.68893196263787,36.38374898724311,79.29046418162118,57.713946478332566,34.90752084746577,0.5472086838604006,14.821290975468438,3.7261067387455102,9.72918039015817,4.351691232930688,1.0133805102985347,-0.20615354522701443,2.5398468688918125,241.95687433607023
2744c15f7627,5,-12.021965330787406,-3.8170494252838556,-8.434759680204326,-11.993563187799126,-0.7805798987058467,2.7165456270712154,-5.826844408297218,-2.071849454427207,-5.024269792150747,-6.831086279135164,-0.41203976624173067,1.566382751640126,208.6623253868462,322.7748497399188,323.57198244619565,69.14341305896431,0.0,26.25188692537537,113.25275841548601,36.237255611743606,-95.91046142048376,1,275.85958917504604,12,4.745890438941939,99707.8973134309,99729.25447852159,99164.6893549155,98751.24351025201,99.03451122261919,352.9255820743563,60.65142502866073,89.26765744939102,78.16592489230158,60.639773574037235,-2.4159635073323273,8.733610692425701,10.071372014308558,10.385115537846758,9.543442183468251,8.4378655171097,0.15631161014551426,0.5889699735308608,1012.3433698724283
b0176cf84e6e,5,-16.488116208375956,-3.8269516812960336,-11.525406226279161,-16.519468002405507,-0.540512114408197,3.818807166086037,-10.697180023058923,-2.05788445551997,-6.23702261247755,-10.740315149712668,-0.2859615008840083,2.3068208503052188,209.94933365209494,-0.10686282707542598,381.4277241443115,82.81279026351018,0.0,0.8338096842529916,123.95467556884033,36.2207159747474,-95.8558353508044,1,581.418777958001,24,8.632091855291328,100997.81186266837,101001.87392136238,99777.03989528812,98732.87998595291,107.9549142924854,753.8734634666274,60.38117741822841,89.35529771187475,66.59340607518082,50.78938849198473,-1.6779141516516054,13.290184237348862,6.7627564131217754,10.389981474102914,9.128524991083586,6.771228584066558,-0.06571028610402088,0.8944790736931422,707.8251687812298
955ff6fba3db,5,-20.183471046313223,-3.7759533566958505,-13.585358634139187,-20.226426845416622,-0.39703546635194165,4.306280156107631,-10.501953050187524,-2.0940464068511093,-8.458178051950835,-15.21980109035313,-0.33002803678378256,3.7206192534759883,208.86947541972796,449.1825272010806,449.0990372287524,87.69353159529108,0.0,2.0344868198094193,136.90816482053074,36.16293354393798,-95.85310134153544,1,952.985453408367,36,13.158785635978054,101359.13794553661,101393.73267920256,100230.49671542054,98742.29486312119,85.7237852472513,911.9034023887418,40.5050199650036,89.27910182796272,66.6321356998625,40.75606573183379,-0.5333604943383994,13.280131828478275,6.059357875559176,10.394719564488307,7.707511907491605,3.7704384238359907,-0.174855505587065,2.1818379458637724,338.7774383239778
63de1717ff3b,356,-17.549468841199047,1.444806898618372,-7.493097943676613,-17.519675681252604,-2.180024801091711,7.93881614784333,-11.771583870117729,1.589023611919267,-4.482397779715138,-11.70365132136611,-1.514954950358283,5.487842634695333,210.25789565421294,119.38529173553196,119.26478979025073,28.381744000212244,0.0,10.528137611774577,43.54278858093297,36.19484195996335,-95.90431405749482,12,270.19701181511897,12,13.318466984870284,100071.20649479059,100007.57667480662,99368.57758732555,98959.25511932386,120.17365399620358,430.34955694237686,59.93968375828149,100.00300565481767,80.16666707033487,60.069477253840354,-4.508687772474293,16.61416137446689,11.329974629217336,11.752259802284067,7.678098984508991,1.2221269415032248,1.1178819342577742,4.429546934150082,1700.8813291774195
019afd6ed66e,356,-21.73878784029939,1.4196151088353315,-14.324673485543105,-22.2819264088162,-1.149795467927476,8.84910296495099,-15.074450859631881,1.554608236317483,-8.910517875153475,-15.037035391401952,-0.7743779232206706,5.919623951719318,211.6557327105968,0.87240639660795,163.80421058578872,41.04434035338346,0.0,0.7555858365794934,58.72933015393651,36.19163598210158,-95.8682189175464,12,645.4923531927415,24,16.669140815028616,100983.57450244062,100998.69679679786,100009.20401271545,98906.36355729244,102.95324469486926,719.5314574195878,53.30900307119437,99.9300340753374,64.44667492515491,42.42640831869303,-2.5437328543375806,19.927074313295808,8.377437982446443,11.747746241917193,9.011800105094938,1.226434670198809,0.2668944418531979,3.4771103636568457,1317.4516052316312
b170c65063cd,356,-19.868738019715924,1.4816096804429373,-16.53189335555392,-22.287077402241525,-0.5814419295968645,7.878709221149497,-10.752695332317387,1.5904006134126107,-10.936993952112918,-16.202803353259046,-0.4401978544673569,5.6957927087296,208.8919925026246,402.9155640038342,402.8075916486406,58.3969297099764,0.0,3.548882161500674,99.70287797095529,36.196650658146815,-95.82899111442954,12,1041.2148568369623,36,17.810187529541555,101274.88085353009,101254.61215543066,100393.31750975805,98916.29025518608,74.61399078386692,804.9059743623221,42.75760379118317,100.03942823982464,61.98111371655791,42.465918670797905,-1.046527421413956,17.039111628326683,7.255109957653943,11.746496677750272,8.28427072199059,1.2235115098569989,-0.00204178671661024,3.0331540934348205,923.8050999059768
0f9bf7cc2c2d,12,-11.92114438104163,6.5585652841105215,-7.430173670797251,-12.80221997503003,-1.64606584790731,6.412632728845455,-4.07009844558979,6.6033972071181335,-3.6209219996217237,-7.982544549125639,-1.013422562937424,4.6709420241106105,212.12401517911357,409.28257183520174,410.16349960041276,86.35661118621451,0.0,32.77244934004199,141.20410344455036,36.202581952948826,-95.92148020608396,1,258.27955109541347,12,14.647133539322734,98472.2279343129,98452.01917104477,97927.68203996978,97215.42828886748,106.42945536117716,369.75322844091835,52.76914403762344,99.58568534679489,76.19315603602591,52.720619313533454,-4.030374197037929,13.9527269851388,10.170564363785868,10.879626911931135,9.728047138938747,5.941469124372351,0.303002834751396,1.4595677554841389,5870.128253256574
350c54a43d76,12,-8.584967961657515,6.535886075746822,-8.508373372570988,-12.741586831146101,-0.30253300387433607,4.705369929767321,-6.297321656215591,6.653447912015068,-3.5265361309066767,-8.007571808169951,-0.17613738386060557,3.5916292751445997,210.5163735465836,0.06017009045531192,498.2551795083414,117.36650127405196,0.0,1.7044706042798812,173.98376750333685,36.20240804608021,-95.89405689573313,1,516.1513783050721,24,14.650146873602429,98988.46567759685,99019.88493102504,98331.70056108621,97226.02314029544,71.75081760854901,507.45035202722335,85.85613227892637,99.61284689703972,69.83723458765463,45.15345959609645,-0.7434930661680832,15.976312974711442,2.418693885383277,10.862400362277848,7.934493987061531,2.4283417497899125,-0.286571305892615,2.8994550297359325,5614.941853536271
d72e1d266edd,12,-14.211977387584586,6.510635024596332,-9.527627188974165,-14.229489769353185,-0.22757132467582866,4.265785086158533,-5.576565380586898,6.584987696592209,-4.744973782497978,-8.30148525044431,-0.18459351728394208,3.434843854240994,208.975251624134,550.2006847486956,548.3462870464433,118.98091516141132,0.0,2.38808376662364,180.81558010890907,36.19890015247356,-95.98191420962046,1,817.6880256306248,36,14.967981785676526,99509.47984562788,99509.5119525863,98643.22349961067,97234.19361495787,53.95999534851798,580.7949516944037,48.354829441848906,99.60289404594434,70.49240575690729,45.221628190332865,-0.28869094122377376,15.044272890765967,7.152307649945085,10.87176503928445,6.79427362978003,2.2836662073407026,-0.19619379613358656,2.995526459238132,5313.988542247473
bf21e992b23b,4,-2.285582856919901,-0.9340056078124284,-3.1195294160830516,-4.778662981494622,-0.1750456080477324,1.1728731960582994,-0.4185005148491993,-0.4376521187674904,-2.2446508677862615,-4.069160803908964,-0.06222502029866034,1.2047187916964313,164.9008999857852,223.4744014959256,223.73431114181744,46.66006683595273,0.0,17.852182788840008,78.36552895584057,46.13808065817942,-123.88026057370323,1,240.59412033842673,12,3.595056896940163,100768.86126367054,100784.84016725745,100444.2578124204,100092.63230720222,65.99538816346126,229.02067445066976,87.61201354862135,99.0311992388425,96.0557356200632,87.59545434696021,-0.8201600772588782,3.5994717741940816,2.368430829902933,2.723124815314957,2.5392177159414326,2.144939362533332,0.0030596479119365354,0.18614944866381608,1325.1645412450525
57d1a7de1dd3,4,-9.148568989059864,-0.9349779930545696,-4.052467678050942,-9.144103041496132,-0.23912843413072288,2.3251543621184263,-6.866183593835272,0.3279700854212149,-2.717609172757078,-6.849844200573865,-0.16099260674340712,2.173558387583445,164.44947783293546,-0.05553730854186284,232.24970562594436,52.682569236251354,0.0,0.42602352418545153,82.78527745367421,46.15637185534692,-123.84011815603432,1,497.44014449824965,24,7.146925949771425,101197.2354903899,101193.50245857435,100726.00686816416,100064.6420823692,50.967688953090324,356.77184702419504,87.3235867474197,99.12875576895219,92.65721793339449,84.10604473229112,-0.4658639401489612,5.032043096356308,5.422116742799138,5.411050510507016,3.2509831898955786,2.1508143344801915,0.12331693424806965,0.9797459091002032,1068.297768551376
641d44cf24d5,4,-7.627762660570472,-0.9508669595542573,-5.651782102749535,-9.196555365162066,-0.23939271176422267,2.9339363957166364,-4.466353781137353,0.2958647687264131,-3.8915606560930267,-7.10376245838157,-0.17077692703295227,2.50238967166551,168.3660287893528,137.00295495612272,231.80771329362668,45.13434654267884,0.0,-0.2640232662067531,74.72317334063594,46.12077663663511,-123.906774437291,1,788.6175470177645,36,7.377026614076267,100779.74004724454,101182.31374333393,100839.17481808274,100052.49673519339,25.626170621151473,335.36831187400895,80.72557732299092,99.00319052875074,90.44318877607205,80.71486487665761,-0.42168933697858896,5.457285380972745,6.702381162954576,6.80687815665724,4.266852458628873,2.157624369440064,0.1536929033725822,1.6584677488439554,768.6102495770257
113f68a8d652,327,-10.117932510432116,-7.419524718941138,-8.834264424505648,-10.11358989718683,-0.2297845074337911,0.8085927157646097,-1.4477106117182912,-1.4385601177694145,-3.468350621669511,-4.534278287587361,0.11036441697890677,0.8575170483999036,166.95371279009353,310.1077366474972,308.4513094933735,74.00126780708693,0.0,27.24404450712413,113.95875626218789,46.13829617007581,-123.90931285640065,11,257.2069758157683,12,3.070807418404566,99971.1421985191,99923.9717663134,99548.03649509013,98950.40166434136,86.40049496442468,304.0340842508587,50.176404977691234,74.11436258044442,66.96223970988787,50.23414820112325,-1.8531096240049092,7.4769719786871685,2.5200414907249735,5.257738931444989,3.6630247252439427,2.5087057922436635,-0.28561552579097343,1.0380063640858095,689.9266642078238
a3ddde766ec9,327,-9.121389641392888,-7.472910320406344,-9.301210116692847,-10.81015122334606,-0.0699209589656611,0.8745340894458105,-3.312964361307832,-0.795591534267597,-3.0249721979024677,-4.5461425278204075,0.028436733461258905,1.0840119058420574,164.2282457642203,0.39483645026873904,309.58837418731923,71.29472997243029,0.0,-0.0434318923997111,109.02555110662065,46.13117815990266,-123.83660560613903,11,503.8494823309971,24,3.7380266748221826,100238.94449402115,100262.71890694255,99805.06420961677,98951.77288933026,47.60759379635457,348.8401902559918,64.08244447276394,74.07488937713728,62.30771074350805,45.823692375793634,-0.5683263234831558,9.01776977473411,2.097428479956081,5.250787649947137,2.900551750580273,1.9034458376735444,-0.13800473801180896,1.0731853241003753,446.96223860545297
713e8d715035,327,-5.018287676138842,-5.046600012706289,-8.591966250305182,-10.830048402851876,0.0643900944204152,1.3557267476711925,0.8783043885999605,0.9095804839542518,-2.7040273047748626,-4.564598729963407,0.050193681549018654,1.2086755614922726,165.50616835506568,127.8485057673553,308.68893384959733,58.333096364007666,0.0,-0.9847013693089903,95.22378457324533,46.13840025556357,-123.8092931144198,11,747.2032439075659,36,5.4546058139663,100511.7734106039,100528.44128251041,100002.20181900935,98952.72922900255,35.389585634107604,388.74695080206953,63.98779241792214,74.18286056954553,64.44863160138614,45.97558507571608,0.06917105412433433,8.10370817323252,2.705753118460574,5.267662494391827,2.819680489781833,1.9096589100845047,-0.04491914208205212,0.8966051250143725,202.27661590715186
03c83124536c,338,-7.3231301648394656,-4.715824003053365,-5.932720514748735,-7.289631811165737,-0.14696931808852154,0.6611923029226572,1.9152152518925116,1.9237270097093389,-0.6400628334580163,-1.6698681388093914,0.25672504805617563,1.193863500900762,163.30439956053968,338.1144822712923,338.1028099550001,74.37041082769491,0.0,28.054174907956593,120.1523271511436,46.162473154353194,-123.89024121118493,12,225.01240554564262,12,3.6182229009793145,100693.93631270567,100757.35206797293,100580.67913677706,100536.05559622093,17.885240322152267,62.509787479715335,49.42936762884125,78.72566682949879,67.42076863745315,49.481845358369135,-1.9418037954786742,8.294524790831836,2.6330859208145005,2.898680647082785,2.3708743145184705,1.9377853677608015,0.08258304452052866,0.323087269336227,2699.969869741598
40e783dbb587,338,-5.791181330608951,-4.680387313271968,-6.1581826492313265,-7.532869418876009,-0.033398556101533125,0.7352866084376056,-2.278961198168229,2.4619583533908593,-0.4741728707015296,-2.2860494267379647,-0.011125974941563166,1.5321594858853687,163.64318921776268,-1.0517208117544734,342.9349083304168,76.78974976062557,0.0,0.12231499485429151,121.99140195006734,46.137033832118846,-123.85692320112004,12,443.861745358421,24,4.734682306982079,100589.27407317386,100701.22393584797,100598.77715138136,100529.29255893924,1.6350428089417794,47.1078517003111,77.68436344255994,78.71435675805127,65.59383558691525,46.682274150710406,-0.08105077381764308,9.94282883100627,2.5508135345517897,2.892828679965857,2.365830560952594,1.698845668628597,0.017916705675312377,0.3398614820797552,2463.171776719446
8341ece6486d,338,-7.975758896717854,-4.701372058684722,-6.498110921106426,-8.149523812535605,-0.048433473517976035,0.8227091281934522,-0.03617625462079278,2.45311274352598,-0.8905776937479022,-2.3926069508176773,-0.04202041197836531,1.4591257386513614,165.8857102154719,240.7314431301086,341.5548850803201,68.80450824295767,0.0,-0.1120021988484465,111.18623572863655,46.12181058567958,-123.80974774226671,12,680.0590857268985,36,4.836354028050087,100432.19889683044,100667.71862802237,100597.8116401629,100419.99125412168,-4.395006708567986,72.44959533315456,53.572033265309905,78.73257448472692,66.03992699685743,46.49659326698573,-0.0344660308670091,9.21633781065833,1.834214778931534,2.9003832001873233,2.274907473679966,1.690947366494585,-0.006527763684977492,0.329821048237511,2232.905801378324
56f5c3d78ecb,327,-17.192578141645797,-3.957783378623249,-12.595940294567097,-17.19937266040827,-1.2258848389470571,4.382150173639081,-7.95575306702162,-0.7969610069552647,-6.26583678354365,-9.013577175798867,-0.6847488859939614,2.630739639669137,1346.2301245622257,284.17342482191293,284.05111025284975,71.74712614041862,0.0,25.722780041187924,105.17395280290091,43.59157268562641,-119.08942944327384,11,291.10862248654934,12,8.282616480509304,85523.74580784567,85507.42318279331,85036.85406204415,84620.20700122438,84.70745796229434,293.579331539621,44.28002299533096,78.97443828955822,60.42893346012348,44.266414017673284,-3.2271092915799544,11.253706688267721,8.62186999982692,10.49327640984457,9.490978631408074,8.628194026757285,-0.14789276804946147,0.6024511062554471,1683.3568153868005
b364929ff054,327,-18.758377443151662,-3.95501426558896,-14.889333796014217,-18.75117400730997,-0.4598284652872931,3.9008102486317164,-13.355036481626056,-0.7376289846762101,-8.283073705307316,-13.399638236777877,-0.3999989815547077,3.046726907216902,1346.0462631279215,0.6882433723499501,284.13525207124496,57.861501480176365,0.0,-0.6425882340948017,92.26391993385214,43.58362913785622,-119.02183488788873,11,631.4922665915344,24,12.655420441123088,85999.85960241398,86020.35481873267,85423.71521575452,84647.60709361307,59.42101533519695,417.79871400544727,61.26559584814394,79.06756492047013,57.488203975294475,43.839529760523796,-0.5444115336852818,9.690384310245484,5.414523088497435,10.513168304548744,8.121737515751212,5.420027189973301,-0.21818660369585335,1.5588470338978815,1339.2193060311122
99a91467bac7,327,-17.685221670993403,-3.9808579257421473,-16.30332209800143,-19.58001868783423,-0.2786840572081964,3.7130042912603334,-8.653886907278078,-0.7752100442803116,-10.24439325467653,-16.476521475506484,-0.3204257545061014,3.9690341033137524,1349.6952282466875,487.5831733360331,487.3528304439593,76.62653967903776,0.0,3.435662865561421,128.08101577955318,43.58451744045675,-119.05996217505653,11,1015.9792338090051,36,15.7092106837168,86539.55984884754,86516.67104552586,85670.7920429255,84633.26059119555,52.17318850473084,549.8555332742038,44.5653063040991,79.06662636611844,60.260073146605095,43.900339602798944,0.10432480855394223,10.378882300593885,3.2994834195433267,10.507368440289923,6.5824012741313,2.662138840893752,-0.2419659285156199,2.5582817266494335,953.7015815811026
0185b6d2b463,364,-11.141984998315232,-11.147870530346978,-15.444164988714647,-18.083489928133464,0.22679786628084123,2.327497825544022,-8.43512613272532,-8.418740290546925,-14.982912430047838,-18.565481835338595,0.36349203432766763,3.2745093370273755,1350.941152252125,392.3640173245055,391.6002693100199,90.5145767999863,0.0,33.72138776101189,142.19857135177915,43.564750856821576,-119.02944240823147,12,396.5644249460382,12,10.128204543170384,85599.0685611319,85584.82320571951,85453.2432599453,85287.39454913454,34.97657066160752,121.89309153221376,82.64085595530504,100.00754170455777,96.64926931516742,82.4332329516694,-1.0245706215034567,5.581811330030705,5.743256229163166,5.737522562952407,4.394070626853148,3.5694077740554326,0.06193569494770049,0.500362285261498,1275.830883305849
33525058e5e3,364,-20.148399816586263,-11.168734769220725,-15.570953197336415,-20.183933223153996,-0.10285406977656959,2.9663379491768564,-20.82618927414863,-8.247085915151532,-14.741554737892065,-20.82349163345376,-0.08990694069982565,4.033838195110743,1350.2653284719893,0.1947759777864619,392.38298921492316,86.38965624064159,0.0,-0.2192615075689406,137.90936496174305,43.58814970991829,-118.98721036501954,12,786.9170889696119,24,12.598525180763666,86002.4975648074,85953.09114584065,85620.55481517063,85246.20436146029,30.31315566521574,212.25999364310502,99.98058443423855,99.9636088926417,94.54359657230488,80.37936264161453,-0.12750644309762962,6.801566359458881,3.0914872656079706,5.969947962960808,4.216389011409546,3.077275480165969,-0.04609820027019213,0.8303185873011641,887.5164150160402
0271d47cf6a6,364,-17.26420732175492,-11.146112654954768,-17.436040428715426,-23.14544823762842,-0.22974773277117125,3.689511251744149,-16.695448820169915,-8.285602660940839,-16.953269406804353,-23.225942986629246,-0.2622256469283251,4.679900922607511,1346.8539830778839,435.7210511353988,437.36384437344765,90.24552977254108,0.0,1.7049466202708077,143.81800477811308,43.60819040916411,-119.06492675859998,12,1258.5639624222777,36,14.967413431915032,86358.5983725631,86391.99597548775,85781.12261935271,85259.65637844849,31.322153428936577,325.9673028969323,96.95225884764987,99.99206814539848,96.19979265965931,80.2710074812296,0.11859000297377456,6.018463645932406,2.122186257204759,5.9922464716100405,3.6396084264222393,1.9984152009410494,-0.08201361409898418,1.0792354529188954,414.74981680778967
3a26c8197092,15,-11.092245511038465,-10.248516071670249,-13.904942888928247,-17.79928727692578,-0.2451612310155893,2.412198190636496,-8.455149185212585,-8.468892251099728,-12.669179662184115,-16.620607744937818,-0.052826725808962256,2.480334186790869,1348.9125577383531,402.67756875498975,403.9756671226555,98.64234595713211,0.0,36.25645455197613,151.43510618863266,43.59664653795881,-119.03623926904588,1,367.62140235943224,12,8.12764464380509,87101.62910889425,87106.30928922872,86891.03984805841,86723.06484365041,42.12906637109768,147.80056469794582,83.68896881459543,99.97010444011696,94.49810810775972,83.6447137330486,-1.6479203583687265,6.05264290283256,0.28879785899412136,2.9299356231114313,2.085772066153167,0.06235497141606086,-0.24351484112085212,1.0309377895213994,1148.8762303189726
1d8c3120d13d,15,-17.793349941750332,-9.204153801337984,-14.052815379406297,-17.79685707218505,-0.16604620129453249,2.9970728523265877,-18.26429481883943,-5.885447433278103,-12.691640968992415,-18.233808647411234,-0.17838696785415215,3.854179449162831,1351.895090296096,0.06098233277452197,407.7180938874062,100.4831728471647,0.0,0.1543350159764111,153.15092197052664,43.558465557618234,-119.09726269640369,1,737.8396934978015,24,12.390298119279649,87000.87792601695,87140.18905278947,87016.94194435395,86718.97165725067,11.35803153080912,117.3231832789997,99.91882034947203,100.00108979254505,92.34174585697085,75.43173576234723,-0.1702126885371805,7.842951083791743,2.804537297862788,3.377383172810835,2.250326327171848,0.06586490636226427,0.019556522172792537,1.0239346163494478,782.8173504224554
50f3cf02724f,15,-14.220802694881206,-9.150515105935016,-15.704280732525447,-20.967631737854973,-0.22287473304655875,3.5217288031605554,-13.638003257465936,-5.864215196300967,-14.697717654949736,-20.600765075425933,-0.2624457059850712,4.358098073981187,1349.848926946445,356.9298604156266,407.21194135147533,93.31531823663427,0.0,0.3653481714873118,144.96114289844914,43.581106091104125,-119.04836689665234,1,1175.4213089314499,36,14.756439871644675,86554.84767934967,87168.38051345134,86936.28072939039,86595.47822794177,-4.692351554617712,149.02167449512348,99.87859334521742,99.98850200150035,94.67071362500371,75.52637754144985,0.1998946383713448,7.225131186925677,3.005471033024709,3.384746965909214,2.3638346238439127,0.05838261843388202,0.018742483030491246,0.8624109016954287,338.8044642181177
33ecd030b00f,327,-4.2093351210594685,-0.7791173723711634,-3.4575051186976973,-5.219124466967029,-0.3280358825398212,1.2883672562282498,-2.2513372850039324,-0.49850071179523847,-2.6184213162290857,-4.154627223496658,-0.1892440118297275,0.9911165040830688,642.8581673361558,264.76806399958093,264.27618477022577,66.59623030282953,0.0,24.05608539000625,98.74894941248753,42.3467567812576,-122.8848707188174,11,246.2609135291803,12,3.6326314201860654,94006.22088074603,94021.03628746112,93691.64063020384,93322.12325466756,72.58865090226175,251.9701677718439,87.58142629561068,98.72453365310476,95.77567468320393,87.54410523338622,-0.9312303606256152,3.638656961555848,2.0338210859218497,2.7901719543393355,2.4248005253809866,1.7918475789672075,-0.09351351635660808,0.3719112572267832,1300.514913609346
8b743214627a,327,-5.606999833361931,-0.7594253134762519,-4.063586934202803,-5.5678908524907005,-0.142656571331582,1.2120174554541885,-5.608684401388368,-0.5201721281483933,-3.0866795873247406,-5.618104023257138,-0.13360183996771077,1.396718165313276,643.06926170155,1.0478756108899505,265.16904399296396,60.95865421814429,0.0,-0.2962250619785656,93.0118434331864,42.37118172628594,-122.8757534485873,11,505.30328419449296,24,5.086218983390222,94367.90488719507,94364.97187427212,93909.97274879544,93327.47450917307,42.34846062757336,304.6579053694277,99.96210838385073,100.01838393065388,94.47554783757539,83.8991866039004,-0.05552203479440151,5.48018397439266,0.5364546629380272,2.794508807655661,1.885293045721093,0.5359157047799437,-0.0960106134822756,0.7000373004482644,1040.1300879481423
4e7fa235195d,327,-3.261790870687554,-0.7663871388612424,-4.816036886669014,-8.030208455452474,-0.11857045589201262,1.6628427044036085,-0.04230198293800515,-0.06933641231827962,-3.7907877864746244,-7.147139473692675,-0.10313860239354386,2.049056098769279,642.8105594864834,296.649071677277,296.9422158419849,65.670181312921,0.0,1.50032442585401,99.50695192614108,42.383081714059934,-122.87267016252406,11,784.3542364664146,36,7.060282866742536,94690.9905713693,94656.94568912461,94120.90854167579,93355.46185107197,35.99408304598075,384.65109131148716,78.40134368716508,100.01592731688724,94.44510855669007,78.46342986589606,-0.08375299198682677,6.370296676508824,0.6510115119887849,2.7740356082038558,1.6204806998148817,0.5053680227441263,-0.05666133581472819,0.7184518405440787,762.2645101282495
42dbeca936f6,337,-0.4090848296808059,-0.18540803576090306,-0.9614108891255277,-1.7144288751747354,0.021707232547737203,0.4736505218443187,2.0174595548312544,2.0080698838994837,-0.4822662538525417,-1.55230488749042,0.16083098778609095,1.0245692013170955,643.8379358652542,261.14640298650664,262.0589832809609,61.333527636842156,0.0,22.668636586830683,94.67679628903103,42.33770497445999,-122.83928907185965,12,221.00859433307104,12,3.5608641791567384,94173.9873478896,94228.34033002635,94078.55293110966,94061.65401088273,15.341080306646838,59.371911391098074,83.95097368537881,99.73648349855685,96.79477527479644,83.83952005220058,-0.9687703298814587,4.716316219627792,1.1819562063488311,1.2336246188863966,0.9333530125525897,0.510857794520493,0.0704889823292622,0.2619383745149983,3858.254479899924
3f48e0cdcd5a,337,-4.704685644538693,-0.21471688842669204,-1.7320883776229463,-4.736052391856034,-0.12978018349881654,1.1371811709643158,-4.74200023149,2.6422489875270565,-0.7757189513745244,-4.711038621987086,-0.1295897066962593,2.1877637685520215,642.3838912465493,-0.2298225922413164,267.0992581684991,62.04281705269378,0.0,0.02190014600779424,96.11082918487928,42.36311749067,-122.85555442897798,12,451.34203016187587,24,7.3582151735616215,94151.2013224974,94222.55055250312,94126.58195860095,94040.58180926177,2.876158579539684,51.469518559441894,99.99217214524509,99.97435414590733,93.75753172404903,71.48117115879981,-0.14429508239083308,9.490243945117491,1.200269187605322,1.9333052346874535,1.240629976484765,0.4955569470554346,0.048829395068330776,0.41176980070945335,3628.270047701515
800462248db9,337,-10.032600519812036,-0.1729241198873266,-3.8323981936757803,-10.059631175033232,-0.28476339931223266,3.1951908763285473,1.3940451796728632,2.646382791697409,-1.97889846078179,-6.314303200327271,-0.14860596216838504,2.882629191911406,647.4395739315192,445.0438521160475,445.2870620102313,75.64575352772259,0.0,2.854128299849804,122.6422445278608,42.385864171460845,-122.90768382910272,12,720.3965232577643,36,8.929580448107087,94463.92657313238,94516.67089644489,94207.12816235701,94020.87170142483,10.679557364634121,135.55223924244063,40.1493196471878,100.00613526784745,89.14546824882164,40.093870768965665,-0.7544722442416133,15.589930419597762,1.71207696983883,1.9206559240718173,1.2118552989662847,0.5109730427512233,0.012048596759787415,0.3492309556269491,3366.6713923441484
12f6e72e9ec4,57,0.1832121171488898,0.198236257396356,-1.9809891949689753,-4.320618163811393,0.11877817044748515,1.5565434236351257,0.7079221263959248,0.6608861846697816,-1.7356909411092172,-4.168952351627899,0.14335216554669444,1.587983990920315,643.7295219314458,476.29655397157944,475.48154856801654,110.18361883330823,0.0,39.79605399344965,163.3390512314341,42.39198399508759,-122.82940508235114,2,236.53201221712914,12,4.839394058743292,94390.99217301152,94411.44837053318,94059.41007690034,93833.96131970797,60.2584323907748,212.0974399081424,96.10478066170552,100.03962532372728,99.25566585766259,96.16465587385093,-0.2626603511573465,1.1970723296946288,1.73610755205035,1.726210310891808,1.5490314662962377,1.2099686044309588,0.03547560835336327,0.15287858976077548,734.0664211617238
2d18e577040b,57,-6.696574093449688,0.1888392240275018,-2.2196928920267855,-6.682568765863883,-0.09126481742065397,1.9623195007535736,-6.396943227597296,1.4752288464770598,-1.843500138736475,-6.452385269328043,-0.09230272040064193,2.3317035064236116,644.1801742634799,-1.4629500462390213,513.8134449504137,133.39026641724783,0.0,1.4992346635951503,182.3501163252309,42.37646947533094,-122.84807079030145,2,478.4641377310525,24,7.921410749501456,94665.45227941795,94692.59469236675,94343.45381457322,93837.55208806414,40.25666485316112,284.7843715177602,100.11729786984354,99.96189263184716,97.62465641238994,88.66416379387402,-0.09422687037759275,3.7098125251609666,1.880381871336979,2.1619597213366046,1.693858771051618,1.203858677806614,0.01888827565327732,0.22435905212004512,505.6394759307705
43e1ffd65a96,57,-2.9643614474391806,0.16782232391950822,-4.394849666012606,-11.777163633253329,-0.2467628822310801,3.8770338178576336,2.054897461859942,2.0056778884201405,-3.62559401848557,-11.391550333157182,-0.19129301915454675,4.12913201406253,639.8664223331059,493.85047098798117,514.6513073698062,130.89168409537172,0.0,1.7832047841478538,181.44358704070115,42.35166631441573,-122.86307484759611,2,779.4470925352249,36,13.466601993045076,94637.9325459745,94701.3149611465,94452.12696818303,93835.33556880018,24.609652883368998,287.0433255756738,69.35275888704606,99.98077930973972,95.81458390504832,69.24230294784245,-0.3262049634691473,7.4273065173288595,1.1789714323877563,2.577484513678456,1.811071228231902,1.181261345540171,0.01586118683201107,0.3624601368754983,211.7090221245463
15ebe96bd25d,341,-6.188375440265468,-2.644072273298383,-4.485558340233665,-6.160866933602561,-0.3478783682188382,1.2004249547942287,0.09810755214860259,0.2596881396825605,-0.6682041632848813,-1.3470187541739154,-0.06109180790357564,0.5430152982175002,62.18814609337956,409.06002029203137,409.31666617760254,88.72607323942904,0.0,33.51698854162374,144.00417579393994,43.41404611598133,-124.24288489073017,12,224.77616625018297,12,1.6017403665632903,101669.2375448547,101670.78114059159,101324.04247072856,100952.83325428188,74.61158363116232,259.54342614348286,62.1703366495527,80.9369290834955,75.6005941522296,62.23241737465899,-1.5601373459395447,5.977922740219491,5.166409720846676,7.546160330293265,6.777281946161346,5.1685144847197355,-0.17075408119775623,0.6789484151398035,656.098761600688
4af03744ba57,341,-5.870932840839641,-2.585643768758899,-5.014985787076633,-6.190653442020902,-0.10641446685652758,1.051161962558443,-1.7144369081823176,1.0929120732140023,-0.47447947221612213,-1.733065751503975,-0.024420096179392968,0.8397639361350158,61.52662135185922,0.5100303782411524,415.1313965644914,95.31896503512807,0.0,0.3380760976167731,148.896862951927,43.430432682896594,-124.2629616483844,12,443.88163612203573,24,2.856579018867545,102030.03587423643,102052.62892304064,101546.45223652135,100910.05181646274,47.7926600425183,337.8338245176078,73.48689982604982,80.90095891622943,71.89513215329936,58.630476846405706,-0.4611828706278461,7.242110351696991,2.965232458206756,7.563883945934891,5.545267149233821,2.956986967284057,-0.19088274582886033,1.4024967017480678,440.9375743192113
6612b831a835,341,-6.196822858127359,-2.5980687531870554,-5.176365074775374,-6.193048874461188,-0.051862545776105703,0.9200242277086911,1.6043582316699663,1.6221445208689231,-0.7167671736998961,-2.0655510764827723,-0.0259966455673487,0.9920324278182466,61.156119656176585,410.14570129896657,415.258025608448,93.20843116359796,0.0,1.1153014694515648,147.07128581381167,43.44799101315837,-124.23655232752442,12,672.0341193893781,36,3.651747665999797,102409.39372766713,102387.5141898503,101758.58118790308,100923.47026496261,40.60461037730448,426.6693391715992,55.45094206233698,80.95235567458677,72.28365874509578,55.59077132661625,-0.13696082811988472,7.364426286840846,4.509589568120224,7.563303367716947,5.000995046229559,2.7992035414799203,-0.11171347430239373,1.4311774205036798,198.24478593032458
f8e505b888be,4,-6.439261684699955,0.05358884565104945,-2.93419583748954,-6.492018770937408,-0.7122274230692358,2.504025312565115,-5.563804219614948,0.11859378849350481,-2.5552334816194757,-5.632875878945558,-0.6451154003429994,2.27820532736149,255.47685880852325,189.3866601449541,189.56284199341107,38.04309812151822,0.0,14.68925688731973,64.79589482522762,45.59260737895759,-122.53426921835808,1,246.955568504692,12,5.790647081509623,99642.52487356677,99645.64316623422,99195.87276857054,98890.88522788453,72.26257614405284,256.99376266155195,98.1741119977167,99.99978332867686,99.42090408007428,98.32568544801954,0.022483267346905603,0.5502377237070479,3.821855609512048,3.823863166905968,2.1070537291457914,0.5632845312348506,0.13018703172366478,0.9992453358243101,1637.8339689678955
7b5e749cb27f,4,-14.129889632537393,0.06269467958769309,-6.631956032092757,-14.135214832567552,-0.6615107567817635,4.647386353055866,-13.472679817213152,0.11394506122243148,-6.0350527477895275,-13.423079190940348,-0.6274147696078295,4.465757464546071,257.5118097933702,0.6063237335962604,197.90144991781617,44.35071799475406,0.0,0.380203068527618,70.18034812357688,45.58203287074968,-122.60585222141124,1,578.0468425940675,24,13.507444013581699,100083.68079822122,100114.4765841825,99542.6385185015,98871.04046747317,58.776980680322225,413.6398557166388,97.63964676690695,99.9825430700434,98.16691429633525,93.76703009709301,-0.09641806878212834,1.8994271573957404,4.26336081886619,4.370573439468585,2.990218858852398,0.5624844717860834,0.13356882224577768,1.1442105122007358,1302.4969184502595
857e497f4db6,4,-11.236595243383988,0.046419695631365915,-8.708711847680208,-14.141322987163262,-0.4200990132953396,4.812805087359953,-9.707787421655729,0.09004310123295871,-7.79957095958267,-13.446691036387701,-0.37392354996699134,4.434916204391251,256.8222292984598,128.09085458547537,196.9082463112875,38.88708454293797,0.0,-0.12793758658728843,63.7580833377023,45.59411226851617,-122.58604349332337,1,926.8735163942845,36,13.509201178875918,99846.54286531048,100110.64642523856,99697.03481951375,98886.97354084109,33.92484506725209,406.978361855555,92.40419292820981,99.93307327662819,96.04704638082707,90.27119621415824,-0.27453666047956604,3.5224412001544,6.022167808842427,6.032322241826385,3.7487756081932475,0.5704819801103259,0.129397128906879,1.4510585437911616,960.5009665983576
c7058a70aa0b,349,-7.576411593906666,-0.9145639355417421,-3.761857021258191,-7.550884767456402,-0.6111523319174907,2.158703930174281,-5.1442193489134045,-0.561406790184732,-2.8461174902023396,-5.22833836166659,-0.4587441033091792,1.6061359227287917,256.54510927251914,147.5585059079948,147.43815142035203,27.308837354473233,0.0,10.61870258230778,46.71852250966449,45.60290798288838,-122.58134862160576,12,249.40890928128462,12,4.682370845247431,97651.15457925315,97690.61350997275,97550.53360982166,97386.58074336327,26.10734961988844,93.19224454390462,86.10091743164921,98.83142534260585,96.5687138285882,86.17803917478528,-0.6477546844550588,3.5718824419200277,6.709305005556246,6.7229290329978495,3.222496026059342,1.1210579092848885,0.5473115474305913,1.992938669959176,5959.381221830074
9e335a824cd7,349,-13.223500706523636,-0.8640018080783401,-7.302091509918801,-13.211052045350197,-0.5938856621728827,4.1353252466542125,-8.81219299191307,-0.5205867345246882,-5.032007830321953,-8.856803345632384,-0.37710132530047147,2.6403862832877443,255.03546944139646,0.3765718064237392,148.07270995879125,26.74112064132294,0.0,0.15756413021986657,42.65674765656167,45.59559343333641,-122.62156417294383,12,554.6442201104485,24,8.317359961633766,97896.30410106176,97880.01502579116,97691.00474022166,97423.67533079966,16.36055500960479,124.32655821268746,70.90071944920594,98.79667206615089,86.0018732282868,70.98226125588137,-1.5125498191870188,11.04064876942251,6.479676392838247,7.019566575080463,5.069500857672806,1.1384823869735043,0.29373906298422164,2.317618974359692,5657.050442710145
d62bd34d7fce,349,-12.18113482590144,-0.9138930859337862,-9.435459182603886,-14.167804624544763,-0.40892409944703023,4.523385521629588,-6.710133437224181,-0.5310855186368694,-6.372019245461037,-9.634886029777682,-0.25337467780542433,2.8782609804888226,258.56184870773654,341.0990105060532,342.52954507089856,40.24042778584718,0.0,2.460199332149703,78.07825325866183,45.59460047880325,-122.57432774443147,12,876.8259153889608,36,9.119523008170729,98340.68731058307,98302.7863762315,97789.99923130215,97438.84839782729,22.91519151409737,247.16872080687395,64.73240896530702,98.81654008319762,80.19150493584311,64.69418713018787,-1.1087661191389386,12.248721600151526,6.623833555462179,7.018178100065186,5.559803832576315,1.1293981513670965,0.1432524686465155,2.020806969367119,5333.957882228623
b46427e067ae,327,-8.23392829840588,-7.525000154618559,-7.924601116293155,-8.479540296535726,-0.06589843068109844,0.28971501905748054,-4.092359479651827,-4.123840962403706,-6.064533822522746,-7.254724094907813,0.1495652153716168,0.8712464480570525,257.6769920465381,239.08005297362166,239.37867745111546,58.0931428317146,0.0,21.34257207927837,88.8209591926389,45.58934408801958,-122.56095906384502,11,290.08749055510316,12,3.094660177994625,98667.75500538085,98738.11951957528,98265.3569833519,97617.24619748404,98.79634649474941,345.97497997843396,73.34649683831667,94.16797024858394,89.2840101774684,73.45347845101098,-1.5331383614848417,6.867022462198918,1.6089454123833682,2.718904827287674,1.9254687602515208,1.5694661005461792,-0.09241952069188984,0.33976565774262923,824.7062101505306
24f7a41d44c9,327,-11.089689317224668,-7.467506517385037,-9.092128481823803,-11.5835870229997,-0.18775186258215737,1.4145945972907068,-7.776035322883852,-3.3408312894861405,-5.8205174208577555,-7.795294113707039,-0.003782691984350534,1.3379498388914162,257.13855710611534,-0.7561886286952297,251.61302325239205,58.27398808973035,0.0,-0.04087739741561834,89.1366495147934,45.59683666555521,-122.59646251657463,11,572.6148626816941,24,4.468458192547956,99071.02159549315,99093.73742532135,98561.12553464076,97621.46410975629,55.633244084108604,404.90630925818624,80.37424692353024,94.26486203645588,79.63816108919734,64.29904562257133,-1.2437975058037485,11.44923070335447,1.1574757410485739,2.733903083166055,1.4850781226206295,0.29421112064861826,-0.07613461400864506,0.5871459833755107,545.5232212581006
a95b06936fb1,327,-7.0443607472952445,-7.037174365896278,-9.545416578867504,-11.66355166723486,-0.09176975307047115,1.6087360822704495,-0.543918559838825,-0.5490869604980237,-6.195806025889449,-9.373672074960078,-0.020227348292162745,2.073286730451168,257.4011982683116,205.84202317148964,251.91520143107624,55.2234796359398,0.0,0.35093430974314954,84.9199267619711,45.602733657190946,-122.59109071584722,11,870.7956542156395,36,8.808100801084525,99355.42843731501,99396.0288472524,98778.28540851167,97624.76567370749,42.983778498863714,467.9930889911117,60.940559490250045,94.19026024245022,79.90785396224526,60.97228386403095,-0.4181010753791845,10.731028730096506,0.7440270091220429,2.7415697212846672,1.5564448049103858,0.29415214061078476,-0.016419838044507785,0.5473673091881949,244.10361522129924
080c9a491675,327,-13.902747103686018,-8.834422368459476,-12.741358637005082,-14.369768254778945,-0.45930307446121693,1.9127931988459967,-7.276770131471507,-5.417560475677278,-8.725443662551257,-11.331098521723725,-0.21036736529296213,1.9362278452040986,980.132911852138,253.77449811849837,254.24973030111667,65.5660892275612,0.0,23.408857747210103,95.33742228240995,44.284854076755316,-121.13528600275028,11,319.76354349633516,12,5.9135589318621475,89841.79627566157,89874.35044394879,89448.44525008342,88814.40473009305,100.93132854850668,354.8617468628804,57.81980513437107,79.37498788823582,73.37883593141147,57.63590140423198,-1.6337895424066957,7.260820918269856,5.416143846230367,6.741985512754967,5.4496955022810205,4.289911375796779,-0.16402743054092142,0.7891601579581583,980.8676187369788
ac2d429d9df5,327,-15.2199899932544,-8.835463957647963,-13.494687015977911,-15.266369530988133,-0.16797455692057606,1.5936405847991992,-11.647766341930122,-5.455900877498584,-8.917902975164534,-11.584095199659352,-0.10914977811290437,1.8354268484029876,979.5014399544766,0.6230031140109221,253.62620953517447,55.914585429685985,0.0,-0.3733165834168028,84.42973777125329,44.259191055265646,-121.21184393533719,11,646.3477462618996,24,6.177004762203976,90327.08303474836,90326.3681338518,89775.47087468304,88807.30271345514,58.037748236297716,421.90718655376594,74.80818059737713,79.2731702952322,69.87032241219347,55.34522657994623,-0.4181359392780573,7.801945951872444,2.167619912462865,6.727040524902473,4.90192933090569,2.1721470354371855,-0.13037526237933042,1.1425235055041616,640.181220810641
bacb1deb669a,327,-14.536620712883641,-8.859695315171187,-14.207592089832897,-16.43264612470354,-0.13422042359950012,1.6993015468109365,-4.448655071565974,-4.427538917063309,-9.815698873129493,-14.616438844615121,-0.11379477392326359,2.7928776982326475,977.905583490186,232.81224385833602,253.43223151756578,57.093460111176604,0.0,0.7912033964270709,85.7952306152961,44.28837912006834,-121.11575659834226,11,1000.9557701642259,36,10.13608996860208,90698.82939389379,90689.12347278297,89966.65559599042,88807.10950723589,45.71255840946351,491.1053899251334,42.82555857745971,91.34069552069322,71.73206467995617,41.86518311296297,-0.056635377221690084,12.558695951939198,2.214621052007124,6.737173050743189,3.98480180472389,1.7259330373732615,-0.1388575114012714,1.6118592936108367,297.6438144399992
8e34e6e2d1b2,358,-2.249904638809333,-2.290722025014503,-6.4418875905999,-7.901085465863415,0.28562042492834944,1.6813172789729007,-0.22367589293549694,-0.2971629173958477,-5.053236487064465,-6.77003002857799,0.32648871229757603,1.900950859923617,978.6697666077417,175.3645182494771,174.62469142191966,39.54549720680057,0.0,14.883469066541753,63.38535361638066,44.27658941227956,-121.09811613995603,12,275.5969192160598,12,6.50815514372065,89104.68676056596,89098.2223477422,88967.73064520121,88870.45927284863,16.109530089908983,73.36840753257471,86.04690313903579,94.85410805006565,92.4832197377437,86.18257227278994,-0.4306380257630988,2.418803219830879,2.5373157478071136,2.727993276828833,2.2779865280326725,1.729738941888766,-0.012129048072438703,0.24626700785343367,4546.099680843935
d338920be095,358,-7.896830932390533,-1.5327888323568313,-5.360111581190421,-7.934419248547217,0.08956556290814421,2.402152130100267,-7.664911204048696,-0.07451446119069612,-4.060538063178593,-7.636759204839184,0.07035011142690666,2.5935205516579822,979.8203206701785,-0.9114392997586335,191.71537967378086,42.01396753432766,0.0,0.15797025402292675,66.57310353210364,44.26865266902894,-121.16936651047237,12,529.4462649235712,24,7.59846744287146,89679.00272649404,89737.14233828719,89179.33270175803,88911.92836817913,34.370147128762945,254.08710667010558,99.94538374515864,100.03644100764099,92.70013628688517,86.19954291083087,0.08498972445595188,3.3701133102018654,1.9620172935917757,2.737318053439197,1.9891229039415508,1.3882089333493441,-0.041538560968888,0.4085437075205675,4297.771513981104
5a117ae625eb,358,-3.824730774179688,-1.5512599817050878,-6.490308452850827,-10.663283040094175,-0.08716328017981241,2.8137582556919463,-2.634424651262865,-0.06845509800212173,-5.537124824338869,-10.61364804148352,-0.1257616097085159,3.2866697155797624,977.6856514410675,238.1792588522341,238.6404585090491,44.440774353310594,0.0,0.9943211605784468,71.64394082725276,44.25590143338671,-121.21391570977805,12,845.7291917222502,36,10.509477980034346,90727.72365881082,90720.79637649599,89487.73810122251,88870.50492143654,52.55485156635967,569.0781162013727,93.56945670403421,100.02346202277906,94.84666861537141,86.02389849608771,0.255445760531853,4.269178440712931,3.1235246569739417,3.109892680150722,2.19043061127164,1.3760178759786346,0.013073454996626543,0.4672003516462052,3982.237208034358
434b531822ae,13,-9.651815091005044,-9.678136572401373,-14.19795985688565,-17.224826176393545,0.7029956838558472,2.5080963847821858,-8.785297544664568,-8.79461700162326,-12.901596334332869,-15.735127313852958,0.6299141643131723,2.261778552700656,979.9378631681693,79.70655284886222,80.96814281493673,16.440682926187364,0.0,6.21220492611618,26.810719028906426,44.265116587617285,-121.1233627606658,1,373.34387872485706,12,6.948658774703508,89417.51367905865,90418.73481965413,90043.62876314353,89426.99278096647,-91.37394081208548,322.4718072193064,97.64993078350102,97.62933971681221,92.91871892940902,88.312233548276,0.9693869040424565,3.439783241440843,5.611597583169091,5.613109869313937,3.9267149260743923,3.2017604340327415,0.1656065630865473,0.7349146722585702,2382.334309836241
28e602a8e3f8,13,-19.557434411187522,-7.400620643612454,-13.902530641266132,-19.528545930547594,-0.03983978624350518,3.855071731013308,-19.262028794810327,-6.23834474083904,-12.93229806447232,-19.221615308197347,-0.09122292285287525,3.934867756090896,977.8890991984406,0.4624544013098472,111.18215825933719,22.128337209594136,0.0,0.26593530477646565,35.207207557554064,44.25118918358691,-121.26587880785758,1,741.634574837707,24,12.958335540326715,89636.56180623564,90441.23979524469,89640.30019388047,88942.08597680299,-53.53834983669457,489.90691038572,96.93026847674723,99.51724739204279,95.25050342701657,88.50837845730655,0.4242720827845493,3.5155386762913143,2.696386032219983,5.99055465333676,4.1743304526642975,2.59802019928577,0.006235489790776741,1.0469764148024396,2010.5085218796337
fd12b083f494,13,-4.407528429242536,-4.4098483669591015,-14.293226092764646,-19.527379290037086,-0.012241298120843113,4.257886705696846,-2.9028386012162075,-2.9435562287477994,-13.348506159024046,-19.211279903013406,-0.025468727438808566,4.527395827589826,978.7278715781629,236.6431858272935,236.6826837868783,31.052633569685636,0.0,1.7065417554943971,56.04634240282093,44.28333006456754,-121.18256867281232,1,1127.3797501666122,36,16.27860009773234,90475.17478930234,90425.89429659554,89768.39099414845,88939.97933181793,1.9805486579004161,464.2165834192267,92.16422429347773,99.56141695298115,95.05823994657653,88.01467687527942,0.08109918292766102,3.489562477380464,1.3575082827872185,5.993319799348664,3.299880065274684,0.5695081247832867,-0.10057795811767707,1.5389381627538736,1620.2847004444889
c839b647bb82,339,-2.566558917385095,-1.6104282396964047,-2.505552883208119,-3.2134783502991966,-0.0775559194818156,0.4630278286017025,4.4081738128064325,4.387058528147447,-1.4542255535589892,-3.8465966712499777,0.4714815928301563,2.3759949734347505,167.3582729456759,362.65082252913794,362.98135555575857,82.69408850245179,0.0,30.816378786625265,130.475422020446,44.93677283894156,-123.00240079174918,12,233.29038786484003,12,8.260775934058168,100557.07669079801,100679.86761403836,100587.91210473303,100498.93616854097,7.390431658789012,38.769977024005854,60.37532321015245,99.97463401338491,92.53942091364806,60.34931397111807,-2.9189221146891096,13.093992174496242,2.768123507159142,2.7606459707693114,2.069425688016,1.694591874271881,0.07307520578006135,0.35938461713150105,3406.4445188213376
b7be737ca525,339,-3.88619420738782,-0.9373445870865554,-2.755033884272352,-3.9663433324057986,-0.06155721435010869,0.732785289029335,-1.360868214199379,5.563521490346737,-0.5416736114973161,-3.8534492446634507,0.08396727939302394,2.9813855160130776,163.08926018597535,-0.1806072121006751,374.3851702363493,85.73397445772392,0.0,0.20242458664936444,133.89293674574748,44.914251699173775,-123.024410223882,12,442.0206263388019,24,9.43414189051993,99769.70410341678,100638.73910132985,100369.33373043455,99731.53551195936,-34.652609867241985,273.7279261910368,83.12473505168742,100.00722849601493,86.1020288768397,54.48428940756992,-0.7776699440480873,15.363872125185134,2.413267507555658,3.2284156790393364,2.392044528350703,1.6961001447191184,0.04006794245022714,0.45079183861069977,3195.6517905167457
b68ddae47bba,339,-9.906793577625622,-0.9142532336178317,-4.087819015513837,-9.940881403729435,-0.19264488603602317,2.358550380274504,1.5415401873391792,5.578937605536554,-0.6168821100343626,-3.848343130454337,0.019139351735235587,2.503965975499785,162.146175117204,391.7637474383656,392.8793061226572,85.98250912404949,0.0,1.2673822221444382,135.52071823570634,44.93589409787592,-122.92847286071414,12,670.2707870234358,36,9.430211679196434,99476.74438668088,100638.49522984847,100084.2549800232,99497.92422480696,-39.256833704223936,424.28836155445475,40.32212819698044,99.9562616773916,78.95078553651264,40.29806000329161,-1.1716254779707536,17.930861436673954,6.347879016537635,6.345084101611404,2.9951861404099023,1.6943182378288482,0.09257836112463577,1.1738094395841476,2963.2942231580273
a92d98c0c0d2,327,-8.786248255176334,-6.724358394677937,-8.237930376101852,-8.80918490023147,-0.1476569423511018,0.5860365740009118,-1.5126137093000307,-1.4718709188145045,-4.418860782746467,-5.989013393286302,0.2033544233054351,1.389203954666453,163.74366109952825,207.38670425846902,207.54595659321888,47.49878239371541,0.0,17.683737336359755,75.03343221415359,44.94498856571123,-123.00480237580285,11,268.03303934575365,12,4.5145750690116015,99884.3552297251,99908.83061014484,99467.5390307489,98856.32172343587,96.0415055148979,338.0916138200624,56.344820751183356,83.75118000220732,76.11566478306104,56.34849785104211,-2.0600490622014784,9.143479952564482,1.5332902906309158,3.037534550392304,1.9151191493326614,1.3878895823458728,-0.13289444865620967,0.5074320774969752,741.8547600400594
2ff288c46b23,327,-8.491701706944248,-6.770623356937401,-8.479678871381799,-9.363052648274104,-0.044943026461435075,0.5399710580371702,-5.11272193069626,-0.4202715586699862,-3.9761886192936404,-6.007193464499227,0.016178240899109277,1.8378286314431285,162.9126632319551,-0.8350595611919375,231.1523996270262,49.77922067459075,0.0,0.08563545987778828,78.32310618173072,44.9168296003182,-123.02385972509504,11,525.784305038295,24,5.578514738749914,100263.06114746118,100299.83600246796,99768.21673122676,98834.32051091759,51.20983274798852,376.8140441341668,77.98136326304841,83.76739947914295,72.14278003503532,49.15168229846039,-0.3871327902678355,11.375098005241895,1.1235700960571962,3.0189668565128827,1.7156853166358819,1.1097484608826218,-0.044336045233318785,0.42797566666739656,486.92457745950134
ccd5504e710e,327,-6.394089483062819,-6.1467060391128046,-8.07189581617583,-9.366100343676992,0.041184100125797415,0.8477030491264056,0.9671141094923628,0.9727569600750918,-3.8293902157206214,-6.0057204515407445,0.040679672746167406,1.8877464916642759,164.92407334006265,218.68703851063376,231.21321301727363,49.59298565882713,0.0,0.6621340455772318,77.89514258875263,44.91898098279979,-122.9932665840001,11,785.4890482515417,36,6.942584286343244,100546.62882876632,100574.8084620139,99982.88431792487,98862.04133131391,40.333739023013294,438.23348610487625,56.79684587461544,83.75052801198926,73.64140228703553,49.10372636417415,-0.0159187015069093,10.68408392887604,1.6956831747527792,3.0275174532714657,1.6715429796969175,1.080425119561907,-0.01658890154281201,0.41974711743599846,227.210337250569
69f574781c6a,36,-10.155950056107006,-6.891213219025967,-9.364128009453392,-11.179010775531435,-0.38103358673473503,1.4366164413158853,-0.025740224642449218,-0.025128735951392374,-3.404071527101138,-5.488179642867462,0.1152312680380534,1.5328949287878706,166.01493597364995,473.4886618336708,474.5124844604767,98.120538084669,0.0,37.166672533885894,158.98627961869082,44.93543383934697,-123.0919357838081,2,258.1558630337211,12,5.423056980956802,100571.40757094807,100639.76637925307,100577.77593792946,100446.95044539096,11.946143576694285,52.50000924173905,44.59308836111925,72.31987605216446,64.30153247821511,44.491141263516624,-2.5121272188985424,9.664881743886715,5.165575951601906,5.361407552665706,4.575662666881078,3.7410406345696208,0.15369116495409638,0.5590304858551762,1286.2023286591734
e7b79d08fa96,36,-11.537798803350535,-6.905067672401306,-9.852761644722904,-11.647304151199245,-0.1421061736825132,1.341689887023163,-5.544111023909706,1.0494657292470726,-3.1369169950317106,-5.582386216259219,-0.03754468686704758,2.163163635001667,163.62435615220355,0.8917801223215082,496.7229541706231,117.66676631261564,0.0,1.1801477994346883,173.6505422869169,44.91993290132375,-122.9962107893443,2,507.958609000061,24,6.615262151156172,99937.7890130029,100645.85321323358,100390.36484802392,99961.99569868544,-25.248277941518772,205.68343751751388,61.96140433546586,72.36399831567635,60.04641959186869,42.99172895508002,-0.6000581263096454,9.701154379702047,5.080079095014781,5.508976659477517,4.879933335764254,3.7374833689899467,0.060157524113472874,0.5304227727332398,1042.404201104914
fe359515e95e,36,-7.37321835531755,-6.8870753909229565,-9.798448317488171,-11.674087430416042,-0.024977404010632642,1.3074135040336021,-3.3179098734974044,1.039883411462569,-3.7072187273898374,-5.573819444872745,-0.06342543535133673,1.9329780859973793,166.00033205851395,100.13166265310458,497.4269480927149,87.03095280058943,0.0,-2.6851724629402964,150.1894092203406,44.89991494112758,-123.0719396093614,2,780.3192341037403,36,6.61226332313858,99016.86493020858,100647.81407971967,100099.31640221787,99035.64578137231,-44.69626085049189,494.8552919637546,74.28378584744598,74.34778916942714,62.77795545398408,42.9974151223711,0.17294429431717298,9.188211278110838,5.473380123954738,5.5357650686156346,4.9355813179499215,3.7434357015018627,0.02490366366778016,0.4641104559250333,772.2029112592365
5657a4612453,7,-22.42814793213515,-20.88616798436198,-22.680205242330935,-23.75069386690642,-0.16140812715606273,0.827206712079991,-16.397556003859563,-15.109522832907317,-17.562283488079885,-19.30020968210684,-0.1332302852137888,1.2263681111917606,181.05523695320477,447.4125418740425,446.4834695990635,108.26911487200351,0.0,39.796331598869585,166.37658064507886,40.65885349814184,-75.39538700698864,1,425.21355352810076,12,4.21757870697354,100204.26000051144,100240.02337905357,99808.08276524891,99239.81188015483,99.60729186645304,346.422774481609,56.52936713539118,64.85308879231842,61.23648252174624,56.60846806434877,-0.17275911286393147,2.949613581560116,5.873685264689355,7.1841552102200295,6.295576637538039,5.813712965338087,-0.10203019531356776,0.40159745787350115,1133.9645416352673
e3b39b8a8e1a,7,-18.618086639411914,-18.640962309756247,-21.38309769865676,-23.78369259093199,0.17070398258293834,1.541658259581139,-16.174728472703652,-14.961939087859779,-16.66275671546931,-19.368712716019775,0.08274133167161132,1.2910850401213045,179.9453085958487,-0.9944857975018785,466.36057820804945,113.63455315617655,0.0,0.20932397014790377,171.2811707825305,40.65445290274816,-75.39900897590799,1,830.8128682812595,24,4.385357266296254,100723.97109546946,100695.66183482143,100104.0172875914,99246.84931463642,59.33092271776037,426.6258312559994,81.10881735727273,81.05064901599272,63.983134747039976,55.04552897279982,0.6312710041738676,6.982408713617135,3.2725895136095433,7.187823871898046,5.318480561383611,3.2543519711840454,-0.1621523097190721,1.157614151047807,719.4969247016267
fc60fda47fc7,7,-15.65649408351886,-15.649436043751276,-20.09639697207829,-23.766737532633666,0.202956562010895,2.25518258170098,-9.382554226249532,-9.36452221385444,-16.133106903368105,-19.28911257780952,0.10385054731119385,1.9657205819853605,177.34541521353447,358.3772539146158,466.7986695378068,104.21125839715457,0.0,0.16196005964354038,158.99386458663068,40.65690887459679,-75.42006882966277,1,1226.1884137710986,36,9.901823986238995,101151.65486410855,101223.839853397,100428.73425581724,99230.85094438237,53.09263263796531,563.0223244196494,58.649618328963484,95.9949112968738,70.17188639985838,55.03721501176267,0.7753311843314923,12.414118484679019,2.7168070268336386,7.1807516010403845,4.400701616003804,1.78019643872777,-0.1515016236878391,1.6207526958703842,336.0214798286519
1229998ac891,361,-14.443294417913695,-13.69076935420666,-14.176188224569644,-14.765489630937669,-0.09922445466574636,0.3815375451141979,-5.721978879879313,-5.712697753278082,-8.023183194957419,-9.258055761558243,0.11658884487373429,0.9731380368715745,178.24183912726653,381.59245406991863,382.43949437090686,84.7074970639694,0.0,31.697306071821338,134.75831924763074,40.65955200741006,-75.35339688061364,12,313.06599677144106,12,3.542266025052066,101034.31433959953,101053.68188272852,101055.12596333788,100912.02127814859,11.928228438603727,50.80678754645533,47.59182411203319,65.46753890825953,60.51398145513389,47.65636312829526,-1.1221956058307816,5.916928351755582,3.559445085710251,3.5667580070427514,2.7025989831228254,2.215874002710022,0.04939669739103843,0.3929369069927043,3013.317989994466
75cd0a780704,361,-16.54518035224138,-13.685222134932184,-14.820588363838711,-16.760753131919937,-0.12491888251535337,0.9901401361937187,-10.691835364182275,-4.998854496146873,-8.002438489831265,-10.605179959587604,-0.04169853414847692,1.5201137847944148,177.11649293856993,0.4366877064712009,390.88909569452875,91.04276120233784,0.0,0.3535136558783925,140.32808358656277,40.644801373036785,-75.47893699401916,12,623.9037848768437,24,5.614335978925948,101151.95407646814,101145.50451367577,101021.42188672436,100876.06270842944,6.113483425547507,87.58566125313246,59.39162215176862,65.47701912869083,56.673229887498145,46.99029917097086,-0.4975259579624399,6.244603592147307,2.8103710315386654,4.034789529669269,3.115695265718213,2.2152571156130203,0.04427325478699629,0.5475912328797794,2695.351314150412
b42ef1d08245,361,-17.636727385076107,-13.73847134448239,-15.312505296779333,-17.812106937505554,-0.10465734428505345,1.2537991745795105,-9.483152940764128,-4.979834528972265,-9.206875069095181,-12.537793753180912,-0.14305360260459396,2.2008079028969365,179.81371399070036,464.58520462768274,462.50686250876106,96.66682185411008,0.0,2.2059175628570884,150.1346128690525,40.689253417570285,-75.37789476644643,12,978.9318662932476,36,7.529307342722182,101344.26462435706,101434.90165156013,101104.450826747,100877.52112287589,11.963018133495948,149.7465683602864,48.565745829254645,81.05605097082363,60.315774561951706,46.95231462221486,0.1796213118067794,9.679026437403737,4.361512346225878,4.362475549032882,3.1888045092284325,2.2072859488319962,0.03012819700475786,0.6022284662228113,2347.9557565023492
981c052e7a60,21,-17.18538866006976,-16.564783270635882,-17.840640362841167,-18.560634516181427,-0.0862226876151056,0.6073210739939381,-14.756336484188587,-14.567531261398264,-15.841314436488346,-16.716010931900243,-0.049286789530758435,0.6779183538586898,180.1212645949597,494.0477698610391,494.37952333626504,117.44467344999754,0.0,43.063326475996654,179.2920077381091,40.65346372025633,-75.40245580640709,1,407.10980955634454,12,2.1354421132387302,100122.12482230004,100119.25073865076,99625.02220769071,99106.51762452905,91.03281483185404,314.9856043581405,81.83278567274255,85.83632557905503,84.47853044516317,81.73841873132415,-0.3475023073556665,1.4721959466583214,6.946643809876178,6.9517220582364185,6.701333259260551,6.484459208927461,0.02409809645894814,0.16941726801931353,1067.2401477487772
f6fe75a97d18,21,-15.286698183407031,-15.268247253641777,-16.91382390449698,-18.63008568057596,0.12557972308611723,1.0981835888165636,-13.93072017593089,-13.535399922028805,-14.859535631983237,-16.751499038031994,0.11733498429165112,1.0847367895988396,183.00349414821935,0.1692648089336281,494.3443698487261,127.35494124824261,0.0,0.5637361105436964,185.30505397678814,40.65502514346811,-75.45345252449722,1,788.6102624959531,24,3.192686607684959,100989.44576229838,100974.36364071387,100088.27870556408,99106.99212115361,84.32164754104362,585.0682543927865,91.43376115709628,91.30642483812844,85.16934367296565,81.71636515109824,0.15689813609148323,2.4788069311566394,4.2844233259544975,7.084188781406921,6.3153801548537745,4.281849199634585,-0.07890283663296137,0.7791515958643691,676.7194188321971
46a0d2769646,21,-11.136372988372694,-11.151719350976835,-16.66162578652103,-18.855258519387608,0.07445544989824668,1.6522818434602018,-7.083265990443648,-7.073861950585504,-14.898012351903933,-18.815718112237573,0.0516132522957304,2.266923287434068,179.54424782737377,518.344583464471,520.1489105386153,126.36675450517409,0.0,1.785525870469677,186.24628698868787,40.66598335687786,-75.378747050201,1,1184.5529363398934,36,11.749268634074017,101645.071648736,101636.64072520765,100560.82616464977,99116.48634605012,75.884537109575,791.0468963764957,73.48766901251423,99.92411121720382,87.55075086932919,73.46714712266278,0.2557484565253559,6.570176456766758,1.0315377864744557,7.115987938988375,5.177834747069826,1.0360351288225247,-0.15809243296343065,1.7981910528333214,287.3792117030762
ff1f246f9882,14,-14.029871647104937,-12.83469005975683,-14.14057856278136,-15.257988591496414,-0.14205564255193834,0.7132559772067123,-13.113216735934893,-12.254529116727838,-13.505180639902111,-14.77931304659308,-0.12080064640345776,0.7578370080397123,549.7464766874458,306.6661656551277,304.98010771747767,68.81902644185782,0.0,25.880606611779175,110.20465180501711,41.78593662834837,-78.64738820152975,1,378.04780621631664,12,2.55046312682479,95276.91958082445,95256.3314604426,95018.69141038839,94812.65904332857,43.00983900178237,149.501640906015,95.6324217699861,99.59344181373767,98.36952528824096,95.60082905677223,-0.21236608751560312,1.1629523537750122,1.6559284908326806,3.637180850757886,2.2491225556639414,1.0594356270685594,-0.2541558092464472,0.9465725593475326,5794.152033081212
15995dbae2e4,14,-16.303501963057577,-12.805390994001463,-14.665773018541305,-16.350092406809274,-0.11560905813197608,1.0468701515594545,-15.792387788048728,-12.238397143345212,-14.044240084419021,-15.981345247872246,-0.12046971515428542,1.1638773482104672,549.9828223339182,-0.25240366560868743,305.44789397872245,63.6986154011764,0.0,-0.16647882830081134,99.83339643407133,41.79729118576633,-78.69865340754878,1,768.8315956289357,24,3.744248193786139,94982.27049394071,95268.58205538978,95092.11779917478,94822.08061404701,2.072086809060136,112.79177362504363,98.31748265184095,99.93974591884727,98.18354202556247,95.6414919341684,-0.008636539647156041,1.2151448163242777,0.8219064376921413,3.6362577720823754,1.8279160217722878,0.6444100966533995,-0.1023764304754382,0.8599915804640017,5403.657455452002
68735470285b,14,-13.683411274622138,-12.823153626696437,-15.244241566994294,-17.72539069506501,-0.09628711112795581,1.4062671311774164,-12.95735621971442,-12.254536678357681,-14.73374867189935,-17.503193696386756,-0.10603482535056018,1.572517303526586,551.5486583880792,284.64022093807273,304.49984776454784,61.91486193829678,0.0,0.6223316126548077,98.79437756755839,41.7931213377741,-78.5306880666968,1,1177.9524182832124,36,5.2839441288876765,95692.76406480742,95656.65286756036,95140.1329728475,94838.57976308213,14.082150018577527,216.8000286533199,98.26261741786134,100.08629616304039,98.62493379031115,95.6943369464785,0.046616320794171134,1.2419553149577882,2.1479325991422153,3.6297046120472873,1.7686689502844999,0.6325937705027562,-0.03286614151005291,0.723086994327325,4996.655455423372
cf951a6b1516,35,-11.040664562548022,-11.039599315811387,-14.25547234390825,-16.797571743484905,0.1434629399433669,1.6945527273005319,-10.135584167146803,-10.15040768122769,-13.780886026241138,-16.574418126791215,0.17220607607156238,1.8810001208935765,551.35501138737,325.5781856369632,325.1312465681913,72.49113812654063,0.0,26.83859922539935,113.3376706761077,41.795398096227245,-78.62478189743624,2,380.8042383626776,12,6.505210724637008,95249.68252943429,95242.20506283491,94990.6208320762,94734.45557180508,50.25973597365247,173.70206746700856,96.78994884425083,99.98005490220326,99.43582597128656,96.90018281840706,-0.21642077956201752,1.0307901318419754,2.5015283427536157,2.4943175181633555,1.7939463531531534,1.4259626832618046,0.05739161674783225,0.3262207977132285,1176.871980975721
dcd2351dcc3e,35,-16.494239130430717,-10.415048906971565,-13.785005162716388,-16.81134301136847,0.0026652047256196794,2.0138055778321573,-16.09750715863398,-9.45283486865357,-13.195850839356334,-16.59363966896647,0.012244251146030132,2.229370056513293,551.9924647737181,0.7137450341991338,324.7524235064701,83.22928735417695,0.0,0.7971597309373033,119.18322514443727,41.817922581474505,-78.67247077412321,2,749.260954992084,24,7.142497525089502,95851.01998661933,95855.64531441455,95266.39716859223,94711.0151871221,51.58556727966702,358.3955553804087,99.78162734474482,100.01322524934949,98.81210462027326,96.50093581310223,-0.06459288833576125,1.2525549850702817,2.8276732552622246,4.022313996027158,2.577446615471828,1.4188938820164656,0.10070752117860225,0.8773821387537928,815.157015713753
77d6972e3379,35,-14.786721294535708,-10.425226152179148,-14.880506135686838,-18.344030962876953,-0.12013911756985436,2.353964084349244,-13.903321205712283,-9.469015808802345,-14.39561280710739,-18.07652468440927,-0.12194678811011404,2.555831902830256,553.5268679205594,457.86671719179486,476.2557575449972,94.67650838775488,0.0,3.1645519311985977,144.0872951074422,41.790035744460845,-78.58054290443047,2,1164.3427173383407,36,8.663407035374979,96176.2077463497,96180.46015650388,95564.32158637398,94715.84631352799,44.49789617860235,464.728911303605,95.55383175714726,100.0747729499712,98.82262478881549,95.50107150557974,-0.023838530879563984,1.2508438807038686,3.598166107329525,4.005880435036801,2.6852397613223116,1.424611117268655,0.041378433603486496,0.7546842204581322,399.6187575275832
09e7607bbe98,7,-24.357201787356225,-24.362243577454493,-25.43926187731637,-25.64794706345738,0.08077545747980157,0.3909854987125294,-21.406400053589852,-21.359337444961287,-23.435857059559275,-24.03322555514204,0.1523628640576576,0.7782730367196625,550.0255459542991,330.91760986008575,332.8388875357807,72.20930773952945,0.0,27.13182146544389,115.73872240297352,41.80315992939811,-78.60546394177808,1,497.66549618922414,12,2.688039521482351,95211.83359390093,95247.34518372429,95002.97334086115,94730.22695471617,49.92168318683484,174.23060268578357,74.42179653229391,85.85646514200398,82.80144990600725,74.41799946021763,-0.6576395615173308,3.3074496735051397,6.390069318212818,6.7647920305263245,6.298148122862728,5.960537327374235,-0.04944708985892385,0.24835770784727698,1199.6312397129786
40844faec823,7,-19.464909011431786,-19.481780676230198,-23.41002006264848,-25.677346104699986,0.32217329121138316,2.3537453113084554,-17.898967623453068,-17.823589430999164,-21.286590830667798,-24.032019482870243,0.3300967227007561,2.3800997248970233,552.4367704223669,-0.04102337529367536,363.34872077160253,81.12522939610348,0.0,0.37556252821932523,123.28040490128033,41.78518823239233,-78.65512604029676,1,941.484571868216,24,6.201285710711692,95796.5299534616,95764.59092381415,95203.8887954907,94703.99663252516,42.74217021292874,299.3535062228239,86.62577548988529,86.64419894787484,81.7588820088037,73.23308329192363,-0.04559751981747525,4.25543129418079,4.829765781714144,6.757949006348329,6.054450471166831,4.819413436276904,-0.05566397690812181,0.49346976687203176,754.47286076851
d619412da86c,7,-15.760140662714537,-15.80620250846107,-21.63521378576405,-25.678026607857976,0.2962874477854343,3.1467554826484947,-11.302797660316228,-11.318739196463417,-19.656660296632182,-24.019993828169003,0.2938720594952939,3.243802691189386,548.7754979840186,252.5664900821306,363.27931835827695,72.2940455573144,0.0,-0.052221612851907205,113.12422029471882,41.8262525541525,-78.65759140406689,1,1355.1638739005068,36,12.736450154365597,96120.87451517803,96199.42196348475,95503.59347752528,94741.79732867303,43.97790089611955,459.48252182893367,68.83036161744327,95.15338053237174,83.41438736404412,68.71348116265553,0.10975808492098849,6.119314853377649,3.5822512047622452,6.7541473843947095,5.183253290511432,2.6512079121651495,-0.11662603470179755,1.338305009713795,346.2648537050768
4987067572d1,28,-19.731369587098357,-19.759117632564237,-21.46384292459888,-22.81339272323401,-0.0005357646194380322,1.077151465214623,-16.313137381272035,-16.266309294866375,-19.509819547900932,-22.819290238186447,0.022102643791452842,1.9487155001891714,551.9639849503524,394.35506125047846,395.23375920017304,92.43473598095441,0.0,34.42821280673563,146.12140099139936,41.81964203454457,-78.59996203745298,1,452.512149321635,12,6.493709024640427,95765.88616670162,95845.96436796722,95628.76141979676,95319.4171343314,42.60790462480535,150.05790209939994,72.29534667132047,99.49653146862447,82.92827004930238,72.36886809904809,-0.07379979147276533,7.8173214696388715,4.045419060985588,5.8133415815727005,4.494059232602866,3.330298749705726,-0.17713228344830045,0.8785583086929649,1232.5685379455942
47f27944d4fa,28,-20.699450554502764,-18.34608134219397,-20.348469907578668,-22.789751913718302,0.12104356961316728,1.4616109790620317,-20.618438987700053,-14.56284755098499,-18.48972292100101,-22.77029610774297,0.05332638784691244,2.3858235003870214,550.1925581173376,-0.07475046277046603,395.35507682858906,96.76466476448702,0.0,0.4739289662619558,141.42355757944432,41.80693377308041,-78.63684690356537,1,876.6700701878414,24,8.198678249001494,95427.49622132092,95839.23817791551,95579.1034035841,95306.14261459738,-1.0905456099831516,122.21111883582418,99.78931115757399,99.99256077525716,84.20633680031816,70.11913731379319,0.578652272278908,10.399765836017965,3.3629853663507627,5.811882027315982,3.8708928806364526,2.6641351426246427,-0.11076460344092622,0.9376329959056838,817.3903832077037
f9f9b83be8d1,28,-17.99376933361347,-17.99984714491303,-20.315023001633875,-22.829394686545484,0.04994490285463698,1.3087897702690066,-14.638522663106807,-14.592988273403604,-18.67429514734451,-22.820685935639275,0.011022251469467958,2.2241050300872214,552.4101747220319,506.09864397229086,505.8018896278445,99.49286720595654,0.0,1.885258307685499,151.99233023344016,41.786514131909165,-78.64808439629785,1,1319.5188070844144,36,8.186867207269476,95164.76577124961,95822.67930921464,95476.71954935222,95167.5924005469,-15.083298110025689,207.8734606386777,74.2886719638989,99.99408283607343,86.17692413629028,70.20765551558253,0.3250617288162898,9.778712055556486,6.364302139896897,6.350873219499214,4.076965001435204,2.6632838454124403,0.0004234170082183669,0.9966427295492137,374.0420189090241
54304c5b491d,43,-11.014686188403822,-3.9135265424084693,-7.651357949046477,-11.005835354159219,-0.7380887127935202,2.5726784763952435,-10.052049546524088,-3.494871401915955,-6.9958387227641206,-10.029336367765492,-0.6824379658882413,2.385669418475941,550.3840147530103,447.38627952482534,448.0235241034856,98.0940501252087,0.0,36.56270799811202,154.3168945392752,41.816912803352594,-78.66530601530248,2,299.89233308983995,12,6.577584808280425,94597.72169950724,94611.99126342735,94366.01391058887,94286.62954431318,31.71165905961881,114.62490889130363,96.07977676505584,99.37393938567875,98.35571668245441,96.13274038926532,-0.29521006694256346,1.1674674799260814,4.988317361694725,4.964596567405394,3.94039749487169,3.227449650902606,0.09628230696249426,0.4794091419087191,7220.519843163112
2bb016c47c21,43,-19.750603513874786,-3.8874609522022014,-12.275495969006675,-19.76860689562006,-0.7688088805272639,5.377413645084725,-19.535474116398653,-3.447748624832993,-11.62149362659055,-19.503777920698365,-0.7818214786286497,5.472432732342662,550.149534169075,-0.18366481133077286,447.2975623545314,116.96494035432768,0.0,1.4666612446650495,163.8205973369478,41.79269055747125,-78.62701063917812,2,711.5023014121361,24,16.055281208713694,95369.66526983387,95332.73307985724,94737.09197048705,94266.4577619913,57.8716998032647,413.17828091186504,97.80067822770353,99.32878156455197,97.67530563341491,95.97175652541351,-0.10424960839246794,1.1136218316822961,4.577385716255071,6.157398497236773,4.768191830870202,3.22596827613163,0.10420118361196526,0.9406540442123961,6804.111199378745
cd0da18481a4,43,-16.46593251595114,-3.9136471276408398,-14.698024885613778,-20.70902283738524,-0.4843971274519594,5.602937318821759,-15.587018409707303,-3.4454880247309374,-14.200557077598516,-20.584428770243992,-0.4995469706925328,5.767157247757379,551.4203668122119,616.9601812965643,615.671958770531,124.31668675252851,0.0,3.124603159618285,183.05343249232988,41.77062849140615,-78.67956769711229,2,1159.2718656534041,36,17.102729362593994,95537.90912592628,95585.9082119182,94968.02661274423,94277.05383672255,46.416354132187095,498.0375484399086,95.07139151812898,99.33943955792498,97.74742934204117,95.08186214226471,-0.034058168434997954,1.1260062125183024,3.3207097653421,6.141294388996785,4.250290987189678,2.134916661367101,-0.030270661353930646,1.1263517165572963,6361.852384650991
92836e1f4d76,20,-15.675189104214986,-6.656319245347808,-11.257409039862033,-15.754048858565307,-0.9176732896665334,3.1792073629262982,-15.048470162311942,-5.904574890214988,-10.655421592526707,-15.173549195156294,-0.928032249474069,3.2243252661068915,552.5028803184915,270.61225567496933,271.2550131821839,56.700246846506246,0.0,21.4636506730342,92.67126857440664,41.7944518229411,-78.69907571879612,1,342.18559465207755,12,9.24114053268032,94205.03659693923,94212.9380692263,93787.2220485,93438.80787893,52.53108599002286,238.5993195297624,97.50976509427683,99.39368028355598,98.77723878493319,97.64146700324109,-0.07616187101798093,0.5903483871359793,6.139466082077767,6.360156502634291,4.736680796781101,2.7037172172859965,0.3973285547333065,1.4288374810024527,2021.29223692617
c5a6946a63f7,20,-19.601239900607187,-6.619589078492519,-14.33516554917362,-19.604979236993266,-0.5515152844682302,3.943108124861014,-19.345963864605906,-5.9520151070299985,-13.733013638889107,-19.308771888181337,-0.5626050049386323,4.030833727252529,548.5314711428033,0.8957063190172687,301.5832244216957,69.16925954870042,0.0,0.7473755040931009,103.35894894216688,41.79997943744671,-78.59709175220722,1,761.7132279509907,24,13.409083649636663,94998.96451399135,95013.55681050717,94235.4436211261,93473.53534312383,71.24499720151286,507.2565789539419,98.4490534160974,99.41336767367522,98.04575012781736,96.21705495103572,-0.0771582632520892,0.9776923185100107,5.878103636287865,6.743936055560413,5.567400727398717,2.6997111900791713,0.15275871750940465,1.3222701130748467,1607.63404564943
5a6c04041b74,20,-19.00077654687299,-6.659952480772788,-16.295113329896374,-20.723868898765932,-0.3802048102157475,4.261208880426868,-18.586779566347158,-5.88010558484928,-15.851760001387625,-20.520775371871057,-0.3964158073158202,4.428555550127807,550.6656605538834,430.8912233168565,430.34789740487145,78.96978381852644,0.0,2.5520860588767142,123.36841957759285,41.78957087513326,-78.62070615934633,1,1216.887890261309,36,14.582525208087215,96009.51304106839,96006.62750468383,94667.46010503713,93456.75734691779,71.30138482830725,746.7032995489196,96.77585429326956,99.41626304126873,98.03276881208127,96.23057341965206,-0.02624561811206448,0.8469579549833478,5.74855903956914,6.742197657480341,5.683989940160647,2.70726871889095,0.058688081751324894,1.095817325493856,1153.7271055398955
a568f681bc36,27,-17.912757478900303,-13.824875634344986,-16.96976960765572,-18.33569931024503,-0.38673287662666805,1.4909580377535474,-16.273153316822082,-12.52736118348539,-15.64232247570109,-17.010566048284225,-0.3574565983042629,1.451375969669892,465.6870240977742,467.29497567800354,467.6408232299352,107.35818177867162,0.0,40.0925631632359,169.48430106541,41.33337676908409,-75.76825806670685,1,402.8475408172637,12,4.552237541115846,97065.85846494722,97015.16541656463,96737.92478718127,96346.61866268943,67.6882118930185,234.8401121095887,87.16812286737556,92.40829424074293,90.61956753082241,87.1911949399057,-0.49250444106183305,1.8451368949759683,5.267310527848882,5.580164208403904,5.152147698194781,4.775129059425522,-0.018686086717329606,0.227189131336584,1160.8430209869614
cfe5d4175174,27,-21.357461907718825,-13.794305806433089,-17.95682277239717,-21.83506214488238,-0.21887175309856688,1.8336691478075529,-21.440101517724155,-12.499462261358454,-16.74983598985498,-21.87999585554017,-0.25751217842750257,2.183023202390634,464.3587226278352,-0.22913005983391552,467.48751579080226,113.3622012201332,0.0,0.3876691678911907,170.25361422979654,41.331620891756806,-75.63204347677238,1,833.8073125802239,24,9.400594535876332,96948.55672287576,97096.74654932226,96876.43073261854,96361.88384360715,28.624642969582762,233.74557730079567,99.97022987074219,99.93695135674112,91.73486310545388,87.19091540655045,0.22559954805307492,3.5675772518201594,2.3009128309862574,5.594181666517906,4.468834232814419,2.302983363229391,-0.1256082359548312,1.0327776615275461,732.4785866934973
e826ce36e800,27,-11.473310426453864,-11.450206811062305,-17.640549688619462,-21.834811134306257,-0.0029276148098689564,2.3597111454487187,-9.048125325457207,-9.11531753381467,-16.374605287653644,-21.876698072135763,0.0026471325881598177,2.74859153487984,467.2288890298321,231.145364180677,467.6831109344883,95.76835133529057,0.0,-0.9996687889389592,150.60550411945522,41.329763633142086,-75.77349791612268,1,1237.8387563148385,36,12.779831058613274,96534.91466216806,97076.01710110894,96846.97245658863,96394.93078018085,3.5161711883161053,207.13250956335247,84.8391165443113,100.09690645242104,91.09430932473003,84.93272963267954,-0.02041029110777919,3.8106593609229797,3.4407095327157537,5.569192915359123,3.69103731151106,1.2676449419376064,-0.11873598839649599,1.4404626706276193,323.25232610141626
f9f567e59c91,27,-17.52561848331478,-15.621442551877887,-18.933408999463953,-21.157464457615276,-0.20640989677478372,1.5875949565319083,-16.778728166286278,-15.093287956298257,-18.497087499258438,-20.93163859110448,-0.19069236858755403,1.7007120068087238,465.1126489742271,533.6251902941059,533.8731173699069,123.12415728862811,0.0,45.72532600526252,192.40661528621084,41.331515931668335,-75.73292581684437,1,439.2547421488839,12,5.824805966339087,97303.39693742765,97311.87992415413,96716.75763166575,96084.06508383577,115.61512248108083,400.08412736957035,94.47078766150254,98.90362127572584,97.25832890825005,94.47438661147525,-0.3158903961985195,1.2983394265827004,4.517639512819678,4.72002613523524,4.493149254567787,4.019937045904734,-0.04057252378165774,0.23167257672991154,1220.3459574106416
e819cfbd5d73,27,-18.594746940332143,-15.660423100426593,-18.19617145121187,-21.149219537681933,0.03224469746963369,1.5091972724867417,-18.228546043173388,-15.063990001722777,-17.672782783825944,-20.88771460417967,0.0395259871550505,1.6917043291102414,464.17480045339965,-0.00846798709641153,533.5401650193834,129.2780459319028,0.0,0.5981452843011308,190.16337158493894,41.349639904536026,-75.71434343770441,1,857.277772546127,24,5.841422389240129,97907.99816058496,97923.27721580114,97184.47278911404,96120.99941109664,79.02691415942769,557.6155311915436,97.9941134535532,98.85845744543091,96.99393106737344,94.40388098451764,-0.04346927876484532,1.2971194366231844,3.447399201514115,4.739911604482052,4.193579460155127,3.429924044447078,-0.05512133138520019,0.43784717033869763,800.370131959039
fcbfe7142bc6,27,-13.838791822450634,-13.879564455493181,-18.190190962124145,-21.12977665200533,0.021536085936126007,1.6010190673389888,-12.721264449984302,-12.730871984118322,-17.72511833716929,-20.935274331636645,0.021030216270089344,1.8292215423195828,462.30967920628825,522.0529311225731,534.405521466941,126.08374346817827,0.0,1.5260147863195825,187.81565856476135,41.33517698480544,-75.67658165777611,1,1287.0568740097287,36,8.198300893067875,98349.82787896348,98343.97391109435,97556.25244976478,96108.35920956235,61.54632923469874,658.2484669207074,93.8243718529489,98.90755218807836,97.10888673600584,93.69643259620383,-0.0067506930084628445,1.381220635187881,2.152337084288398,4.745553992473331,3.8237719987819143,2.1529349821140804,-0.06384642974466517,0.695030375180114,368.70166971081704
19c77576be88,14,-14.870456632117396,-9.397630659288128,-14.072816894154899,-15.785253325190183,-0.4633183540986915,1.9334171687386692,-14.098693833835004,-8.644744574499592,-13.442773399727423,-15.204416659420286,-0.47015839136371723,1.9794364681995569,468.8022360468269,338.16082880083803,337.08576573550863,83.12468185331016,0.0,30.116843350418343,124.64887982756521,41.32193178154988,-75.75056354194194,1,377.2008386116374,12,6.548509191536999,96298.65538912607,96333.68107950366,95941.016220644,95442.2075310886,86.582640415181,302.53999991517406,97.39933389531903,98.56925540799426,98.07776008729789,97.00664779215093,-0.10684358171675572,0.5179990280367209,3.185795275426704,5.354893008407584,4.35191955923967,3.184431449105881,-0.20523633112125744,0.7161773105013637,2974.227288826255
288bec929818,14,-15.5116470814268,-9.421417175333412,-14.702765640653851,-16.306254953740954,-0.1601306537189599,1.6277692326804172,-15.022282108960088,-8.653470694055697,-13.906241855849467,-15.479294310570403,-0.14599402808721898,1.5856206425544161,463.1319573589157,0.45163599916353675,337.47981138147856,78.85068824277826,0.0,-0.1470209143200235,118.92401989894037,41.35610834280076,-75.69625930148952,1,766.7990242122927,24,6.865005142467277,96141.43127675657,96339.88179954614,96083.40545448259,95446.84556976701,28.454989970775927,262.4171733264994,98.52663240201456,98.59678992469914,96.5547448229098,91.19496044061663,-0.1951632211772964,2.240576606041334,1.5731763068110474,5.347632555905907,3.018788241285459,0.9125177219657536,-0.20574591563787753,1.4908609888002677,2586.2156980188465
d12ce82ed275,14,-13.053793454696349,-9.395733200989858,-14.664985000133763,-16.341566672504708,-0.04078870021797861,1.3716701576764951,-12.457520791244756,-8.653214897653873,-13.949228222547351,-15.478924427711181,-0.04550708720128295,1.363200802847874,463.831364886273,291.34172133609286,338.00542033296364,72.67427963264575,0.0,0.14549233873437079,112.57648484081982,41.328899140778354,-75.7145671773556,1,1150.8473716339795,36,6.835673303586891,96521.47239227177,96534.6140096934,96122.56396792976,95446.34233412739,15.130467776228173,246.05371387524426,98.58279514998432,100.06391603122503,97.70292611588863,91.14004918445185,0.05156442892863332,2.2853338930234557,2.742650899175421,5.342891693610436,2.578503096665288,0.9225488546517941,-0.10783325872420099,1.3831227527028056,2199.7124893438354
12fde0a5bc05,40,-12.35594442364353,-12.380636275851819,-16.59652077929316,-19.141870274621574,0.1946189325441399,2.095562984390291,-11.673330837570656,-11.70428674221947,-16.244885252081385,-19.009822204312485,0.20662286025754764,2.2738276586012223,466.957834225382,331.6911022127936,332.3415645158129,74.81216127844722,0.0,27.480324049899387,113.53347825063403,41.33367033335855,-75.71766350610763,2,412.19701137431196,12,7.376016752411717,96384.67588493263,96497.32850731557,96475.98196712355,96369.1339227379,-2.5484434523852735,45.55317323801648,98.24921985278749,100.02622214336611,99.30219326255433,98.21058794469562,-0.020125367836127832,0.625771597891951,3.706481071764584,3.9248823701526154,3.113750293831878,2.6849215347189523,0.007141753975728883,0.3884939797237907,1891.302301948695
914895c40f62,40,-10.475030360290695,-9.357601755099001,-13.293137986940483,-19.116365998842596,0.4338628855223565,3.6291621912514,-9.887518246311872,-8.687961872086982,-12.8130571758016,-19.027713157937928,0.4538971405195085,3.83289020850168,468.3262575338559,-0.438103788715203,362.1263382242554,85.95795910300102,0.0,0.8106455202407303,122.93774068489473,41.330378950689656,-75.71839162530262,2,740.2045959711951,24,10.379559615292917,95909.06976949346,96522.07818606927,96285.57284980439,95956.71995991649,-23.754282644014886,177.0846424931223,99.59732868889303,100.0085751705804,99.13051354403305,97.53997322709132,-0.019752798159215823,0.6814258590703115,2.2374274049791483,3.917895251370231,3.035697597480866,2.24302396725519,-0.029278762971427827,0.5035637581927619,1565.7250275933832
e230c32fb676,40,-13.064842510723903,-9.379945705851869,-13.180039951636564,-19.175470101620114,0.13591344421012463,3.032065043794668,-12.028944602623582,-8.66129886671695,-12.538720248909586,-19.04838990560698,0.15153532907823286,3.2094552874912274,466.2687347707518,594.0872336810778,594.0452944093024,105.67762710997773,0.0,4.3737207631952,161.87961165876388,41.33984961874287,-75.75488468910156,2,1101.3775898186632,36,10.362322978900123,96024.45770727817,96570.21251326575,96145.72736359619,95794.50547797485,-20.79045544686645,236.07083439075544,95.27054416731086,99.97024004849484,98.8330116706325,95.3740321344817,-0.05364692388663597,1.1232926063665665,3.780416581180227,4.007521326352185,3.0672322801863703,2.2439719156348032,0.0003589384738800247,0.53000563321464,1210.6394002662062
6156874ddbc4,7,-24.290120713324008,-22.17459343160842,-24.280111518740647,-25.30311002772332,-0.20644999601889408,0.9539382408993152,-19.86338054942308,-18.30277087865243,-20.741556596082656,-22.17233242740046,-0.16037973310923845,1.1470440248615346,466.2015424517556,442.08135679370037,442.2078721149586,97.95405124863872,0.0,36.7061915848761,155.84931995484652,41.33633506073301,-75.71421357379987,1,465.27548788249413,12,3.8517103052950246,96294.52536032819,96296.27991505754,95913.96083214603,95457.07636439822,87.72444315033626,304.4145527868619,64.9080512244576,73.83908767134427,70.45164745472589,64.95564063036048,-0.29583423811426546,2.5709387870641915,5.275741886109971,6.043212973668646,5.652984791209576,5.269317251814671,-0.06667960493035055,0.24658710863909408,1218.6651473881384
f54d3394cbf6,7,-19.794522911103076,-19.786771198297945,-22.923273549372734,-25.254497098724205,0.19241439939668342,1.7669564638036144,-17.767280932091612,-17.759685436366553,-19.493988658620857,-22.146650015103543,0.14396871616412324,1.493832352756236,466.36167999751007,0.05815779713179653,450.7866243443224,105.59995013650679,0.0,0.3982183721786988,162.8508085206489,41.315802198640895,-75.74513872524848,1,901.0229198126012,24,4.426994502767628,96847.18084540172,96854.67770998641,96201.75765381593,95401.19102630524,60.210033620252325,424.6063416912998,82.84925320727201,82.82395870700931,71.93151904537984,63.30817268733177,0.4126622372727527,5.511379620474625,3.5525260905086724,6.041210745993762,4.991719115305512,3.5591111360630188,-0.11153275742390495,0.7835565977249167,778.5493297763607
cd0095eff41a,7,-17.126836827450987,-17.12331975980923,-21.66652563274298,-25.265835503517682,0.20174340224628906,2.3337127032184464,-11.89965940456195,-11.907754514797748,-18.59790673554724,-22.14948353663767,0.15941034080118252,2.1480389496777232,464.3715020756015,455.30424045142195,455.16125380725936,104.2899735335313,0.0,1.3621586600742945,162.0972373464032,41.34056226986462,-75.69629578631873,1,1317.0043389134844,36,10.29110983167878,97342.47772056966,97402.14683992341,96545.76481913026,95410.18722608587,55.8284216687622,585.4515703642319,63.38516214902886,91.0875318089138,74.92243119916346,63.32959803564391,0.3934666651449422,7.8062382738326805,2.7598686346604038,6.028434830358422,4.29061890963113,2.4344706409348413,-0.11320176063511506,1.191382822674702,359.5844916103522
abe439144c46,361,-16.139248452268973,-15.587883445364346,-15.808145323941103,-16.142947365569135,-0.03243404126051083,0.14997083629359215,-10.244811218783385,-10.274435555766143,-11.679937792151714,-13.115539556081263,0.03626286969309714,0.8058761794517197,463.64991507869945,347.91036202906105,347.71301262950186,78.4865502146626,0.0,29.303939365266945,124.02572668647888,41.292401637664014,-75.71612768577553,12,354.9306994504936,12,2.8744428667883204,97332.01290671978,97372.37406076587,97329.8361725248,97197.66049293935,14.372099674598456,52.382038313392215,60.2867949521277,81.22481496753882,71.19026176560016,60.21725271937958,-0.42582809106659814,5.641942346129005,3.3584418743156146,3.366676262842014,2.6740554015106537,2.1303809181633344,0.06225022638671989,0.4132303648799328,3425.3372031152576
2a796e4eb932,361,-17.193266805255828,-15.58937550064941,-16.35044339603279,-17.232109831323125,-0.08113732971814859,0.5782730026102185,-15.620624994115186,-9.945096225471564,-12.09437324628505,-15.630490406817177,-0.1177069526800325,1.5600721539184752,466.76996572831916,-0.7262850942856824,348.0031868587136,83.21318137198806,0.0,0.1782621316393512,127.69151306874491,41.3388396008197,-75.7380807936918,12,721.3818374100608,24,5.62987698624223,97442.04388965509,97433.734681673,97334.86160454738,97193.21348888,7.849982351263546,74.41411819263914,89.11527196108486,88.99446686995114,70.2335672037853,56.8479662238777,0.22410651815559055,8.65731979757291,2.994532432150789,3.3986932029220767,2.8492896528923866,2.1289626944412925,0.02560234278889747,0.37620398958307644,3061.849610083264
879fb78e1bfd,361,-18.91143167562259,-15.588256722116991,-16.83560750407935,-19.071769304949356,-0.09050234292281158,1.0659550736901051,-14.768096539261077,-9.969010861523167,-13.126876212256901,-16.276563917544554,-0.15529887845636364,2.007620118102749,464.0680584396211,392.78612395024334,392.67752952057447,83.01211748163595,0.0,1.1168307494906882,128.4297154006993,41.35197213356751,-75.75744636637396,12,1122.277625985862,36,6.27342375650964,97601.41303334715,97673.01373839038,97435.03511683576,97218.44423192786,10.755612330386263,124.49446365129519,68.61073261175088,91.61593108335559,73.6615579661117,56.97052570546188,0.3724657179422894,9.408821720199775,4.271200894089484,4.358652658447503,3.2280600792593286,2.127391431144679,0.052787750177783616,0.6693547549540271,2658.6624473488046
8319df0f311a,14,-16.15738100180372,-13.174490077558728,-15.193939622613772,-16.34601631915637,-0.29424446155374995,1.0562940405632144,-12.14702680186555,-9.819341922132256,-13.105609476463316,-15.2562606701319,-0.27699549666242357,1.654749369145666,15.790812142432683,482.9729649020723,482.339013191763,115.20655643431567,0.0,42.258309497619436,175.39036349864958,41.74327694476519,-71.49265969127622,1,373.6470809135707,12,5.48920881402305,101910.25408336143,102128.60542844841,101877.99552109392,101438.0731334697,54.96852073648139,213.12575848555426,74.3608121070325,99.94258737102693,88.60415431592358,74.18487939698757,-0.08124307681672742,8.526981196939865,4.7354047046176,7.754941607458466,5.945125035906422,4.739195210141264,-0.28338789904906253,1.0105992452345807,1855.344838734462
20b26e7f385d,14,-14.634989506769397,-13.188055629729282,-15.044743026139049,-16.34530447251961,-0.010655356747813876,0.800251885022755,-12.714890888137012,-9.791767012973427,-12.544576869076707,-15.324062338278372,0.015039884276016454,1.375038642644465,17.003436565195415,-0.3349260954970102,483.60420593004926,104.91795759153082,0.0,-0.4783718248939346,164.31336549316958,41.734575179131916,-71.38772851379352,1,733.5038963785796,24,5.460984498954063,101219.04977940304,102123.88795977019,101692.99255825406,101266.98944693938,-16.772768266036525,236.27519467203507,88.98189985240225,99.89075396537314,85.09446828229997,71.96928676013697,-0.24357109010575462,8.251064182317192,2.540097176066486,7.745577525680572,4.814795804167815,2.5301486164339932,-0.2074366251288326,1.4645990239006126,1499.5387618834752
366dc9ebc852,14,-14.056612401139365,-12.951811928626295,-14.569932742448286,-16.352377785205704,0.054611577321850714,1.0056647742796416,-12.056593897235837,-9.810949858968522,-12.610260725193868,-15.263198529175721,0.00027350096054106334,1.12766879096165,18.894120589189413,318.08819309954464,483.4754585198307,94.05914999225247,0.0,-0.39868262632122997,149.3203401370882,41.713238740923494,-71.40903440217623,1,1100.4534892497604,36,5.491024944720325,100761.11181683566,102124.84533144101,101427.1475077733,100711.20265451158,-38.45931254234821,461.17283956600096,89.34883145180294,99.96138712721425,89.00573001345582,72.04878290743649,0.38106955218085437,9.015777713317334,6.097469628000849,7.761895531536019,4.827759054804313,2.529505549418989,-0.04896338039678927,1.379575380176409,1125.9866881775254
0209bf1d2f3c,44,-13.403534661089536,-7.674304250204596,-12.271091424560378,-14.299180795653026,-0.5434063636802046,2.1258091642539263,-11.773845017104186,-6.577938375730973,-11.15189766941368,-13.532549927073454,-0.5383174469777372,2.2328205916377524,14.822196818506484,575.4037744977092,575.2769360415431,147.2046133652777,0.0,52.43935757501454,212.14009576530069,41.726431972458926,-71.38726665813162,2,349.179986195284,12,6.987067386864204,101538.00226989298,101570.36340345586,101114.17139394213,100577.6367586552,96.54201928716672,344.303764917839,90.00487727076725,99.14397927257349,95.4278391404312,90.01769828192538,-0.0808630451507454,2.2898678453824357,6.351405169438802,7.558902159920958,7.196119365018966,6.343564292192987,-0.05858493772376116,0.330046673174746,4853.822363754154
aa5c21db8816,44,-15.269712291234212,-7.713889521968978,-12.882938315678036,-15.27331049829646,-0.18029785966788311,1.8057351856206372,-13.86664242850309,-6.584382513577012,-11.454029017852195,-13.848920135171012,-0.14427865449064733,1.899331314949525,17.727369907039268,-0.4706191947725105,607.5800375177313,150.5338478486998,0.0,0.15686996048897286,216.5803210533609,41.73269052117599,-71.4301977370356,2,705.6316839530325,24,7.331092170043933,101931.77615065983,101914.63677558176,101448.50605818258,100564.86262520672,56.485826640953206,411.08851101108013,92.92025223355273,99.15236618042815,92.18136950008622,84.20031403858488,-0.296194610829237,4.206561047551244,4.352231748495524,7.572562473664336,6.200864146749908,4.360649220890834,-0.15085560630601827,1.0912682954452118,4491.880004144935
379d2dfeeee6,44,-7.376813066434705,-7.37438284998994,-13.213825241882798,-17.244293219777965,-0.06112951243135143,2.4901764347572435,-2.9266474135646257,-2.939858358986337,-11.205433336864001,-14.682990721287771,0.020831341531970762,2.882977903050324,17.77956973918667,305.56588816367895,607.8263673705022,129.18074471381672,0.0,-1.2419725819608378,192.59135211463627,41.723064535257144,-71.40626605219799,2,1049.2370643458332,36,11.755390697396507,101084.83043967471,101962.05953520915,101537.66120022658,100565.08681596364,18.376885811664337,366.83153427907985,71.59521260988448,99.14143583567116,88.06687057405881,69.90943850965239,-0.6378436499941842,8.566560122226493,4.839535826577366,7.559617096321461,5.178129607768183,1.6982218352299667,-0.15786837140765952,1.7977290497305036,4147.5091769496985
aa56825b0319,21,-15.253908659340038,-13.278782023255138,-14.59558931503266,-15.454024813925507,-0.20886356943945264,0.7654965771056084,-14.126378158767192,-11.465340124109511,-13.686012348772907,-15.022888034493855,-0.28213290751671777,1.1543070614641946,15.652993657493713,347.6734224174895,347.4395088019312,90.23814602055354,0.0,32.573430669634845,134.46427111414943,41.76947102561679,-71.46585923478186,1,381.0114316039698,12,3.528315322140561,101068.25643890523,101074.88944331266,100671.13042062832,100030.3330303982,98.17335946130784,340.7634180324363,95.19541798741251,99.98763037067074,96.55708920226753,90.39812529991127,0.5551405460991523,3.354224213561022,7.683411392845544,8.317595766577542,7.793149681405886,7.573343184673573,-0.04869388449163101,0.19950257443875555,1027.644830113361
53626b1f67a4,21,-14.134567322935117,-13.232791780211006,-14.609330466165483,-15.435580317702554,-0.01236830685031122,0.5704941533614933,-13.550888209956476,-11.533418446431684,-13.750614893407345,-15.064507884678406,-0.03673656104777986,0.8201936529034289,15.235112183297987,-0.009743074866396067,375.48902174937473,85.19777415524284,0.0,-0.2426291397319049,129.61088041633457,41.71595550867754,-71.40738968120516,1,762.1407028825653,24,3.512822038982696,102103.51740206196,102133.95124476113,101132.27595862171,100055.25686334261,82.78786407081257,579.2327720322726,100.00821419152409,99.99827259198223,97.30419338894359,90.35943328140269,0.20251483944741927,2.743666034927638,7.519080979360517,8.559035061285739,7.943654261258269,7.521197755109604,0.009235102648836454,0.31638557286866376,643.4191518380804
3692f469a7f1,21,-11.677493589147739,-11.663765474837598,-14.193161722735264,-15.41619745435837,0.04567756710520571,0.8224042744815693,-6.366125682871372,-6.405534019930393,-13.10888275948559,-15.026415854519538,0.07965183690044723,1.7493740053199027,15.67135279184961,524.4810628798172,523.8397610109895,98.91729834454517,0.0,3.1185635990815688,153.6472350088415,41.724126809453935,-71.47347586773135,1,1120.0758320119753,36,8.624175665915516,103265.05947435909,103299.29742601482,101723.50606013996,100052.29562276622,91.81951676364022,960.7522688884957,66.05239006191698,99.97989345120656,95.45950709386761,66.04933720983102,-0.24783866299871832,7.722565885301139,6.022899465644629,8.565485914528576,7.5196654099740545,6.028312080556332,-0.04858216316829157,0.683682770627315,282.73509123965965
aff7ceccb370,50,-10.971941612639949,-6.756697850918818,-8.698340737043878,-11.17650171387435,-0.46007805251986583,1.688262684031413,0.2588536622429142,0.2768158340788568,-2.266785682103375,-4.005013841198552,0.1101573873370329,1.2508576699480098,13.566225654720188,788.8886483047238,788.3717722175172,192.97026328356534,0.0,69.55171325191934,284.8401558297627,32.88571190338697,-79.98968101804526,2,242.46892829461208,12,4.32947709958388,102270.81503024306,102334.67432527182,102154.60668878959,101891.23886819705,43.57255559663706,157.30061219906847,40.83837534871846,73.77732148629696,62.34296803849691,40.87422860698508,-2.6040156078809527,11.880184595656923,5.442500755501358,5.475138741392219,4.95440574949202,4.3113139799372355,0.05800411239179756,0.3954131314992659,699.8758027655915
2322d5dd102c,50,-7.782591249919963,-6.74739722181511,-8.850055768592421,-11.142686426828199,-0.03823797877474619,1.46910094373625,-4.521965863147966,1.4365699257213354,-1.7953678248594276,-4.530801557908461,-0.00898493002572266,1.8990628569699344,13.328870813443295,0.38201067912130865,832.1273587859658,232.39653383429945,0.0,2.7817889937017775,310.8098373688901,32.89017239997397,-80.06088368623557,2,476.0989395647578,24,5.968485315918278,102544.18965664894,102520.86995118411,102256.24227037212,101887.44892689142,20.793737189663364,170.88784967929843,79.83795556657827,79.80573749500022,59.90162921593815,39.64657558968221,-0.06376852951927754,14.311290670150578,3.0723142390836506,5.47181753512242,4.580194080789574,3.0657824140174914,-0.06946267734022347,0.8082925523652141,474.9071292191152
f0ae8df4c508,50,-11.303765614477502,-6.751255318498084,-9.25987120800462,-11.640182653228495,-0.06838431552559934,1.4908815182567852,1.0231657966391594,1.4366263839648308,-2.582259509414476,-6.009943672533519,-0.07414432574951038,2.2987384649358074,14.201913867918302,761.3821601910372,831.668407422128,215.39975197384493,0.0,1.3241223907036357,298.4325202571551,32.91381828685501,-79.93721137402932,2,741.0479577909379,36,7.47696278307071,103103.1654626679,103104.42713954451,102430.60893586905,101903.60124504595,32.119155828526445,355.70587648413925,36.985271201391456,79.93520666587004,62.027082852205304,37.135384128658515,0.0629916772966583,14.937601051949862,1.8940497405975778,5.485949605955955,4.0910849995946705,1.9031419020886038,-0.07758726018627966,1.004205612641173,205.19643730719548
dbf32b346b28,1,-11.80504573174788,-5.957454223201641,-9.470443841133836,-12.079785560471345,-0.6243269619509741,2.199858835098325,-0.04224145986856241,-0.04709309442986094,-1.3477627759131012,-2.6289042612143487,-0.06266373623405129,0.7876477057572947,11.438366470972586,379.377161081897,379.1214663911295,79.78268666155,0.0,30.146030480622898,128.67728665465293,32.879236686797555,-80.05174889518908,1,233.28442816809599,12,2.5838333033246546,102919.29190306098,102949.82504849817,102665.40422550564,102345.15996252811,56.097348510785324,198.52349246143092,38.75993503206849,64.86402184319944,54.013495828551704,38.89116092474593,-2.468827766682022,8.660414651008216,6.404078016204556,6.387317345921359,5.479567684908822,4.498346569034504,0.1944499000520069,0.6781635184597871,3163.306447914058
809bc5451d4b,1,-9.179452493086766,-6.002195996811631,-10.037030833094247,-12.098540724276228,-0.11958479311192904,1.7521188747276168,-4.71448497875766,0.5791188409630311,-1.5953022589023003,-4.725496338311859,-0.10475961458625502,1.4334365282355666,11.819614826524969,-0.3590867263461234,380.0234864443403,89.36138330865163,0.0,0.7206841394699213,131.81436837946165,32.92607048589594,-79.95155073359687,1,470.6663164741569,24,5.340854511213155,103149.36486482235,103138.20982301496,102818.51910069495,102391.19977441008,32.759641369452034,239.18962381870588,71.74926821576925,71.82152780554162,52.64850953198765,38.44012528847259,-0.07851451977653076,10.177480923172919,3.3591840654486727,6.399381864301456,5.0937965277577275,3.3604605474855056,-0.061262306760988476,0.9837123562325332,2917.1397107880443
d7a8c10e7515,1,-12.080201289984535,-5.995958706925449,-10.032135988002226,-12.11881133926616,-0.05270224945385798,1.5959279687248589,-0.3595429337955312,0.5827568242888618,-2.5463238550052654,-5.769104056844888,-0.11995816827100579,1.9624038424995383,9.194036795851297,544.6044903649195,544.5730211949672,99.38287416494,0.0,2.96221226200127,154.75506830886584,32.90213895501418,-79.99674590873163,1,740.1404016933836,36,6.388734929612915,103331.18599534457,103380.14636101379,102972.32738463009,102364.36293382847,27.160793678215853,292.59283822516966,39.016559734232075,75.16566462066892,57.1088107357821,38.494859310912084,0.3535507849368505,12.688133185154454,4.792184098298469,6.40473941151535,4.92525353919321,3.3519687933946205,-0.029439688733911618,0.9411286764355306,2656.4329477937313
060308945efe,358,-12.805780930240626,-11.29917794303102,-12.415043780807533,-13.507847167084536,-0.21863323832075285,0.82182026244313,-2.5428551167243545,-2.572020724127551,-5.6076189205001,-7.083621830970904,0.07642096113994527,1.2649607253130242,15.025883014938902,554.6602539760137,553.9791064867675,125.2548544609149,0.0,46.52363226396424,195.24863046528648,32.90805385014391,-80.04463766568715,12,282.58573076430656,12,4.562450211693179,102358.46720005438,102388.62097519079,102200.07029004615,101970.60379145964,40.65156767651848,147.62863519377163,43.90489804427007,64.93828114645576,59.66357843222891,43.83496362250233,-1.3980499721076485,6.820034671729648,4.76604507072477,5.633656028699681,5.342754954330919,4.744333798854732,-0.0749536553252839,0.27836675635031466,693.4777320962836
f017c9ff4ace,358,-8.145427453466864,-8.101130378259219,-10.963140300660791,-13.481196393884135,0.19704999478835972,1.825812336958809,-3.978558271392293,0.395021176571427,-3.84548229703184,-7.068526918934688,0.17506274878142564,2.2775128778939426,14.326667075632042,0.7987049921501785,556.4599321139508,144.83549062836366,0.0,1.2369751070587713,209.92571538977506,32.88586778997379,-79.98336793084366,12,525.1034554869964,24,7.504668865901824,102194.41225678849,102377.4191480948,102196.78760932201,101992.31449039595,4.611389883095152,111.12200605518704,73.60031404283386,73.56307306120821,58.62972857691771,40.75515277828721,0.142744636368312,10.51435682818963,3.2421023827465176,5.640685365059189,4.6197004827244905,3.243314401258574,-0.11831532817313115,0.84070694912989,455.3577047458998
9bbc97452011,358,-8.23673184107868,-6.937723980697553,-9.85384138561829,-13.470861795595455,0.1853642416538824,2.224366770498719,3.250626368024122,3.207455682599582,-3.4431579987445065,-7.081393536659317,0.11735828709398122,2.401168869137992,13.68321130640393,576.1083169614219,576.8283112579353,139.75961865465757,0.0,1.5670107525312327,207.50210617046733,32.89224946913428,-80.06320510427851,12,771.8470907659085,36,10.354647082276193,102218.03062914503,102381.73398850017,102183.52248520708,101993.47173697384,2.0287942318383325,98.88195434735704,41.531310581607464,83.23735881107078,62.73457227995179,40.774176990027755,0.3942785822892951,13.121286772901755,2.1420972646075587,5.625234847220497,3.9621809496958296,2.123996093509929,-0.11084109038262437,1.165550917787961,201.43812788587184
6595aa925c8d,7,-15.924558811582646,-15.374757651008775,-16.132352859349734,-16.562458400290957,-0.06973238111991215,0.3725909002148139,-3.6099753760028395,-3.609191128835949,-7.71845279952606,-9.027732979519865,0.34423443650527885,1.686157642286789,112.40938478907265,597.8542665806325,597.4103030894028,134.8641691965942,0.0,50.32196143243248,212.0247603899027,33.987186306883785,-81.01909222645807,1,309.95943329909215,12,5.39298540464517,101901.20658007775,101922.40651826294,101657.57892113345,101350.42303865087,51.3277976350108,180.30256854656884,34.72887339848548,54.450321946177446,48.952843864743556,34.754275549447335,-1.6668356755798535,6.5474824217732746,1.8525116892247362,4.6945412520951155,3.5279375015127528,1.8544821201382164,-0.2592973180487051,0.9114863454641597,713.5971466087423
193b689300ae,7,-9.05609298149676,-9.01667021140957,-13.931434211520568,-16.599499828970036,0.3509046158788933,2.8613286153985977,-4.157107139665239,-0.9932387168464103,-5.2530706805305964,-9.023170763310066,0.3139207516463618,2.8445888692861616,111.17651914642082,0.3260725486542832,628.2870382586746,158.7099289647344,0.0,1.473599877974975,229.20631022602905,33.95308104887118,-81.10171146888058,1,558.8906121321392,24,7.994060516143179,101895.69103075685,101974.09449818451,101747.86758040429,101342.72365784943,20.19630228245077,173.69016312123512,68.41418220858257,68.35209384856815,49.71913358016162,30.52370704359425,0.39578876865198737,11.628466140995105,1.3757356677257777,4.689128576616157,2.404014477050299,0.9993706096788082,-0.17088723384107316,1.3050627875688996,461.7102757130638
a8d207e70d85,7,-9.272679998082717,-7.52251246803472,-12.120584480194989,-16.58650741860996,0.2975796679074045,3.4913112624479634,2.9733683184711746,3.0033417957331636,-4.514811745028955,-9.037832177229271,0.1984939682240976,2.952581764228678,115.26803995939889,585.4809372288478,629.3469636666592,149.10275820294612,0.0,1.2021198659940695,222.1812074460028,33.956733823796576,-81.0887351458114,1,810.378427491672,36,12.016384235170975,102099.26021874636,102173.37960064031,101834.00099650059,101347.53560313262,18.23331936894337,207.76942879979387,38.37239765103563,82.16345891733316,55.72854817504522,30.33111595243302,0.658897439259778,15.660469936244327,1.8935403166356104,4.684073937305728,2.069269223587593,0.9891675086480198,-0.08432577139135213,1.1702719489656446,206.19211502917676
3cb97662908c,50,-14.71867391815748,-10.118576215255548,-13.328101243569463,-15.17643607393266,-0.4930890303717026,1.8338115514766948,-2.163423453311513,-2.1861212728366293,-5.102216182565178,-6.833555731763411,0.13589553469128754,1.2672734421506469,113.7962647783953,778.7176219038205,779.33565917585,187.6258376116801,0.0,67.9814093203658,279.60466347721166,33.96475221010696,-81.12863554644063,2,276.6718567208932,12,4.664349231318999,101068.20079901902,101118.8180686763,100921.21044997367,100690.22689401776,41.76419281908181,150.2911469665921,34.73224477592962,65.2719968392079,51.584868882277895,34.734690817552355,-2.8324778248502325,10.071869942424897,4.779982963088492,5.266820803868024,4.593033080594773,4.087611310789754,0.04871474208076282,0.34846356701602027,773.1918614352275
7a3932adeb2e,50,-10.21361727715859,-10.116549655939652,-12.593743066053905,-15.163486016901548,0.08212277389582662,1.8658430418422962,-6.321048539830553,-0.3702586319907456,-4.205251593792833,-6.900907873658906,0.05095040159193827,2.0346611424520855,111.86717192152676,0.012077077448885398,825.1174680969834,233.2958307671537,0.0,3.2550412379008824,310.4845824895487,33.933871107675465,-81.13300946850171,2,532.277782511895,24,6.487557608018834,101320.5188631964,101325.3437603651,101016.19174346971,100698.73005536966,18.950016383865904,165.49719954411486,74.41714826236266,74.35890080908297,52.06345743508372,32.802503356055546,0.2752638739772581,13.78514997455674,2.028764792843487,5.261409666196963,4.162462882139473,2.04288744993658,-0.08683090636078362,0.9642473048571536,502.16907587747085
e832e3c9b572,50,-13.561690337885432,-10.159201379689797,-12.778399339667548,-15.157013547010958,-0.011258783223244069,1.7248926140311494,-0.424270042899486,-0.3893597647863069,-4.602487948091396,-6.984995124947917,-0.014709684344948317,2.1382267015804532,109.49944711911819,744.919211872232,824.2645774697369,214.0476293743087,0.0,1.1699716205424153,296.36910901672934,33.95568946917137,-81.11154336813583,2,813.2211565055364,36,6.620370317160027,101845.69083529178,101859.46091426788,101233.9947073308,100739.95830294216,29.867443695770884,332.6559585406344,33.90469826951239,74.36070148939713,52.75011203902395,32.83441925174863,0.03550226356192784,13.350383749354384,0.7109137108834556,5.255004364594015,3.471613893668603,0.7120218012496027,-0.10657199146194607,1.3116534069673091,226.40051946314586
a537eba11604,1,-13.443836326382769,-6.715795493645093,-10.920573194639283,-13.597969408071402,-0.6082561646395417,2.1574784176257635,-1.842921547941675,-1.7803864970422068,-3.7172433299390546,-5.461049882222138,0.014478704349971136,1.0643927531224664,113.78161369404958,441.9971008099481,442.7004988874937,92.61290730301947,0.0,35.09801455598603,150.44428205861723,33.935428708068365,-81.09542551936235,1,263.65520630213314,12,3.66062282291428,101928.78654536778,101917.42617464933,101601.76351770648,101249.79040802902,63.359998051024306,220.86461844419446,37.93497221139865,73.92432972612576,57.34285771698622,37.85867532249178,-3.034027853924427,11.151828545223784,4.905983178263421,5.39277348705565,3.8312153340409902,2.996959453182821,0.22849782093318385,0.9306791976927811,3866.7259034929884
2a786f696c75,1,-10.50312019639325,-6.677117494061791,-11.229072682468505,-13.522947392892775,-0.07709419227080437,1.8021668796711756,-5.900039843298014,-1.0976175689388061,-3.751760034706503,-6.1178607375492815,-0.0811591544842533,1.7182492091146249,111.82612980387472,1.2528720120436818,549.0986543527932,123.81238770473273,0.0,1.6843877080582192,183.20681014678604,33.96398044139756,-81.08558357504883,1,525.1949016261432,24,5.022613291654253,102014.19266500624,102031.46681715242,101727.36129524514,101255.55833230598,27.76182501156465,217.44268881515924,70.04176674774851,73.92902815794203,56.71959030251251,36.32706938736547,0.052089732145328194,13.674214005327956,2.4544178688371736,5.385975874038111,3.499573913532433,2.233387136508369,-0.0463019669873996,1.0334698981285824,3596.3367865953614
3570bbae4f15,1,-15.088265216928537,-6.747670596208001,-11.593160736084728,-15.099550231544892,-0.08191613559696351,1.8605232714446283,-0.8597704459050756,-0.8393695233693452,-4.395253031226774,-6.917999234511471,-0.07194044813509293,1.952949433760015,112.99629114358872,553.5577951353863,552.2855644462362,124.06200595109281,0.0,2.2268794491903052,187.26087903638194,33.933338260677886,-81.14296365637622,1,804.8595559150541,36,6.0581591253162,102147.47536226978,102272.82007008558,101881.9699000233,101286.21957098556,24.700407547570926,270.3215194060528,30.006196783097188,73.94757380138977,57.71140493325418,30.07296864302015,-0.025334690989550945,14.297419259982526,3.5329868205608905,5.375592348661241,3.345029990369281,2.197987185823231,-0.022185791173326506,1.007537535212957,3317.0641122592992
46bdf01af4a8,20,-12.313580189323478,-7.651470860206297,-11.55654117768012,-13.481505755188028,-0.42102936794345974,1.7594478912624063,-3.214909723229163,-3.207499838419152,-7.855593275037092,-10.949950083260806,0.17844247102471436,2.325667837015074,470.5935144037997,608.0510123520605,607.3270661438162,132.85724347068646,0.0,49.938479369544254,212.89062508100412,34.875889606257964,-82.23144629325405,1,310.5815686510834,12,7.759631006928826,97203.28059613559,97189.00023464354,96713.77177982123,96330.1210715518,84.50531904296724,295.9892719533879,47.68993711385204,90.66769224210826,77.9841860777355,47.71256777226063,-3.7284083135720776,14.55842085295812,3.8146905300286833,4.211864703043755,3.713701074297648,3.172774706023154,0.06263618222726182,0.2811530189867845,843.3708135163149
3fa411a40d83,20,-13.43449657022277,-7.6445561785474965,-11.799615661184392,-13.486692442283793,-0.11455239605915223,1.5062906745123281,-10.147876797797158,-0.9108978249142815,-6.884588984320002,-10.977542833224778,0.021708286258830506,3.289438532865332,468.8787011677758,-0.13235108256267528,651.1328809649938,169.59929278295232,0.0,2.3289152979683294,240.6516545561244,34.88306586748911,-82.07754147412294,1,597.8114843054304,24,10.007107723454867,97823.62205928886,97794.67236049438,97114.37283322688,96334.02202073032,66.63209268261427,466.11824328967424,78.41360098490397,90.71719885319388,70.77924177582302,44.268750786001796,-0.8908230910523215,16.06690824613348,2.424262617580754,4.210762252193191,3.2419170395983423,2.422167956118349,-0.06327797923509426,0.5747182982075365,555.2795493265495
1853906a3d68,20,-10.308332334686206,-7.6396419330435865,-12.284246651046356,-14.614622919190094,-0.08372761174543607,1.5820901075508047,-1.1232622341431502,-0.9267652219012751,-7.297283389976461,-10.969213481422203,-0.005867352254083174,3.284352637630847,472.40181122957944,602.1428753120831,652.2152973028905,156.49951326914433,0.0,1.0576023974657514,231.4362022446023,34.87398004881599,-82.17453591207651,1,908.6224603390976,36,10.02403482443902,98245.8577560315,98276.99730029365,97407.56128845624,96324.6712935687,56.794389816224175,596.2498668347414,48.0495805806376,90.69417728394515,69.40585397636146,44.37988683452399,-0.5322264180873941,14.887290615855761,2.5134948895619633,4.203667023070068,2.931912239893488,2.07934159824926,-0.05057745570107842,0.644314988377863,249.0767090737733
a40aeb8911b7,347,-11.921189811643485,-10.553180500612568,-11.523272849408434,-12.014777504775145,-0.123436940398554,0.4728100095487521,-4.119467687787316,-4.142135710934009,-6.227629249900486,-7.264126409708751,0.12203424267684902,0.8972263670241098,473.3079067276209,545.3249435220712,544.9240005248087,120.68075517901072,0.0,45.090144654915676,191.30907171492393,34.89780765122239,-82.24682780364259,12,290.66309211879667,12,3.108079773931772,95052.49840092637,95038.60255381367,94730.22009364796,94501.38207096403,54.260966840482354,190.81043940945878,53.41366481825619,70.24841199702983,65.86733763744758,53.440293065474854,-1.3591014409352988,5.629459607566722,6.801508775836541,6.81333979435321,5.660246442674567,4.9600762076344695,0.13745045214885074,0.5301643291586304,1407.7012434895564
fd04b89567cd,347,-13.465927109134881,-10.507000015550773,-12.166058241088464,-13.539357938331898,-0.1181777419740783,0.8536569598501234,-8.750326030119693,-3.9030878804881053,-6.375896212338936,-8.732865221773901,-0.07107554388738449,1.4433516689260424,476.1620398949599,0.32672848904545726,580.020211669711,142.19919400253517,0.0,1.3471972031212796,207.96316937171215,34.90885007415594,-82.27332468110879,12,583.4994024346793,24,4.792399330628171,95641.24014382018,95628.00928913044,95028.99733717013,94512.93180216967,54.08243255277975,377.28476707158774,68.13160431631802,70.1785557143328,63.05336003608012,50.891535059629,-0.3180125738659915,6.531892895903285,4.6908108330486975,7.21022944332911,5.921899389321398,4.704290746876691,0.02326455231154953,0.7352370524995985,1116.3690117449883
4e22ff208555,347,-13.76406561002399,-10.544181435052225,-12.743406538074183,-14.310676326237449,-0.10032445384664215,1.067748009529798,-3.64905123715367,-3.6836052330450797,-7.102713751082364,-10.47119832269119,-0.08741626606282485,1.9022704396559875,476.97640200905613,573.2645078517618,579.957228216983,137.51727335045513,0.0,1.6945797688975457,206.6848738078544,34.89000491189086,-82.29265547217938,12,904.4691541651808,36,6.7673367933047395,96037.2857049598,96063.3063138789,95302.86294253186,94506.3561989348,47.24275364016847,495.19196358228714,42.95614698722671,73.43190856136411,63.9808656828043,42.846278615155136,-0.07928392336569086,7.88935487422381,3.828355368870194,7.233570985415823,5.2641243306292465,3.508575147491701,-0.06814958693048154,1.1378067931832692,807.6918037457825
8b6038e9ac24,365,-8.97348446181908,-5.191175848077245,-7.610172031740625,-9.979653366371677,-0.4116313877387317,1.4761313900681912,0.8435696627371413,0.8168802023767326,-3.7300459725934947,-5.897691200868682,0.32562660419494827,2.0320812233100503,474.41043272791535,333.37076870010145,331.9498211350917,82.69039574101421,0.0,30.577994465342538,129.2653537274143,34.91561774685766,-82.29049861638354,12,263.5466296130709,12,6.719937811209702,96716.4154905209,96754.35323754263,96504.78544802449,96218.7114275218,55.2049088993591,194.54810739909362,45.878466345270304,90.27799101628636,77.63935779534434,45.90432899010734,-4.177249126125375,17.22659083333199,1.9824667722103904,2.7448969849593814,2.227117292907583,1.9083745256506315,-0.004175032293407458,0.22705334755941275,238.60920561202482
cc6a62d700d1,7,-20.98706964490191,-17.670218396350897,-20.120303531630125,-21.42422583226809,-0.32160988133156704,1.1879887609354205,-20.156578176037506,-16.882275250849208,-19.507422359293052,-20.750514575183274,-0.3179166130771895,1.2012484804531283,416.19292683695187,452.725540819655,452.74732009088734,80.60632397589526,0.0,31.884915936689904,145.359777570599,44.383136690363,-98.22708175682543,1,451.4151600801736,12,3.8165604135999214,98489.1164358996,98504.00777338022,98277.05250100113,97950.72990183401,52.15746326039785,180.57715176003012,92.08768929529988,95.43188355573182,94.00836202729717,92.09799078642358,-0.22029324577188203,0.8727917709648069,10.125709271622124,11.434800128869155,9.981427519532959,9.243053565140409,-0.12079094651748969,0.6341805862689982,2596.1696764504677
ab6fb0b21709,7,-28.48400670856569,-17.652888914100604,-21.521054765588083,-28.469223536513113,-0.3047974654385764,2.5569546385903346,-28.10448503040491,-16.913122622090803,-20.843661431939633,-28.032251167041593,-0.3142964662528184,2.6557614091145707,411.8480351179976,0.17788194213866232,451.75787500980323,101.07307828277675,0.0,1.2714804832804376,158.5599184849074,44.36599541834267,-98.26792946353068,1,931.9544091780338,24,11.17247441515963,98726.80813047153,98732.50784302078,98439.02789139355,97944.9904971431,31.840255279026977,227.7308929370929,95.81106468889709,96.6403547884255,94.2561964043105,92.21627883393073,0.0436867812987999,1.3732704541157703,5.487327601996908,11.423238024947445,9.078455706083993,5.489068371508499,-0.18004063338338025,1.440313849525651,2116.00097237914
349b4145f291,7,-28.83407248846023,-17.629869750291682,-25.19701257547796,-35.841206898140754,-0.5046803463887787,5.739654928672846,-28.495266257458983,-16.91882232616349,-24.639221159095772,-35.60359612557524,-0.5186752844088108,5.9248696763110305,414.57599016010084,411.10138412339245,451.75955031923775,93.27836541291192,0.0,0.7207137018937588,152.29283702046845,44.38123663435554,-98.2474051739712,1,1535.2766972304319,36,18.6533801294803,98623.67504733606,98741.86892366111,98516.10151144845,97935.82809345287,18.55539363363644,222.9864831117845,95.93742556136492,99.51562341490308,94.79955408504365,92.15330499937666,0.07600244894473612,1.7506944758110285,1.7620995794476741,11.441148589570838,7.222547777571864,1.7536337700305156,-0.26530498487913723,2.8852050686700714,1517.9272609743136
782f48147219,352,-22.73168866912986,-19.03241236421789,-21.13505197842733,-22.730275374527,-0.3791253276956086,1.3349055322673737,-19.620248178587513,-17.45875484077633,-19.210740264834175,-20.538812755480016,-0.26136839607265133,1.0414645532790645,414.8978965130769,398.0843524477033,398.8534255571746,56.718856108041166,0.0,23.592037116531277,118.0282539661776,44.37843916782229,-98.17060748480331,12,448.1549389432981,12,3.0879816260240074,97509.68902117977,97511.33870586015,97108.63635158406,96659.12585830716,80.59325319336334,280.1490591979777,73.38689407657543,87.73063865973097,83.44002839982781,73.3955632370926,-0.9937536290573314,4.126691938475743,8.230605800692762,8.746226114078693,8.20210389354044,7.318484580185116,-0.06956684050459082,0.4215053346611499,1427.5015533295946
8d051e8a5717,352,-27.49754899734735,-19.045863490443395,-23.277099850664708,-28.272494060776864,-0.39872341595157723,2.935232076926337,-26.905905720681666,-17.436913551075246,-21.514262560814675,-28.092869672391437,-0.44377884031624104,3.5578728968828526,412.30907526229953,1.035495883985245,431.47368021866873,77.79470701816986,0.0,0.980073582390206,140.40300187824826,44.395658321569016,-98.22950949694072,12,947.9490175142735,24,10.61355731368112,97848.65584856323,97842.49779097927,97323.32995962574,96643.46191434206,50.55069389682437,362.08815315719477,93.46158193994768,98.41322602119605,84.75762402593412,72.87983149936358,0.3613514447500435,7.728716302378038,3.5632029453497096,8.80055169693627,7.057550629795419,3.5430196778878242,-0.21827760476148308,1.820962059006484,923.2788283992891
1f5ed8975d28,352,-19.18206906577197,-18.9923511433977,-24.02074058834891,-28.331573691011634,-0.18428531630966438,3.0194973444393467,-17.2040780746737,-17.198605585198386,-22.842278704892003,-29.448960638323086,-0.25805488323499665,3.9771229707784146,410.959118034887,340.3580103851608,430.7796893385912,67.67653885030703,0.0,-0.13799020901270603,128.31045410007326,44.37767383999863,-98.19921664396158,12,1469.4030719732166,36,12.242487516808461,97874.1980207204,97961.49588184014,97575.58260563077,96663.50064362121,34.00187429155245,386.01532937920575,84.26144506302505,100.04653937496157,88.40409998224797,72.90926723004938,0.48315128185885897,8.587052760851776,6.562910338036172,8.770880412676794,6.067697187298707,2.0890703574313307,-0.15929397017222138,2.2291636210023893,391.79288571496267
10df7d725f7c,352,-19.754127208484434,-19.747914156314067,-22.483097988597674,-24.80625336348914,-0.11416424624278186,1.5672779371111074,-19.029306776657474,-19.105008367481958,-22.26704072226599,-24.61429284314497,-0.07259740357803314,1.6403057405137775,413.3817205123931,357.8938553511188,358.09027274557565,68.96235077914002,0.0,26.965903617224996,120.62365836295818,44.38612750728454,-98.25042177694458,12,483.10439448359,12,5.5823289469121855,97441.52579884739,97438.26750227077,97302.71482082424,97175.04587154914,23.508979319832658,81.76715560149906,94.39801935145857,99.8000509831148,98.316258548143,94.29506236818987,-0.37834903812377046,1.5440428758024136,2.0098862310328682,2.7255098056056726,2.3630644797917575,1.9975792812058817,-0.025953925628466278,0.20497933675251734,8017.428258551089
4a7c24793953,352,-20.333351485096582,-16.192331789493398,-20.279766248034527,-24.823521035991643,0.2246276417215417,2.6286646613979796,-20.143388072972666,-15.006511380767476,-19.855049426078338,-24.660450809742933,0.24083518469000575,2.908784389575997,412.26019478712016,-0.474142869350697,389.12569597541983,85.66329109309122,0.0,0.9223781643956526,136.50692856521158,44.368258672318575,-98.18964865662116,12,909.940035568119,24,9.609398143807532,97696.61333255,97675.8202306856,97388.79448982286,97177.77345178336,18.8464543256474,135.3960801437764,98.65973857893619,99.79773488743797,97.02088061469321,92.00129373730718,-0.10003417577729243,2.5038809234879413,2.198070871905087,3.4020714952825073,2.4963122848629924,2.0125078871025432,0.007212911333053946,0.31356732136866133,7580.704996683279
dd2114896418,352,-18.444686421298268,-16.178920957834425,-20.779208780091977,-24.8212627939477,0.018686960752740383,2.4352381796627305,-17.168184501103685,-15.022272395966587,-20.343619970338526,-24.621377112431556,0.027069438796491995,2.7024325538300427,411.79018804391455,438.06468773312434,437.5187061642277,83.17188619686988,0.0,1.1703289184554435,139.08510094039505,44.36989951698157,-98.28214749542637,12,1380.9986246540059,36,9.625992760836352,97730.84125995284,97707.89935220437,97510.03149583386,97143.19429322387,14.130502065175413,159.21185621216236,90.54234364285603,99.8624867689711,96.77026349558959,90.53960446190581,-0.08560859441472425,2.623196998260523,1.7670716172748226,3.393253412963328,2.4187137736282787,1.314434771731117,-0.008290002657333168,0.3780687398256987,7115.195522555993
426daa83b34e,47,-16.397005649504653,-11.725500976735644,-14.021832672787733,-16.35048990869806,-0.518125720443149,1.8410533970069878,-7.507341368268325,-7.5260153292814,-8.668059013628717,-10.242298070198677,-0.02961201502023364,0.9211041527128784,1048.8525706478454,316.36721284599065,331.8769132115054,83.4649019568941,0.0,30.252939188602408,126.20948902867185,44.04889612075362,-103.10669708048435,2,317.54896129766473,12,2.7146708485172573,90036.48434089805,90017.13310318676,89665.95084419931,89430.52239523186,54.52298466967245,189.45533780874624,46.53585781503934,76.20760811529308,65.54122182192619,46.52346460877898,-2.8738673022206096,10.992569526792831,7.920652102694349,7.914109935153359,5.310733459677757,3.902499554911444,0.3149151660320323,1.152408976150399,2060.336077365708
e85acb7c7b16,47,-24.603002443523913,-11.732934739186222,-17.930543197074808,-24.63395310947929,-0.6432550669403165,4.497004889770775,-18.879457520154936,-7.550106797279943,-11.602674807828238,-18.880048457308362,-0.5122656894813404,4.149502889820974,1049.581853984255,-0.2841361065868041,370.0800732263069,93.39954233409897,0.0,0.5120381893726252,135.96445825605895,44.034441585985704,-103.03226189476116,2,710.1134982497539,24,11.344134873952267,90900.86335934117,90920.26062642396,90144.51897706663,89440.22892689718,73.49303876361382,513.4129261822786,57.248907442474994,76.16879872667882,58.22355789355745,41.96922783310074,-1.074648303047924,11.505886064873968,4.897686508197207,8.845633516077726,5.821158932440646,3.887013237656809,0.05320252711530943,1.4395870811277363,1661.6082336039037
b475e8961bd9,47,-24.748543025297845,-11.746478585429397,-20.579997793516487,-27.14823485728121,-0.48732351835527477,5.256972010141185,-16.421447124236956,-7.507262602989831,-14.292009835670955,-21.503334239668366,-0.4463731318119656,5.177279490982114,1047.4141069519867,418.5462534071713,418.37786288515616,97.62223056399856,0.0,2.054532206714639,143.69206688608722,44.0410069165578,-102.95375801825432,2,1163.2583170882847,36,14.008954003733244,91203.50424782535,91273.70409812125,90499.67838987564,89467.6472821374,61.096198975609575,647.5965957099039,45.45478885735476,76.25490118618093,57.443302723059645,42.0596842777146,-0.46516080658895975,9.962374039451312,2.1229938026097916,8.830419658876314,5.260528583981255,2.127721136925941,-0.05419566816700906,1.5035057130861955,1214.2040219088085
fe3b860d7659,349,-25.99553254648566,-20.106823356646046,-23.674435262350908,-26.02945911268756,-0.5724105075281803,2.000886437471744,-19.773065769841008,-15.736700703422505,-18.702127671574882,-20.48667716047352,-0.42239118752123683,1.5796622876151516,1048.690360832178,324.87315068437806,324.1037182866119,72.37575846620182,0.0,27.079896934283497,114.35662230842064,44.052196067807195,-103.1227801078354,12,442.6122729513351,12,4.722605930821261,89315.65419069445,89338.57495438393,88983.84161483037,88597.68353655637,70.80885975937262,246.40718204020024,54.51738889965008,66.4287756861157,62.18292443622045,54.45822661346738,-1.0010587040739092,3.665994333425331,9.6660107911622,11.257452092093693,10.674867227602196,9.669830469654084,-0.11982257575847076,0.4615499436985756,2102.0381453395435
9b7787f9f100,349,-27.781057411432524,-20.11297732099255,-25.26428693263168,-27.756592260890052,-0.2961410379093882,2.193062771387026,-22.967120105204934,-15.75635918418134,-20.06591067104528,-22.95986911629744,-0.2637186262816766,1.9507814829497017,1050.5011608219484,0.9211501010272926,372.6944239368908,76.66327458190382,0.0,0.12475646936679297,123.30732799346642,44.029129738783546,-103.08860968362761,12,912.9125181810634,24,7.24356969203221,90079.82813546815,90110.31094612677,89374.15994189594,88601.79198240615,63.773750375405506,443.0928703688071,61.785769266051076,66.53348710203524,60.09769577362241,52.80731736870535,-0.2549600244762811,4.077271385386236,5.319287120797868,11.259581681469706,8.992898341700807,5.31618791054938,-0.2721674072606306,1.9443514118989327,1627.4894333470063
3e73f64dcce9,349,-24.393135537052686,-20.115336168737674,-25.94470670839467,-27.92456943261735,-0.14952792905221526,2.105664511854958,-17.185342458504675,-15.78007675366201,-20.72101086102176,-23.247399613144122,-0.13171878427206096,2.1496269203521954,1051.563580956641,355.28213958308584,372.24296443686865,81.94090525555971,0.0,1.8150281015240912,128.87111981040314,44.043248576043496,-103.10042666974623,12,1392.371235181344,36,7.486454189911891,90546.37286267223,90632.71604959037,89738.11822659393,88568.69012288589,58.19392565875351,608.7625123410787,49.404694480662215,66.47900366670076,60.00719078817565,49.4527526946504,-0.14628051450537183,4.284250485513581,1.1392880926894549,11.248927005515894,6.871053994763222,0.6578128991902013,-0.33286500997540047,3.5116590289082015,1150.5145066207901
4b8bc21e9bec,60,-23.005422299006607,-19.97062266640809,-21.563224212066945,-23.043521780534565,-0.32794277184624987,1.144895346830356,-18.19834762869702,-16.71695811805514,-18.26918750133687,-19.30318285967877,-0.18852689872468162,0.8585675552384681,1048.1927810046832,184.77826949712784,185.05019374081598,35.080112428365936,0.0,12.672423222088598,54.06358228377361,44.05367169055051,-103.0714475129798,3,437.037083849873,12,2.568304187211214,90254.65926534866,90314.14793332995,90038.352489987,89774.63014582606,50.595572701293506,183.39166220737263,62.59175847646736,77.26767571689203,72.93072290858883,62.62243269351286,-1.0095304721894605,4.783543228264435,3.552332027499639,5.24437087593912,4.485780320612888,3.565372146884666,-0.0674711790616187,0.4738405728695864,1284.348750601219
bfe0320d1ab5,60,-24.25859947198688,-19.974482594901513,-22.51686656138589,-24.302219872805598,-0.18228851021730808,1.344426049710318,-21.365499731373966,-16.723719114010816,-19.11388473949771,-21.528002523136646,-0.17966150105214942,1.489917377440106,1047.150844139904,0.36587772674943947,614.891869998497,76.87545361900165,0.0,1.8429564285230138,152.55289193257855,44.05475157599443,-103.0205131162717,3,890.6699753400084,24,4.776389942649987,90355.08301874313,90421.02998323679,90150.60237703905,89823.3393423518,24.904081353219635,195.02666129694165,75.67401518955336,77.26320675799259,72.14412357451191,62.37481868461661,-0.034687690323051815,5.321030344002617,1.9947510512742648,5.252222774698505,3.5224626300162547,1.8958329260437998,-0.14527978829730684,1.0860263672198043,818.4834428884852
113ee1fb84b4,60,-19.628740536773694,-19.65665715193659,-22.712179361668806,-24.284638917345788,-0.06041433620283637,1.4092283891400117,-13.391930369490556,-13.32734962063689,-19.223019845402526,-21.502043883092043,-0.045199464017753196,1.9972107969756572,1050.6090429588435,704.8042080376707,705.2621152967192,106.30852578828073,0.0,6.012396375165195,198.8187736609376,44.05070421909906,-103.02689595985372,3,1341.9363009631882,36,8.163181652393952,90342.46934059726,90453.18344295284,90208.2926095903,89818.60289591612,15.681618198555386,189.474353712708,55.70359263548267,78.02701455473668,72.00389288416046,55.68719939387439,-0.09412714355948879,6.150988983269344,3.2603138890494328,5.239202476081749,3.1802940279089236,1.7938277324547762,-0.07978935657072579,1.0386059181421068,374.62659259870964
8779591253d5,2,-13.94770622324362,-8.88130667628604,-11.885350219688755,-13.924711162571128,-0.4874293358645376,1.7153075336542343,-8.940587871602258,-8.009080109285671,-9.655784342870621,-10.979848723402252,-0.15909500508560223,0.9811761863596755,1049.9260000116474,272.2056926549418,346.2308567025802,70.98881122544158,0.0,26.485972296621174,116.85043214286334,44.06764791258294,-103.09788510445193,1,331.60055659791385,12,3.003912445274141,89261.67169954412,89266.01201520077,88946.13134593953,88698.12703673607,50.72373201557097,181.80465239435787,67.04382528799505,97.40971808274449,86.82117511398677,67.11484138373953,-2.541584318719762,9.252055996902644,6.896446735008325,6.911653150856603,6.074984383975749,4.901488299917866,0.1755163632361957,0.6971245451620326,4146.842133360245
9028844b6475,2,-17.769070253999924,-8.846203898800361,-14.258910048808344,-18.17102989407419,-0.4063484050532024,2.8639803210155717,-13.593165500057381,-7.577311873669065,-10.731423813851912,-14.634530006276997,-0.23924618788986002,2.2761377178460207,1048.296956469293,-0.5379508644880313,405.16076295311836,74.68271873297628,0.0,0.10158272011243742,122.69335251066117,44.01544539337476,-103.02518397473202,1,689.8666633105246,24,7.009114822333921,90004.60670793944,90028.61701395136,89317.42557603322,88728.09577367213,59.165311257929226,414.923778406661,69.12493076570378,97.32623938451565,76.61826645422246,55.97050908136559,-1.4083535187363092,12.892869061246476,3.9071102254943946,7.255900127982342,5.990649776492685,3.8981316843638005,-0.02908321400969352,0.965849199828649,3800.1242637969153
acf8ee2ed153,2,-17.05028183725786,-8.904439534175188,-15.455783424340332,-18.452508186744176,-0.24989924916978876,2.8951979532228647,-9.913518006643221,-7.648169407171996,-11.845562829007589,-16.064918795724036,-0.17930483340658743,2.623138758758069,1049.4466072960324,432.1012008862979,432.1882863681723,81.98230354661737,0.0,2.2770867310243714,133.8636466665767,44.041293425694555,-103.12014703454209,1,1077.3279345805754,36,8.465136630529356,90302.1661925984,90383.49457893558,89626.9602136716,88730.8389701554,52.66892682541555,553.2825213817928,53.219527735418545,97.36925145557474,75.07890191803689,53.16288296805105,-0.6351118103213484,11.778803157876249,4.180934923724321,7.2402228593671865,5.366842575698189,3.7619697124389644,-0.07736653239548369,1.1831661679601175,3417.268318921426
c9d6578c638c,40,-18.49711244734562,-16.725337050592035,-18.08965208560642,-18.601020598466906,-0.1436984947171573,0.5558168363049396,-15.327938792331308,-14.27623512961297,-15.610478135410581,-16.356762968325857,-0.08213721301284267,0.5963705341111056,1050.6916865610838,54.87805373519056,187.57994925097083,37.36246806629815,0.0,12.32296723005151,58.611563982948724,44.05430021759484,-103.13223184572342,2,405.07429372983876,12,2.1238572030911835,90115.75687097105,90295.90244952733,90243.14024630463,90119.65433469135,-17.120748775401875,62.73821360713413,75.73897052863468,83.64822793272356,80.84749880878988,75.8229871812725,-0.5333748879476022,2.581645983508484,1.8618056019651024,5.1069643610114,3.09035770754378,1.8699545055515578,-0.25548020306373925,0.94717109541122,1159.1956991553109
aa8de955a80c,40,-19.54231986126448,-16.790985718276158,-18.538591792256735,-19.52178267937309,-0.08682972529530097,0.6731523496324079,-17.436336656450624,-14.258162401132111,-15.767292924105359,-17.470860041300327,-0.06602313211879104,0.8600315659810158,1046.7132927740042,-0.9557041073062978,212.8514954983265,46.123812798451,0.0,0.30223620510966565,67.8991412718523,44.04359102542936,-103.1161335324179,2,813.0596261499024,24,3.2020333591802803,90091.62359308358,90319.93295597719,90182.94765587788,90047.14621280546,-2.88734247826527,74.80978248976477,83.83893491253815,84.93523987574898,78.7800150179784,70.76639577658554,-0.21517576319857104,4.153933364405762,0.925549589762065,5.096989428911526,2.7046584523549315,0.927253140134656,-0.09503295874184713,0.9368637714755479,759.6567834082924
b1bf4d26c21b,40,-15.408104219986368,-15.443910990913794,-18.700139081416957,-20.079393840876946,-0.02903901148550376,1.0491961860933139,-8.34933235823498,-8.328888711789727,-16.056913684679458,-19.47401481334035,-0.014200481884947692,2.2321621335220363,1048.4483130024444,591.4233547990516,590.9433349357466,78.89955515835581,0.0,5.595525666332763,144.56787370631557,44.051722547279894,-103.08123707092032,2,1225.3722337348809,36,11.04653827576336,89464.55854054367,90288.72014743455,90084.8262297624,89491.3627871704,-16.75294134982857,213.31785794182153,54.87190469083056,95.17725968493329,79.6782706290296,54.90390841927205,-0.06415511255798763,8.608777133958315,0.3937638013994282,5.097051135241015,1.9907877690391411,0.20138785796752176,-0.10820951159443341,1.2747634932112981,345.8459498382587
17d9e19115c2,37,-18.56658880172715,-14.489191117088675,-18.30405724732751,-20.039818268483856,-0.39250274963599263,1.749008104496786,-9.842166754087176,-9.792734513493867,-12.637509318824048,-14.964597309115785,-0.06621611567429325,1.6581804429063511,1049.4419135919456,270.1624177722283,268.81362249334995,63.36207744302695,0.0,23.12159318857748,95.52054568934763,44.06677883411128,-103.06212192506955,2,367.6888442498784,12,5.124607635866232,89560.01111413659,89723.96667854792,89612.619854524,89238.17819013723,36.02280075249912,162.5925649033701,45.84355411716419,70.49976520997151,60.55033000625632,45.84662551239943,-1.9791858463158858,7.219267978818656,0.9618181881697137,7.022583965611272,5.042885651881486,0.9711061594973305,-0.46316178323900054,1.964378013130485,8657.466235926666
2c95ef18d2d5,37,-16.18254748461614,-14.484941318704955,-17.787522412698976,-20.04443813408559,0.02375353673694923,1.386894165741876,-13.14279839844189,-7.197306501871178,-11.907881188537626,-14.979906568891641,0.0008672954798421041,2.328285269901632,1049.0308078653813,-0.411137266441879,284.743628512433,68.81608963260176,0.0,0.31319002800909196,101.06178598444686,44.04914141837343,-103.11764147618085,2,718.0735008876972,24,7.77670446185567,88992.01472729981,89756.37873554876,89345.50225832289,88953.19525698098,-27.613560583641615,267.1614197038368,78.15739756079414,78.14803148977812,60.46463782996384,40.782666075460476,0.22252590938306796,10.994836173698728,5.395473999629555,7.027774207156116,4.445267888352788,0.46198859417399357,-0.08390459128888869,1.8620244641911603,8306.313171353728
d8ec5dd34c08,37,-17.827716506842872,-14.470185112017592,-17.52935207715782,-20.013314628658964,0.025982991758151948,1.315509769837449,-12.658922724991818,-7.213154038260105,-12.585182420715283,-15.162057373120648,-0.07850968041877207,2.187013785534615,1048.687624028714,196.92293386233442,285.150281213896,59.93326039359562,0.0,-0.36257088205758875,91.7732293240164,44.03317900587774,-103.11602761888892,2,1101.5708430671107,36,8.03039506825665,89112.205131094,89754.55819582984,89241.47685167808,88880.59097942014,-19.94922505129929,273.5985786628438,63.75245533134056,83.25165129222904,66.19724882428054,40.769720868046505,0.6519151545173473,12.666588722609752,4.223257578286759,7.02853030109577,4.571743774482307,0.4577910942190848,-0.020777102486745046,1.6043621805927084,7924.7665254737985
40fd76a7e02a,350,-25.85286348415444,-23.820800891913017,-25.561369595295083,-27.132199917294436,-0.266643572875342,1.0549395532731385,-21.498628591157438,-21.098522430670435,-22.621317930397318,-24.434561857689882,-0.1379213488744504,1.0814816904134548,441.91754362211714,343.04481662679024,343.04062579702816,67.5268943327708,0.0,26.138474640045512,115.28837587642276,43.56646445059658,-96.75224773943611,12,490.4820562310168,12,3.3478803412397102,98225.90182692894,98210.52593240805,97681.96345415468,96975.80633399553,117.66034162585233,407.32735461250536,65.16942298427143,79.34458698117741,75.02729667109736,65.18429155380035,-0.9246741755031519,4.437131757402873,8.185730105992524,11.825967585180019,9.272394945171355,7.719954271820778,-0.3341207502992802,1.320916411569618,1353.2456965818603
a73453cca1b3,350,-25.70852966165009,-23.809457570451293,-25.626385774001943,-27.09353812480455,-0.053350403991137926,0.8345773260327018,-23.524731399130754,-20.68025988699082,-22.564984511324027,-24.479904475884236,-0.04393061976739011,1.1571065214122875,441.70452685656807,0.22658229644156014,355.42366764161966,74.02698825603038,0.0,0.4130903732784018,120.98752454340317,43.57585566360914,-96.77051827587019,12,972.1829656741473,24,3.8144264814548356,98165.16593263773,98298.18940624481,97967.25556953323,97017.0195102644,49.641990324940316,407.4830325460928,79.7069999513765,80.10529100020264,73.72701794005977,64.11547402338994,-0.08579289075409892,5.22809261881052,2.4826408160994213,11.828857108671649,6.883313059115845,2.494458966382148,-0.4073700025608209,2.9067861643711495,875.685172688096
004f2e06c1e0,350,-18.971353113991725,-18.99143221081612,-24.74924443268102,-27.129421532254245,0.10490358504343611,1.8965716362471452,-16.936138460235433,-16.938491514514634,-21.94945413240437,-24.50047794078619,0.07852999980114618,1.8183127812784357,444.9399780512176,422.6199847219948,422.4708151606425,74.99242674809199,0.0,1.2562754931772357,126.70609620068556,43.571364955240504,-96.72468589760426,12,1436.9163436931128,36,7.580793577841217,97039.72106325951,98246.76530958027,97810.19989274805,96989.82327808466,-3.184610660319276,427.8548895857605,83.27944400003524,84.23620969894341,75.97410662160397,64.10509460559038,0.20866176818545307,5.45942224737546,6.209380929435922,11.818295025573313,6.048472287621105,2.493739214031415,-0.1989985187693559,2.731834752682858,411.23272922451883
6107390236ef,340,-21.125054995958216,-21.153041134910456,-23.140047740808054,-24.00906688602329,0.1436247114310907,0.9096319583738016,-17.152362407810664,-17.166858944806417,-21.05777572479757,-22.96318120351072,0.21314411325720292,1.7062024473409323,445.48012947407994,435.0904734060209,433.92622331333786,80.5819191880641,0.0,31.707481365451027,144.22565157824087,43.579607427938896,-96.7158413435496,12,470.4078329072598,12,5.749991968532543,98089.74143583668,98072.38217156602,97863.44018930869,97669.59791902044,45.496165861162,163.19577770042943,67.80928914013124,90.74494090172607,81.40969663061458,67.8714185531795,-0.48953561396158485,6.315462870234631,5.94921394815662,6.634932834763794,6.024910759910702,5.469430937696785,-0.09061409669885097,0.38142013018437104,1333.0992378975168
a7a03b988c03,340,-23.421480709773213,-20.21375598612468,-22.541697486310593,-24.04318895719364,0.05823510389960007,1.2431408063936165,-22.611154066700575,-15.109968276327022,-20.042773553755836,-22.90441384305925,0.06290280799105785,2.5521157020330723,439.015594457159,-0.6794090624803464,448.60150717572316,87.53190181986322,0.0,0.3161204218351722,150.1561785472299,43.570813387942415,-96.72419080465676,12,911.475502485062,24,7.788460904511497,98466.93251725368,98474.38474175372,97988.77131569207,97684.61015062657,32.91501918646531,233.80575881317304,92.53984155571803,92.67791502936494,78.90819976471396,61.700320334735025,0.041185843482216114,9.702511503911138,4.189391331001908,6.6245669276075185,5.467786759957682,3.91173167519929,-0.11050067973886998,0.8928686071363359,884.8441415200434
1b15c6466653,340,-22.13783753555163,-20.233400048807436,-22.94625183569812,-24.201311563195567,-0.025094987167935155,1.2003415449894135,-17.64256354685915,-15.121711873771195,-20.764486858324045,-23.73956900904335,-0.058316498718537654,2.6064219811240577,443.5900066439255,436.4571585362364,448.66249036441496,87.0576274419481,0.0,1.2618344535566681,149.1639851563819,43.55745351027555,-96.69808948537101,12,1398.3683527879189,36,8.613837289818356,98458.43585861467,98483.91221544128,98139.5221394115,97661.38002391417,26.00899190500704,280.8733091761946,64.93037442792783,96.79836199980844,82.25965828395492,61.75544192640524,0.29358930694472507,10.979524130226151,1.8020279018705865,6.645138868662655,4.574280722941359,1.807627079759125,-0.13881863397704922,1.5081519744920737,412.39246498159906
19f97493605c,11,-17.93731799655732,-14.504906110759427,-19.248906570051332,-21.938069662280107,-0.2817825681249999,2.090845720924728,-16.59488117558914,-13.197275938897292,-18.39569379434233,-21.365803504634382,-0.28195562347178404,2.317103753540823,441.72492206379644,170.6781621336951,171.5539423773991,31.537124310366877,0.0,12.320577774909395,55.2275613870083,43.564342769441794,-96.66099077985032,1,438.15360061398417,12,8.181021438881075,96042.49979495912,96072.72531694132,95651.92208050702,95181.4672767951,81.17208472514452,282.1246994008465,89.62631230075395,95.30333611004187,93.38847844179836,89.85890604201549,-0.2008700549341152,1.4453071516540006,6.594473719066979,6.609868657142622,5.211235893451861,4.413190605800796,0.053182973185530995,0.6047600419951564,8876.713027286653
d8b2b2c851af,11,-17.085132594945105,-14.494164790971121,-18.254340251250152,-21.971287914848507,0.0961803615716173,1.8010036241041096,-16.12225837291533,-13.214426641388044,-17.29882810338983,-21.376030904960615,0.09938753391095939,1.9754877603003798,443.6646830515756,-1.0478248552003782,171.502638770395,32.289331612879124,0.0,0.16306575146989694,51.84799702576838,43.56827765537544,-96.64429713697838,1,847.9464775544697,24,8.19014589711419,96214.58212051286,96253.73807193374,95890.27401013035,95144.59077689398,45.64128999710319,334.60255534436806,94.80583507229882,95.3426312436124,93.37577179341518,89.51056454518398,0.029192793045938,1.6997810018554167,5.2702292711197725,6.60146511678337,5.245285256492605,4.412505682738233,-0.0026647886745988394,0.5552419326546065,8466.969818732283
f7daebb3cfcd,11,-19.083194986049605,-14.48925834674082,-18.296612628484393,-21.96004493704677,0.01155800702649443,1.5919338190948438,-18.07977437744337,-13.213856539466427,-17.394598364928616,-21.408115500952267,0.012056389367712363,1.7293975216944493,440.21672346180577,158.4154339261316,171.55534809439644,30.734053744854517,0.0,0.28475788840472055,50.88710650452461,43.5766506157879,-96.70593977758445,1,1273.625706492131,36,8.163090714005218,95877.92102285376,96255.79483526236,95958.89777998437,95205.05550878146,17.088761316408277,280.95022810146236,90.91901283198072,95.33963940588356,93.18715031893801,89.53167078357414,-0.006372941008546215,1.519994730556985,9.529237316582032,9.527404858536789,6.022627845141077,4.3953655043777475,0.09633804666965025,1.3254274018219796,8041.33055177999
1e8f595d466e,35,-12.754022149720663,-12.763963890073114,-13.69004564435963,-14.374635353941246,0.1535585467403598,0.5549389839499964,-7.6045812040818745,-7.562119013717971,-10.659602636465165,-11.727049160365121,0.27425185492921583,1.2802279794627156,563.2715305707004,296.6233199953099,296.244569890601,63.6814236820706,0.0,24.033827643825166,102.41333675464548,36.48498089332502,-82.35621994236654,2,342.48512369387447,12,4.132263138665144,95680.58064687485,95615.28952379948,95378.54552071555,95058.35797415162,60.2046230082428,209.75520064987057,66.44895819054719,85.50735449414599,79.49957230591302,66.52165134731065,-0.7069231883110794,5.545804152124844,4.4331143110708275,5.496686540018071,4.652214585147123,4.195729584660267,-0.09632985193130954,0.4118816419834331,921.787986329254
30308b047ac7,35,-13.205631623481725,-11.477768872274753,-12.913492194904238,-14.358143788909366,0.10443924639234937,0.9134110968274662,-10.281460471380747,-6.101246023429101,-9.284078215414453,-11.764857412227727,0.14873991800712505,1.9173842878653202,565.479378437804,0.5976408398201469,313.3582964964975,82.67616929297144,0.0,1.2835863264340954,116.80974881863584,36.509138384365215,-82.42978954418066,2,655.953000819402,24,5.574531871609988,96153.91152798074,96164.46352237173,95647.12836749812,95062.33063332544,50.02113750777243,349.26926362383756,80.64732399488345,85.44042594893686,75.8827629706046,60.871277025295306,-0.2538019137943626,7.842146908390999,3.791336600888281,5.496409113784759,4.57782982340184,3.788848544870448,-0.03373431981413698,0.4238143204478685,615.0733114920299
fc59727f7a81,35,-13.006937434498868,-11.498459631387153,-13.189956388235457,-14.726611004896554,-0.002072196210740913,0.9114777853284488,-5.280814725395063,-5.324717201031032,-9.622754288124632,-11.961703828645277,0.015645841613418334,2.0454504150211608,567.2391325230805,520.6155458345845,519.9774074634767,91.55038726874479,0.0,2.7455572061541944,139.99567509475074,36.48577330520303,-82.3514965031836,2,995.9265463605163,36,6.658528258003728,96494.3687226034,96481.10955596973,95866.62164626,95059.93791411785,40.42534281899293,426.94641977802917,53.02752373943122,92.83437766137715,76.91125190986935,53.00760505176626,-0.08285063859762169,9.7564667233545,1.8302235747727325,5.5154804867122635,3.8880644553993844,1.8418432053246385,-0.09148973792296665,1.072792181499304,273.72632149058444
b304fc046d06,18,-15.253827512748794,-9.368706299803467,-14.155015811667063,-15.657072665023945,-0.45126505620268237,1.8945379797447683,-6.32720904909128,-6.152720127460603,-8.321296743152812,-10.065290088149032,-0.035722087666053885,1.2561827421219698,566.8151694843234,572.408592412412,571.4604090037888,116.1443857792263,0.0,44.38037738119458,191.90818229740148,36.48928995420501,-82.40776978960048,1,314.24315775661654,12,3.931382938215545,95435.6945766058,95386.55213393662,95179.14006272786,94950.37048856322,42.31261876063221,148.02901090879362,46.90732783846382,79.28046939719974,62.30866273080393,46.97579472354945,-2.4289922500692165,8.734969212007607,4.886705010542595,5.665205325708512,4.903838980590687,4.589342176474169,-0.0574633714182771,0.33937335939250823,977.7937151347666
4c0573b192fa,18,-14.07394472103606,-9.405774536426534,-14.214646960909711,-15.620714926378136,-0.04872869150866757,1.4023501034916142,-13.061008853986507,-4.9707418607030505,-8.520392200543162,-13.065407346256835,-0.13323489000309166,2.304414155922892,564.639310566357,-0.01860367822168825,621.8699056639848,154.3879762109292,0.0,2.331268349331054,225.10759633295027,36.48977583795165,-82.41889123244002,1,636.9057498520888,24,8.081831636865495,95719.06832387423,95727.6097022818,95333.74270564792,94972.73265292149,31.23508107955346,225.24411345604693,94.95056942724764,95.00666332360184,64.31808761856928,43.089212417848124,0.6451103696979422,15.586611833556871,1.9130770560143384,5.6565250203281865,4.181416702640043,1.9172325390489242,-0.14356284658531637,1.186543755927023,662.0170433901452
c15385d9eeca,18,-14.760103958833795,-9.411093016941079,-14.463930775303794,-15.706294690256302,-0.04207209826302141,1.2276379234250228,-7.468785033221613,-5.010020966711901,-9.802845762521667,-14.14152796278066,-0.16017612356807398,2.8489011970103615,565.3628182828711,510.4422142439536,622.1399085619736,139.43488886714687,0.0,0.555554041250387,211.54525044019596,36.48769507475245,-82.4030493492336,1,1000.5274106112189,36,9.134451539208351,96164.97178522337,96147.59353975786,95518.11323110995,94973.60218162446,31.33224329902338,333.34622144417443,54.13451639191191,99.9761386996178,70.75985306983073,43.03845249375631,0.7482077162047058,18.153988692208955,2.9364808586804925,5.6510163898628685,3.5656507501945796,1.7976612889559356,-0.10288252334140016,1.3165594268736818,291.1271348882002
0bee8d5f63bd,365,-16.898189706053596,-10.97734278244539,-14.211050185881634,-16.993092695880158,-0.5478724923291985,1.9066682820279177,-5.04284225540621,-4.9720118670648175,-9.221336758940694,-11.568975866918631,0.1566966899248085,1.9326220912972605,566.2394098891942,194.3611829637495,194.5947318592173,45.55373495598416,0.0,17.003391460745235,72.3427834739149,36.48404682926293,-82.44887955799351,12,327.14247728015675,12,6.577906878096354,95617.83042592485,95691.13443254874,95552.3302203023,95380.86526164846,32.285996138378366,115.4008719688766,35.63581815708967,80.45141353252447,68.98111628154585,35.58457420246564,-3.788980518360045,15.909563107541876,0.8236683693266956,3.079252780619016,2.2565120004493195,0.7934327107672312,-0.20159107281314018,0.7639073585277687,290.2992824262733
15ce1479ae65,20,-15.701396297771092,-11.30270323109929,-14.840730728749259,-16.17174377182576,-0.39618290542554446,1.582203644207634,-3.6004468316583247,-3.590555293710906,-8.132085230888018,-9.755132692754081,0.31143596077737284,1.8790408049963097,281.601103638888,570.8565066404268,571.1734209489788,113.88026238049736,0.0,43.83205042602203,191.1076821105263,35.03052949976674,-85.08402431423669,1,313.1212115036481,12,6.163641617254741,99915.43057588175,99937.94873548215,99579.85693649111,99189.28815345974,65.91469370485633,231.1321286721881,35.520051690560834,76.88739165143426,58.5087520810216,35.531922326283606,-3.5711072658974645,12.535429047716852,2.831360106484694,3.3871617109432757,3.1257839163292926,2.815860032150605,-0.038361073087791776,0.17533420086254517,760.0657726927257
b42315c68359,20,-9.940951507072375,-9.68012499120657,-13.342510479723394,-16.20632417410611,0.21337976663900918,2.4382816853023432,-6.185060075527925,-0.8186104433478697,-5.950505437906887,-9.791366096092835,0.23773019000005433,2.9499706370687573,282.80959338628315,-0.8983166997933186,635.2497790795118,152.75477454378844,0.0,2.914602676566891,217.78766945450727,35.01704479530663,-85.17380727600593,1,577.442981903204,24,8.905847018368314,100173.64675899174,100172.46183130503,99791.38677574982,99194.99600017074,42.84629264209569,303.7554874489066,75.2916730023215,76.90697012212297,57.130647230586774,31.900259479134323,0.03786214005364837,16.38681773435134,1.8608997447492583,3.4147125867355816,2.627157060986933,1.6428201412668717,-0.0780085801418264,0.5833274053543146,498.33003275682626
988b5412099f,20,-10.485782833696899,-9.697338414356516,-12.419182033827324,-16.212834618069127,0.16058479936007752,2.3643480880390038,1.8206251245533536,1.7580944963428462,-6.05727230318115,-9.804940723162286,0.08768948700176042,3.0548087730910574,283.66068883314557,564.750278480801,636.734552349678,140.37279886218735,0.0,1.121655710062399,210.82568065893744,35.02982734612978,-85.21449638859035,1,863.8422595401756,36,11.521244022658909,100421.93093849644,100458.54262657717,99948.8980195485,99200.28454147573,33.60193263915461,360.408937800756,37.60174475971736,96.61787437405744,62.56169651800176,31.790682340703007,0.523575133818031,18.561766334876165,2.0387773944130827,3.394441952347874,2.3490161863981136,1.4518022650456264,-0.05483475381459616,0.6362242016328667,197.05580905831673
aa0d2daeb191,18,-12.9841867488069,-4.997669260965813,-10.519062176057504,-13.57741921938575,-0.7730378185762228,2.7961338201200077,-2.7429653998241132,-2.7336995788279874,-5.311103617687482,-7.0238122789452735,-0.011298326895776738,1.3726448540487965,282.56810421467577,564.1074596874041,566.552228983882,109.92991887603911,0.0,42.63348634270626,189.6505322360554,35.046348997045136,-85.1798413912216,1,279.5948115337329,12,4.299377821831981,99172.77294654405,99183.9272925449,98885.57493330688,98667.35026118158,50.904481633776705,178.29528335655675,42.884791538102604,88.35150607177866,68.1152848589071,42.897220181978085,-4.3764963898350935,15.227731188801156,3.1252067297027017,3.220365820564884,2.6887160640300753,2.2323478279771667,0.09891721243321693,0.36937060948605904,799.8251946982522
1e5323971a4c,18,-8.489506529607565,-5.000099112201893,-10.240879978432693,-13.555251736300812,-0.004478734983430382,2.2422790002743413,-5.721958838333032,-0.9766496797734111,-4.489362533352907,-7.025273895396468,0.03640403528095362,1.8472784810980292,282.8021238807863,0.3265255308368895,628.530931052753,159.4367919298403,0.0,3.2268684007845447,231.36033953900605,35.04788291857161,-85.24949350270641,1,539.9657912473958,24,6.06450959535244,99366.69476245281,99357.38084853772,99044.58680457165,98663.49913267035,27.840344967686434,206.7595945816253,82.60208368570774,88.40349660780606,66.08329148326231,41.20838951087155,-0.2273644946760146,16.404421569185928,1.532338813712713,3.5374890044270115,2.5679547835843004,1.5084689799088393,-0.028262548655345193,0.6501436178751265,526.8443013340262
4a5bc71b4e85,18,-12.882004223147485,-4.980967261180482,-10.871929505087424,-13.739485986564041,-0.08838931803567017,2.2074296982019304,-3.4460752520262714,-0.9203985126555171,-5.292526738623341,-8.73869832959783,-0.07375561542592446,2.056489094218225,282.4397241042508,525.3090855984408,627.6808309698745,142.07682113490904,0.0,0.545318562234812,216.77284468269158,35.0317783862715,-85.2275912966672,1,839.8636704759044,36,7.791742296061689,99764.85035635269,99789.63334030531,99247.01282631331,98691.2880955966,28.294628835638857,303.96222558430736,45.76953176814944,88.32697295387379,66.23259829231715,41.28327822958433,-0.1455498345656117,14.57734404722353,2.0563307732748,3.5260053529688022,2.4413628664228497,1.5094752667887479,-0.022873773491727763,0.5730770239342013,236.57852198240008
06f61464247d,365,-10.171443284317228,-4.522252530781556,-8.341583699521356,-10.434016954144415,-0.5009493367434286,1.8082212652654348,0.25725755284912,0.2403893360536341,-3.8014347860126194,-5.345556024651635,0.25781926538136446,1.6727530944553397,284.3296066026483,318.3447742728759,318.6301266715369,58.12226785079755,0.0,22.67866124303164,101.38284451678828,35.03344986710572,-85.18884623042483,12,262.6751991272172,12,5.543087701395874,99050.92200679613,99131.79963491044,98930.91741945526,98769.43688198132,39.09913464795408,145.5410139179265,43.3481948454319,94.64040003277783,72.49794190711586,43.44572194410059,-4.273842380244905,15.382693716892096,1.9395178805817594,2.7068082208208573,2.3914489611723417,1.9462845900361818,-0.029742151179323193,0.21440261329945692,251.536368520972
5dc1cffdf1a0,6,-16.762449962411946,-12.89348217905575,-15.978571644263424,-17.26968816225762,-0.35145229065510575,1.357856297205391,-8.347554806308244,-8.228650477550538,-9.837113943521045,-11.215468891593334,-0.049795000483447927,0.993728087945959,89.90999946926867,548.379391064439,548.3119369397547,132.15384106828355,0.0,47.62412225710722,194.63130318496144,35.032556250025095,-89.94133624990734,1,334.31238175753856,12,3.0191346241696757,102426.02941150451,102455.96056708341,102154.37871229484,101702.28281799013,66.68117773854063,234.69145135335245,48.03087740012275,69.25942196827546,59.640093064047136,48.08049075303501,-1.7367183010512808,6.141185198827215,8.582955519531453,9.000510852769798,8.396259428519151,7.806669259041905,0.003972456110457789,0.35700286080049,975.9863804709951
f44d2eefd541,6,-15.601152656819771,-12.909835448519223,-15.967170364820925,-17.28191356082874,-0.019868067992567618,1.1606172122877805,-13.766883662298499,-7.286819262622918,-10.047793350612844,-13.756073881429186,-0.12134693867851962,1.8451556142465828,84.22328656697391,0.36599282093868973,564.8730797534137,136.64328873784578,0.0,0.1748040202391736,198.95243017605242,35.04878141534118,-89.92956191218744,1,673.389435696962,24,6.468052963693208,102631.99729849993,102602.16318460349,102274.66316921456,101683.47772319568,32.13827879137522,242.20969983829835,87.36924168063281,87.3535721300198,61.964457226277815,42.87025648052909,0.7084742612398099,13.951795556285107,2.2261800406712235,8.979879281954666,6.726235039124925,2.2227080545571836,-0.2951741757481055,2.445860805448969,637.7714924335179
c6c9feca974b,6,-13.96035848150907,-12.893420571639501,-15.99498457264238,-17.30026132100648,-0.009303445932473372,1.054805878074516,-5.731770206577343,-5.720271023312158,-10.82974423467952,-14.356714380259714,-0.09076167120778152,2.495590153008426,88.39358314312484,570.8446788585272,570.9493512009831,138.85292217719584,0.0,2.2373204862959915,202.7729078022297,35.05044079751219,-89.91619274824441,1,1035.2837829644873,36,8.622786729201291,102486.69080590586,102631.45585332805,102416.1359668282,101689.67513247018,19.27006320414541,236.2502674563581,50.218138734916685,87.38921674910088,66.05268201461661,42.95884514303162,0.52666401276722,15.407721315668653,3.783751567846676,8.976942050071228,5.213801738696986,1.236956781229339,-0.25258659351812535,2.9447222726744267,278.58756113770437
3667d194328f,62,-8.053623433950733,-7.997169786029066,-9.984127039284454,-11.602615245728499,-0.03927891402097825,1.2495417809265994,-6.40892260002353,-6.408400864917543,-8.719511037105914,-10.464415449074343,0.0028047452638072148,1.3402578454244387,89.63166169369609,360.90740719779905,464.34416230291714,140.464179060109,0.0,45.29542599829049,181.80251952538998,35.06208370339541,-89.93778169196082,3,319.5406055169359,12,4.021775874694796,101895.44815623345,101931.40919537595,101481.46588896206,100908.97941093992,99.03253911945829,347.4416573822838,91.1182517071095,94.81706547914547,93.83532185200212,91.05550751464523,-0.33500478606033834,1.3739007812403434,7.8982052432716605,9.82850203034991,9.100559173410135,7.894724728832627,-0.134309425825366,0.5559766900306393,902.3030976984512
7189f11e4f08,62,-12.298847600853364,-7.0481267904559175,-9.906925266949601,-12.815508279886803,-0.078173083326397,1.9474019914729463,-11.32138810072383,-5.191508431871153,-8.563404033677177,-11.986663467283448,-0.0836483801726309,2.2610500945802086,92.11445606527312,-0.31529486872183604,552.4299164562069,149.38546434892237,0.0,0.7237252537340682,194.37497267695392,35.03555887933705,-89.94454730228513,3,637.8585228825278,24,6.8145510804457246,101700.27665545809,101893.40243233103,101593.30968743877,100929.03153073446,31.653815453126697,296.38361279982433,96.15062953311072,98.32487310447551,93.70567869702478,88.01322619231216,0.07104069751910624,2.998578559830732,2.7813288846682984,9.841775641004364,6.951687653565968,2.7863934325611854,-0.3470959015086834,2.532074446751142,581.2073222468674
a0a6b7640f55,62,-4.50936557894615,-4.49788465456871,-10.29021901401767,-14.271747101667057,-0.03797688330871897,2.5452017910987883,-2.7315700031736836,-2.7857685025475445,-9.020263983285467,-13.938615615175747,-0.04272961069335519,2.9664105435868726,85.07682758265685,328.299102579607,552.4660545201224,131.81844187413228,0.0,-0.6174118340197745,177.9593507174315,35.032704529579114,-89.94969476101252,3,975.8599411594588,36,11.14956727535014,101458.3933737493,101891.0156727522,101607.67405864998,100920.10957120452,4.3555419838227,254.76696845427296,89.05029403034587,100.00502588457415,94.20204437028845,87.60807506053283,0.047888259347045006,3.659665012433468,2.7578529270387135,9.846019474767969,5.55961758804885,1.7725246787952156,-0.26271859900621636,2.8789798767172625,237.86362389402555
a3fa43a03a03,43,-4.523445811400243,-3.822278945998738,-4.950350052263505,-6.136696507178825,-0.1296861217269999,0.7782262721547184,-0.8833461911857583,-0.905251436738962,-2.8884777950581384,-4.406101811835772,0.13964989289442242,1.0104809482162433,85.67353579914123,250.48970965167814,251.21392754301397,64.14606111392989,0.0,22.754438925470968,90.8914220414222,35.03694764374316,-89.964056621995,2,251.24763140181042,12,3.5303506029020615,101364.6996135161,101384.31115799605,101337.72852830071,101165.29199509417,22.762071969039358,87.03993705077161,76.338629868758,94.08733043249987,87.29299883568187,76.32553641553385,-1.8963972771232338,7.047035661797938,7.570670086110168,8.473895644613576,6.547470144259336,5.079617322852234,0.29547554551854444,1.1556784343456699,5171.979190340023
cb2e5796132c,43,-6.620537828420665,-3.844022206090574,-4.977118796430113,-6.634879027533293,-0.053487087267834646,0.8829822257181207,-4.681312348266194,-0.5003140850372235,-2.7483769495451837,-4.707190511748097,-0.019674878332388072,1.369962011284534,86.81503744330564,0.2862798643360256,250.81047982074057,60.5193553337949,0.0,-0.09426497198777357,86.53285445472592,35.06179304773358,-89.95907089414482,2,499.8184065177168,24,4.256636747627899,101305.91342978027,101403.03531285565,101320.15832211981,101145.62698227525,4.546343360266351,71.43377004280454,88.82259097975978,94.11373387377519,85.78320440790579,76.41607875795471,-0.250953237096146,6.425581151934499,6.6406172983617475,8.484296882054215,6.538480239234604,5.078012490126894,0.03250641308680087,0.8609130442619777,4922.517089775685
f79c1b0d0ef5,43,-6.883292956312857,-3.8003633799503995,-5.991611921451008,-9.113127007751563,-0.12687899686100884,1.6474445346175648,-3.2333109152969355,-0.47701039686470037,-3.6147475476182342,-6.891896281642722,-0.10072265693062456,1.8199985864524846,88.71571480261315,184.91977630979386,251.56531567340167,55.017985248435174,0.0,-0.04478169594511486,79.84392409252835,35.05058954135606,-89.93621037540976,2,779.3988830122892,36,6.39670479899757,101289.53346768503,101418.08206296254,101288.80498961454,101182.49033137693,0.6961149173613106,65.35363128483709,76.8553482460402,94.08292341482657,85.39963217740262,76.28064448875759,-0.16020519261119467,5.826370453248452,6.961856993030231,8.49518755676271,6.643319366014339,5.08496724963138,0.023114994928455992,0.7269958014835626,4639.599193393879
76980d416e3f,15,-15.165529169901161,-11.094472538575138,-13.561885667658869,-15.175381433711346,-0.350365601402085,1.245214576179264,-6.489774478379069,-6.55404024470081,-7.970928142190559,-9.190387844862027,0.011111930796524394,0.8659946206700704,209.0901371130854,588.1548397850951,588.4406230522098,134.06394381817032,0.0,48.49090185579138,198.10972983451438,36.13106673575712,-86.69148863339112,1,311.32655437962194,12,2.6663895639709616,101145.23006992745,101190.59147676875,100837.34001537033,100449.08296920237,74.029075723462,259.08651884947835,47.98028474800741,72.55143091329853,63.91668505612177,48.006543233029205,-2.0579658160723593,7.65534921203679,5.458558703946431,6.16617828822662,5.812280445725685,5.432110746250747,-0.06809399050341942,0.2584199186130771,1022.3205215812659
690a4dcdb54b,15,-15.705821885487632,-11.064752632094262,-14.52708471091166,-16.282497177763364,-0.15737332454433295,1.3425814555851194,-13.743289640546537,-5.853185491570048,-8.791560427198084,-13.749022866874842,-0.20024313086664433,2.1906777931350647,208.02323047976878,0.44124677107511123,588.4077989712267,134.43235226196694,0.0,0.12141496712870596,198.7360327054437,36.12096195745047,-86.62996217429792,1,642.1145314993756,24,7.897073665792212,101603.11880866441,101625.61853613071,101057.3164666632,100432.46379808348,46.165587471950836,331.3110843836943,86.35131107897558,86.32013688079589,63.644077941414075,43.44279506554698,0.27930538027440405,12.619941520995285,2.7756895753045825,6.1701469100815265,5.068280929344111,2.7759209987293665,-0.13613950924273505,1.0497424477312727,700.2988538034356
9830c524250d,15,-17.499708410977387,-11.127818306086981,-15.451135006665769,-18.61311088715086,-0.1559964218028027,1.7758070813896907,-7.810780454846868,-5.8303017269211015,-10.38238311180772,-15.584969528794536,-0.2090614106023025,3.1997033836173734,210.45748706131886,441.6083951903049,588.2286233128715,130.65854869976744,0.0,1.1687213945680919,189.95152242533123,36.14204397809624,-86.65145206820473,1,1020.0772532891664,36,9.744208023436835,101506.10080597187,101680.28556753331,101271.45446939902,100416.87606695827,33.51994539085291,370.14743101218,43.093747389556476,94.5030496203963,67.35738051769466,43.11096340944941,0.3142882240410689,16.149001519124887,1.9600409405887524,6.168161270159795,4.151526040193985,1.9654022550813905,-0.14019024311714404,1.5510684876133765,324.8875159207563
7fd750d11687,6,-19.715596074701494,-12.292215892517577,-17.298422745482455,-19.682413196338768,-0.6414508907370597,2.350756534803348,-13.206551960677428,-8.312750139151776,-12.316058588375576,-14.331758787565692,-0.5249215233254657,2.043080962896643,211.76087567397107,404.9504132831155,404.4573827037526,103.65409081903853,0.0,36.551031932185964,146.82496850011495,36.13215318165116,-86.63089829117168,1,363.5332040971957,12,6.035109765702884,100441.81704771059,100449.62411660588,100091.97524887563,99601.22948080814,84.29506069296495,295.41733733694656,54.7423195621694,73.80824779882005,64.42656707503012,54.73969881924448,-1.0953743013465578,4.5722036666797825,6.756850571723246,8.51073966611025,7.4625308448279055,6.690695688512014,-0.18522262822174063,0.6689375982617448,1056.5674559286215
b2b46ec3a252,6,-18.93461802500111,-12.258983271776824,-18.16473908365083,-19.728934536447472,-0.17051482746715954,1.877768268620142,-14.38711575044315,-8.32512672572362,-12.702835259694108,-14.463078268319629,-0.14819074052706432,1.6152314583094363,210.7063321138962,-0.26229523975207125,458.0856144404263,100.00031743561705,0.0,-0.3225067095510148,147.59189985343167,36.10763487446443,-86.72401002875336,1,738.1982681326048,24,6.081759986810613,100785.40282702612,100799.03048964444,100317.96675304933,99561.54291192084,46.483434856471746,338.8751758940534,66.01652127194524,73.80621053297162,61.932284232044054,49.9320882278421,-0.26223040846477724,5.930547586693737,4.458658499939198,8.510133854905515,6.504697785177808,4.457914436800331,-0.1701033697735832,1.2063678420064892,681.955628310329
903773a1c662,6,-15.949968218727607,-12.258670697265815,-18.230354131752577,-19.685919159879926,-0.051275315166187996,1.6439745115868174,-8.419170188363848,-8.323686088019299,-12.960323568138136,-14.830116350423808,-0.05176815769826136,1.7923602196192054,206.18664054107836,494.89026835470617,495.84410336577815,109.398221060199,0.0,2.615669530221263,160.76456389569276,36.12280063166486,-86.65160118849955,1,1115.4405747960886,36,6.515463828167199,100796.4372544425,100945.26806286434,100509.32917561049,99598.233131498,32.82110738357407,367.3580242310901,51.994699584491734,73.761816363423,62.71633080858855,50.068675359932996,-0.02917288281960587,5.834775611645907,1.8445672773904491,8.51722672342142,5.125978954775829,0.8576483435142782,-0.21298288905755666,2.266876100067097,301.83397497767174
48b1931e704a,14,-14.2856812339904,-3.3355018080191963,-9.92703600702977,-14.50920768338751,-1.1971248440877034,4.2782434102399485,-2.5018422478505644,-1.8915304365462973,-4.61828232866763,-7.395146648883518,-0.1536281578994422,1.8034453866351738,210.18154691040678,522.7156423077774,522.6859726979538,134.67830895527976,0.0,48.080881286774265,194.95763431745243,36.127626753385314,-86.61170912719712,1,272.2516314104698,12,5.505643309927408,99885.01472175252,100065.96295696459,99738.4963861732,99326.56549752173,75.53937111544748,273.7847844932842,37.18612218033711,93.51503233723429,69.17791912078378,37.17722383608464,-5.7936360249833285,20.490745969313377,3.503712528816784,5.309443674698482,4.353773285201914,3.010310895865121,0.08836659287918755,0.8301701296385894,4765.144846025161
993083faba69,14,-11.146020276739538,-3.3941484393665338,-11.220206615480432,-14.504277242365742,-0.2673068969159269,3.4050117315266006,-7.868846258695961,-1.7387943879877799,-4.884484011556297,-7.91172986431611,-0.12737114459040233,2.021261882944419,206.89394659359942,-0.07294770284463117,522.6384797274701,116.69059040075383,0.0,-0.8063627733994648,175.5034689141541,36.11010928393129,-86.69047136463169,1,548.966512479843,24,6.150982292809302,99896.59994091076,100056.70495127661,99792.3715009514,99332.40230389078,22.58244088631682,219.02030070362918,78.960877863085,93.46816064293796,63.205261284078695,35.40760907373707,-0.8753001203946698,19.437309266010857,3.2230463952299893,5.310016056313662,3.9848614132395213,3.0048415320692237,-0.03169282437819945,0.7289559912612142,4492.925503717916
510ab5a74841,14,-12.643386122133021,-3.380598941794752,-11.566244375013193,-14.430467917705126,-0.1246014543421857,2.8271554182774548,-9.021300107510855,-1.7000073768362933,-6.165177593872808,-9.661104831620962,-0.1896707250459102,2.5230659479568875,208.67710057543854,157.85570991695192,522.0269733987456,92.55559045716437,0.0,-2.3687801817106795,152.08166008979552,36.109167015170115,-86.67366370307614,1,871.0769718812767,36,7.959755279308178,99856.16467771845,100031.5802399314,99850.73729995423,99342.23559162555,10.860719672784894,187.67069690895616,75.91920050719965,93.45249734644801,68.07969223528873,35.49830838504054,0.27339130495846176,17.29343679667211,4.078041448627801,5.286888493178256,3.9643179126096197,3.0115025328041565,-0.00817510516836435,0.6460572386403798,4169.839007597279
c2d9edf439c9,55,-11.564477768020827,-6.6588901838934,-9.415905236796409,-11.551335617750837,-0.4378320612835743,1.5180726330902945,-4.585749229272757,-3.027329956225983,-4.991184411997147,-6.159308516718307,-0.1697185454433494,0.9334004796496785,504.6091146010572,140.66158508069663,140.56501045548904,37.496796045228294,0.0,13.416896927544657,54.97432353906992,32.44306972199857,-99.67802016393699,2,276.33862770693213,12,3.1186778900344247,96936.20246927551,96879.03921196863,96563.82235687296,96230.98259119589,71.50397672385456,250.06781817138324,57.4007682879374,76.69887941228724,71.65879803221372,57.32854046377402,-1.5993390281401625,6.400380682948797,7.25075899058463,7.245458720907852,6.625254879377513,6.084421761462606,0.05442101132745501,0.3674799762675652,825.6672941494955
5c6d00dc893a,55,-11.658341655944646,-6.687378818250453,-10.42771704348041,-11.892023382927848,-0.17291635316448117,1.4938848889513805,-7.4667584626078485,-3.0423853016490057,-5.385920330446685,-7.408159814316691,-0.11693608428914566,1.1593293736340347,501.9187519092759,-1.6540171838498268,412.21295619879675,59.19451713949257,0.0,2.252848074255522,95.76096532188238,32.42816260303715,-99.6656074767225,2,561.1446984224029,24,4.44846909111337,96958.81190414312,97058.34685367018,96710.31361699627,96185.91369473147,32.525616371396595,250.90753728524052,72.22794620987295,76.77874275595262,68.09591996702179,53.486870046513076,-0.3793451681219344,8.055169698343903,6.274893869924814,7.456139888674978,6.834839261847758,6.0758278220025455,0.018197963081060198,0.48295548029470453,541.1504732424528
26220c005b66,55,-9.014692840151671,-6.673372246730387,-10.719523282360155,-11.906454217056705,-0.07647385578021351,1.4007525609070581,-2.712846357329798,-2.679981112751186,-5.721678714806769,-7.758689812478682,-0.05925516946991085,1.4380058842441883,505.93658742073603,260.90257080055306,412.14936147951045,56.71684440213053,0.0,1.0252091241611834,91.2683661203424,32.44078104686723,-99.66856679136019,2,854.3321659528066,36,5.038967106157084,96636.77370538728,97013.60161105738,96742.58061258584,96204.23011248407,11.673002327322047,217.07236555040964,60.82159022843861,76.69173211037686,68.26965594643751,53.56259633274316,-0.13150519174040348,6.961168375160183,1.742830638145406,7.45095452542567,6.023982253548154,1.7355660763456389,-0.09808516439210052,1.4233888241295327,247.55841316802127
b3b28dbf811f,353,-15.13060459822073,-15.123977424552436,-15.932492396827556,-16.331715417230388,0.09750883748279068,0.3627533102182352,-5.413969051215597,-5.4389692681682344,-9.262302139605817,-10.251362128570118,0.3145638542634992,1.4561490546912847,502.38571054022947,517.3402650111856,517.7589244170814,110.97862741216312,0.0,42.07930985624015,180.39391440757683,32.421814016216395,-99.69119578258982,12,326.33237524492,12,4.820196837358233,97547.2961113182,97528.0663577021,97138.1507861978,96738.93991654665,76.15478212439872,263.6708906821248,43.634358986521235,60.59980214004206,56.61481358665646,43.67739106953952,-0.9059839318568732,5.071724841266367,5.469232368836954,9.700360269766144,7.46221141336274,5.463590643417728,-0.373435288005406,1.2983414135419595,773.3243268614094
35c7c6e5ed3d,353,-13.333949689965442,-12.302150165199011,-14.709704289033063,-16.3790554712013,0.19544531932854048,1.4411408489359556,-6.032525853485242,-2.6735855135989244,-7.074725453215765,-10.286232861514415,0.26560805970036466,2.6142076306660367,507.15447410477066,0.5121214712267153,517.730541441141,129.2457138974185,0.0,1.3324038888692693,188.1363531397994,32.42797038117041,-99.67066477359039,12,600.7086558795953,24,7.548132438334137,97706.16473419541,97710.87473702001,97276.53363502925,96758.77628042494,32.23737651175984,262.9928960411282,54.49362249890611,62.479674971627524,53.42115965345375,37.25003115196443,-0.21312409588946804,8.765419607183999,3.4086887219380846,9.700543905803139,5.519496314767242,2.850344725074809,-0.30874780131955437,2.205296056910884,494.9955066533136
d44c394d3140,353,-12.983912245556699,-12.316356165153683,-14.322747941047856,-16.327076821089108,0.09762072939405166,1.2886457958781812,-0.3116882422365648,-0.2802587233877235,-6.464550229976891,-10.243046134219007,0.16041692091314788,2.5538436397404554,507.1477145576825,537.5991618888821,537.9012544190126,123.81734508584569,0.0,1.4253579588563803,186.59404595387235,32.451845124132475,-99.70384742020734,12,881.054164820952,36,9.974352300978905,97817.12235807194,97861.55730456415,97422.52568661935,96749.0667276134,27.36448792229545,310.2955431793094,35.083650111105406,62.51122820105885,52.5566425926614,34.91772415467396,-0.22331718834592146,8.256942142496852,1.708601313334467,9.708160657801784,4.578208931748302,1.7066843456316878,-0.19962204327632407,2.2469795047233143,214.41682043385825
eb650447e366,14,-17.765199499803558,-16.133803342452058,-17.744723370156407,-18.523038778574787,-0.17091578608776467,0.7350244335101792,-9.186191574236847,-8.658147337482562,-10.113559997041973,-11.119231683496812,-0.09139700258000664,0.8187189725532675,506.56071822638904,162.5417894666466,166.52640284061457,42.06126177616463,0.0,15.3468888371696,64.85008088179424,32.40784957860185,-99.67265659118446,1,337.143941885257,12,2.4629445149509652,96491.98469089883,96588.40400725961,96486.57439364019,96394.7720827052,9.807098165425,67.85887271296126,46.62699152031439,52.44600697453381,50.58155468480611,46.688845396478456,-0.4682962629856498,1.9966195989243556,3.462839443645241,6.651004467748736,5.804021093672933,3.4687929690182737,-0.21022678687950577,0.9344580623398122,3325.813737107167
efdb78bfe349,14,-16.49851781761961,-16.186490383471845,-17.170533732455212,-18.531418936018202,0.05704362783092783,0.8037779783798863,-9.379248181319614,-7.382160629230759,-9.389663260280148,-11.136464641561167,0.05543779878170903,1.0519607118776737,505.54367990847567,-0.11256708426341512,238.79414075964337,58.635371812625806,0.0,1.2472334247624102,80.96642736756418,32.41249198161502,-99.65116972348308,1,655.5544924341636,24,3.707742586727952,96422.06856133376,96608.87555809326,96359.04823893226,96144.60093271435,-8.654509242010722,127.13159062293609,53.45824278812438,54.45641750337818,50.56573123968424,45.811889739057875,0.04280638325155534,2.8678390728545913,5.60112532509893,6.654468475875866,5.277522504458862,2.9596045552566674,-0.0626296773664281,1.0648656466163324,3008.9150073878277
792ef6f3aa95,14,-15.913976026821484,-15.93098597343926,-17.011315331320166,-18.500782404255055,0.03475793355197041,0.7211253563892924,-7.516302910376345,-7.40568406445815,-9.851607268282516,-12.883331758215547,-0.03658775099454341,1.4179406883411956,504.919272662558,595.8426064831951,595.1215683390773,80.43764014461146,0.0,4.47140717717013,138.8263281488096,32.441656419304756,-99.69044456804404,1,1004.5437408412613,36,5.520306685718826,96497.54604235035,96585.8317716411,96384.12176206335,96152.53498086994,-1.4181027093859524,109.09722897765293,48.29538946938059,70.3957955259737,53.83016488632773,45.764397365353744,0.37770819730467464,6.430258768402356,5.066642404874938,6.642366688254385,5.3068779865264695,2.950408787315602,-0.01756468389377168,0.8877148519245321,2662.924754135679
b064d0869d1b,12,-7.931542649967918,5.715041201719438,-0.9056276158154484,-7.9013614490996735,-1.417958459590121,4.954458275700322,-4.162568925870253,6.218434957573966,0.4813925308175069,-4.093048235633209,-1.0152337082971017,3.528812277119971,1097.2231115332183,203.10601650846397,202.8637533802373,40.077323541219805,0.0,15.536445690403466,68.55071224148438,35.21871872006785,-101.72216505419938,1,209.59661661878263,12,10.315192731554905,89412.45070849528,89465.86371305936,89113.52869399924,88831.55396494162,64.63697311853369,224.8353322035767,76.23649060950147,99.98190358298497,90.64922350202183,76.37666111958421,-2.2805428362187694,8.302443770548887,5.382331520328132,5.70051430183214,4.425035691992326,1.7310127417152972,0.3360522760212993,1.3721166515539986,2566.5817676285137
17663f1ac12b,12,-8.612124755869763,5.724019736143404,-4.93905596636566,-9.31101847597857,-0.6780080011950214,5.319908404979827,-6.172860779801069,6.1080354747876875,-2.6155250329583186,-6.35121192452322,-0.5368678250149577,4.0073614721014446,1095.089254113116,0.16244721534758502,203.0717996329508,52.085590580884435,0.0,0.9458944005134755,74.5794553315588,35.23072419446458,-101.66934945409925,1,496.0998803751926,24,12.499618911136182,89478.9281068225,89483.6370514333,89266.07328508286,88838.68915844525,29.000684273966122,224.73485428499225,84.98602165076944,99.9581944005874,85.08502544555012,74.1723613265587,-0.830201865476367,8.51126820962583,3.325579907761097,5.689783487175387,4.426579330187316,1.7465227547559896,0.0289338619208658,1.0417312525044635,2279.82357582533
4a15e48bbdc1,12,-7.410390590473324,5.725645561954162,-5.999106167415277,-9.287856589281823,-0.3191434737122865,4.605563788401569,-3.2091636283543257,6.169925986173995,-3.422803995592449,-6.361177322390277,-0.23903426177952272,3.5082312214027582,1097.793277928494,147.52262927127816,202.47794240083354,46.227510413370055,0.0,0.09493624574575771,69.60954531736454,35.231572709000915,-101.72795811339435,1,771.5987681996182,36,12.517931133148826,89513.55096964548,89507.8172420952,89311.87779778038,88829.8924674406,15.935083748271925,204.8428789387199,73.11874426698877,100.0127438229581,83.413732655094,73.16701976654407,-0.47448400839830285,7.716069244267569,3.12076010404905,5.716734838753658,4.05487753790995,1.74657842918516,-0.030407072358017387,1.010648500005589,2000.7869845394014
893d084fb4a8,36,-16.762201361151472,-12.379157979472117,-15.289445609737975,-16.856719672802164,-0.41882069304526615,1.5130791410823212,-8.43679106089046,-7.591349825661907,-8.86314073133831,-9.525595220832093,-0.07380822113024858,0.5611102635263058,1095.9467922252359,160.7958714553036,188.9591472491053,42.04099571910546,0.0,15.617022721992635,68.04849209715847,35.24167437540603,-101.65489505763655,2,321.1518575275352,12,1.9578596777034811,90279.91221810009,90279.22800803998,89994.15388651389,89636.83303905549,59.72236889852644,208.16325216211794,48.12493220503899,68.64648939601015,58.337116347402706,48.164583955798584,-1.9946575162448033,6.9132546379125746,4.905581937191457,8.704281999611561,7.453164475425916,4.8992199423220315,-0.32169738306623424,1.1909644703032312,968.5756169374428
9bb03d3b563b,36,-15.793903732572014,-12.35260992661247,-15.516954839780805,-16.857061438411183,-0.07207618796842756,1.1079320605390037,-11.095793197841825,-7.627367682897026,-9.260365747804272,-11.121429346118589,-0.09501702334178651,0.8598470884534664,1097.1425915885927,0.15531151745112182,356.6423109111304,65.30383198311797,0.0,1.4288998223200013,95.11459456878131,35.22178429892539,-101.56168344072256,2,655.698243695413,24,3.5348919136366774,90126.99521109303,90307.68078635466,90034.37597316812,89633.43302891537,16.167648445503442,166.0561927050397,67.09799019240403,68.63986039251627,59.3641122095314,48.214376523409825,0.06890417432301109,6.2781581137152696,3.319862411576885,8.716766731531123,5.51789978038613,3.3379057531401157,-0.28813960052034804,2.1093493763784186,641.7863225975092
ed0e7767722c,36,-14.725773046324422,-12.368231028907598,-15.82245334705711,-17.109210007837863,-0.05549025078563649,1.0867830283536755,-7.1774570743158534,-7.189180312437357,-10.171110119619565,-13.28313386099527,-0.11133216829728718,1.758595738345521,1098.8091137362455,208.77976910806532,355.84821054002583,58.39315909381198,0.0,0.26041067693318937,89.08845535468944,35.22362669786949,-101.6410718235457,2,1013.515540042594,36,6.125730153360295,89984.3074296827,90266.69814351779,90079.06664247515,89634.82763296667,5.179397305106803,138.33586134066186,52.96699221884763,72.09233553269263,62.17210592410227,48.25229610975835,0.29232977938119015,7.396388799957583,2.868586468037577,8.71575441691676,4.578886753669474,1.994081152280433,-0.1905046150154374,2.1892509874808894,281.22462801514433
ead74a8b45ca,62,-11.322993601103873,-5.342097594125014,-8.022814851838204,-11.316873630547766,-0.525669782793039,1.8297411256700489,-4.482662081057153,-2.859149143067935,-4.653138727075112,-5.803196541134113,-0.17189348217719402,0.8604892175482066,1095.8414964543438,310.0551251541962,310.3193446384121,61.771958043224664,0.0,23.43450354162987,100.34159289416043,35.22374030288441,-101.71013245580073,3,271.45646335881,12,2.940593633355411,89784.07970453588,89791.81064128509,89510.13283844687,89278.22470838237,55.684125835078376,202.24038588807454,57.73088985923904,85.35173614094914,78.63360151198789,57.72315546576514,-2.2256972955343395,9.190036080257402,7.494734274125665,7.862809544419402,6.12949400437055,4.427799075200127,0.32390171290597686,1.2758721922345844,882.4508251011735
25f7d6be5ba7,62,-14.768432334093987,-5.383351180710661,-10.714539009104596,-14.795123218094542,-0.4391682754467468,3.0732783792489298,-9.893631481092399,-2.8673241670561134,-5.450526081393532,-9.843181083394963,-0.21531341481801797,2.139814766869516,1095.315176458483,-0.5795744878642519,378.18088902392014,97.22228592182891,0.0,2.3719108704627496,129.87168823207423,35.2385523841094,-101.67368715794687,3,561.8819836268295,24,6.9532729413122425,89921.23381402949,89922.58697177572,89629.08048260586,89274.75499359166,26.526480261428212,210.48731342433575,66.40022640735933,85.44154735278649,67.30774378378105,46.18358950128177,-1.4381676733207895,14.147588870237728,4.8106333355774336,7.870873592613297,6.006988292466075,4.4307625620068665,0.004531233109048213,1.0113664483449365,588.5597118215488
60968e35dab1,62,-13.611616225139205,-5.410640283305394,-12.012888824887778,-14.841285785046374,-0.27063402353866084,3.1153930692093827,-5.391513323303789,-2.8996204199781546,-6.669913985172515,-10.26372186124335,-0.18417687828229148,2.618437133611971,1101.247685529826,383.41199884811124,383.06798016056024,91.48937090327543,0.0,1.2323367925846178,128.51234408260876,35.2354540088825,-101.73356271338723,3,886.821631616044,36,7.393239912791341,89988.52665162965,90008.42621121106,89718.51891200502,89267.09861136644,19.789467527501685,226.1989830299749,50.53398617731239,85.29155533258663,66.10809331556898,46.176037763482675,-0.6132707043163889,12.201632714012119,1.7731830807526419,7.87805689432775,5.15370486155836,1.7919499414294016,-0.10229565201920256,1.5438614111964748,260.5995969285184
67e00ac19def,16,-15.556297292257588,-3.7896995260469772,-11.018619279381596,-15.51072840438763,-1.0975675141205572,3.9358508801128824,-2.2490657290335885,0.5587850242462937,-2.317059443970181,-3.4664444930371388,-0.2790047266637321,1.2673233380442568,182.7653263304537,184.43204957803945,184.6628987403389,40.52935950051129,0.0,15.125257382907481,64.51951042626538,30.2811572726101,-97.76106871537014,1,245.91956898011182,12,4.050373101633031,101777.32458064481,101842.343613989,101487.58971317802,101122.32036091501,66.85700966183421,233.1714433575244,32.35729772979335,71.8632950525501,50.82214237776323,32.41744834660288,-3.7664734459419753,13.284889730300508,9.748491231083099,11.537635835714351,10.57060663033313,9.758748842599992,-0.14549161461218854,0.5394075602160132,777.44597931506
a9f25a2cc847,16,-12.112775200088905,-3.798294565002979,-12.773498899448953,-16.82683463016176,-0.29046393652578417,3.611754758451326,-6.027910159602436,0.5847345138674874,-2.470951354439942,-6.028648886845589,-0.13605860751311724,1.9075980426650678,184.12262415220914,-0.6685204355746593,218.6546107350965,57.333037563975715,0.0,0.9885459008114821,81.37873762859968,30.31469807703412,-97.71902653183234,1,491.39293862761696,24,6.6029088815723815,101813.10237679031,101854.41292789046,101580.18500379295,101110.90798529515,22.92894187585295,202.6088394473855,61.4445235772823,71.89125442128665,45.22078334863885,23.055746678229458,-0.6543523176602091,15.521735198930868,3.3909001906665233,11.538680232916606,8.18415551091601,2.8256106190825685,-0.407338842393105,3.0512531552003037,530.8384695657112
5d5ad8764524,16,-14.332339326723826,-3.823045569742964,-12.77141325476826,-16.795245169707794,-0.09994319935820482,3.0120029209552626,-0.6437968707973609,0.5582837376448991,-3.735897092420681,-8.149233288911699,-0.15826048280354435,2.6553773826641374,185.91334564520224,660.0812095415879,660.4976591302434,87.48670941590782,0.0,5.692959758499132,155.8022247954316,30.290599013988242,-97.64099529293892,1,782.9228095905162,36,8.702852349255899,101809.11907187205,101950.81227016971,101680.20469329983,101145.95062539623,16.54565545748591,206.1473821729904,31.59649569364457,73.53827204109184,50.03145923720064,22.947374999874835,0.2265878530501409,16.739037904763393,4.243519555395393,11.548780343353151,6.699606983028497,2.8307462115246924,-0.28065598856061996,3.2961110398242646,248.15614167763624
cd173868f696,43,-5.5649579372199645,-3.8982948796035695,-5.440646433315362,-5.993944450777983,-0.1531450418544354,0.6872481679203452,1.197978756066581,1.134019871664255,-1.4842374336395516,-2.807538119375162,0.25753134001476596,1.1219395893099697,186.357191568485,174.83674312287692,208.29712664348907,58.52966319611943,0.0,20.175683979746918,83.68339763273433,30.290917280079643,-97.75150644227476,2,233.0680263579243,12,3.9196810764436574,100144.87069680885,100197.89801823154,100015.22132451533,99909.50703537092,30.310669534725182,124.55849582545014,59.76238264626488,86.01921382274044,74.9381898023007,59.7200927275033,-2.4358575361675174,8.523200854978352,8.391383981586136,8.687366771861088,7.4758333070465515,6.133712011038056,0.2504803670929272,0.9857414232280075,3956.246503042859
07582cb3d36c,43,-6.059173320551001,-3.882993799762432,-5.529128746220255,-6.003603533068491,-0.02991980371701785,0.5208350245946107,-1.7684752645223583,1.664490927115302,-0.6957571454184021,-2.742897773489851,0.08879600095740924,1.427014246280821,184.29774528236146,0.03794915982732344,208.07684700103948,56.33925661979444,0.0,0.004784566106874312,75.57221776026809,30.293581277707226,-97.73372424370017,2,447.63720786643125,24,4.4682695880033005,99935.62048482239,100236.32954393323,100013.89153064483,99895.86853724981,0.19433075534203179,94.68036813751273,72.44763194058619,86.03973640438952,70.06884927230071,57.389134897122766,-0.7129783194137402,8.691895479153873,6.327587891494502,8.675051302767768,7.057130987762884,5.8485576619743425,-0.030420476348566462,0.8750195734463848,3750.0013968742587
7e04e6279681,43,-7.104966420680611,-3.8602134096034577,-5.868250486854788,-7.0681614261949735,-0.0562845430831721,0.7185975993517048,-1.635280847644715,1.6832461877776375,-1.1851292666942113,-2.8041306418922223,-0.030841091597606576,1.3957589605215666,182.7499316650634,127.84810920363755,208.4792471508575,51.966500634198944,0.0,0.08842201307053485,71.73718212481783,30.302526209686317,-97.688263848362,2,691.6368312694975,36,4.489815553830368,100125.5513564149,100241.57548216711,99985.72839818473,99801.03980769569,0.6847864982786264,105.14705651940318,65.45770499858565,85.93814585054302,70.59275173964421,57.34158296383783,-0.17481474849388437,7.319014192974889,7.959451502132148,8.687846223862357,7.158656287903968,5.866366352256407,0.00657814239944462,0.7661585761088447,3495.1452832127034
5ca5839b0671,357,-18.88590890979836,-18.895157865248777,-19.291636440126904,-19.490217673127752,0.013871229693665766,0.168655439211089,-3.2856499096906004,-3.3204638503530615,-8.144153812054782,-9.729378719312923,0.5005128176458462,2.0377588694115873,187.28534481912598,591.5883121185692,591.8872522725179,134.9174626089121,0.0,50.03172953307587,209.92058887190757,30.290463194247756,-97.7365465403137,12,314.64438944915713,12,6.454342744160702,101716.33266534536,101829.06297295801,101579.56886097077,101296.37249302195,53.59517071190891,192.83262170497778,24.933840303036945,41.61241299385909,36.86750304226036,24.966674349507038,-1.44824268193776,5.569932573347436,7.87696201408731,10.059844445074674,8.369522475834811,7.677808544963863,-0.16345447324929904,0.6940517158045288,724.0372631311058
fb5ca2e73237,357,-15.620043003250476,-15.250068754640031,-18.05404474709424,-19.466888108834677,0.19428208138431274,1.505287269356308,-4.305414324266376,-0.3453343094448837,-5.407929098176656,-9.747731965157481,0.3656084908451996,3.292482525269637,186.56670594224116,0.5645833003245976,639.1391824507808,160.0601502986846,0.0,1.5097871728483956,230.4725130334307,30.319966491010543,-97.61602965042155,12,561.042557982851,24,9.37108724572263,101598.62303592387,101871.61141864081,101498.24252041621,101283.93752637987,-0.5112480971062042,162.6231562630974,37.77161630712532,41.55598479217054,33.46499182574609,21.306351856724344,-0.40058903014556896,7.087920109651734,4.90504164993016,10.063695108347316,7.181287128522812,4.8852620450300765,-0.20297483468704414,1.489307577499014,479.86530941129314
57fc02a0c95c,357,-15.031270094761798,-12.303469921049642,-16.718750030002056,-19.49206770002133,0.20418322337438988,2.3585209673387713,0.949758984753169,0.9530323612540458,-5.035518083489872,-9.72213841434623,0.1645248166687908,3.046835697402493,184.27795611021529,603.5162487013049,639.3259666452999,151.96062465043448,0.0,1.4030123937482224,224.61807456268482,30.28614677614764,-97.73577076938109,12,832.4662194631061,36,10.649779584831787,101423.44612215064,101822.12636788591,101489.02050008469,101308.6125680946,-2.553473201375076,141.1935751053887,26.162693521853605,58.59047878562428,37.7758718649791,21.27579430328631,0.2798494045674297,10.734173906733801,2.127261092021142,10.048400485518352,5.780461533504997,2.114411884226713,-0.22080760310868822,2.343125468421714,206.14500841588756
bfb6c2c567ed,33,-9.778058752585334,-8.51345554248221,-10.016004970535358,-10.684640365161911,-0.12692199058002113,0.6890672651852304,0.15052003772012085,0.183920959432051,-2.7492689277916615,-4.53774872030436,0.06072972833286407,1.3466447063805946,21.039315138584538,329.4291934657125,329.6852627580876,71.22264263596453,0.0,26.625294536575673,112.9074389017772,27.793186619908006,-97.4642811894003,2,249.77139603738448,12,4.667884901043719,103069.89469200741,103138.61621080004,102879.19916197067,102486.2139197333,60.35521399308723,212.2768946900365,45.28670672124311,62.22097271719779,56.80444687775532,45.323334799806744,-0.8556109252093395,4.751229124594118,6.783259023611357,8.865237590904911,8.202658697259803,6.772414076620427,-0.11468766328992404,0.5913392105524854,670.4567185123907
f92f8e60b0e6,33,-7.958405739256413,-7.798602461476117,-9.106335675087895,-10.715282890921154,0.10907792152778677,1.0540659789614553,-1.8906395481891423,2.929413214963359,-0.9268794882829385,-4.536295088117015,0.1853741655875151,2.3509304499740846,21.14344102202215,-0.032297118851499135,372.35891201701145,88.95603572693733,0.0,1.0242858447662568,128.82803847073902,27.75219780404131,-97.582859217918,2,454.38378788261656,24,7.479598536843496,103073.4707126695,103138.62305922128,102882.69216332199,102485.40958033368,13.195661804343155,187.30863573551184,62.68011411487856,62.74381049944551,53.20593914280443,40.80434731202076,-0.3009533643380245,7.321966997184593,7.401239020484265,8.878625700712535,7.273982914169696,5.8098538325741105,-0.11494706793316585,1.0714920999564592,472.49564298319297
4c620d69a11e,33,-7.208462799169555,-7.242411643154546,-8.768644587390641,-10.662377762265063,0.07156836781073048,1.003222636974939,-0.5151374835829414,2.911843882266161,-1.3902518739419178,-4.561929453761713,0.007819850166071361,2.0650817121720526,20.96830269330286,298.52804144225325,371.97599974645954,77.97848460133714,0.0,-0.1200964995719848,119.32409852576959,27.792434218053092,-97.42105781680564,2,697.9198954218122,36,7.499907490205493,102985.03434879857,103144.56713310488,102884.6760190573,102497.23211584099,10.174463876917317,175.0016123939575,59.306082105852425,66.1714451236734,56.78493873608133,40.71926185818498,0.2937187783726159,7.915155340298134,5.50025588521547,8.883852997827278,7.02707848077704,5.483108256388818,-0.07024254247018594,1.0079638622225064,226.7455608062274
94ac8babb7f7,46,-11.244664277306352,-7.528652618143311,-9.621512841739722,-11.60666051863595,-0.4300176306858457,1.5275465484493822,-0.9724111730014683,-0.972523913527515,-4.375658690447577,-5.942869619255761,0.17186365852481209,1.4308774972500797,22.901361942448506,549.5728145863562,550.8618194508249,119.6775532373579,0.0,44.6304661122148,188.61077572331513,27.78326516327447,-97.53957641041671,2,265.78144368842993,12,5.018676387739197,102514.25608458338,102538.33385886642,102459.4910224312,102298.96709630804,24.407325737858798,89.29755803025215,43.580123013447846,78.96767631246539,68.19201027603746,43.50146608409674,-3.206937261314014,12.606500981421688,8.515908468581683,9.600131401280617,8.867528186071011,8.376391595616047,-0.05823672498245853,0.36226955296309427,667.984590518843
837d401f2852,46,-9.52144726595836,-7.5234366260219865,-9.391782733510853,-11.60106688475312,-0.01063217343525065,1.2224442336169454,-4.7967339173727925,2.21325385517048,-2.654216482216627,-6.00540384508623,0.15796214001582928,2.7007770882416926,22.85513334369804,-0.7914317809505902,693.0187458449336,153.2894069321953,0.0,2.066668346672673,218.37318814656797,27.760654607487794,-97.4962827262938,2,496.301000098674,24,8.209938120338048,102431.7239125744,102551.6543484653,102352.16032950487,102128.74448603022,-4.5641297103069185,120.03326050980341,70.05962665284387,78.94103247587593,60.94498797593544,39.17197133827956,-0.8724499079867054,14.515909533968632,4.747540345775978,9.593639486444568,7.477600281955491,4.739720412885036,-0.20526770900238112,1.5300963540623969,439.8988773754263
3ba606c6637f,46,-9.468531398335367,-7.541786846516002,-9.89021548278138,-11.744602420418381,-0.05920603833304593,1.306794038484165,1.9145549882877748,2.219072530989048,-3.1749905531997884,-6.245465174581207,0.011247413196226642,2.7652346478948413,18.944072109681283,427.002469754982,692.286065242018,133.93308352599323,0.0,-0.2620926315512616,199.42576835348146,27.76083040325957,-97.46423838460308,2,761.4532894457495,36,8.415005535159393,102057.53737521406,102564.92743527454,102358.03509165732,102039.89429592522,-4.559195130847143,115.01231199758224,40.83992284806565,78.98250765639331,60.50871890234258,39.17923776118085,-0.39971132580136637,13.281415874990477,3.498326499042661,9.582648070030283,6.278767205354073,3.0293263662782155,-0.19235543934895147,2.1178219706701378,170.13024951716392
5371bedcb2e8,358,-5.679422962359407,-5.661306084671081,-6.509023193145463,-6.888134587861563,0.03785946856121208,0.380581628226718,1.9063080129774994,1.8994175180568436,-2.872990242395193,-4.817813265111155,0.5705799826404305,2.15966208103915,1307.3118231375306,332.63112511205526,332.633678539642,78.32346416043814,0.0,28.493686827241476,116.94498330835694,31.781932248728467,-106.41373994522134,12,249.19206799285615,12,6.729814306835968,86926.47991023019,87085.5175345164,87030.44888161405,86911.65791658903,-8.774614531924724,34.93449725350383,56.03787819604694,92.89688825605816,77.62115837232905,56.14735748161255,-3.262847416293616,11.523631496991745,4.979880604271841,6.09567611886118,5.280978050428587,4.472749122573796,-0.056799363630486994,0.4386251769516106,744.6340696598384
8fb04b1983c6,358,-8.944429570593456,-4.4532684110991365,-6.226773043489983,-8.939598927522713,-0.009748400306352602,1.1528511482552513,-4.167979243714959,2.974640603986772,-1.8700394107358569,-4.842191557087425,0.09897775185848193,2.6089138259490854,1306.4392076250335,-0.5081148726124325,332.028919110883,70.93523436203573,0.0,-0.22339811901933979,105.8902156592642,31.794841988095353,-106.43033664754907,12,475.843823557957,24,7.742807310968198,87287.46030749983,87291.7661359253,87023.09298852718,86757.88445735142,4.759354740473665,139.68531501666192,69.64347262596552,92.87098576478255,73.34782541977503,54.13581991058733,-0.6998939806427689,11.274946208052656,8.4180954727741,9.098466456878457,6.079714310844079,4.47032359835973,0.149300930375544,1.427086919768278,512.7663151110592
f34e91c68772,358,-11.373733968150264,-4.410500151264301,-7.739134908832211,-11.458783290218026,-0.17760155126068566,2.376164910207546,-0.5085410928787157,2.915172968358922,-2.825145027135558,-6.759181633005534,-0.06642911969147364,2.7249620278192457,1307.0425641212503,599.9316815528445,599.1172863705103,94.42793052218155,0.0,4.429815557779251,153.43632604986044,31.785676903041594,-106.37922612416183,12,752.187372036415,36,9.671479665090988,87569.39442776701,87582.9152481834,87160.78862107199,86741.59884787266,20.524967701543808,264.818425048998,41.18931399202032,92.81326060734702,69.86661219609374,41.28084904074097,-0.6872167147234911,11.826897570982831,1.4382638310745584,9.075273344962872,5.495174151834659,0.9363010311198601,-0.043237604444375174,1.8938053403484436,245.318540902609
e1e509e4dd4d,12,-15.065662129386302,-12.726796057407817,-13.996058112480963,-15.019614559925618,-0.19744814088847568,0.696916950584147,4.740297886499591,4.682448779974297,-0.9996853296219445,-3.2651201702085175,0.7351954538721682,2.9397543819570906,1307.2234261065485,667.3255693735841,667.4431716266535,161.21577960552514,0.0,58.53437781219494,240.77609444871916,31.78969066023315,-106.445672740244,1,228.5018039863742,12,7.946463846554652,86465.72737930794,86628.64724857916,86455.86645317281,86353.29206034313,14.54526282541571,82.56041276876223,19.837370579300106,44.78860779258741,35.2785628383198,20.00112966584848,-2.4010798220495597,8.83441121056842,6.429334700855507,6.422200195629328,3.17942362014701,1.5129204739205997,0.29599479712564164,1.6049932232931843,2117.1973690232508
edcf6d060066,12,-15.823761062896148,-12.791091298895862,-15.100306501229623,-16.895258564150275,-0.15704378881528716,1.2240219990468217,-5.662785653860212,5.470524351282192,-0.4010775561882961,-5.651482045995334,0.016718276590233807,3.6325108739487315,1307.8180340598467,0.0885655443131394,683.9003587640839,173.74296577031296,0.0,0.7990440953511854,248.81903485194098,31.792143764544615,-106.44352273328522,1,441.7205415324365,24,11.140357411290712,86838.19932490702,86836.89601824067,86530.63639199927,86338.61570864182,15.98206399988958,144.62652434164218,41.54487860259454,44.85599358328887,30.964231486401452,16.639222138931032,-0.5291257721294368,9.847656565710427,3.3457598059079956,8.728308295291992,4.496575915688721,1.521062058204451,0.13551318543143095,2.2374330750643336,1911.9070963391018
44d0276c727d,12,-16.726755746818846,-12.734246167721139,-14.916711878862687,-16.877769778006403,-0.02624748743983087,1.2464491172473637,3.06227165070593,5.475011018777264,-1.2782290098413773,-5.840100690110921,-0.06593472357452199,3.7494301726495545,1307.9725633538835,675.9969702300704,683.3394959524396,170.70176031861806,0.0,2.0665626998063296,247.5407627328708,31.821650653081146,-106.45020392072769,1,696.2992897570896,36,11.297923244017452,86916.43929005669,87053.99461551632,86662.32258239535,86353.81621349153,21.47423929966722,241.35058233130778,19.138351860585942,54.12532652569028,34.384125733759525,16.569749105342325,0.13343340073760998,11.450716629941898,2.953781451093208,8.703526253451816,3.8570164336355095,1.5298534873741223,-0.027880546854103044,2.067175702969022,1654.9459311570124
e90a0171efa7,45,-8.647604519381549,-1.5028910226506125,-3.65991011070109,-8.66106144953873,-0.4076120183668374,2.2020743315511337,-2.147678421227353,6.784067330542609,1.6473124740785108,-2.1490368236053827,-0.8308850427316141,2.8947536041243525,1306.7664822539539,274.4638067772896,274.0040268684857,75.09266887818109,0.0,26.31803289752286,105.82824691408528,31.833041482226648,-106.42067675226998,2,196.19483008658054,12,8.9650727485914,86436.26081866947,86401.8548724548,85987.83476516782,85758.00936485988,59.07402591832736,235.97931175621733,60.830724295669576,86.86541229195404,69.61010082014016,46.64804729792374,1.865434563522795,12.3166681581277,10.678733553834123,10.670461813066346,6.258279166636398,3.99887443655151,0.5128939017089117,2.206803698805148,862.2949337188294
34802f4406a5,45,-16.252432751533405,-1.4900982924161255,-8.124937233080434,-16.282816454344506,-0.6922521974136924,5.019059394630183,-10.474914888181505,6.806061753206004,-2.2972810116680007,-10.46341055467747,-0.7202426947979375,5.071643771380492,1307.234765419319,-0.46956905539621446,317.7642800043291,81.4391148377852,0.0,0.5245438325836396,107.85662994743306,31.794296621701207,-106.40502395943399,2,487.46520678240404,24,17.259170347406315,87156.57965418904,87185.11069074107,86406.63133047777,85765.35934898122,69.82183565901072,494.18609399275164,60.70734826613282,86.81986033807401,64.87271250993868,46.56581612697264,-0.2050030766537878,10.588912461453045,5.247211039285521,10.687235418101684,6.957386822031394,4.010471808304912,0.10806852426995957,1.9253984594808926,565.9251796413171
8a81c7f88b3f,45,-9.328786677315511,-1.4846495219994438,-9.960717265186322,-16.35669686374444,-0.38500875190837275,5.0343029852664944,-3.036764363277819,6.77211290461676,-4.2584009397946465,-10.531878854589975,-0.40207936659149546,5.1630906067317985,1303.5888395957732,358.8204509087124,359.2444548229185,86.14944677442448,0.0,1.9093327504970647,115.71146178727344,31.805364017759565,-106.39854720686762,2,801.0921349952142,36,17.297672149020507,86965.00074950332,87197.6891485598,86623.476578634,85741.29673338862,44.35909746580001,507.86613746900406,61.13534363193811,86.88997804219993,64.49426694010691,46.60232193695122,-0.102438216747232,8.75812458685984,2.0622368554800867,10.662821886039431,5.392710281241588,0.7425789514400724,-0.1516729262877832,2.790231025922254,252.78550605111755
721990e60a17,33,-10.816545670970646,-10.797048463747636,-11.867218938199606,-12.166634698608107,0.05977874168185102,0.39795525154171796,-0.5515467636525464,-0.5902419114435888,-5.623130614412236,-7.127012145530006,0.4533693378805515,2.0804074595941513,47.687428518104625,552.7807433330496,553.5159116768581,123.68831127318127,0.0,45.72731646850284,190.5697283594667,29.984031154555428,-95.39379888566187,2,284.3807608412151,12,6.572820751114737,102572.03203717072,102643.60135668555,102398.11896645826,102000.33986937258,62.52241038688979,224.55884938907184,43.46077249567112,67.37017662986273,61.264320660389714,43.50642736206454,-1.8528396664609772,8.056671044615088,6.374583593866212,7.348306703152513,6.466440029469715,6.062053138728857,-0.010814823833886097,0.32774990880881266,1160.406570309379
8974593ba1de,33,-7.976131434853591,-7.77573614004569,-10.231552454073714,-12.182571976904848,0.24071321646961638,1.767778585059947,-3.8868501017240367,2.1482998850133215,-3.2140535288615433,-7.160489944718687,0.29038119683308017,3.2523159697498416,49.87001877311907,0.005770555637300586,552.7895668257408,140.61603190239003,0.0,1.3999548494557978,195.67797111950873,29.958521395657346,-95.38197726755345,2,509.17152684474564,24,9.350070409313144,102689.45398340446,102686.65612749342,102434.39003769483,101961.42247494319,18.19743812780052,195.2338596710077,74.47283608434675,74.44923477862736,58.62378044313008,40.362515629893934,-0.12753312664092448,11.06056070134084,4.077774004604907,7.350293107176409,5.733419543994225,4.0691176282126404,-0.11622131644180002,0.9099608709024067,939.991253962693
0ce1725c0ebf,33,-7.2574946551045745,-7.24854512795505,-9.378543941782235,-12.175755983029976,0.16468657122573496,1.8542110457103038,-0.12328990865079599,2.1671367833373045,-3.072565480422141,-7.182381209637457,0.11500706373823877,2.7657770015771748,52.30973061259062,199.40399776850862,552.8273931991263,108.07027397932056,0.0,-2.6665662173427918,170.58338340050034,29.968948903378944,-95.38340551974304,2,757.7196868277271,36,9.332392329090604,102573.1780416529,102714.5652618101,102514.20200322909,101981.60311497444,12.328428801053608,183.02688595488567,57.31779536400099,75.43374044854338,62.04477239955179,40.4250428219247,0.28449863248247165,10.788568884748997,3.786194190253209,7.337885705731124,5.271918943446512,3.7921342250288514,-0.08803932034055259,1.0110727881095978,686.6714568895407
37eb275353ae,46,-12.335172810797587,-8.064786039908517,-11.105884438558759,-12.815712369831884,-0.4425904838895927,1.625979941958266,-5.843863603893865,-4.883704197926291,-7.076811378609396,-8.683844131022736,-0.13635960626459856,1.1834131054089139,51.76769584826108,493.72436721886413,494.7024021482575,113.51409272888748,0.0,41.527448206692945,171.54740170830482,29.996786233474293,-95.40758376367873,2,300.3395427065138,12,3.8683738593585835,102007.07290239587,102002.22078369618,101842.34186209325,101655.91251985612,29.38761168710384,103.7298185083957,59.174091912449256,80.9436907088535,73.92264017671741,59.24070200699404,-2.0253153054099,7.645189354790858,8.289307184472632,8.294190848433738,7.6601748125847475,7.031066833918826,0.09043764192982938,0.3730157091991052,2212.529004726293
f35c099f8d36,46,-14.513943901787265,-8.099868099157252,-11.600285850276967,-14.48936853057496,-0.15257009631579257,1.5152395397128133,-9.854533977902895,-3.5558514130067906,-6.85584138170777,-9.85537252987977,-0.06877908977684374,1.9157760789955973,49.69573288370406,0.3218211062084797,623.9267355556474,167.1338709546767,0.0,3.3177605917490847,224.98629178082905,29.986037778310482,-95.33868206009564,2,594.199487956613,24,6.34417555187145,102039.6610292362,102011.99673453385,101895.35744268728,101671.12701779454,9.415731178971203,112.51009001671606,68.7425244829046,81.0426295195878,69.50881367504621,55.17537417289876,-0.5604894954970866,8.829662653732505,4.452238756003916,8.298228781886744,6.60750448028176,3.876837123795018,-0.17427949363173892,1.5693002847590358,1925.8179514321282
e5b902ff5fb0,46,-10.029848598430386,-8.08021130305732,-12.521569635367712,-16.109941348722803,-0.13560799817007402,2.1215292623504935,-1.5288390585601752,-1.528070337891364,-7.30412978516624,-10.690094641116834,-0.047117616530827626,2.485439865881964,50.88231338786211,762.1625925892675,763.619640656005,172.3378722333412,0.0,4.118525321834246,241.48801350478323,29.9768710023688,-95.3180763954078,2,911.8743362695117,36,9.174094661079542,101810.33591523701,102054.22141712786,101865.20705374566,101664.92208256098,6.404253010081181,108.89608588286707,50.66051776123599,81.08946436389058,66.51565182230532,50.66420067495033,-0.5620888568359523,8.947796837285312,1.927598384346003,8.294953930840043,5.491966288254508,1.9144394668267917,-0.18326409987949063,2.0831641997094317,1615.3153526419758
7ef2e01b7108,357,-15.86262581944129,-15.801578134679929,-16.336188254685435,-16.73735731139723,-0.032617694756565854,0.31029149340028106,-2.7437741746937596,-2.6891717784766707,-7.540284285270633,-8.836270298105875,0.430103197061304,1.9713626095375476,52.45117713857871,644.3508953862917,644.4892533832144,154.6881965449683,0.0,56.39848936004221,232.83979960708405,30.001971939293213,-95.37096102138487,12,304.0748923588668,12,6.123363725423986,103251.9168625722,103372.17718751806,103059.99594183867,102634.24742941139,69.69298096740022,249.6760855059229,32.23612171500447,52.98163467165495,47.17438639155525,32.268087444821596,-1.786976530088271,7.036601496502131,7.441131044590976,8.540834943830687,7.450039627955007,6.982955873668871,-0.05513487981543721,0.42477362573476757,723.7710130605149
5fd56b9644e7,357,-11.114291682774,-10.96966118806328,-14.450995289273841,-16.747302983162445,0.28722281526748555,2.2175725346864663,-3.8101529453597744,-0.1796196106119544,-5.113789636185962,-8.799959819489025,0.2985005435487526,3.0280719470750284,47.813593272304075,0.5442869799162448,664.484235973718,173.59703562810228,0.0,1.227790598469183,245.72977831764857,29.956014221534062,-95.32828516936513,12,555.1314004837121,24,8.63969935542229,103157.95577548031,103361.10457896968,103015.44564616079,102667.12244699184,7.636499244775431,186.63802280899418,56.047420432919694,60.86390350978567,46.72927698304162,29.914705044209505,0.1401149207952948,10.460995124483517,3.4778685689723456,8.522608126583322,6.158032108509893,3.106410454342422,-0.22689273614552538,1.8015808896821708,478.8108067825646
2ac88bc28c6e,357,-12.403315969632201,-9.915185686040232,-13.334701056571253,-16.711385461534093,0.19930699978433164,2.471933241635408,1.9625454557318314,1.9590007053313854,-4.5388425770938285,-8.854507764675638,0.163458034366891,2.911873756062839,49.11146485257563,633.1506141613189,664.4200084507315,165.80047504786265,0.0,1.5470318521390403,240.19684382138797,30.0012024372017,-95.46281808444273,12,813.3009879183608,36,10.78313057719166,102999.46869556906,103365.17761253352,103021.07875431997,102689.79670194686,3.6780930044225624,157.54902713374076,31.40495640285306,73.1298084380136,49.893873645304424,29.896458394894026,0.3037036424903564,12.563213941922129,2.592954159615807,8.522574957042156,5.037291094441089,2.02038645706411,-0.1932969188763289,2.186898057983178,212.66529939731188
c2b0dd206898,341,-14.311986472015315,-12.59931615266646,-15.013439062981117,-15.826479099678,-0.1231628957244739,0.9414184841238831,-4.943288489955016,-4.8809104194138255,-8.263478584229754,-9.816557544337673,0.10134056269745273,1.4952198240514432,978.8004202299742,479.0148330288883,479.69816053475074,101.86048419938739,0.0,38.452638032181866,165.03491170007783,33.64806777383604,-101.82304904415571,12,315.46128816924744,12,4.882061107323784,91356.19751072899,91352.11613042351,91121.32180299154,90854.72068594044,46.82826350608534,162.45000020558484,45.261981728361334,62.368894420835524,56.64694024613639,45.27412259800734,-1.1045777590346884,4.824824161506783,5.929376382025891,8.519542703073864,7.653320105421283,5.947278279445191,-0.1700866221702128,0.7622351120721254,847.8795125499511
d572ddf094d3,341,-17.039757903926155,-12.609063759074917,-14.92820034511635,-17.054935491438563,-0.0565134185943096,1.2529208642382186,-9.279318586401649,-2.9718429306146295,-7.090189342559838,-9.765011942121996,0.07650436751347768,2.3214651635709402,974.7663369335751,0.30407300187734737,523.7487845444538,130.29997374547702,0.0,1.7271626218433564,189.70919757697274,33.64394574032144,-101.81496923627455,12,601.8635698897605,24,6.77457397239944,91675.04265021381,91679.69375468885,91237.24945212378,90838.3416827752,31.513499624243003,233.28792076180767,50.323759106823054,62.30923219155494,51.78176749331982,42.5585182928471,-0.6475117490658256,6.33444107352456,5.907015093160939,8.524417935795615,6.9120978083066325,5.489798731521203,-0.10304777422206164,0.9828354424913861,563.4818459286437
19ecfd3d995a,341,-17.134755548045003,-12.589442453974847,-15.930079031826107,-18.308555857327853,-0.1247178162178102,1.7148203800092425,-3.757643786761171,-2.989078662518069,-7.528921493497232,-9.798974723870687,-0.014678242083051806,2.24336871353418,974.4779079161943,564.4143837749511,564.4374221494345,125.3070341457987,0.0,1.580301832159752,190.0839546459165,33.651440776702586,-101.76934715377442,12,917.4181770473375,36,6.806355482775495,91634.60119964101,91737.33285176702,91408.99418796225,90858.3907951989,25.45460957078797,280.3518374176412,30.919471323965826,62.34229593206258,49.2602563163523,30.94251599239082,-0.5366362431522113,7.2318426721261995,1.388101836442885,8.529711009988873,6.051801421946562,1.38648587606513,-0.14001945250300393,1.6667218431388344,245.52554620327294
30cf576e069f,40,-16.45516885117918,-14.50668470253964,-16.979421766990292,-19.106597649810798,-0.32359023775516355,1.623945351077156,-5.630756738497062,-5.635455335942567,-9.907644779416088,-11.598134968602789,0.2539930452404952,1.6837601253551424,979.8593898309354,614.533254192802,614.7793571128087,128.15597477453846,0.0,48.74411325879142,210.29577414696843,33.661584409191256,-101.76442870285902,2,334.0624581823029,12,5.99440329442237,91370.50906319788,91356.26898790243,91151.92314514202,90924.58504802485,47.77763210952493,168.8628055917628,38.984579572339136,68.8942249162702,54.860837911287945,38.98664045617347,-2.9325031303812232,10.263848594975805,9.465380108067844,11.557477608732626,10.449559408403829,9.448946180418902,-0.19924931266985518,0.7160182143747905,784.3292457540372
d3568afa85ad,40,-14.64151355644097,-14.140619094923029,-15.875459415497078,-19.09890077724772,0.10919891505289844,1.6108321574490587,-8.023429682425675,-2.6994164595247025,-7.528502836727563,-11.61726774037836,0.2641789574282299,2.9936092758224513,977.5518925409923,-1.6940664892437935,767.2917029903316,203.31348632139117,0.0,4.947128715012928,279.7857490539566,33.66953904877535,-101.86769270704173,2,612.9785103604531,24,8.951456021085662,91387.13139801937,91455.51519678859,91264.24924009909,90943.95626100854,19.595119554006033,158.2639060063652,57.64475843717494,68.8534439921223,49.8701706471668,35.49945008696256,-0.6756229190168218,10.684223541951878,1.7961121809550726,11.558845620372066,8.064734158520837,1.793979280454093,-0.4199604199350271,3.0986162617830786,509.96524689709776
ee57a8f50b10,40,-14.166049049470583,-14.153608558050582,-15.6010017393025,-19.138764920215344,0.06769900200458306,1.395136785917773,0.7889175582868037,0.8298727901510233,-7.590709853059763,-11.584962319027273,0.10200184034970404,3.227476400845255,974.834039271257,703.904786829835,767.3359114888422,183.36073752119486,0.0,1.2544577272867938,267.72346762165853,33.645674384257774,-101.70041236547975,2,920.798474103163,36,12.398127936053193,90858.61224147308,91439.22050105031,91200.6069881581,90847.34264412064,-3.1114419144211447,178.02290533772103,28.548810429464762,70.67736461029207,51.947434918370504,28.606361388493166,-0.059785671565159945,11.997024938753027,4.396133944904641,11.564080884282044,6.263205993397106,1.599675554827812,-0.31627018887230657,3.6221135921663326,204.46195247023107
7ae0bef8c8c6,339,-11.123944953042898,-1.7935424798111805,-8.805089174133673,-11.937510778558366,-0.8430461465382166,3.1559613656304206,-3.1685862349195073,4.834072084798788,-2.8381947260941045,-5.866229645737966,-0.702771669710987,3.1705975313311567,975.3258839487364,105.4447683461615,104.65770472744798,24.463413794283444,0.0,9.03574614791362,38.24943490739389,33.66091278449402,-101.84392492322081,12,249.3097326779644,12,10.765251390500632,90697.18809025652,90741.05762098377,90434.67128423917,89995.54871422375,63.35556977019419,222.20675321754422,52.35053915568948,70.08213322529552,62.995297073065494,52.415659597396626,-0.9700426198108418,5.299212384300164,5.369846591583133,7.853561708098298,7.16077571948311,5.369471846099592,-0.15647386098080512,0.7672571789049789,2852.5319643692906
a81e78428634,339,-9.587688920034015,-1.7976532966844325,-9.262058405750865,-11.94545910093734,-0.14873896924164978,2.2869370373645337,-5.975788630798205,4.8451542378537535,-3.701830119947941,-6.022070576787282,-0.23182412086869184,2.5075249807742277,977.7117900367854,0.09613673272089687,161.69311655499146,36.85343448954568,0.0,0.6456087640998115,54.18721730575813,33.63279753618316,-101.78526967940864,12,521.2317961939272,24,10.840840146148842,90670.83246786169,90682.63709997595,90480.31747191981,89985.49341052883,15.561075379471859,174.9012701345727,76.42604623167998,76.48934900942305,65.47863358390839,52.434293179392434,0.43355855414641137,6.629305073502761,3.973815422167336,7.8517773420288774,5.559547136830058,3.005357562275714,-0.2203807712223363,1.7312882310730544,2585.202494464992
0382bb3786bd,339,-10.980610202513644,-1.8209864136425,-9.661074167588849,-11.966433712478514,-0.10158450479347757,2.013935972658206,-3.7940720797196255,4.846850524685127,-4.527986573855218,-7.141494577412877,-0.15716859208494788,2.4275085709489144,977.2477804345539,307.408339670001,307.1831812269088,48.06917412100253,0.0,2.436213967384883,79.51116467107529,33.65008572195667,-101.82113300874667,12,811.1753722206574,36,12.032880395165778,91249.6306551516,91263.08599587854,90643.71108429668,90009.49515547864,22.568058963317622,271.0317270120254,55.89488337663087,78.56522338878094,67.53347590132174,52.38017931595845,0.2885415536851845,7.561372457735493,4.285078201240489,7.864461702320086,5.227559521117943,3.0092756253954525,-0.09991442224630415,1.510156733764901,2295.5134917522773
02b121bd3fa2,353,-14.671529840781268,-13.310284107649144,-15.429585604703224,-16.155512743175944,-0.06473370564323144,0.8256879690311758,-5.030565526895225,-5.080141894930455,-8.637834201664061,-9.923080509074373,0.24120412408752137,1.3908758908136236,662.2946800624587,449.3294912133529,450.0111051873102,96.8295612052874,0.0,36.76247032931398,157.9199879943642,31.364282352699764,-100.41731451863112,12,318.02266654285967,12,4.843954725455334,95519.36922910447,95498.31725003282,95119.59961161712,94713.63905273339,75.15075066492082,258.872944363882,44.13272142052502,65.70263081829984,56.548446494594444,44.172489253174966,-1.5359813303994505,5.589724692769113,5.075615681621885,9.290467839848096,7.122262595189654,5.0791132142540825,-0.4079011693984775,1.4281120192030354,761.0318890132398
ebff4db4b371,353,-12.036120825668894,-10.322998402088082,-13.659829406924407,-16.1540230619097,0.2372344945046856,2.0141563941754255,-6.104307390609905,-0.9784915336056222,-6.348704918706409,-9.897013302625453,0.2593059933834481,2.8672239632672145,665.6107455975009,-0.15113653786846615,456.662963291004,119.46766403525294,0.0,1.5461345549178573,170.87002046029377,31.37310303268363,-100.4828121342207,12,584.6811960626985,24,8.921371527336685,95672.33149324803,95693.03766021042,95252.3163920662,94739.87785509316,30.817668016777,255.2577521948391,62.191780845704585,68.17130289547028,55.37846563451806,37.98736410608819,0.060140717375995544,9.968964140528398,3.8159228471825033,9.298328783529394,5.366210723261753,2.739011445753242,-0.2841849753109714,2.0691396318815305,489.0282608702805
c2c84dbb7807,353,-12.09649943703808,-10.294097311213884,-13.417428101185514,-16.149032952488522,0.106377392150033,1.7135026595082572,-0.6941045304269676,-0.6131834243485134,-5.922364667713037,-9.889858134642052,0.135861681538293,2.6331686527443985,665.5689217518832,487.48109308759433,486.9720797115816,114.00976083922555,0.0,1.2560008939264378,170.2582891293557,31.377524796444114,-100.53165455857159,12,861.959091111803,36,9.25338668895344,95877.42761456656,95885.70665697053,95404.53578425162,94735.17251284198,28.203271067254516,318.29598506275613,38.95709706176365,68.11548409817657,54.935213018271156,37.986383827116626,-0.0943826901205179,8.998501130590174,2.0882856327353227,9.293509898791688,4.5481285534870395,2.101397169481597,-0.17806628649903644,2.058122333447566,225.48469630160182
eda20344e424,6,-11.253086148782833,-11.238742076516843,-12.146303203605148,-12.857034721802183,0.04443586846916855,0.5142834255955517,-4.60922662501234,-4.638126516074828,-6.923533809693636,-7.784602547474795,0.13119840887777817,0.9475597845306787,665.1927579038122,434.9279918180351,435.0472444058609,85.40125657096208,0.0,32.954328736873485,144.83125730564802,31.353537143946237,-100.5441922896197,1,299.9967426522911,12,3.1788273052920655,94605.0763180505,94597.43996716205,94375.90198061743,94226.81176600193,30.264435641647214,114.01838024107738,58.92465288156254,69.54585320157913,66.06673382002776,58.97312021997662,-0.4458378055299919,2.8360125264879756,5.2779203841657765,7.289612841378875,6.146854896763556,5.055295352678511,-0.2289386547158368,0.8097000378008598,778.2354193118488
7d9c2415b379,6,-10.507167420808232,-10.514415642401644,-11.650235669346737,-12.81662089063503,0.0701481918398093,0.6738253749017262,-7.418836989768161,-3.6105731905166834,-6.153730814179537,-7.757489015007628,0.0661128750844624,1.4979181771200085,665.9013398914417,0.34339920472925006,452.8688803833276,103.59967746868784,0.0,1.1897738433369636,153.4816002598064,31.358721955711808,-100.54011009155994,1,580.6770371486537,24,4.18333394186219,95400.55565434106,95392.88020610159,94664.920868765,94245.17013888275,53.50364794414137,384.4329802324305,79.74468074837878,79.73641765087844,64.76346086422075,53.32123462197076,0.08667479655780078,7.05514317844867,1.394463074178717,7.632863547388582,5.593648538303967,1.4012030612590591,-0.1684555090675859,1.7294963356631172,502.99908845893356
5ea640197528,6,-12.074158933847931,-10.500737226569784,-11.519400241366544,-12.796449490906044,0.03544698204595619,0.6826223629465137,0.7370612422640994,0.6609972773306402,-5.955696317339826,-7.750190060059991,0.0661174961541305,1.9645905976867086,664.0995886361088,599.2502856510358,599.2478922488266,110.08411441883423,0.0,2.787945644828296,172.09456478710672,31.35864074631531,-100.47219693203344,1,862.026107806351,36,8.486449010747233,95912.23998018008,95973.26985754793,95013.48750632063,94265.18277455585,54.824857971700276,575.7763402314416,35.25367125385777,80.1790150230388,65.35927149643682,35.19889562110969,-0.057660786888687074,10.458731440852548,1.5358986781389132,7.6344137652408754,4.33707390913503,1.0374223176512434,-0.18683430199525125,2.2644894012928862,216.44475971257634
f467eaddb19e,14,-13.909007241292658,-12.861327535769687,-14.473330959054145,-15.671954024103222,-0.17532078955134173,0.9156221525595095,-5.678301236986712,-5.102681303866592,-7.705447684790728,-9.759499937050789,-0.13442289379203584,1.5408647012337493,661.1950719017536,222.8831751345228,224.10085782374014,54.2288227231244,0.0,20.14184670054908,85.67138551052896,31.37027007654198,-100.46351768309334,1,308.30773499830235,12,4.6468151875599055,94380.44148300045,94445.79160659481,94349.00336707801,94206.39889043638,8.664871670310749,74.44260178238083,50.462751013546146,61.92017732758494,57.16104971622009,50.41991460656026,-0.2717107728112952,3.844346530402859,3.136894148739567,5.672807014373196,5.050094510652364,3.1500604155663052,-0.18307780854715472,0.7436915917107382,3069.4582141567157
b4d318c6adde,14,-15.579871304241893,-10.532646445187282,-13.539412052601017,-15.637703210700277,0.046880085997667395,1.657620196855326,-9.596258883814192,-2.0515174671872654,-6.7545988684426055,-9.781694940474958,0.013783357926278581,2.4826700203373435,664.474474339489,-0.02666853699409824,250.96097408515408,70.62917501521677,0.0,1.170897959783903,97.4902519364183,31.35975227375457,-100.45601662049356,1,591.618851736744,24,7.6999140497649785,94312.85077415868,94495.68215487225,94266.42038313454,93946.67706524915,-8.803906334511934,148.1837747132619,60.33024853114648,65.80179532761778,57.62818366757723,49.544105538600924,0.20694305107221095,5.356142808712531,5.636633712472954,5.901544124714328,4.616653481645859,2.062163995533196,-0.026378302763617897,1.2763992067944683,2779.540458810336
594cd42fd9c8,14,-14.070542839512632,-10.564090373315569,-14.17141666518421,-15.767594952399968,-0.05426763633059694,1.661670953270782,-3.717665820933215,-2.054039712751291,-7.23862389318926,-9.761669727415896,-0.036771588496417505,2.3602320786005095,663.2149860511728,611.4548273648093,612.5743358882573,89.54471317983099,0.0,4.143700709924575,147.82343991155474,31.33771862861381,-100.50036911168911,1,907.1325274535069,36,7.721784872213489,94429.04351833113,94495.43656756842,94294.5118638049,93983.23718717419,1.3931972560797834,132.93884711378422,41.94367868858981,65.69266895776022,56.30932548239146,41.86278387267288,-0.12192022679317821,5.539361189373453,3.390567297239708,5.880959621683378,4.611228370397836,2.0577593301986417,-0.014337681790184763,1.1055773910607212,2468.959773770852
e4a03dbcc702,33,-11.344122470181127,-11.345282203671402,-12.1921813766931,-12.709347754819746,-0.0036629656161300123,0.4699196211204486,-0.6689633487973712,-0.67134317794739,-4.866293146216855,-6.703774482935337,0.24689753727610095,1.7768022481725545,42.974914760048215,408.9149974862515,409.68530134256906,91.21686434673754,0.0,34.0103694292473,143.17019994418743,28.84523385553939,-96.94487110575704,2,273.94825738082864,12,6.081545914848351,102809.06727791841,102841.25965271464,102595.81689928031,102202.52588060501,58.44936152390026,205.41451465818264,41.758442217295794,61.90161400229403,55.63815157087865,41.73443561825273,-1.0592068923704145,6.050811304017631,7.3889986322155705,8.374259648709304,8.060632027328642,7.391725738491568,-0.01980840508929123,0.26512243916780914,1145.6126383401233
6fe490516d84,33,-10.078227330036139,-9.15424858096644,-11.043239540462702,-12.746504753575557,0.15146986639953622,1.252285645053353,-4.086656109869222,2.140573339258684,-2.77726035332645,-6.743864814578912,0.22391373393143435,2.9047183668026393,43.46819781309514,0.12987715831245258,438.78795874824914,103.75821571220665,0.0,0.8634754333066392,147.70951088838783,28.849173724853454,-96.91066263256914,2,498.2400565806054,24,8.834099015300852,102844.10818580705,102847.10722957208,102598.83877753961,102202.9337962469,15.023299347771133,184.9175876129222,62.31513810052965,62.30462167952082,52.255403084471105,37.86860998475324,-0.22991164541613243,8.536686585391285,6.66956833127887,8.364263038977557,7.275579853653371,5.722732805594405,-0.0999380681880291,0.8321885965192833,917.2521443966876
e622c4e18bcb,33,-8.630264711151137,-8.641874752152175,-10.650094833823715,-12.735125577243819,0.09533740041523535,1.2090279714363612,-1.180148010287103,2.1255415276943497,-3.0524407096844466,-6.723956073973197,0.04549298058690887,2.467444086287791,47.28239532131995,152.01738895088025,439.73762058918,85.04923514464946,0.0,-1.106048818135156,130.2518334189292,28.88783048826808,-96.90031293327608,2,756.2156704651422,36,8.846005720888073,102704.13638620956,102852.39617194311,102660.81548364762,102222.38919377784,10.711998227082237,173.6509080938307,55.33315204129746,63.22949450558171,55.15546742992463,37.75643250234671,0.2415167988797942,8.18422270381107,5.226648600261553,8.367350645065612,6.853332436201778,5.219702525945459,-0.08196653792693871,0.9482586999188632,663.3014138236135
2bfab6aaa332,46,-13.199554943462648,-9.606128361488988,-11.733070218958112,-13.718747634817776,-0.4468587831177816,1.6247012731119612,-2.6667815728861575,-2.708314666260612,-6.215824038095644,-7.865830783254451,0.1783673637424761,1.4459420167910846,42.355677277924116,541.8235827571876,542.4105922108276,119.04782207354377,0.0,44.02818834899311,183.41389577062128,28.854745247556956,-96.96017846504289,2,289.7370335715759,12,5.1363482458149985,102166.64920314938,102239.6790848037,102101.28663192732,101995.92169714229,23.101902227883674,86.0202573247769,41.7533585709533,77.96144406725541,65.73563300344931,41.78484830770177,-3.392427153676822,12.632868559926678,9.021395216381187,9.413074631932933,8.969712480029376,8.577706582201618,0.01839363268266173,0.2534625692277067,1630.3294611132694
7b38ac67f767,46,-11.707673882037435,-9.59273241788268,-11.542599474145389,-13.723955054298253,-0.02442465051614106,1.2130870985775641,-7.008936122975012,-0.12143310829081899,-4.906790041113692,-7.856010856132986,0.09360958464943968,2.516304022712886,42.6696460902841,0.01798765891337627,641.8959312050039,166.72535556019477,0.0,3.104335444252053,229.3458794331918,28.85903671446483,-96.94233282820566,2,548.3493416657248,24,7.6926078632331505,102134.55678228788,102271.11377272346,102083.522767289,101865.36030348421,0.7039079147571322,102.44698393146304,69.68503677220748,77.95783942655969,60.4036341482393,39.5048033949752,-0.6244646015550442,14.036649729610046,3.5962196327551976,9.415467154871166,7.2372075729063985,3.4871690781316236,-0.27949397819549526,2.1980335385026804,1373.9520913450715
d8f337d93736,46,-11.402690165810398,-9.598308333927342,-12.208346464039733,-14.722858435975308,-0.08230570362195962,1.5229537153790162,0.0026191159319122886,0.014608354388931537,-5.350215988284356,-8.281413759869515,0.00300339492313763,2.6432673323681177,40.96247787006013,557.8647943929914,641.716910556851,162.88523343932093,0.0,2.505750680531967,230.0298166316834,28.841860204987192,-96.85993266071472,2,840.3262755539811,36,8.291517598929516,101866.9553279507,102251.16238825035,102104.9827731202,101837.25262225136,-0.9336922012065927,95.50833238369358,39.23561649093069,78.0019059153313,58.45528586846406,39.105217857475004,-0.48886750051317035,12.862043858960533,2.9384878115369135,9.423655742761175,5.987662467620136,2.9522474533918115,-0.22438711849762608,2.530847349723604,1083.2255718909992
966b129e0564,357,-16.721413575059437,-15.696925188836314,-16.86132298233228,-17.410873541347947,-0.10312092745348928,0.4750605200571806,-1.9554654897463601,-1.9411159461269016,-6.942004239083526,-8.564379750761193,0.37915021584853226,2.0241186029558693,43.39979186069266,475.7432715306463,475.8498679286003,107.15450457602796,0.0,39.82674455894768,167.35834245544953,28.844005411160172,-96.9598063586018,12,298.91206831577057,12,6.648675779729386,103404.95784990513,103537.28782416639,103246.93628898168,102790.44758165917,65.4554758793885,232.2848400747645,27.74119515890469,47.52147049509986,42.48972309474718,27.783622440589323,-1.6359563188137145,6.834397196993967,8.814882460388715,10.940340103835547,9.245022901177466,8.52276045140301,-0.12085499399662941,0.680054807762756,712.6068938836149
f1ec7054cf97,357,-10.222536890485728,-10.128172290365729,-14.829925671964908,-17.387805596470184,0.32289298029974156,2.6389623074652353,-5.158202151271474,0.9646911793632549,-4.646576028985977,-8.580695908843992,0.25014791412475773,3.1966877420496123,45.004357723268626,-0.01565501945187378,531.7681755347335,132.00010699085735,0.0,1.3863004468311966,191.9713562619459,28.854398114558467,-96.90014472345064,12,543.6960093750376,24,9.529442098941141,103284.20713787444,103511.86069312171,103223.51791331575,102785.66035864565,5.773035867072805,182.2089418150832,67.63695666942652,68.6470596067965,44.213438664157955,25.100791278696217,0.6214090410978782,13.672980795792942,3.2445661883310724,10.934971905236779,7.301734459189245,2.983395422241545,-0.33534249290946017,2.572162439673731,466.3416937659393
d479ad84f5e8,357,-12.942435442281889,-9.648125931447424,-13.556900382794232,-17.402567228942804,0.22593415591412014,2.943972822548891,1.8133882004624564,1.805882878831879,-4.387465547878625,-8.572140558116725,0.12287380017450092,2.9693379156659496,42.96090267849565,538.0505904616299,537.9914581725714,127.58143881088884,0.0,1.6465028441924616,190.91068064828934,28.85393249665384,-96.93675730536776,12,805.4850427918686,36,10.370347538812348,103185.77693281058,103486.65812859066,103187.44816641485,102786.67117643527,3.166056129613015,153.40615805678536,29.930552460765927,74.18693417566676,49.146651784479204,25.214129786385406,0.6196963471644799,16.02680673864874,3.7449486088035906,10.935830307145775,6.0353626700978,2.622567112416415,-0.23727072015150544,2.790413675554058,214.22375208590287
29afa8a2aa36,353,-13.876246758780507,-11.662075409535584,-13.642821912750277,-14.309725108581846,-0.17402175347270446,0.762398854728855,-3.586731743959213,-3.5636165769948924,-6.239074791051412,-7.476171064949337,0.11140577499809279,1.110680529878606,232.5703023231256,432.2007149447015,431.97753712842496,92.31088744461192,0.0,34.66754392747625,147.63384936179176,31.61215210668577,-97.24376497386368,12,291.15534697047843,12,3.8923762331549785,100679.27177953423,100692.06746016207,100231.88197465724,99748.07817399493,92.68547217456278,321.7861530804071,42.09509789650285,61.0691957874277,54.34065640205501,42.12638555831853,-1.3220259992060757,5.241624315839962,8.662469658286717,11.088222427680588,9.64007161850898,8.67394771368977,-0.21029978455799772,0.7421806071744249,751.936397739641
8b164e83ebf2,353,-12.244665101495269,-11.67241570321784,-13.398153800344343,-14.296577676971827,0.04040366012724576,0.8977180963860356,-6.00354797041966,-1.7706946114002655,-4.99169400372783,-7.480335238836761,0.11858415519502609,1.852822892256614,233.4479928838418,0.973812864146063,509.3169268178735,122.25759074707679,0.0,1.6388626447349468,180.07283558029093,31.62086538126857,-97.29440143791706,12,553.3856540882905,24,5.735478375385353,100979.9701005993,100999.1370519317,100426.05880864621,99775.49335657057,45.0493638009579,343.0597056629469,60.074219496297964,61.03216965079512,50.64453751777679,34.77357761612859,-0.2991347782020581,8.911416353965251,5.096266214098864,11.068293778294308,7.8859863567771775,4.394707355997419,-0.29614379801103585,2.14867601451179,496.44206967037616
5f618b97b9e5,353,-13.573709880032194,-11.685295168267443,-13.299301870397148,-14.300955038040627,0.014003998429436493,0.8164229038642443,-0.1465168833692012,-0.11975242685962671,-5.178864428384909,-7.460288398643589,0.03147298326632661,1.9694302796310728,228.24252590661814,509.40116979082313,509.4959813902658,121.7357091165243,0.0,1.9742407716504116,181.80529460677775,31.62110673164798,-97.13993222840621,12,834.0937869197188,36,7.318799966810017,101157.25835550907,101205.33256486552,100652.79469815068,99751.73994088557,36.676528068074305,404.6658186812978,32.53439943719222,63.80935521088388,51.85404690238341,32.45712336379202,-0.03845608403277794,9.64169619983279,4.528974119369354,11.069958019363147,6.8468662709066965,4.34223938378313,-0.20770159554033188,2.3136517582595153,218.91625780937756
45f972da7e97,6,-9.761530293995333,-9.69338577212575,-10.319179959832532,-10.79006842973437,0.00606964538016452,0.33029043194436164,-1.6361769844578689,-1.6588106275864742,-3.7128429543682655,-4.857122493052933,0.08669101694179604,0.9625027872099318,233.7343251268676,180.98697847023206,180.22806444183016,36.76569389958037,0.0,14.024776077845926,60.33856276175079,31.63110982246236,-97.17103190980185,1,260.68331687327867,12,3.191098971615312,99734.07016275084,99757.5372808857,99525.68845167536,99378.4623337682,34.75203971525278,122.41309478420693,52.39299601220401,64.15930498369916,59.26555012845232,52.46344177293388,-0.3724136465958093,3.310787401943516,6.823411200242867,7.2279641405782025,7.013929906891472,6.806376488264182,-0.018795814375261264,0.1347709501525425,768.3330182789282
82ac05bd1ab8,6,-10.390022231345508,-9.144840773525361,-10.088501184095701,-10.719924715908913,0.0146439474865192,0.4462614767525445,-6.621679176175919,-0.5008826696343122,-3.633030881620278,-6.65138289110587,-0.060142914200704466,1.7828360294401702,232.26697624530684,-0.576571298516162,231.1289158193027,58.789139304124994,0.0,1.35874374625214,83.77197671900532,31.630566210411526,-97.12943528484756,1,522.4399164340757,24,6.193815242484997,100663.45083502207,100647.55246836116,99852.44735835651,99401.0307485559,54.45163145011727,399.76619207804595,75.5845626471346,75.7042533024517,60.448204181948704,49.87860929938178,0.44370801935554643,7.477324487472149,4.910366577705238,8.887303802863366,6.975319643916695,4.903902549412964,-0.04125286087827597,0.8839118010460196,511.5993550781863
52d2617a480b,6,-11.996774044400295,-9.145291188315017,-10.196904904149596,-12.00936868519124,-0.013506771339415784,0.6102549423846196,0.45919072186481313,0.4324021166263213,-4.350652768878666,-7.612983467772288,-0.07584018730606865,2.3052759368091484,230.61557232218559,636.1990912503345,634.6340526590305,86.60361671353267,0.0,5.43537598353857,151.1756636002651,31.63266285921754,-97.210504482795,1,804.1392805524301,36,8.037578282118202,101292.84467339121,101316.90852328994,100213.86666338085,99388.50545071918,60.086926500130076,636.1798124561171,36.12733478488938,86.93075301433561,64.46569245554586,36.14355501118298,0.44854174102338645,13.025142013673186,3.4213318465896014,8.873387610634953,5.9375498086515295,3.3110099016130077,-0.12941326028744932,1.6558252892298453,225.63436220860592
ab261fc37010,14,-14.103678484331109,-11.132937352847982,-13.314554625057015,-14.5731567285426,-0.331754769020205,1.2342193936791657,-5.901855676031272,-3.9520559054445794,-6.3721569800834645,-8.061540127475865,-0.20856496412879813,1.225238196507808,230.50247799823913,211.32439342012495,211.78045763884475,50.63703317143946,0.0,18.58675684829469,78.15791677799275,31.61289864353299,-97.19921357768106,1,292.7151376449152,12,4.118132854412452,99827.64089512957,99918.6988214009,99745.30877979878,99632.2717877971,28.331457904340645,105.84990860845251,49.98537434183435,59.90361527909472,56.56810332029431,50.063350086047755,-0.7093593720097839,3.5243559996916876,5.629302080818624,6.898071705076572,6.377959903186059,5.605517631855226,-0.09921705794428295,0.4132288759725477,3095.213299963252
0d4ed67522ff,14,-13.014935805374428,-11.083967833831402,-12.905207066892459,-14.594190638202003,0.01614729620359719,1.0522640484853552,-7.010951956019826,-3.935952575564099,-6.283037543688055,-8.109577092361556,-0.039084816022153586,1.1153905049389266,232.05162272413804,-0.017344175025237437,254.73242727849978,58.968292496540656,0.0,0.4517523418346464,85.8126789636579,31.625968471024848,-97.1329305613684,1,582.6112459687837,24,4.151021264073199,99627.89037836182,99908.86607277826,99687.73768058972,99418.7483058327,-5.0760669974105195,130.65320044895853,61.281419831128936,66.95093123281023,58.41858761837206,50.03594378177136,0.30608254580984257,5.270319636787663,6.184067456724852,6.89550666306299,6.179027230210192,5.204374378186253,-0.024291086250186236,0.48796463039917354,2802.7708067329268
37d468924fca,14,-13.224035583153896,-11.114234365336875,-13.119861714477368,-14.602422213728667,-0.01825904282169684,0.915805039352729,-3.435188357256642,-3.467260119683729,-6.304721111537599,-8.08761476002452,-0.004208915238877647,1.0973870141772626,228.95506393776316,236.04572136606726,255.16728357329688,57.61537361592897,0.0,0.7311286202925203,86.4194567839728,31.63113866605626,-97.15575841876023,1,873.0028389841343,36,4.627534833225857,99660.88076587497,99882.93862959337,99665.62545459499,99382.50898267543,-1.688919756056902,112.73589239905964,44.482393675652595,66.90706402005428,57.3101488447019,44.431426919943405,-0.07075745675628242,5.237479779807806,6.261645917169618,6.905129232029587,6.2839583493234805,5.210653377076493,0.0033893918104331436,0.43335818360737577,2508.3303044426893
dc057caef7f1,40,-14.462219028458597,-7.9612387649277085,-13.554799883948883,-15.789674952495053,-0.5554903207669053,2.2555904957070183,-5.315522549106995,-4.925474412606384,-8.379898885794985,-10.420604025622078,-0.04646749510368102,1.7998742346788281,330.3324666853473,436.6212892984501,437.23293413530047,86.60943249304908,0.0,33.129575197491064,143.63322275080537,33.971573785674366,-98.42882084674969,2,316.31418795860475,12,5.4545377769618275,98987.55014923736,99017.475071597,98764.72212994285,98410.6893967037,53.55342571085436,190.75562525447833,46.304887221030214,82.49207661967247,66.77746293525843,46.4741454410525,-3.072074903886908,10.923559751868618,9.577968271231597,11.988694891685107,10.319135930169013,9.563151132110729,-0.22412737318696735,0.8543627466625077,783.0033015119636
0b2b34750d89,40,-11.628039231270808,-7.918471803704363,-12.692205329547589,-15.787315548382654,0.05700938425578173,1.8705392514043906,-7.3166409597349045,-2.0544164802538907,-6.538411720803293,-10.420736138073925,0.15387504231386048,2.647447645463594,334.28126199082976,0.42022132337339413,468.90200633083475,126.68405160889303,0.0,2.8011687491113997,174.85448490680457,33.94909901829531,-98.4463933823628,2,588.5563408207846,24,8.366731938068838,99135.78695057462,99160.51811781492,98891.63875300673,98429.40354787659,24.49316181233501,195.20881854134137,71.58217436228281,82.4735427175956,62.170473749433555,43.211148014403115,-0.5354740434278832,12.221869946534893,2.6242595874625114,11.982574227374256,8.210151722439843,2.5806922187665684,-0.3893935445519946,2.9714684060009335,510.474990812509
3294fcb69ff2,40,-12.993475868356468,-7.939337812249507,-12.804418174705068,-15.782206998478912,9.169667661076324e-05,1.6013493402719345,-0.0673774160940673,-0.08633219450850288,-6.357751411821677,-10.40934345137479,0.0905138661310532,2.6502957033891583,330.7753398750506,632.7121261749253,631.6580553941401,127.05034096958396,0.0,2.6909620262154417,187.8472048458788,33.97135095424937,-98.54704213824785,2,877.1322627900151,36,10.34720542654043,98713.79803317053,99165.16817088296,98889.80887204087,98402.25697507389,6.294220209857322,168.12235549218772,34.24590163177853,82.52230311769961,60.77427463872532,34.209343807359204,-0.44285961340284774,12.742539993125856,1.8836971909106548,11.976418292967308,6.083252987013812,1.106428763075626,-0.354972656915139,3.8703347604075136,233.73049802353842
ff1637e39b60,339,-10.395173872621381,-8.010938246824617,-10.865632245807625,-11.961625264745871,-0.1560574718800719,1.162475413997009,-2.9720587156019045,0.4585083955648709,-2.337991717240536,-3.588294822510243,-0.3307554940376219,1.27511834783306,333.0980705937987,186.23818389652683,185.97791399994375,43.8038880946344,0.0,16.190528287253844,68.1753133699107,34.00560732483148,-98.41217442339546,12,243.6907918036545,12,4.034422514856085,98426.24722970909,98463.61941706706,98208.39810686994,97763.50047646608,64.00425817608956,226.31150574186765,55.25780429161023,55.30905730968723,50.547355891368426,45.48627522450877,0.7061518949254552,3.491873465681405,7.182363246224151,9.708007428601004,8.530516166106022,7.190320878464426,-0.21329401111439886,0.8221684250662084,3326.1709488568013
9bdb8c9c59c4,339,-9.625768780489588,-8.041924852651443,-10.677646011832232,-11.95347116986916,-0.002909846390078587,0.8817281563116517,-4.863129416024718,0.486208839532685,-2.7413436058404272,-4.913863863288509,-0.12773207310190135,1.2930024272964868,332.31313161558194,0.5850767853781395,185.65935561893326,36.75971039019079,0.0,0.0026658544936603856,55.59396999436553,33.98280928193792,-98.49942359079728,12,496.3995546905443,24,5.401624576825687,98393.1321250467,98433.92272539297,98220.91522433909,97804.9867409915,17.22393512327588,185.77230248383714,70.0105715502608,69.90112865331153,52.98752295550605,45.44065796307635,0.5758395242858714,5.28948510177724,6.094177899888142,9.714094021670942,7.307667837215349,5.176014890883624,-0.1801442230050833,1.414947453653183,3072.863062150181
dbbb766f6c2d,339,-9.47400118839963,-7.970995225253112,-10.1697271043299,-11.96869424933658,0.05164370969641683,1.030419719626303,-2.471167620449547,0.4417336325435138,-3.415427106907072,-5.652139380187537,-0.11083421078205032,1.568179379006034,332.9623890386713,247.7306930593712,248.69384662748263,41.626972915202224,0.0,1.2929388487110725,67.06345055709457,33.967263565107444,-98.52178191994774,12,770.5756736362337,36,6.129838175663378,99038.84017698553,99017.7768343236,98408.95421300607,97783.74442036131,22.896587289758344,281.0727657023957,57.64823814505344,78.30711071424054,59.73058146208787,45.426997170808086,0.8620887449198437,11.112067335799887,6.811395514246311,9.697581908716728,7.069133833678766,5.176042211317662,-0.07870337813928008,1.2310456866181259,2802.7853886600624
fa61feaedc92,16,-18.81113009043674,-16.671897724102095,-18.175592145288714,-18.90444123547268,-0.2099164140572638,0.7815324858058773,-4.689488686531127,-4.684992141025122,-7.173934739159982,-9.370462107941108,-0.06880366764179718,1.4338532559071362,329.71346927554754,601.0907095867648,600.2991837662456,124.07531906279253,0.0,47.159615179942115,203.6206972651739,33.97719504002887,-98.49387406292504,1,300.3702272831815,12,4.672808971390262,100315.37755244401,100380.95233377094,100168.60087128468,99947.65800403425,41.90856290529179,153.59399736546644,28.174668384817164,42.72351855964675,37.68346387300799,28.073964529070103,-0.5259259458162574,3.892987160367298,6.687566925158558,7.823564802251491,7.205788480157809,6.667189206784563,-0.11341929869924558,0.4415886929707303,791.9545999626581
3e17ccf41f02,16,-14.896308528728314,-14.626999544425296,-17.315439086532866,-18.922048873309933,0.13808812707001886,1.5751241968007887,-7.196558942255414,-2.1975099077917886,-6.045828733595966,-9.375093059299934,0.06693321235039426,2.0491819128242126,331.57837451872257,-0.06635392811919828,661.9115962105697,166.81010893307132,0.0,2.747158436433217,239.7554927583615,33.97459701371845,-98.46069268146515,1,575.5048166104209,24,7.1287069208288845,100032.3829807198,100400.8352823014,100126.16341996446,99892.8608458667,-5.613105424130826,143.2386887526776,51.95332807475194,52.97518500784631,38.2251029082279,23.784812715907904,0.41998734783769304,9.176637686504115,2.1075426436678315,7.821259598036105,5.796718936460681,2.1042084254783386,-0.253270322794988,1.930365960003532,527.151944839514
978a3a2ab36c,16,-15.061196741193644,-14.489998410450795,-16.661478705330452,-18.873351397708863,0.11625143955750865,1.612899185052802,-1.278792880611772,-1.3631351550306061,-6.152138192266492,-9.37679056935626,0.024855263784849244,2.009980930295415,331.5740249391418,579.349924804255,661.3901804438334,150.99302164141295,0.0,0.6372831223705119,227.3550844107139,33.969813382669244,-98.47999209388544,1,870.666087032639,36,8.030509120826926,99942.69583004217,100392.37383044531,100055.25651092874,99921.98792394409,-6.486817342553359,132.0903316943951,31.055682132491555,57.547555348725766,41.18792146409075,23.827899689631536,0.4069952808655119,9.483820941139683,2.71418097827428,7.835113664891392,4.339271555193284,0.5159132218428091,-0.23251460580186045,2.6512456909393554,234.4687884542837
481e5a3ec4ed,4,-14.732906880603739,-14.71851152366471,-19.882984069254263,-22.331892547266225,0.4203999069411592,2.3625622629335834,-6.489397151258744,-6.494309693229196,-17.203846999270535,-20.741162704028238,0.8967548379696771,4.465189998780431,2086.664991288914,510.5430262034662,510.944695478416,103.48885899470314,0.0,39.87206750976535,174.7458145577468,37.717964378284414,-113.02806625068156,1,420.44790175005926,12,14.264412075175564,79292.45232102863,79325.50885996649,79169.86783934,79032.85714373938,23.275037628229022,84.15184738862798,51.99757282031548,95.25775956969211,83.96217220686543,52.005956646023,-3.3273451045585,14.198996390370732,0.6513987204845922,3.7964839654846445,3.2034958275043195,0.6448082638531685,-0.16925770355830255,0.8930261680494532,1073.2326974412
d2f5a4c481a1,4,-22.59562805080773,-11.687159330578455,-18.494936276615768,-22.551689092242448,0.085877318663895,3.60695758189867,-18.850464672749116,-4.233988198954485,-14.183857551220907,-20.75583321045367,0.29122367624756046,5.912993131717376,2087.4286161237546,0.3072115930782861,551.681776683874,133.91407342279578,0.0,1.8524004985277864,199.29612327824663,37.69491816213635,-113.09053881869539,1,773.1629419537963,24,16.50974587036985,79434.45555596941,79420.44975634605,79269.55941429555,79019.57535532066,13.53799347493533,108.32070420989886,76.65875319835634,95.30302639753263,73.37165254543909,49.54672316440622,-1.455572307653318,15.646232386003183,3.3057663561952446,3.7982638286531896,2.9625892718726115,0.6499350169046266,-0.03216373003254851,0.8078349871969613,722.2841468516149
ac6bf06e1463,4,-12.751558721879002,-11.69841173606555,-18.59886496481386,-22.575330148962202,0.04467150797974197,3.5549840400462274,-6.0366400733439765,-4.239861980548258,-14.694989745478052,-20.71676380123813,0.07099677740454118,5.544073452744373,2087.756827899373,458.04675545406707,550.9181960878292,118.71394427411626,0.0,0.1356068476581624,186.161446997231,37.67045919038731,-113.09252795711497,1,1176.5122951389947,36,16.53861815085303,79680.00187707227,79714.64450719328,79338.79188757102,79037.72179921599,17.74019784729838,190.71155582912178,58.8280321820295,95.31620343710166,75.10006069453415,49.56985197012624,-0.29057776772971605,13.761083645460639,3.783878547731666,4.487072435041499,3.248180508725128,0.6418349205201623,0.027578126891426618,0.8283480361705083,325.19350598859023
e778d29bccbb,4,-13.919251731463259,-13.920947124328677,-20.19488449019616,-23.247310556611215,0.26692559056971477,2.594296673124021,-7.76158242295355,-7.7910941648296115,-15.66889661425512,-18.577488808065503,0.5688906009904307,3.2130631341491176,2086.4164363904233,506.2436226322074,507.0041278210862,104.15227814043278,0.0,39.89825647460937,173.36287212056155,37.69960990047196,-113.17950556471078,1,405.2716361692447,12,10.793349326512608,79043.18673083597,79044.51723582354,78879.15367643477,78805.24200937893,22.84911013679187,89.64487010623814,60.54166254278769,79.01129048350388,68.5583439205291,59.46614454021222,-1.8950702914764421,6.624463968812328,3.500360426760296,4.574479722456884,4.340206082544053,3.5019755644907415,-0.03140588106501892,0.2817989897408863,989.8006192868877
b5f2fdc97b74,4,-15.449478913544567,-10.607563197211652,-16.702516711398935,-23.226807533380153,0.4013881401848485,4.158188093688486,-13.952711543994413,-4.218076832653056,-12.462879850963063,-18.575121406078328,0.34516495845363127,4.782933514851015,2089.133019601696,0.7630097623688169,552.0975769104105,135.10953728472032,0.0,1.8880263694689234,199.86138287330365,37.72790093150606,-112.96993061187847,1,732.1195055500948,24,14.333955745318457,79200.23678156454,79179.54103750935,78996.22550101679,78809.76188607661,18.318109324453918,133.85210468634023,90.83965359163304,90.86541537559775,71.61442731401662,59.418965754504455,0.5345127836045428,9.714210153808862,2.3795674377322302,4.5848993267188245,3.5269035092974934,2.3931690915273904,-0.10692022126243479,0.8469296386979012,674.2239834645225
34d53310bf71,4,-10.85830002735369,-10.587154456434687,-16.97091494853052,-23.2686789499303,0.10412417874274563,3.8796340406755117,-6.676925979739128,-4.201382671224534,-12.258909436329137,-18.580772198340316,0.14222023567244474,4.135107776202147,2087.3338990750353,163.74843908058958,552.46657613193,101.17535997278361,0.0,-2.7407266146252605,173.2737689490256,37.71222887119457,-113.06029256966005,1,1090.5554564991107,36,14.342176156588414,78999.2776039801,79164.75895783339,79000.99758271013,78796.17520829309,8.016183882566834,119.28789072015837,72.94804712120032,90.81515577044148,69.29331064914018,49.3145446916778,-0.15177399214623932,11.386365006808271,2.8216268394776023,4.581263336617587,3.0505359060657726,1.466776987805852,-0.08276414220442416,0.9927240391227787,309.52860593057704
1f976a1460bd,360,-14.265081851194955,-13.046634860261637,-14.38363678032682,-15.18159405043795,-0.1329756387721345,0.6582141534342555,-8.755757745775906,-8.76992026473257,-11.031447226774008,-12.336034875598385,0.05685036797826837,1.0552317020621456,2088.5126460604743,469.20368338808674,469.6817949469521,92.54781709195258,0.0,35.80673118163583,157.14341788324148,37.722618252417526,-113.0209235474846,12,348.569801047562,12,3.6024653941720506,79429.05672202753,79432.04045779833,79204.67626392508,78892.35922430869,49.642462445298,171.85523787260524,63.939940375648895,81.03841823635837,77.33971593872296,63.902913240178236,-1.2657394191626212,5.551746392669154,10.342341572603718,10.407979281673075,8.83453578132397,7.553481842537614,0.27471340432240166,0.9871656651820035,3559.4516299853744
5f6d3c51152b,360,-16.704078080664033,-13.03738233501633,-14.835044563220794,-16.697743989080923,-0.08741449438061728,0.7698564166162785,-14.496824682566244,-7.614846805694573,-10.869302750521651,-14.499139582849072,-0.054015556894116835,1.85045030769683,2089.884674795936,-0.5144902024781958,523.5860883275501,120.22799965220662,0.0,1.5806649270773272,182.1361914873735,37.73164443304239,-113.12628032166188,12,692.1491585992108,24,6.904373299895725,79517.11695998815,79509.90749873979,79323.88293128955,78900.96858830677,25.850658528793417,193.1719523678552,84.26422526541074,84.20394036198503,73.79046117732281,55.52980300724452,-0.25497898639203875,9.164278875228016,5.076205370473122,10.406793866326527,8.35798602875782,5.075543187616608,-0.08397614987332104,1.4149830352545307,3217.7131056373037
d7d1cb3219fe,360,-12.999698941034836,-12.993134905700307,-15.901140558154724,-20.370806717345392,-0.14018879836471557,2.144369156832266,-3.9108178883290377,-3.853015394868685,-11.971744955144398,-17.10408796092502,-0.1013686175954362,3.3415407139422406,2088.832297262681,518.5457573460773,523.3569410525666,115.84845078194016,0.0,1.5734134799829158,181.01481115502986,37.6947914798362,-113.143398928923,12,1081.129939088872,36,13.250868737012409,79512.12036942106,79508.63028858384,79381.66653706206,78909.90706144144,13.937897849712998,175.60387338316522,48.16970198535086,87.98740246777115,73.75945767786713,48.1190404672173,-0.20874543980496407,10.895321944816327,2.4287366111107964,10.409855688402706,6.976050159347346,2.435038206449762,-0.18555525727758207,2.307918713787304,2834.0848688892997
e9332636855a,2,-12.534216304207627,-10.275485765377159,-11.338308678213892,-12.528591249006752,-0.19955020950731353,0.6912382721729373,-5.741739262889139,-5.734850260190212,-6.974426087533212,-7.964790216569417,0.025640871453184583,0.637993112225085,365.89988133815365,403.0924553351872,401.77256128234274,87.96151456418967,0.0,32.89707148788877,139.3203797699947,37.33998465600088,-79.12487372514043,1,300.0182077075647,12,2.1863847567155807,97356.16255528817,97339.0965477067,97256.05944767524,97168.52333204739,20.834135390315186,76.10656420207586,57.599244279282,75.71660738143831,71.61347333752754,57.540197669630246,-1.3576317902968633,6.1530618934148995,5.380366350635514,5.359503594306823,3.912736548993475,3.28174657359356,0.19058162531555442,0.7182134914543771,6079.172010751446
bbf4219d8f64,2,-13.480400435028823,-10.23709982187317,-12.050737365616635,-13.504033365216053,-0.12284913596436556,0.8993009555112779,-9.621430188904267,-5.538179961059262,-7.282173321004681,-9.61523203195229,-0.08429162833035363,1.1239471466859603,360.7397473821074,-0.6044718789160751,419.10512151206603,103.66656366901549,0.0,0.9769867241412337,152.7425986227534,37.3173557834273,-79.21945636761029,1,604.9744873729987,24,4.06266574106105,97426.34459589647,97497.14039513894,97311.65576572114,97168.58900965276,14.627537068995844,109.34869503051492,73.91694554645136,75.76999326128264,68.9422482159382,55.94931973052384,-0.2771042636718778,6.816208772699467,3.9223559601490825,5.464116156250591,4.194075787496036,3.2677803121614843,0.04241668698772236,0.7011276152582558,5777.189801441308
8ed8f47dda1c,2,-13.065893671971184,-10.246248840542364,-12.663406851908741,-14.656327585564163,-0.10732583231738375,1.159514306221811,-6.331397007636841,-5.559868605285869,-7.961016223095854,-10.083074031939063,-0.09379251760527613,1.4910151829820713,364.39892942635976,494.1932200557617,494.898920516221,106.0387740581351,0.0,2.085780443193438,160.55819679120964,37.297596260589756,-79.16757913454053,1,936.8662550303908,36,4.504746817469074,97171.92456667314,97511.52745719453,97314.07291216997,97163.78981765089,2.036897009104353,96.71998891335114,57.42361710408231,75.74047226247957,69.19037088272789,55.8231848856535,-0.12027136227569162,6.533672280253544,4.648797853849021,5.462070796607629,4.186028763312304,3.2879220258322714,0.01504903341174733,0.5983805788956956,5451.851483165059
23bea754c8a3,7,-21.237204359918223,-21.223025850048455,-22.43133184434191,-22.9163700673508,0.0666274400752991,0.47485369039197195,-12.104272226541738,-12.146852337528854,-16.180582559683547,-17.766055967960785,0.24526011681712848,1.6137714647977746,364.35000996800875,540.0344663786755,539.4634634541295,120.69930780472669,0.0,45.14418377416665,191.08641987512303,37.331948506295774,-79.1348300614523,1,410.31667306946446,12,5.606665367839684,98434.15638196726,98438.84066375572,98156.89379840941,97694.93460125604,69.0942509261111,239.58955614958361,42.64022697536991,61.58790635079026,55.22907362001692,42.66484373871605,-0.8043115841565183,5.298098456033129,3.668910103450528,4.596229500604056,3.8733269510708825,3.3684844409050125,-0.09790845620531659,0.40623584971451143,928.7642955791615
2ddf52968637,7,-14.888319716322714,-14.911829238865023,-19.840458212947656,-22.90532425522728,0.4020197144006066,2.9573030522122186,-12.65925648278701,-8.660634554063003,-13.54085087847717,-17.769500332806736,0.31322627879750997,3.044064675725594,361.5172776122305,-0.18018670962861158,564.6889227888297,139.82578827723802,0.0,1.2195385323982473,205.7961718260786,37.36575626934743,-79.15781681259983,1,755.0582112495546,24,9.0650250800811,98566.05715620861,98562.69339175009,98277.43234093736,97714.67956227805,31.232504963092797,241.956197526224,85.20845857031918,85.21586726153944,57.84269655066897,37.88543569766543,0.8466953691795087,13.521627921795666,1.4308251443969484,4.612521565930457,3.0995535439291944,1.4367739539490623,-0.134176120416751,0.970832678404833,576.9714130975663
bd577e05dd27,7,-13.381413952674526,-13.384104520959779,-18.031326999068995,-22.934015230160018,0.3255769645154949,3.536845974973116,-1.9236344568739019,-1.8409540368357376,-12.525065179868477,-17.751336363875993,0.23720872219727776,3.5391318232317692,361.37233842375184,412.59440272053496,564.909819451534,123.49379220844415,0.0,-0.21592689696306266,188.77967017717168,37.331605732479474,-79.16380086229839,1,1100.7297890623354,36,15.85633074827691,98878.8251806025,98962.21769899158,98430.82963945545,97713.03457002368,30.379024039871055,330.8783494170906,38.23248988002103,91.11057831323004,63.966159105950176,37.80033346746234,0.7889202781129265,17.629565249737997,1.7903289507633615,4.595490083577715,2.4956832650889194,1.094343294308502,-0.10447157761913556,1.1565295116119558,231.65136339538822
7bc1afba5ae5,28,-16.422792295809657,-16.00623089057991,-16.910222247094264,-17.409081590920007,-0.04622911252555885,0.44020407035604875,-8.557280450658123,-8.584202438199599,-10.405958655871212,-11.410449969422375,0.0550184685860235,0.8054137707859904,360.6990964739481,412.25977876512917,411.8079535818976,74.91937803532068,0.0,28.931397639648026,127.65826259703567,37.35040475095577,-79.14429775566136,1,342.65567287057803,12,2.8239103085265826,98233.2191416951,98258.48028886966,98039.30785544128,97777.29647111382,49.49699362501534,174.6538548995459,50.791822521977416,59.766055560739844,56.89261305545897,50.77642387509499,-0.4816827257292362,2.5374439406262423,1.3394697654267602,3.8126901526614825,2.7019371927291425,1.348969777794533,-0.24196340901787727,0.8426950953042337,1617.9396167646084
bf5ba27141a8,28,-11.812988970536013,-11.50890740984387,-14.855618223534384,-17.4100556703091,0.2995158720377587,2.330079952283736,-9.372349744772066,-6.7911439622564185,-9.330063383714439,-11.418134648380423,0.11143036291599419,1.3794094290482515,364.8844196993931,-0.05906512960776415,412.02243883261576,77.45624747875655,0.0,0.6279914766650646,117.7469668934291,37.31933811535103,-79.1549541611547,1,657.3118021487741,24,4.603505892460058,97793.00370187467,98253.17945548751,98024.42995127068,97769.3116031134,-3.471674632389977,148.34082914061466,84.60677044303253,85.00707692329904,63.949176560671084,49.741479864335204,1.3213352075061513,12.412279888829717,1.1792895249396464,3.820269425176465,1.8519257199387327,0.8417070755443203,-0.13763319469061597,1.0380359699060149,1308.3616093603027
5c64894c6635,28,-17.484401126017087,-11.493121673402856,-14.93016261766823,-18.486754955046113,0.05484972694646521,2.381691049216196,-6.625628949640879,-6.591647555353258,-9.728655248654311,-12.848125586784727,-0.007560975054868277,1.6140079365265,360.9841388014385,495.35085046128984,494.00375258461804,89.61138752302104,0.0,3.073636808395819,141.76447105015004,37.339827097407884,-79.18814820673916,1,998.2308076832501,36,6.223202783317861,98109.67011793514,98270.8645286966,97959.0805772037,97715.03395731353,-2.7356719353771703,156.86797828917412,38.314292299707034,88.79686816374948,66.61417641621269,38.23804379152576,0.5060983358661438,15.182598736193022,2.567535698333931,3.819826089813264,1.9369908915772898,0.8570035482306188,-0.0264289875267768,0.9088668510607153,963.8557250595513
93bc2441013d,20,-15.544729550875097,-11.006432671112972,-14.563087696541398,-16.630140512087443,-0.4789373261454371,1.8239415698042079,-9.31973441562774,-8.086539589690535,-10.891232102359671,-12.873090845055929,-0.16593926223290426,1.4177187799716477,559.393529193147,561.3411780430308,559.1917080877965,125.27886603944178,0.0,46.664804140701015,197.50696724099757,37.32698149075873,-79.92342170962692,1,345.99220478567065,12,4.761310439392807,95870.79967121799,95858.31424342963,95476.006930881,95059.42227922472,83.38725302909772,290.5550616656221,59.138687858225815,83.95377872582706,74.9928380139077,59.10704719480743,-2.224359270870262,8.212554487978405,4.34793306942488,4.515113157927216,4.187589196772734,3.5977457199233926,0.07384528341898752,0.31350967351124887,995.5149609068411
08ee234690dc,20,-16.03028036489797,-11.016503540902077,-15.175431559549063,-17.038471060671085,-0.16741782399343813,1.6219418938865307,-14.220328127110657,-7.690033060276828,-11.055469239060567,-14.239565570255106,-0.13329530169278284,2.165497563972178,558.6736599666658,-0.1104474426542868,609.5305434408707,150.59841834392722,0.0,1.559841526440247,217.74951856138426,37.29537121808935,-80.00367682639975,1,695.4388106429745,24,6.56826671759599,96724.85180668195,96694.45555095322,95898.4222562238,95042.83737552517,73.96034242123984,513.6700312217873,87.70206520620282,87.68559423315882,72.07371740507588,56.415927900017294,-0.2734113305927608,9.832405015174613,1.7866288441957143,4.525779151090611,3.65358500438106,1.807514703948489,-0.08820916896701589,0.8339267331286915,642.9904629263767
32530a48babb,20,-12.935097818875212,-10.986566835447487,-15.194410911106294,-17.064763552450053,-0.04596435772362244,1.4493487422025295,-3.4796603094957996,-3.5309726826726036,-11.36625130500646,-14.587912043889792,-0.04282684836551837,2.835498873976528,558.27682126215,560.8577741910041,609.63164217477,141.27856657338933,0.0,1.1207411192388144,210.7580233912393,37.30971066238036,-79.98286157332939,1,1057.3479677399846,36,10.999657815494173,97119.51812296259,97196.93835779816,96274.24705417494,95111.0338656702,64.53221701976425,672.2905295996989,47.28190410791524,93.1281582163316,74.73538668520997,47.16982775416299,0.05956757126272071,13.11596315594511,0.4768921763663789,4.522606716761873,2.8416784475561863,0.2762801930327497,-0.12169546509221081,1.3659346795242393,273.4366436992535
924b3c3be0ed,2,-13.390295598901234,-11.17879107806766,-12.178906762135094,-13.41325920346331,-0.19777374144809576,0.7014053586443864,-8.209415082156717,-8.045383560685517,-8.84251030722088,-9.676609710438948,-0.050505502886432296,0.5235554936497224,561.2054322445728,401.04049160233905,401.09553433932916,87.9171042042945,0.0,32.96586836649562,139.55034866940196,37.33769065724004,-79.90278426647336,1,321.4605199918539,12,1.6280622513813712,95049.00717798626,95092.57360431299,94914.29287806548,94825.74478268361,25.14109440988012,92.86316037146548,65.87712242525694,83.40852129568981,78.16098871472956,65.75554024175538,-1.0095115004380188,5.33671444321476,5.812818564210951,5.814140019249839,4.7155366328169785,4.227678642709314,0.14175780334784233,0.5403245532677281,6473.6084163683645
6ba8fb28dcb8,2,-14.228835871494814,-11.166502602983186,-12.851044332221777,-14.232087219672835,-0.12150866397538343,0.884517912505654,-10.78726861348254,-8.003491694926426,-9.086052797247238,-10.869682033210482,-0.07315302401282228,0.8381491853114359,561.9145070576272,0.11887080403639665,419.3638827466041,103.64096700529603,0.0,0.9362811972716055,152.4604844506356,37.29941098240064,-79.94224376657502,1,648.1782344542764,24,2.8071242514221124,95070.24571329066,95174.46134210093,95002.82967118343,94819.89207842239,14.687900249678309,112.31868406625003,76.52307686682735,83.42160836758775,75.05112892155616,64.6597778962158,-0.3749263127123125,5.911633579497387,4.875238113302336,5.874747508990353,5.003247249836956,4.241563212525862,0.043669933671397335,0.5266545846760424,6141.18748150625
d0c550d55886,2,-14.140153061784956,-11.140942484452724,-13.458099599438986,-15.433047262613064,-0.1044499936837197,1.119730428679416,-8.517488145462618,-8.045184024312698,-9.637878280403305,-11.590481067408248,-0.07783258625869216,1.1456893859296406,558.5480716662229,495.69256804690656,495.0026850910421,106.00836340015248,0.0,2.070202638372463,160.42475086861268,37.314364222278314,-79.96596974769392,1,996.5068975724906,36,3.517474526117609,94871.39773940704,95164.15886748444,94979.07442465037,94813.38095090004,2.408656270596822,96.12490210631172,62.90731641321719,83.33020359546667,74.5177851792399,62.94387787261337,-0.2057452464103005,5.599391644253272,5.2370849919294225,5.884597398855474,4.997388794257309,4.247834094601213,0.012555420499509345,0.443020858011525,5798.847600685935
575f017a443b,28,-17.42465035509256,-16.92891310909655,-17.89134379131157,-18.45912560731858,-0.08452574214155617,0.48634853051169386,-10.41040745229828,-10.35816649949008,-12.715996919956215,-13.53493530090014,0.12314446161775638,0.8866097334688082,560.3014699976574,411.5716925202973,412.70773806317646,75.14873676290826,0.0,28.95936431583751,127.53989945507394,37.33613421457464,-80.0372084277377,1,367.2511749103019,12,3.1459104599896586,95753.12873032836,95749.5305008518,95607.15412159839,95385.09896137852,40.7232456447104,143.86812216362884,53.92536753473813,68.7882871775231,63.37778213932463,53.92675357148241,-1.213276824818062,4.605640510448096,1.3361327199901656,4.24726963901813,2.8934176898708146,1.3179375482766431,-0.2909267118196014,1.0170323402481294,1727.4755176870115
240ab820b346,28,-14.04171840916314,-13.228124286511813,-16.04490103585562,-18.453850178652313,0.24777047842973993,2.010380747549727,-11.30406217785701,-8.64099245875654,-11.353196317739535,-13.476444221227668,0.1524690370304113,1.6205660601152632,559.4988431804925,0.1659556792159148,412.14409725109715,77.78047144681102,0.0,0.48686494302792904,117.74018538815895,37.29534021770888,-79.96507528355082,1,704.7003410151221,24,4.9447699329459,95318.97410016794,95800.68332057087,95540.04861515817,95345.05039839474,-4.306145619011443,126.61095673321817,82.1751581736211,83.91455378122882,68.03983104917035,52.656105505319005,0.824164423802141,10.09003289440875,1.8882638904895406,4.24334023903139,2.148974449496632,1.1631786625671225,-0.12521620978001555,1.048864347777642,1405.231541777589
ae339d6fc2dd,28,-18.240838329898473,-13.25666928480521,-16.563531715979884,-19.654261935436168,0.0002348430921485607,2.0716680077482845,-8.81397318597317,-8.607580881154425,-12.100924022110608,-16.523716655309578,-0.03080051663850635,2.1201475785245445,561.2741171867264,494.0274062973902,494.9083425008411,89.22168193141597,0.0,3.0359395897457966,142.3981929503062,37.30875338226163,-79.947428290566,1,1084.477923298524,36,7.9654088812250405,95658.14563871949,95783.03412854881,95511.8038658202,95288.37726734765,-1.3469686369898703,133.03252710616852,43.196313134657764,86.60440877021178,69.37556505696674,43.23840001533807,0.26851581581245815,12.148082504479394,3.18524457763217,4.240293374978089,2.3739602900547547,1.171110805664889,-0.008658312730294148,0.9350831742348422,1021.4169158125441
af6d875fabd1,355,-24.253253390987496,-20.247597473712734,-23.381210789216574,-25.279180979977898,-0.4396703827547925,1.6750584525268566,-23.272365727631307,-19.551879094011333,-22.621837110829578,-24.55240939090306,-0.41743028795689546,1.641803916503521,247.1937833134616,280.49665157500266,281.6395245079199,66.04770425693583,0.0,24.278094334067283,100.97699009890806,44.47324207239706,-73.17794022070113,12,485.18374110662506,12,4.9750326286569075,98349.43334681634,98319.91153356823,98202.81255702088,98081.60014564532,25.64914893606501,98.02111613591347,90.24202733850409,93.92999091442616,92.22761300262937,90.2145211017704,-0.23130093194502047,1.1245807489970325,4.043321091963315,4.037378767992609,3.4943081770616757,2.808325191382008,0.07983031623698172,0.3193112873990915,1426.733423143931
bc037fc37f3a,355,-30.689464727428735,-20.294134766220743,-24.86912027761103,-30.677952629109335,-0.330383837717583,2.6298827643530305,-30.43143037133949,-19.558949801781534,-24.234476536223816,-30.45927808406628,-0.3535603351897104,2.8307182044124275,244.31020384729277,-0.381166990208403,283.0272268691817,67.34940251960938,0.0,0.009565015943687957,104.92084873707522,44.47683937209833,-73.13773138991289,12,1011.5166540129005,24,10.907851798499635,98719.8222776567,98812.35641958521,98410.22030959948,98066.98227967444,31.925416437383017,233.19551033604256,96.13595663215767,99.47648539874498,93.65118094648281,89.5337615563832,0.24784349841227532,2.8657280721093064,2.2562575877280096,4.075504345480881,3.1872040111909263,2.135517973367244,-0.052202613985236665,0.6147810755396867,893.4589103232811
1368b58f315f,355,-18.018627797014748,-17.994844394943552,-25.657592156292992,-30.784086817638276,-0.15093437680711344,3.4423646109933914,-17.18441753502622,-17.187674165992505,-24.990201470189763,-30.537282406734377,-0.15367144718030004,3.543207459310297,244.15089673295068,138.6446079132514,283.0355047957429,59.02427534658648,0.0,-0.422767831685904,93.6152142392882,44.49108328007646,-73.09606143255907,12,1545.778061663406,36,13.323789879030235,98186.32608223331,98909.53890007603,98476.20762789746,98077.89552041166,17.549111287568294,260.3604268121699,94.9510539128385,99.38419341580797,93.51159955759778,88.78573314954124,0.05136786170200671,2.8517058840270315,3.448939775135894,4.081664411054477,2.8518593572146274,0.5253946813812319,-0.047743506848493,0.8744779088328133,365.1496836303752
aa10e8583235,361,-19.49857719687293,-18.156977598088083,-23.374354018146256,-27.16729318286124,-0.12214245375148902,3.07079658250532,-19.173667240701715,-17.798447030195284,-23.073063106627327,-26.971737162566814,-0.14174704924018347,3.0327052184743066,244.238937143132,301.84473989988504,301.61741081270185,71.16433651663118,0.0,26.220944786490286,110.0510021093293,44.460953607657224,-73.21709030789172,12,494.3421061271174,12,9.182195978266984,99944.87596349955,100012.77440930718,99859.17872176251,99704.50994982668,23.653194184495295,83.92789721200315,97.6546614571017,99.41848908121989,97.01649228050681,93.18384963332097,0.10064339973589656,2.0759593918974266,2.1147652473878917,2.8415983648712055,2.404979154840981,1.8602265522715016,0.015267945911009072,0.3534461903345894,4345.196217474749
6109d7989b1e,361,-23.304954305246692,-17.95005010280558,-21.954536854951275,-27.177981634142164,0.1033565928072809,2.950470829625561,-23.302680280200878,-17.342836528676774,-21.623676339084867,-26.96794909756151,0.09182681604629514,2.9861755131161782,246.62187156291526,0.37207842783590983,302.299382879892,70.54831516806522,0.0,-0.003442788074184404,109.99917305291515,44.482198049779576,-73.11627627702288,12,948.8980703861351,24,9.654918362728111,99976.1708450326,100047.75133853487,99900.61194221895,99727.13880680256,9.932452921185744,82.56822471872398,100.00067040844276,100.03591074473685,97.80760812166852,93.11940746568627,0.1457949273116522,1.8902093716505906,3.1980006001620493,3.197635579503857,2.3779837752976523,1.7850698411319614,0.013943833053236633,0.40335748574497415,3884.8692888032624
ada8e83f5414,361,-24.51588024898004,-17.94710456080308,-23.64865784340369,-29.191723375218558,-0.1651037618714091,3.600296245496851,-24.357151246720008,-17.300384586129894,-23.538468410483777,-29.614265233387815,-0.1881886422757452,3.826689885871394,246.34271244857533,359.55620734053775,359.1437464831898,72.22157670123144,0.0,1.2207722461004018,114.04650693486897,44.483244116331925,-73.13720468848662,12,1495.430336179971,36,12.255922176782882,99965.06442080897,100060.77142763473,99930.12138999205,99727.65791656745,7.948382733523461,93.93833976852042,97.7759851703633,100.02532841374654,98.43557681631401,93.13359899091783,0.11283105165645667,1.841526726389695,3.8053322893308,3.793797048535764,2.566490988336449,1.7851767511999472,0.027989786081257406,0.47952021699943603,3341.660881343745
ef2781b66d56,34,-26.46478956355987,-9.035575017952919,-20.89875400178518,-26.515978132097203,-1.3468807234063933,4.927538459900206,-25.854226571647327,-7.892083872127911,-20.14888324101231,-25.865032241526198,-1.3728359545269895,5.032930347084106,245.10151477974355,400.0958610246813,400.23991601056804,101.22614038070736,0.0,36.49085032922757,149.3791815517731,44.465223011766696,-73.07703454486582,2,457.2482149886276,12,17.92832295723626,98764.90415901966,98741.85134572626,98232.31241368187,97443.21398342638,112.92559188972695,396.54010845926416,92.90211486434667,98.25339841178203,94.467684432643,92.49296082850545,-0.4098052093803898,1.6799898133758848,6.560602642183246,7.424592236729375,6.351699244152728,5.62963824022383,-0.017439399184439888,0.4815509860764453,1609.3258634970823
93c8a5cf9caa,34,-30.082665169481267,-9.004402687728401,-24.842263474381912,-30.032224354406654,-0.6921829905422455,5.2715430934952945,-29.620339130010095,-7.913896467519073,-24.11722696078397,-29.541623810209742,-0.6964827670854843,5.358620290083137,242.7673134640301,0.2470316112698692,399.9342314712508,92.92114898218603,0.0,-0.34426231189958284,137.74011530711482,44.46159408065769,-73.14296677232336,2,1009.4228976182445,24,21.691718926564846,99687.2950802126,99678.04539499215,98687.41375832613,97431.89560458901,85.59640866066735,599.1366579497607,92.8809275285959,98.26208865639369,93.97962909911092,91.54631188511534,-0.1218998944710904,1.481167911788007,5.82027870057803,7.420614524514479,6.336256052437246,5.634485761952553,-0.01216499442856135,0.36754500292142217,1052.6821609012081
f955fccc89f0,34,-26.086881594584895,-9.030424174828497,-27.069773807465776,-34.18482980302256,-0.4433424992781301,5.493114987620145,-25.538984469594503,-7.880735145872824,-26.518089842660878,-34.30915453479272,-0.4655395981277185,5.717809677302285,246.71442918013176,473.2332022827219,473.39738172475245,100.22778471277877,0.0,2.3094625876172583,150.4848258722799,44.46562439579428,-73.16472957755083,2,1604.3966744205443,36,26.379170772490735,100174.02625035009,100232.80608009998,99153.11159153968,97462.40164580323,76.04778467121116,798.3716971832661,94.07487881415067,99.95697135971643,95.28446068679065,91.56357215120426,0.10653283914198539,2.4606559367877217,2.0919266963860106,7.4299828894380715,5.426519766992646,2.0774338801392718,-0.11603384961652873,1.4934047585065813,473.552749521322
f1e92071746e,331,-1.976554427728357,-0.8741355967665556,-1.6454285037792384,-2.311015429055712,-0.09950834563892691,0.39855879924083615,-1.0427433514359845,-0.33361592878215246,-0.8483485271490853,-1.3150241696739422,-0.052424083139397296,0.24971496653214711,229.91209437959395,168.15299009727966,167.53645818456,34.359293172133945,0.0,13.242031645968762,57.03328942152561,47.947955886526266,-124.47833253869264,11,224.8527210154695,12,0.9911079527846453,97705.15879834125,97674.82035463923,97441.8082807412,97273.67828525203,33.499050158169844,115.65200599270828,93.9699682260777,96.17492165210045,94.89752777900166,92.74101993878344,-0.285450342075326,1.092406204374306,1.7754904396215685,3.1541090750202727,2.737109104738011,1.7744189916102553,-0.11209144869673103,0.4401861424043524,1330.8086886073668
8fe831d19e46,331,-6.798302695101003,-0.9194359668701944,-3.0648302328871115,-6.823624767536081,-0.2508216823922427,1.8825576191582714,-6.086660127036654,-0.3434221179663103,-2.2987578062758867,-6.050612614903384,-0.2527210071522321,1.9339864658073211,230.63359121257915,-0.3051621994313121,167.02234512448166,34.96057652370311,0.0,0.08122885535549121,55.85487904781848,47.94760521996668,-124.6114561420834,11,487.6412834761987,24,5.747760270685068,98582.99622641632,98586.72459420892,97769.58097927067,97259.83274396634,54.07692861538932,383.4925692365709,98.92150884688873,99.91541057178301,96.43857779926884,92.63971410999379,0.2122776653540942,2.159033843654544,3.156135215012872,3.372164398070881,2.778928873959881,1.669611149529174,0.010577845103260656,0.5232924646146874,1063.6639297568188
85f888677ef8,331,-6.113453216600794,-0.9580030433668757,-4.679945060458084,-9.138270555038606,-0.2533092652256674,2.828849197887742,-5.26563206976121,-0.3643076727837139,-3.9276080296125677,-8.497338697501354,-0.2531158729290885,2.852741662193439,234.13200820662058,253.44417169870317,253.213095218634,40.68526893595714,0.0,1.3936881403223265,68.91661992633499,47.94069910152247,-124.53011234313524,11,790.8295258569739,36,8.08790316608636,99516.50935196706,99526.68441088278,98185.9580113322,97235.49464809877,68.79048888544337,726.8996574138619,97.28862118016468,99.94684861359548,97.41541636863417,92.75187192923859,0.16685939764558114,2.2446081515530363,3.7266371387606454,3.811988244623218,2.997165432996106,1.6792733964524635,0.02995278366823106,0.542782144537712,754.4188983034713
be743d74d8d6,359,-1.097693775679068,1.237212666203932,0.19471783856767422,-1.0842439871914769,-0.20267733002859917,0.7834655512347722,0.448347750582773,1.505212086129019,0.7902369632300573,0.06669263545030243,-0.10009825288109052,0.4434467167332069,229.45699696270353,180.76552674277534,181.05411715254425,28.348692185100873,0.0,11.447773011548106,54.335499855647676,47.93068266669609,-124.5873906139551,12,205.81673269224027,12,1.4041638776756418,96897.60323964331,96950.34354164556,96828.2389910469,96704.55441205541,17.997939329410965,64.2785481701244,89.34761641966242,98.19094480701241,95.67197724769548,89.38549061917584,-0.7220814486064241,2.7386197800355605,4.265627472087121,4.266018155196234,3.2442585074038948,1.3625162953980618,0.25694411971095676,0.9654401747458988,3423.5278552421382
684df4452634,359,-3.0812130875057773,1.1638711779948903,-1.2197147620942692,-3.342613506363036,-0.2146951738244817,1.5711186184218247,-0.5666793052452145,1.5120662609976079,-0.16107706868867208,-2.1663461084953437,-0.1441083529871916,1.1559524078697074,226.53681992564984,0.11895303742667863,180.52454880770395,35.21266853995092,0.0,0.3543804776646399,59.91166230730177,47.94820701327823,-124.54679859468865,12,434.5129720036644,24,3.681144733850599,96374.76768700547,96896.51007510716,96741.98827136286,96369.22721081377,-16.912838717271292,166.2186596417603,83.2537935763631,98.21306520842822,92.69899248183123,83.28375991211482,-0.41552576941834873,4.921622441070796,0.983943235654173,4.3464341588687825,2.85138980134766,0.9905662772802196,-0.05450916360525689,1.0572023000805164,3199.2214027829023
e0dea42fbd39,359,-7.412978770600261,1.1915530812097874,-2.5679625094539,-7.390290072736926,-0.22934243992784203,2.511909856253139,-4.896912357511583,1.482901042814024,-1.3652734356418432,-5.5299340186725185,-0.19636997762910297,2.1858175318065594,230.91725991393022,214.02253823305878,214.22326289398364,36.873918582359316,0.0,0.9238642179500179,64.37390645040307,47.913220522647514,-124.5907410058459,12,698.8780813446451,36,6.995702518318769,97102.52211913539,97100.23990776105,96740.33204558783,96404.83995002706,-5.190490430037052,200.53525172748795,84.57590442211637,98.0975549727945,92.78516842783797,83.26262655233613,-0.13989187960126132,4.503993489571004,3.4894302643175843,4.3325715211374805,2.950597946548082,0.9787193721539407,0.0025044538730992663,1.0251917809252762,2922.0014362307293
1f3777c1eeb6,355,-5.759819975178913,-4.703006521127062,-5.687395929551338,-7.174343117112853,-0.16923041859094257,0.8091816878583742,-3.8815888538460883,-2.96363117004648,-4.657879511843029,-6.401754690171481,-0.1513661487721309,0.971438742524353,230.15396245576966,199.842743541263,197.98677090985183,37.30778763286047,0.0,14.745403811892105,66.37758107295068,47.96038220805065,-124.56287114402537,12,270.1729833471476,12,3.4789949696024687,100228.43770386417,100259.83292435974,99970.54563922242,99699.42455650127,45.33511165903706,157.77235527847765,89.04795694682925,100.04025420362393,96.02118519415411,88.95865827708779,-0.038878499230390384,4.154082329504584,4.204691287739927,4.206736969701175,3.1696654105696145,2.3022393799923706,0.19880461570404795,0.7030717453641228,837.2012172999912
3adfad0096e5,355,-9.118064033892175,-4.720770252210288,-7.313585236808486,-10.486163408660342,-0.2726762448075107,2.03875626024246,-6.521880356278646,-2.929079952037497,-5.655298001891768,-8.407129662686597,-0.18960411795525703,1.7002413990845322,231.31268992438507,0.8574937278633329,204.39454571293626,42.734478745731145,0.0,0.29419957535799135,71.02841624136813,47.95727763998062,-124.61373935303743,12,568.0975678928563,24,5.427187142444791,100273.861345929,100452.67918451934,100161.74942813959,99712.21246551051,28.872928521509763,218.59372814288892,84.72444912017653,100.00076998903012,91.2906272630454,80.95643109975026,-0.526136955307893,6.095872155919907,5.0733239541072415,5.212465238996786,3.9998273718820014,2.2977140926003163,0.1380508706877511,0.9905624059447747,543.4320880839372
ac70770dde3b,355,-7.73707900650534,-4.710555583239128,-7.6433860708765025,-10.459116983949938,-0.11464561201999103,1.7361760784561315,-4.442220494507102,-2.9641569201758555,-5.527719826300881,-8.377064086291384,-0.04380002834076737,1.415112535144895,227.33453459136192,118.66114255596271,203.61330618110932,35.94171316699975,0.0,-0.3069081812378149,63.149632161326956,47.95225407919713,-124.54015192648627,12,848.0443151192444,36,5.450111943690728,99574.86345027552,100466.68854920537,100132.79303780211,99572.39968247156,-2.259068438736567,247.73442360144233,79.8605757238976,100.0026267443666,88.39952440650244,79.92332778783033,-0.4916583516740768,6.572748891814345,4.277845099608511,5.203045635423228,4.176341226766656,2.2910802422428937,0.05823827878361719,0.8472928935140186,260.86865211485224
ffaa60c558dd,3,-10.598501096823778,-10.437858113690867,-10.811933094259983,-11.017193884878653,0.041981868101103485,0.17498245029244178,-9.164661150143129,-9.16804999199999,-9.952174749030071,-10.330187274471355,0.08488574586608653,0.3909906591529199,731.323873700465,84.56271872061507,84.61046393816383,19.02476606490675,0.0,6.877227506169326,29.27083910976823,47.610655650142206,-117.5495367159948,1,335.0137988706777,12,1.136511464482128,92721.62726270576,92728.92161443926,92618.79091968328,92533.148845682,6.7509585265479455,51.7311801314243,94.7382343927787,100.00448472606644,98.39896542161972,94.67163167773177,-0.2058272246251534,1.7663892154800298,3.7898567272321597,3.7938540573397224,1.3399150015,0.2323924542169016,0.2749477075731417,1.1094634612861836,3164.99861879452
54b77104f355,3,-18.272020969658428,-10.46956318963702,-12.673250246073234,-18.304484266323243,-0.3085276735882265,2.44816110053357,-17.029499453555314,-9.194360764436436,-11.511487810598421,-17.038947242127403,-0.27270567917767385,2.3342324701850448,731.6691695222397,0.3413287411062098,124.66428935430847,23.988904299608897,0.0,0.15292903469568017,38.141111065110856,47.64526415922346,-117.46153348223255,1,711.3625512416409,24,7.868904858100192,93333.12411453531,93339.71809857241,92861.42645150334,92552.47613307473,34.091059407004344,249.82024268028354,91.06727937995606,99.89214746181068,95.12399882021353,90.6085318884994,-0.46180363930780355,3.6721700080177717,3.459135281455111,5.039207714524846,2.7226324885857447,0.2280041602718565,0.19058057982435758,1.607723515698687,2793.567551274638
2ed13de88060,3,-20.529311937062097,-10.439662495808232,-16.70599658270497,-28.75422855281223,-0.5468801854770357,6.294015624174658,-19.282507240476647,-9.154018546815497,-15.656639219931405,-28.486622373191505,-0.5464316155201455,6.43234164146302,731.1681998314978,330.05232568623063,328.94170294085467,39.14599737842042,0.0,2.835280543102007,76.08592466595105,47.62855878403601,-117.57651397094273,1,1210.5645938123362,36,19.31889395424351,93991.96998975024,93981.8714666174,93099.31499242732,92540.46596259021,42.72747302329025,454.7711162529594,90.13495801684634,99.98399842871709,94.90826106736469,90.25407438062349,-0.15192356982605856,3.3059117644010234,4.126544017685316,5.031927891743761,3.1003512860232125,0.2336251625421265,0.10172883034518718,1.427197176719718,2287.5338412735878
2db0d2cdaefc,48,-22.037317700791696,-21.992254364249565,-24.94304439810072,-26.04053299532155,0.17935868919695253,1.2073756270295013,-11.670766433827495,-11.65592328821677,-17.94245042796081,-19.92633410047135,0.6102983215527731,2.694704042457516,731.6062642111585,545.6215594736327,545.6924252708651,140.34083114798264,0.0,49.886353182168726,201.2451195580612,47.63459702521413,-117.57666761935043,2,429.5070337844627,12,8.227913202513273,94466.70943095362,94565.120241982,94492.498742202,94468.44671222853,2.945010315961931,23.153525137492668,37.98418140554698,60.04904899277253,50.96019229254694,37.97678157813139,-1.858928760587762,7.002048624199923,9.73314802923339,10.400159573358193,9.823608791949018,9.082921194107085,-0.06847739702573988,0.4266623569018628,1070.6692068318928
b45cd5170dd9,48,-18.640688965406504,-17.625980494898897,-21.77057986211391,-26.04730262380068,0.4443548130697842,3.380862028232355,-16.462471959255982,-9.464639482597057,-15.437161201898396,-19.890113071591838,0.3017383038260195,3.639720130242249,734.9629897627199,-0.4014289743619806,546.3684676130786,142.01312271675985,0.0,0.12025391283484446,200.8507459938126,47.633001026953,-117.48577871444876,2,799.7509754884626,24,10.476932939868107,94150.77358831717,94570.07610896601,94414.90568435936,94195.833660131,-15.041822767599514,114.99958617261797,82.8302050627137,82.85989097038639,56.93106373497663,38.011929989866644,1.122222911688641,14.628042014172514,5.1290354339288635,10.3972867821941,8.23854392058219,4.950265184500067,-0.265661194629027,2.041674302583386,693.9790598936984
510b383baacd,48,-16.638421184170802,-16.673068638509793,-20.936158481239534,-26.06500941386949,0.22934491067776624,3.0668581943930584,-5.319708101409394,-5.308921422812194,-15.331239413208497,-19.919575362543796,0.13658635314703685,3.8755111900387407,730.8812945111796,574.1529835716669,575.1361352078574,142.29807610536537,0.0,1.9174868896216513,201.94997758444222,47.615265930728725,-117.54373743863528,2,1197.8372193418097,36,14.567250701181901,94010.48063684112,94562.77831724526,94349.22221351246,94006.13799758436,-14.870587516792098,161.64143529314106,37.54092754302039,84.86242774255167,61.608087931219536,37.40166128714674,0.6871808802274502,16.89570147187081,4.968488773485905,10.396640693954762,7.107245453870591,4.5689299499881715,-0.2063665733739714,2.3231484496420536,303.9978635429746
dc2916a0045c,9,-8.065393333498637,-5.8685833915112795,-8.683588225597225,-10.714501999337942,-0.22967081145015122,1.5079639503262565,-5.993618293508287,-5.407719476429431,-7.884932617955466,-10.172680431813612,-0.11232509564516818,1.6251093182863734,732.1956091981491,183.90895142177632,182.90035949003564,36.402486288604514,0.0,14.028418964414481,61.52306528583087,47.602930045608005,-117.49932976670402,1,310.76662331423563,12,4.824898038192341,93216.4851166349,93251.41788206295,93042.36870034722,92889.16215310246,32.90716199584291,119.60603834561915,87.52482247214016,99.99810110349578,97.84455363898235,87.66065605709984,-0.8569040468805164,3.885586533414118,4.877417540260685,4.869949935356001,2.7629742570898954,1.0793655087924496,0.3518527914802248,1.2370474003439398,1963.0656445424966
37136a0fe2e9,9,-15.026934394002291,-5.851813648704816,-10.178866337352318,-14.981658681943184,-0.3121517011884903,2.6788269467387122,-13.57844075657209,-5.385655698174529,-9.034747606028404,-13.553799860716948,-0.2603337522683346,2.751568905795594,732.4636424635459,-0.15107376428454775,187.36257121213964,39.42743417286626,0.0,0.10460765637475888,64.68550871346676,47.65460222342039,-117.55005481702412,1,647.4479189718127,24,8.215385631219393,93751.84815998218,93781.71373298897,93270.76479994823,92883.41342200837,36.02064748707007,252.97287965221128,91.34225179334175,100.06685565615184,94.52398184314255,85.2570399371866,-0.44636203523115636,4.895476625673589,4.629392679041605,4.91847800685448,3.593574069983655,1.0878801497472148,0.14834435836242948,1.2264448763355311,1622.4020429503053
587a421d13ca,9,-15.399048942525868,-5.84678206170185,-12.78404608312648,-20.981411420952142,-0.39054999029163157,4.420342058886936,-13.561225441991343,-5.436953889593972,-11.594747586534151,-20.2619855739072,-0.37405872053718986,4.494928919451619,733.977369036568,326.4237966745105,326.4221303454965,50.9919435866851,0.0,2.4303845355102625,88.03947190437599,47.639114439211866,-117.5575057368818,1,1066.228458745148,36,14.856817907720918,94158.41576573662,94211.70683720257,93497.44716156482,92920.39448202006,41.71518690454053,435.6470196595416,87.58496704880281,100.00288887183963,93.50728194836026,85.2080410524929,-0.24968175681141697,4.3780234057683325,4.825067548929427,5.07007950828491,4.019750883524078,1.0919196674203768,0.09119275031538125,1.16871638503403,1190.5628657118232
4f7a50caa170,2,-12.000114211246022,-12.008981100185073,-13.731898431808796,-15.541280634710912,-0.06339739821432033,1.186558729797806,-9.977896641216931,-9.991561566327174,-12.145505018730013,-14.37414678968217,-0.052309002062385174,1.4035624940657063,732.0957889310014,284.26104167260513,284.19741052806586,59.362453631645586,0.0,22.160694372264874,94.98343736991771,47.641907443821026,-117.52803867597804,1,361.68434801223384,12,4.3782792727528985,92905.70460932743,92909.8269691665,92608.55419338439,92383.32210462564,57.66431599525082,201.76292958420873,87.84180967070014,93.61888894926467,90.79180123831962,87.93346734232233,-0.1074029625793914,1.6123824509617495,7.434466119843768,7.4649497982548345,6.933137881902013,5.988279692412823,-0.026351763738820172,0.45595452050806207,4515.934671666561
1ac7f66df3b1,2,-17.749011452394075,-11.012012157315285,-14.156928260476567,-17.720809128931126,-0.15054494522706868,2.0152071414474313,-17.329297370835974,-9.018882953464885,-12.843461093367063,-17.31490032520445,-0.20353969765962715,2.4993638599595713,731.8412980873472,-0.059244940716219996,283.8228561113708,55.839796308229054,0.0,-0.16940749231065852,91.78306416981981,47.608102680407725,-117.51189572625073,1,740.5012378293256,24,8.301159236117238,93496.3322208823,93462.60453201232,92914.13617104574,92336.70008915274,49.463978724089394,344.3732659647342,98.25335684061963,99.28081809353621,92.62189726640368,87.52262088128782,0.37087739407019876,3.6402927047274707,5.1892584735536795,7.477209970871024,6.263005900977645,5.06453470027096,-0.10791452195545485,0.8966915396751259,4125.387853521457
bc4264183eed,2,-14.12657522080649,-11.050450934527351,-15.799946003124957,-21.455893477464887,-0.2189717498140627,3.10199234174727,-12.676718538561081,-9.02950545248739,-14.809307189101778,-21.262941082170748,-0.2639905833230247,3.6974634011604723,731.5055424139613,220.57982952076298,284.1540391374613,54.87667656142718,0.0,0.6487570367604105,88.86259204085367,47.635483216592974,-117.55387123960173,1,1181.625195443507,36,12.241080013479092,93797.28955469813,93812.08021647192,93190.89913426722,92356.86461392448,44.55146529886123,465.30430821423425,92.36594824108295,99.26887886808035,94.27788557681268,87.47065730658299,0.26733046280268596,3.9198129309065872,4.292505816074036,7.469822694158473,5.6278285883734425,4.116960992830209,-0.10330684671062353,1.1616074919990764,3695.5258433557137
36cc779ced78,349,-7.758891965597703,-7.71157789113091,-11.099315711950423,-12.204735025278849,0.20300558265187024,1.2714767419716873,-6.355047927238565,-6.344430237484191,-10.679360810867447,-12.00784820177878,0.2707295933469104,1.6062151462181578,732.4696396301084,117.65486211721756,118.59140598538069,27.330108635160407,0.0,10.199649210769177,42.55829102097846,47.61921419458482,-117.48884231415029,12,343.0398005983318,12,5.645783240610502,94424.69744225332,94421.51238544585,94387.26701543319,94343.8302557681,9.21924111436202,36.51775745418434,94.53311877087008,99.96618476367286,99.48328520175004,94.45594317948223,-0.21586032767613972,1.5365994568704757,1.8050852175978938,1.8935944013643446,1.568072163995149,1.1263581799395215,0.014676404381634332,0.2622663600854515,6309.082601657078
4f1430a06a12,349,-11.337883535579936,-5.592563166813429,-10.20607167345815,-12.152915195239489,0.06222842197539047,2.0011079027616603,-11.530574524501004,-4.0975318028668335,-9.684101947599348,-11.996426061927131,0.06098573502107688,2.5657684635414495,731.8594144054018,-0.6991924643838049,118.69922429306159,22.50092248575782,0.0,-0.20935378895000684,37.660588805908205,47.63889135880687,-117.57518383207012,12,665.8253850237214,24,7.868534054481145,94558.88854868355,94596.75728666068,94489.37264401621,94346.85799238134,10.895724198427,79.39830543367644,100.0305265105352,100.04144614665665,98.24223718497385,89.62503480296415,-0.07320321916610442,3.280558793471122,2.2961442776825454,3.035668443821951,1.9175107784046064,1.107400108511627,0.0561136115281887,0.5344531466958917,5996.213803135911
7fe731c53b09,349,-7.974680155718053,-5.582311817717026,-10.728516092138694,-13.413092176342895,-0.028026081214391763,1.9619502938845006,-6.722990498889533,-4.1295137091165035,-10.270025171327399,-13.058258764072162,-0.032304077829571794,2.47664822825718,730.4872734782286,160.0694157539969,160.58320339258907,28.88719846381915,0.0,1.2568654347832109,48.456731855137384,47.6651618318257,-117.47554864414093,12,1019.2118710298693,36,8.93120290088059,94188.57083136779,94563.44916400264,94400.46875758212,94219.49372885998,-2.29584138059023,101.91133946055845,94.93481721006752,99.93026108740705,98.53745404641647,89.6026448697148,0.008169636602135839,2.8662651424312005,1.7082353054054698,3.0599062955301894,1.9747220177617084,1.1208361975290568,0.023506125633243457,0.45589741292631764,5638.5971916553
526a19cc233e,11,-9.155670356289855,-4.119356360978708,-7.675360574381694,-11.040305154679649,0.4461774539937603,2.4480205915171305,-4.580330422699733,-3.111125515861917,-5.236111031043128,-8.895957196333258,0.4793477321843598,1.8789422765548789,731.7413369281306,190.13517215772802,190.80958530112258,41.266391578797105,0.0,15.625194408070186,67.28144176461066,47.64314245814795,-117.52263622417603,1,278.3061116951712,12,5.779370025767944,91897.80874780493,92067.69812492613,91826.34074499171,91609.06293287412,-33.87240307862851,164.13126564817054,71.34985317771113,96.29479055680684,85.77153343544097,71.30363701796362,-0.2553444959448805,7.503110855774062,5.454879736026369,6.566442036249137,3.8991980377755695,0.6606200573679919,0.5779607398671565,2.157992955213762,6155.066540943573
a84e12180dfb,11,-21.473725701696285,-4.062927327572517,-11.382290400368946,-21.473030766749815,-0.5644643227420723,5.086591574585103,-17.097927238774332,-3.1002067853556694,-8.18487159099388,-17.11467553546457,-0.4668648964779945,4.536460640290217,731.90340893739,0.04803634812778493,195.22302284881496,42.05147006283248,0.0,0.0511093494503219,68.33426534941381,47.63104930389963,-117.56721394084877,1,629.6632942429532,24,14.022777049981043,92343.15788880327,92346.19788880418,91939.32960380109,91648.76756292795,11.027040271185234,181.76635011977856,65.45486551180458,96.32547239744105,78.72220679051357,65.68413912926799,-0.9251739197052171,9.139056164833052,8.345766101210108,9.177060126666582,5.408072352617346,0.6500384257845406,0.3274666342234476,2.6242768528806963,5802.014381863727
b0153b048b43,11,-25.672355546923143,-4.116850826022378,-16.061116703322618,-28.243028933893015,-0.700569208082298,7.869552468115955,-19.901579681882254,-3.0736892675831546,-12.318460021154765,-23.868574636261876,-0.6165192871050496,7.039471350920602,729.442229528105,301.40739660846594,302.1343406773616,49.56103716592352,0.0,1.7814640112387237,83.50033205709938,47.62428982428233,-117.59257796791888,1,1091.835934661941,36,20.78406080941003,93306.77794606633,93332.42254825268,92211.57507651953,91616.6551429396,41.925445819578854,506.00173416202307,57.37663225009405,96.24143399213956,73.40022656616284,56.7447368525296,-0.8868653227984653,10.74025482405658,6.732436751262661,9.164942829541353,5.980388687619326,0.6589711319368914,0.15859140162087834,2.3224587380139536,5335.104045426143
3a8f720941ee,41,-26.08934581447884,-26.046203795106226,-27.805163849543323,-28.723497401439403,0.018508863872749515,0.7659989107101804,-24.78206500923781,-24.76016748599562,-26.200372958062,-27.096713070123336,-0.005129276009557447,0.676738288547304,319.0971899382347,584.6904417987769,584.1294323311882,138.58078646905741,0.0,50.56252762260206,209.2963411418936,44.8861629269969,-91.46669258357322,2,530.820477029196,12,2.33291042051311,99031.67974586753,99019.00201451672,98550.9513581088,98174.8705386605,77.38957284859144,266.22878034575007,88.1734671315528,88.25300070737525,85.08360971511574,82.6023769243439,0.1951266994490608,1.5129255520562888,12.514198876027395,13.494656451061706,12.827077125967193,12.311374877040775,0.020213312793919417,0.38508641842147684,1492.3780998236796
7cc4a5c27714,41,-29.306979108084995,-23.717853025465544,-26.934359520222518,-29.28345108961246,0.04919277575919052,1.7591869615571811,-29.011931769742652,-22.11465360555926,-25.646710460841614,-28.98173048337682,-0.011655033470837706,1.9468313622500206,317.23248540323914,0.4661562595952186,607.7145942165276,154.97266632304857,0.0,1.1073916444686083,221.1301316001501,44.85131174058475,-91.39864945583662,2,1046.2798004746892,24,6.866098310622041,99209.62745539527,99208.08522707572,98896.75164258911,98177.57921989355,48.299690311571986,352.01554646615745,98.46218473817515,98.31311935130212,87.98203350406057,82.65486615898357,0.5616680429641862,4.727077421205605,3.9700090460536277,13.51235441319915,10.182319464292831,3.971153712203179,-0.4393107364140285,3.5232033493195325,973.1383028761115
a1fcfbd5193e,41,-19.555241886639436,-19.51324337905232,-26.999633157854966,-30.677460163147195,0.04111469876213084,2.574589485766495,-18.155309133461433,-18.148061430969282,-26.021847583754383,-30.62924821592246,-0.005448209764888377,2.9027225142970963,319.6490204165976,538.692711789899,606.7141007181779,144.56960100764837,0.0,0.8124709794965052,211.58012903611154,44.891361566856325,-91.42174029849971,2,1585.3624584528577,36,12.475971306609516,99087.46972829006,99224.37697350944,98970.40613186189,98158.72948647628,25.590961759532316,323.08802069793296,87.96699889145475,100.04393659536892,90.78576634138977,82.69634479996431,0.4383609115878832,5.8979120035159,3.3493187438400946,13.50936071241811,7.826413533267245,2.50009654974696,-0.39387565548543546,4.413048599528529,440.46824274018843
6445beba5cf7,5,-26.065409370120857,-26.039384506721497,-28.440099195718094,-31.433570224930104,-0.19693546813367976,1.7376440645534241,-25.34834150918428,-25.349822619155024,-27.98526255239479,-31.011498839882126,-0.17216888578756967,1.7705022166529563,316.82762889226626,417.7367063914323,418.55871683031336,80.54714708687085,0.0,31.55002822228252,142.1102065572291,44.8677738607097,-91.49703047327712,1,550.4804141267679,12,5.667004498795467,98648.04974159051,98693.75722714313,98562.75985839413,98410.5136740873,20.489555432273534,82.87784952734937,93.455110760317,99.61299462540502,95.84318261415793,93.37441924516847,-0.1510671099596757,1.7503978255216424,4.30485258476821,4.905632356827194,4.285733229741381,3.9320009830799663,0.03232610420872954,0.2775150946704546,3827.5195512037244
e1a4d9049259,5,-32.1431627182052,-24.026608809538423,-28.1036516959187,-32.1544383206202,-0.0751753161832497,2.371331899837578,-31.646965356253197,-21.91120923913764,-27.33365479791544,-31.644983072476794,-0.056096415544006954,2.7899404880861485,319.43537019301976,0.22423590670561785,429.07233092020437,88.8124050948048,0.0,0.42087277408095003,148.26476687473925,44.86144509846952,-91.43311541503893,1,1087.5605799957145,24,9.748959106564977,98454.17031632934,98665.46489025633,98556.50607841747,98403.36555367535,-3.1828625562730046,74.82558261105962,94.00794293793929,99.65342827480832,92.96428213663309,81.03551228639436,-0.21442602102826472,4.874833863069089,7.35974468306572,7.348599667864431,5.177643501900011,3.9427138057668105,0.13208524373572714,1.0995870732654294,3293.5103381120975
e936355290fa,5,-30.11685185177092,-24.0717793020339,-30.263303632664584,-37.26729249909239,-0.24943466684588692,3.842223119273839,-29.295415276920686,-21.91629942182391,-29.591416295582505,-36.966546888906585,-0.25593064096376233,4.161476171230768,316.1564791659091,410.359128791737,428.8502145373905,88.123456983965,0.0,1.3160408531173957,145.54893341755707,44.874615784721314,-91.38309535310533,1,1713.8261536809548,36,15.072211129834944,98271.87263526619,98675.80891391706,98474.97643070451,98247.22477747251,-8.741129731235318,116.43784458954006,93.00855496759212,99.62773627700297,93.78300225691554,81.0842049065481,0.03283994592256916,4.342309639888142,7.869403216951868,7.888489322683326,5.6227757113116565,3.942684001420492,0.0921122981648763,1.1683016799286152,2657.72296729868
0724b48b98e5,27,-27.440264741587924,-22.438555316305663,-26.57116719070817,-28.88759645202892,-0.5192115748587762,2.010715721301747,-26.21780857724895,-20.756038922665343,-25.263088730951857,-27.81220747282488,-0.5730217360020442,2.1949391524939377,315.2524012902056,498.062555363273,498.0364942935561,111.25658325473398,0.0,41.4998913167292,175.48602285664916,44.86869330991973,-91.44440718623513,1,519.4262093694527,12,7.063227825220599,98706.34577432944,98664.24763494403,98127.41888722367,97507.88668750568,105.21610269345696,363.85800165420676,88.12777115870604,89.65728897049307,86.86771873055191,84.78509680286861,0.3345408125351531,1.4942296897416263,9.41054800332129,11.72447051020262,9.976501316663752,8.659140065293045,-0.24040097806952027,0.9334477189202312,1627.6876377590643
a61b00fc11e1,27,-31.225199255999836,-22.412194136564302,-26.967533709752125,-31.216980814915317,-0.17020673493812116,1.9469120215695142,-31.14225022263902,-20.75084507142409,-25.899724327922065,-31.13697449015393,-0.22582951243968796,2.2697951757454105,318.9872484498199,0.2446729232475724,520.5722843991091,124.32566907350403,0.0,0.8044574994149866,185.9079790647345,44.86377916631704,-91.41541302205319,1,1054.0653381224097,24,10.366459995008894,98800.20162786153,98860.62335606334,98462.61762325463,97491.0580828532,54.73334487053584,412.07768971902095,98.63067751607613,98.67620864808693,89.47822211109569,84.79563498394081,0.4503532740136366,3.4602678979473755,4.556535482878575,11.708586034378554,8.444990652583837,4.573047350795419,-0.27625327659806453,2.0287743860751895,1101.7522939054893
3a3fa3bd3519,27,-25.424686710960206,-22.39872700526496,-28.88771836775695,-35.6388159817806,-0.23964787305875485,3.59232962889641,-24.6929398261021,-20.709592530904725,-28.102510011484718,-35.688278800974935,-0.28967398624337726,4.112338387715617,316.48021484682516,510.85025648167436,520.377799351555,121.38877866288948,0.0,1.5239244209554486,184.39711169039546,44.86493340159586,-91.51388783643044,1,1661.373157248645,36,14.9268683232035,98563.65085095284,98869.55278594185,98568.98163128225,97516.01814051783,22.609752294818254,351.15274829181897,92.49331922016961,100.02321227048503,92.44963947481283,84.80356082061736,0.4448568787140844,5.185138301940047,6.567932926216773,11.706772109130648,7.105680673181178,3.7341585152328114,-0.22470591478515425,2.5414920113063255,489.9370771513373
89b11adf4bbe,5,-23.132830659469736,-23.149791801561683,-28.164643550650368,-30.24528480447465,0.3066446558017071,2.272085338352973,-21.102700902047502,-21.083015131735106,-27.67660363506575,-30.940915268547553,0.34595742422438247,3.1911410146238395,319.7183974940721,200.08951688192954,199.48318699582398,46.07535065283781,0.0,17.034127723240612,71.33188821997977,44.85870538547967,-91.51953681774688,1,548.4472053943201,12,9.88164041806129,99299.22171223689,99415.16845591525,99405.10892492309,99322.1113077023,-4.464655961139165,43.88018577710708,82.40404951914464,99.97654670285094,93.95574313594018,82.35636593876295,-0.4750558309005567,6.739292032821308,5.602298515601237,5.9965482593264525,5.1308747148519105,4.664768148815046,0.0045732295012820365,0.3966861319998016,7630.89160509126
507187e6c634,5,-20.064415218597727,-19.877352207483742,-24.468026115474313,-30.255377114909045,0.5230509426590034,4.04664362494579,-19.104053626433917,-18.872758034030408,-23.45844706790937,-30.97106042405701,0.5759572638668867,4.77834056104573,321.6247282006513,0.7136156555771748,198.57429915006557,41.13832548552732,0.0,-0.10983689204241569,63.95584145773427,44.8758774735793,-91.56064149806893,1,994.2907798237396,24,12.093050216496762,98815.59037866208,99452.30321071185,99156.54043278086,98760.61428812495,-34.24774266248351,259.2685098701802,91.72524440610587,100.02308377261076,90.10474473312688,79.78775247632116,-0.3942393817739847,6.816605283551477,3.1302257433432827,6.006410393455323,4.147538893635153,2.572508502361525,-0.1409571892839568,1.1965088125447334,7183.933334409405
72ed68c8e8ab,5,-18.308265882672,-18.31556916287401,-23.620331433360054,-30.246017851462685,0.25541540400751983,3.653620070573843,-16.52164502177557,-16.5576033754602,-22.865705462098784,-30.936573960989573,0.24949612601910032,4.228257774785284,317.1073312887628,186.00423266245323,248.6471226617422,43.946080025059565,0.0,0.9105347429124977,70.6215953362732,44.8601468780186,-91.56631748639779,1,1470.2780042910906,36,14.435147237101754,98585.2123275072,99451.28180127662,98987.05406661489,98533.77290221976,-27.267415091699092,301.7937655811248,86.21316984799044,99.99782424267174,92.10977923215138,79.96786012974236,0.07995770836787552,6.7324841954719945,7.920016410109929,7.9161026909602965,4.54237500088925,2.5627120938443575,0.014417845674353504,1.3725571398505452,6707.774683247585
f502fb31b0e8,25,-24.202776346229403,-24.256214835296994,-29.95981671766107,-31.827669249566895,0.41871981195694724,2.442784794010105,-22.72888504869494,-22.70231556726548,-30.07871470858702,-32.63385831252898,0.5471198951430611,3.1989506444727827,317.46373767294375,413.0597625473483,412.8877610915681,80.29092827508276,0.0,30.447204352537668,131.4186813589709,44.853899523646376,-91.5188377216574,1,576.7463247102927,12,9.928816976926473,98271.57158379437,98299.22772167214,98219.24720909877,98159.79451892785,5.1998532536529485,46.423352759282544,85.65727971267923,100.00757409495483,97.61060342546158,85.66131009701526,-0.9743503472403583,4.671606298940811,2.77849870644947,5.1583186414367175,3.5444139411129867,2.372972642499174,-0.2628126088218309,0.948857664101579,6860.299352389592
167a173d3da5,25,-26.97134160280311,-22.51778001799954,-27.427238512875938,-31.86054369388932,0.30093803755238374,3.329522369989005,-26.489432148739365,-20.455309778860254,-26.82271464904509,-32.62368518034987,0.3944999397621975,4.302329127785834,318.26648260994233,-0.28679411433398094,459.4169662415108,98.5873698159675,0.0,0.9265935939577278,151.99871110388602,44.871103637697715,-91.42372101598572,1,1078.1795751709076,24,12.161318510597779,98440.33408034615,98428.95956647325,98270.57158486878,98184.53936594767,10.749576507082834,92.39083176209031,95.80529433625018,100.02886617328807,92.58319148124349,81.64097760771907,-0.6029346524716381,6.75120121482499,2.0557350700028154,5.147621228508715,3.240651756990541,2.0514315659449145,-0.07945471882536613,0.7782916137851379,6353.8363589550745
766fccc0a70a,25,-18.799572302779087,-18.79796365731067,-26.615245049485033,-31.8645973012362,0.20983669524323195,3.490865241086592,-17.90784916057666,-17.89548522185336,-26.254690634947625,-32.62484939027493,0.20968943590974135,4.275688585717287,318.8477024261117,369.139849745742,458.9359105543661,94.20952166559684,0.0,1.0173583772758124,145.88680691862763,44.86106532356907,-91.52985665188915,1,1593.5426623661563,36,14.72449483833175,97694.12617907769,98434.34960293754,98225.8929704639,97713.86232996934,-6.803032059071471,174.77734589693418,92.21031902387324,100.03508618744924,94.26657907443136,81.77178341041866,-0.01953270148199599,6.251898846861605,5.856465528296978,5.85932540118931,3.3609345510974347,0.408311736872857,0.006691731084304803,1.1968840329271642,5829.303300324764
95008e0602b5,25,-25.028218061844733,-24.97053331949486,-30.91544260892554,-34.54680077978422,0.1814574259152115,2.6939273496182907,-23.554635715054815,-23.575639227499014,-30.648766760367142,-34.53318644399379,0.3000003979287437,3.091331083556939,317.5311544525463,490.7780175611342,491.02974353222197,108.6628330074548,0.0,40.65628333978568,172.23214214923422,44.87647456760822,-91.49554988895092,1,583.3972764728392,12,10.954483846348674,98853.40750063343,98851.41106170509,98541.091514701,98174.81769136914,60.39710378288151,209.47057283838222,87.0666253257608,99.99105114201942,96.71102749766555,87.07660013167298,-1.028985525178226,4.719408090704281,5.47804566223774,5.476714693877076,4.596893944471298,4.110020603132374,0.030415430918996404,0.36352303795359653,1427.2253509768902
f58b1edfd4bb,25,-30.573331323164126,-22.54282922052299,-28.66340888663991,-34.555872816230405,0.19798830210766916,3.688106093539886,-31.46399327826141,-20.30755235558273,-28.081363169525805,-34.4796372705021,0.2073992406781027,4.518797550530158,317.65755373303534,-0.8270155798253565,498.6153281051968,120.65644339158354,0.0,0.774381748363054,180.50002221640733,44.84262431935531,-91.47933368789963,1,1105.902641905452,24,14.232215022852397,99150.36659602904,99144.35120954168,98736.05706806981,98199.64341109418,41.48305810532687,292.7321063455365,100.15121841759073,100.02275112952617,93.71470655483547,78.58855129368516,-0.2013395236094119,7.432533412704922,3.8753783455832043,7.236481579153698,4.919910288735294,3.8754328238719205,0.003618039453322101,0.9801140704107263,910.1970224606935
757dfd2c62cb,25,-19.876932816412335,-19.890304356949503,-28.40421265501524,-34.565817612423444,0.11756606888133765,3.6611831833173922,-18.90736764073425,-18.908878768815537,-28.182476890448367,-34.4974937999208,0.09007288831783815,4.412600970554321,318.7811741216301,418.96573558937246,498.4487060560978,114.53863448116007,0.0,0.9213691586427369,173.3294477803433,44.87264961391271,-91.46855053654753,1,1660.9055718090174,36,15.645004427760993,98370.9837934303,99145.95387121782,98797.26109060968,98203.42618714148,12.40626459608844,279.2302772457683,90.7586853741171,99.94911106220307,95.28744197160034,78.47849888001788,0.09646691702465413,6.650051760140063,9.061607634573932,9.079388982845973,4.779929361533768,1.6541857930096204,0.008282927314910605,1.5833827607068558,348.4406648894815
ab401c4e982f,364,-25.547210771368228,-23.990189578958155,-27.405274662574673,-31.225275569552252,-0.35877438276681517,2.303419533004588,-24.63862604811144,-23.89562600289407,-27.203694401264592,-31.096222582704396,-0.2723740406620187,2.2497295469323886,222.97458581348835,164.7193625124565,241.99333351512163,55.400912580135625,0.0,19.56497601188276,83.12543228970002,44.49696894073238,-88.14244017261885,12,542.1468443710394,12,7.139772594780532,99795.94696625588,99826.11928387161,99756.84073289293,99519.67371978087,27.389516091993777,100.35616993035529,90.68630441149196,100.02347861213451,97.59965749030813,90.72492509745177,-0.7306805985960484,2.8641472304306337,4.087861696915805,4.91963438882142,4.324670363107894,3.771061940839751,-0.09527266548526848,0.3819852369235036,1431.9658645088489
acb48bb97cca,364,-20.924662312815578,-20.89988232244024,-24.700505539329402,-31.24167193860034,0.3314953122228639,3.2603580485531674,-20.281839257228892,-20.131943818086604,-23.957569260372917,-31.084403459454297,0.39029305662539926,3.631778139284689,221.5992267191343,0.2615130863611721,241.89108646306144,49.160592087523526,0.0,-0.32553333814972163,77.07280744712806,44.48469127771553,-88.1749694536195,12,1007.883581634528,24,10.951605592954436,99406.17657416519,99851.27965741412,99662.69870657283,99386.44252894704,-9.728531471951527,122.79856005744253,93.90694723065889,100.05448576720637,93.18578438420492,81.01042321492615,-0.5172387629045395,5.658500969986165,4.945083646390739,5.205001292139563,4.506226721399338,3.721297041880183,0.019098585740892248,0.4376603225195175,964.063458169622
6599456dd3d8,364,-20.891972736687002,-20.90067587429141,-24.049768492761206,-31.20420755484215,0.16337705707291617,2.9892685980470803,-19.87584231090206,-19.91136060539512,-23.376631354400196,-31.063131744319787,0.17390180764247998,3.271368625123393,221.79340011151146,384.7229967703737,384.89526616869705,60.95873338423516,0.0,2.3487812558916272,101.59581072215607,44.49289491553746,-88.06843952443188,12,1487.0007225927145,36,11.167895114493517,99710.14734416988,99837.84496878884,99602.58865191472,99391.35127344728,-6.67735244644206,135.7932063784977,90.4994059346751,99.93193866863106,93.74646382510215,81.02074475711512,-0.09905638822371095,4.798180643924197,6.577826995608449,6.570710292449465,4.8669447623565425,3.733790716275722,0.05177671825013454,0.6929918898333093,480.29789577276375
dbeb37832040,25,-18.526907603519753,-18.47954880578249,-21.22704130023339,-22.550193456860885,0.23516022811669432,1.383656644119533,-15.519395966643367,-15.461269041430345,-20.5919853014539,-22.798692850565903,0.43405466324409414,2.313852622760595,225.89766752586635,482.20772548898793,480.90104489043705,107.36439930430289,0.0,39.873865598637856,167.67824182445685,44.49131475610402,-88.0889082478958,1,462.09112307649156,12,7.286669923966435,99731.15309180121,99738.76387692854,99393.18479959198,99025.94603727489,65.12834529214675,225.15440206472618,75.94240127941111,100.02768731713776,94.53862780044972,75.9995378793867,-1.6168247188117861,7.693956061872403,6.29032085546222,6.2708021319280505,5.727235170835181,5.315193595625714,0.06340514765184166,0.3718352649575851,1373.338518095805
35559e324456,25,-26.467263844274942,-18.422549526524193,-21.507989823623262,-26.45060007548552,-0.10792492690124861,2.2348665000960297,-25.550922196763754,-15.028742330577156,-20.158853090071982,-25.563291829921436,-0.022357895139596518,3.1448286672303087,222.9144667629027,0.4621298173853608,482.81412691375243,114.5923697977905,0.0,0.4401374403431207,173.70145340927994,44.45759930961897,-88.11012078303347,1,915.7060333193298,24,10.598198974911131,100129.71993131234,100169.38494071779,99684.0423328342,99031.80666437118,47.2998364304709,329.2982923300476,91.58469475480246,100.03331344061549,88.58587565371653,72.80465952981501,-0.7179763626869338,9.430755155769761,5.604221733994573,6.758080684975711,5.949223870126694,5.32186723935481,0.02669281989719981,0.4387068288684,924.5407120232312
0557316f7be2,25,-20.72145725057386,-18.413896488882475,-23.232638723578567,-28.94956462755572,-0.20734477406180613,3.4457949928056784,-17.916953067044464,-14.98210209473645,-22.159811416621316,-29.47002537056339,-0.2058614052141398,4.35989285910416,224.67309429768957,489.6971953258033,489.8610835669724,114.70097464034295,0.0,1.7314342907347242,174.57677940213347,44.456132837320126,-88.12233805841805,1,1448.0475255907643,36,14.494061988490456,99983.9608227568,100279.38609139055,99827.42533710925,99059.42561990299,33.28775577301952,372.30214581722413,76.73318654311393,100.02038960976319,90.06739883567383,72.67498983518527,-0.07917185895498821,9.101442278340933,7.286514358347803,7.287273786313034,5.669748700767607,3.788906599753341,-0.022525792895815293,0.8077269413911476,397.2290527981126
cb92b15d535d,30,-19.856530806141535,-19.117300851910866,-19.65372408134581,-20.24419205339114,-0.09983431295900971,0.4191264374333096,-15.68907055109856,-15.67080839109244,-17.45000273978645,-18.643502164395986,0.1184499937060909,0.8280757749971636,226.34708188539767,493.919526500185,495.3846169207716,115.08034990082739,0.0,42.54153211761796,178.82919320920286,44.46233276101574,-88.11059159680055,1,425.15338609274795,12,2.9584830512985665,100164.96207139149,100194.54437067598,100060.19811229555,99973.03941708135,25.35328658614365,101.23329423605907,67.41720620802951,87.51575722803614,81.80716158949053,67.45571278434015,-1.6207519525145313,7.125224778174143,8.403693486461908,8.376677373143357,6.392677790457071,5.302573381773312,0.23357423414658987,1.003305034774543,1417.366649999191
8f4b21e70eae,30,-26.33891165122461,-19.14524393317569,-21.060495968425883,-26.362550397147405,-0.2688415039971602,2.1499212589875594,-26.06952176637462,-15.409774830939329,-18.86862349242863,-26.033451620909187,-0.29727118788356877,3.105944241725898,220.06167766361565,0.05540663122777148,520.1727852477039,121.95021350274791,0.0,0.3858393040692846,182.85126977065028,44.480389253018174,-88.06689759522784,1,886.7235192911967,24,10.62660571176272,100287.5891586637,100267.0453573698,100125.31846467765,99959.7928616896,13.05847366898186,104.18901718814654,96.40747446025642,96.4436281981435,81.75279259929266,66.19118124686936,0.21777689267785955,9.740780761128923,4.782473109481458,9.246765916775587,6.428007603116685,4.791802229917458,-0.026138981066394226,1.4639705839742243,952.8471843804316
102b3f53eb6c,30,-21.587465380262863,-19.13757182001137,-23.41423359263093,-31.8100032998286,-0.33490620239814856,4.109677181870522,-19.334878334800592,-15.465044597521215,-21.657399212479618,-30.369176099866223,-0.3782198236006421,5.010629628536194,225.41796671764007,526.5802259501539,525.5461588269458,123.00060981637344,0.0,1.967561159808204,184.60361323305327,44.47511428795951,-88.15082347896615,1,1426.8533827735732,36,14.915356487609186,100106.22783186726,100269.74125751999,100152.78246759999,99928.24807359622,6.699820343806506,100.82908790771435,80.56334988248247,99.98918753343906,84.7884278918026,66.25197504447718,0.32746226814467055,10.072310157017007,5.848198183393324,9.235774599202458,5.862887468227867,3.963508213362943,-0.06574525498132927,1.4803959178075696,411.07983896860213
d528c397637d,34,-26.28484856672076,-15.426288664978799,-21.8413604187955,-26.80896350048781,-1.1816657010322542,4.211058796535335,-20.54363662539726,-13.559729040801669,-18.418240164830088,-22.425787488363014,-0.8397504130039806,3.174912147000382,282.88026318604705,535.1017456700465,535.5892511793173,118.16519768114857,0.0,44.20676219234,187.03252579595113,43.85332554033892,-91.22327028241057,2,435.87964289359184,12,8.895048479443828,98155.56427965086,98190.91257081272,97563.51673274254,97045.04305581348,112.44224995685967,391.4258978975433,56.472621777117794,87.65029368121199,73.18968715558447,56.25821865025843,-2.7480386047731313,9.752684031012352,10.646424765597176,11.942983143578228,9.996580496448765,5.30903228466628,0.37696563739637523,1.7923153396698515,6896.732240610171
2f893ef98327,34,-25.976686347328698,-15.444480164123673,-23.67203881599071,-26.797276524685312,-0.3710078337057762,3.4774287993306974,-22.888745246492434,-13.561654981328571,-19.75873326980901,-22.889560435841286,-0.3023542035054138,2.6943901884567785,284.54155739374977,1.0205927183987986,550.2779216471124,132.49057747124291,0.0,0.7947722673515796,197.15227276697453,43.86354440347882,-91.23079408510786,2,905.5241042296914,24,9.292711496928536,98601.67510230567,98655.76448948204,98008.22463292237,97054.19631122246,76.74302628525511,547.2035589325342,73.06846655166957,87.71480216682016,69.20422673316656,56.30079877290775,-0.6477760974703789,8.80835552270202,5.853373096538918,11.94414469914088,8.796115704189265,5.298667923755842,-0.15638024965995723,2.0443800903819844,6434.9146710330415
0019d9c33830,34,-25.838187994449548,-15.451581129932995,-24.16755489080352,-26.792330012056087,-0.16598357274503056,2.942219259080798,-20.962550322968845,-13.598643707263326,-20.52265133875746,-23.019114149675385,-0.16752248550927545,2.4599854272394075,283.8393478331196,550.1409641118211,550.5325290166104,127.6752509234914,0.0,1.4342325980479191,195.06646219171122,43.86602309450812,-91.27718216260118,2,1387.1625830582032,36,9.405911863136712,99036.49490066366,99045.3486000102,98240.72124026447,97011.09559279722,50.1705603709163,562.8192071728073,62.40648739509156,87.66255650231909,70.66312751364023,56.34813227591993,-0.08681751577094701,8.032939106827273,8.675365897428856,11.946717163257883,8.053562736543364,5.307406918789993,-0.11849002661731614,2.0987217199808454,5955.2811184558595
170eda3b03ec,18,-14.902732215985303,-14.545872475974853,-18.684528952029293,-20.68190451398911,0.5584542077346725,2.325013678285129,-12.79087626570538,-12.809771436393277,-18.143089856601847,-20.664133584846905,0.7246705928020992,3.035202006546013,284.0168621794223,397.78450537527067,397.48938777858933,89.72261678602808,0.0,33.556326026851096,142.05753189268233,43.85349110661052,-91.23016399736105,1,434.5447792826128,12,7.894191883643116,98175.15999303343,98177.22421101503,97800.87430958154,97576.46063981918,57.66448889136976,210.168564068301,85.82323655829858,99.96932080969309,96.80903607880943,85.87831576469304,-0.9896669484838703,4.551253394425575,8.58476569170611,8.581077062184127,5.544906078750171,4.473826510854603,0.2633676313964874,1.33427179168147,2509.2797172025626
b4d2fe9b196a,18,-26.293123631803134,-14.547541807688084,-20.25141761918967,-26.262337457236345,-0.2637447215315639,3.5700773555116823,-25.88812233861799,-12.80729087842572,-19.396815436673958,-25.847671416436988,-0.22366448566974031,4.144100543330254,283.5903081346953,-0.46841657451933383,397.19404531581114,99.36874140526317,0.0,0.6336473029111568,148.7314937190444,43.86965408164776,-91.2787173079197,1,897.6102645151094,24,13.071918927620965,98998.99540294198,99029.64020099427,98225.39664355239,97590.65867197872,70.31192005293008,490.5444714842723,95.9659666513098,100.00733151055977,93.28623856132536,81.23331971502832,-0.3731725910153701,6.285865433032836,5.435715303300288,8.89035068670066,6.220215778420828,4.482256596167358,0.0756505458844176,1.5254614426746695,2042.7217093772854
85dee5309479,18,-23.50352537875381,-14.590696515223378,-22.630368725218112,-30.352988773036056,-0.3401679694063975,4.618070864079474,-22.425463536513277,-12.764420433863103,-21.974853949906226,-30.579427561394677,-0.3505772094534055,5.159742033826608,284.7319753821706,487.00084746159877,485.48889414993033,102.20869986026797,0.0,1.9443225440855578,156.8761831580173,43.86072011636728,-91.24338799534871,1,1437.6155127774273,36,17.7856094785207,99240.53089874436,99271.42983716079,98524.58235780324,97619.46179725544,55.337849013216704,588.9409838832462,89.84513249617811,99.98747112894812,94.43601578971679,81.2451037028131,0.013346662666382021,5.636540959410498,6.524210923133469,8.905665376089615,5.792658783159528,4.04138384105992,-0.024598814728614374,1.4645775418729872,1495.0829660380612
a7088c625b90,27,-26.552702117572945,-20.87552841003155,-26.227696734189383,-28.89365459308169,-0.5671332984565386,2.437592992581513,-25.025418620168242,-19.6685507317581,-24.83111223915974,-27.583657596621137,-0.5661361009686475,2.44586650564531,286.1612630991803,519.8619795004812,520.0886345349486,116.38389269352923,0.0,43.39382454715696,183.1341324919156,43.87119282415807,-91.22211513208092,1,513.1337298639905,12,7.892349654074821,99283.37987510565,99271.33179179608,98760.2030985488,98085.85589247079,108.26061118333345,376.5423191575297,86.07222249183692,89.00619485295552,87.00898730025966,85.81898536381217,-0.1010732160759276,0.9123378195569107,9.912903311509655,11.952502591794769,10.453640899426622,8.991554313517096,-0.2494839630232634,1.0099382778167285,1579.6226618246847
547dc76061f9,27,-32.33579276326503,-20.914094664157535,-27.19037725507484,-32.31273005107515,-0.2984806896202483,2.96687995694589,-32.59428592265161,-19.707499566720283,-26.222792289389393,-32.633377312839606,-0.3724646894237295,3.496544504653948,284.7497158322727,-0.07046244944558983,545.8586749549166,131.31099694799406,0.0,0.8864988639132906,195.00137170761133,43.86483190227814,-91.24777697629848,1,1062.9531100815386,24,12.956768060715103,99396.93338782986,99459.6083741555,99057.00162307876,98100.6839040332,54.19675165358368,409.86026253376724,99.89666225561494,99.97568899103653,90.41363167556226,85.18612826233874,0.6183758502892428,5.473918379713619,4.526258759114323,11.955758109812592,8.356322400298545,4.483571618807327,-0.36097196707810275,2.6734304157965556,1033.7109299273359
6fb77f5750a9,27,-21.134138785248556,-20.92653010740822,-27.803463647391855,-32.72282981605313,-0.12035799764427457,3.4225957705352075,-19.695843571120765,-19.713358095930037,-27.13643280789237,-33.07807903587114,-0.17154745436292634,4.044598425881702,282.98266987697366,521.6050275117715,545.2362375867577,127.11432133077649,0.0,1.3337718909432918,191.85130790171524,43.883210859277334,-91.23521582837522,1,1625.4187014816625,36,13.409996539105807,99139.42358339722,99458.3835943584,99102.49526507084,98095.43500268157,22.965213568828755,353.69083884130924,86.98324686798917,100.0337089721414,92.95626577325653,85.20387696468117,0.4242005200387781,6.149878826602526,7.531412648315539,11.961236162436014,7.1660519097513795,3.9034164876625064,-0.23111193345597575,2.820366603691968,467.51165293790916
8fad8dc1dac5,41,-24.435445064746474,-21.4863879618947,-25.085376094045415,-26.79746949494613,-0.26456513333319154,1.5525526588713467,-22.622635190146514,-19.820125063203033,-23.329084480641608,-25.14192332454033,-0.25297090058399624,1.5433768854547871,279.9876671816641,604.8175176356134,605.4855342798412,149.72811852423814,0.0,53.919057831555236,220.2527164995121,43.13022240118057,-89.34706607125744,2,497.2524022131169,12,5.293262309539095,99512.79493261088,99534.20603952519,98989.85327578911,98469.34097600289,89.43932646471053,308.19293357824154,84.06343254447503,85.86632807694717,84.14284262341106,82.5658476229747,-0.13423260578996052,0.9324847024905714,12.450111072807362,13.112019461282479,12.242266458130855,11.351676821458808,0.09870413029460709,0.5161226087875892,1412.1608444441003
4bc1017033f0,41,-26.493057865123692,-21.510044840683868,-25.01506756157898,-27.4465670317983,-0.08243754626581805,1.6297352901186888,-25.924216390370038,-19.781142126644813,-23.559966777880195,-26.928059199829196,-0.1320277200874691,1.9551783974398675,279.7785199888763,0.42740311031735,623.0446486620734,161.95602469577807,0.0,0.7994170715507348,229.08865550026982,43.134808302970264,-89.36711124439542,2,998.2481873114414,24,7.118590539774847,99681.95625244832,99739.12840621884,99351.37061206128,98501.9734275363,56.6908227090265,412.9174773472577,94.11473104717314,95.7365080265042,86.60633279494722,82.13582031011525,0.4544547586983468,4.426171717383796,4.467371126045951,13.123841745263483,9.754552422629978,4.323327623743677,-0.39925952689616506,3.2956364284120254,909.4717578008276
51ebe6059f83,41,-19.230519883792415,-19.226796150805182,-24.777378964455753,-27.462236583634414,0.023691083968355245,1.8788588895806861,-17.208580348806677,-17.200068818116968,-23.537272516623624,-26.92751699648722,-0.011127490638420307,2.2290570289571603,282.29844352846044,517.2388526659067,622.9742957008216,152.41188043877833,0.0,0.926048547763039,218.7163357212997,43.141032550204,-89.41559732155491,2,1495.2146484143377,36,9.727877288793477,99555.55505890145,99729.28831994747,99435.71327716013,98490.4848362116,29.04977314778149,372.972474641443,83.07071765566486,95.76779813893502,88.27904371688912,82.14413652477279,0.2989336851001079,4.96937616288429,1.7293752276394039,13.107207854146758,7.479630993870202,1.5049791262656556,-0.3830308701611703,4.2443482511968424,403.24110222967994
c01a0b945d4a,364,-20.883238727367594,-19.42644215595431,-22.617803137523712,-24.9061928405157,-0.1535314626595326,1.779556346901823,-17.80775633784189,-17.478978052136682,-20.922541298278972,-24.162521655459315,-0.03676411493084785,2.3179923754588314,281.85064681620196,191.93587800800543,191.8786849071737,53.10259600979733,0.0,18.97823860704929,78.17460686976608,43.11035694611007,-89.32721446652216,12,465.3133375745021,12,6.710904334893188,99047.17553302328,99144.16002054088,99067.96580842242,98904.31520342069,15.758798908771226,70.13351456447602,75.21608830637358,92.8652883845529,85.60407339852432,75.3455374649901,-1.0719464414191682,5.8195620157622345,2.241996721849152,4.557752954714865,3.0072789873313432,2.1134272279778097,-0.22530254484769593,0.8297790376057759,1239.2035887547413
a10ff334ec22,364,-18.403449390483164,-17.864975431416635,-20.654540314754666,-24.887576939475746,0.2521137643993999,2.399758606800127,-17.22167376575363,-15.517037129406573,-18.61065055117865,-24.160128228874825,0.2781629694262222,2.874790446978998,279.27769007273105,-0.27359119318230196,298.0355927062406,55.55386958285232,0.0,0.004285903807548532,87.11612416279415,43.13773787554232,-89.25125615872584,12,876.4030016325815,24,8.641180055116061,98782.81473843243,99147.27119142581,98979.50550940729,98779.89584881019,-11.483667909270821,114.82177358751825,90.7521801513873,92.94716546724997,83.25138460534812,69.05584488917098,-0.16426480821599215,7.220020485129263,2.558899246464673,4.545406698050953,2.4357305956126285,1.0978280981938506,-0.09467676001488114,0.8723131197062279,817.0684675387245
9ae08fa10b1c,364,-15.648806651038086,-15.655418628638849,-19.964958795779218,-24.9212873105987,0.15773231278795757,2.318638650553612,-13.01595968658403,-13.016878869776077,-18.192535022172404,-24.176361976728305,0.13956562134030068,2.6603719517763933,280.85895087961245,214.87108391368707,299.1353366932973,54.375434190554486,0.0,0.6317829682708153,85.38684971904019,43.140624687056366,-89.34381407289439,12,1303.0092024508867,36,11.164570663568465,99152.3220621928,99155.98371683636,98985.04824479281,98730.49283195344,-3.4594747392968666,123.27830573228773,81.03925384429964,93.08286399119964,85.51942336347552,69.01963102254014,0.17831244113838365,7.087729365119861,4.76001688275135,4.88086636597909,2.885208620426105,1.101568308617541,0.02581178642253704,1.0082633584198946,402.1199348900974
bb013d4ec0f5,353,-25.005229067853264,-16.51894455048008,-24.269659199237946,-30.48241383964773,-1.1238319769918754,4.658811931514243,-24.248649332197047,-15.809294330763752,-23.832037627807843,-30.21681652310088,-1.1321169083350808,4.7675842167853615,278.4986762003815,423.1593975349547,422.462892021869,95.30399946011485,0.0,35.24577750104384,147.1933653848631,43.13127345676847,-89.39012712906437,12,500.0992725588683,12,14.409225591482494,99907.62281352222,99889.37933025317,99184.34164341715,98250.50420443043,145.2530219069658,502.9663793865355,91.66404993858038,98.90352373828776,96.22077451505943,91.57374622904766,-0.17241281483845292,1.6260898515035884,5.218339562078357,8.403008001892124,6.438307282992638,4.898394037011547,-0.3297879843811671,1.1752131847734713,1432.1239139291804
64735da21eae,353,-28.47702333912507,-16.456933030408898,-25.809542864857796,-30.48880425206691,-0.42026224633688447,4.203088646831727,-28.624694188889098,-15.831207508004503,-25.482958152418842,-30.943070875125137,-0.463793827283568,4.58367122940411,279.437207410747,-0.5799237627721625,422.5637057278872,92.90411128695989,0.0,-0.09334251472651295,145.01771696972457,43.134279335982015,-89.32165330855817,12,1044.442000669587,24,15.143083898600633,100331.29665391293,100338.01855713926,99666.59115660815,98322.02301779155,86.16160710590637,627.04596091376,100.04150400914665,100.03704224592006,96.39819854773746,87.99857549457829,0.12223195729561073,3.320946153742654,4.624222458170502,8.40867474536849,5.279952732307398,2.815611031046787,-0.17974445635102967,1.4777108173381706,887.5129273319105
233f032b6770,353,-17.47398560287921,-16.48738994473555,-25.48777588699877,-30.52804247319578,-0.060802986671159534,3.8917160117847502,-16.40300817819096,-15.803168318023877,-25.19203765294164,-30.95466002325226,-0.07194595203231732,4.239026787363246,276.8602114451304,155.48685790214645,422.83702876541827,79.73766364306539,0.0,-0.8077665453865,128.27222217317944,43.116990888892424,-89.34627192283605,12,1554.137502613734,36,15.121389981582354,99997.2936552999,100368.73353881192,99850.57986247842,98289.3837806035,43.7746998216537,571.682883269138,93.0239250253641,99.91848008853127,96.68759440652269,87.9951815149893,0.059298654654352904,2.9970099988634122,9.196714477572066,9.194883475325048,5.704134066305173,2.8039060265682,0.005704135842542002,1.5415476858507435,394.5868185619717
d4331315a0bd,20,-13.703411135784997,-13.625184999026812,-17.25278485140275,-19.12708925541445,0.05215977134600065,1.6352861414110604,-12.727284370234125,-12.74443843179772,-16.758018502986783,-18.863929293371818,0.061014204959069146,1.8792377446225523,247.983314291096,277.773124846956,277.6358520548417,66.14872022724906,0.0,24.23869149568833,100.31678723005231,42.91503869402629,-87.91941418936332,1,417.58313954546674,12,6.107122306447072,99262.11424507081,99378.10109739004,99374.31977068556,99279.72430553369,-2.9865819699752914,30.37436806185554,97.46609689117547,100.00332749999473,99.66667451092557,97.5592682338472,-0.07231662464786047,0.772092933995405,3.9927234752991327,3.986738302543296,3.6560787772616563,3.321154704699474,0.03640502654914398,0.20289407211636523,1147.8478540794233
62e7d224a0cb,20,-17.758800944615352,-10.698232097743789,-15.841083550407529,-19.11565247249245,0.09319021097286494,2.65094283229306,-17.54505217107275,-8.633865571172326,-15.18490798193436,-18.88676518030969,0.09717899767954022,3.151757059634601,250.59644519516903,0.3872038363227987,278.10649686057377,65.43649354555401,0.0,-0.0013415369582989445,99.26436407152265,42.94025123135935,-87.96274087647676,1,796.1249839061826,24,10.233293691356636,99124.8618351117,99405.070746533,99324.0002730349,99148.35803933562,-11.463418237494743,87.29414623450512,100.02711889809407,99.9668374974387,98.05461875762327,88.1583555428662,-0.0733937475527876,3.543242363662698,5.598013853192746,5.625537732447982,4.282143323575346,3.3230819219210783,0.09726381439991784,0.7727985520173444,774.668976465275
7f986195a282,20,-13.974439429000533,-10.665074344285424,-16.870317594893727,-21.154227480225167,-0.078286432272729,2.8620283596763305,-13.439794854541523,-8.639017071582533,-16.312991135406126,-20.903471187085824,-0.09055989842057897,3.290098360191918,252.42481273345882,262.9493947317516,277.2980985396813,64.71942389901875,0.0,0.7331153594319844,98.58018766685004,42.9409590015194,-87.81202541703263,1,1234.431236428397,36,12.2490452073275,99511.97463924829,99542.27801667333,99284.60707043126,99136.00535049092,-0.7473073780345578,107.71664751818467,99.97257045829312,100.00684769624935,98.75541234263027,88.2270666304345,0.049253777423054056,3.027969694281932,3.472870573520641,5.748660932241445,4.349732904808815,3.315554720974168,0.029617817952425053,0.7470741570595626,335.09238564497025
3613a98d5292,352,-14.169262102788467,-14.173153826389497,-16.064345585944558,-16.88431009223843,0.1588877619188006,0.7737265481036244,-12.25615192805801,-12.245636191472327,-15.506684515854058,-16.84915499139883,0.301431884687307,1.3018254911424432,249.6722692158852,289.02595451899543,291.1191969148979,68.4501339609458,0.0,25.068271665234136,103.66908934837333,42.9769603119327,-87.7884462788565,12,400.6666536250473,12,4.643789573273304,100368.61237772058,100426.03190641374,100330.36659622386,100174.21771031313,22.61707507981988,87.51175365539797,88.72805874494289,99.98765951165564,98.0880109694248,88.53504304397148,-0.7441960747990926,3.4425997362346994,6.630371087904931,6.616816289715985,5.2783366667110645,4.691836139135428,0.1125042717551711,0.5575317325836616,1167.0467319896425
9dec9d5e60fb,352,-17.046648352541933,-13.109331588590548,-15.173091660886827,-17.074910901446966,0.09994722554072527,1.3146698413869984,-16.931945059900794,-10.64695197382027,-14.185778473791476,-16.903250029373808,0.14006185832673412,2.042804335345222,250.77769517451952,-0.14585806901108772,297.9756254737526,67.81493517325661,0.0,-0.025853367400700905,105.85218874452937,42.95088456192588,-87.93945953493392,12,774.1305082264795,24,6.256366322285383,100133.39431713954,100414.88602235046,100263.37431541033,100120.25310489767,-5.364405970556205,86.93202088043509,100.09051641712804,99.99128452542985,95.5875903541625,84.44806813591708,-0.20993872005855646,5.279564995025115,5.457991295623832,7.11785168603788,5.679428539011753,4.671603397627793,0.04573166195218833,0.7279698127437675,798.2655108321072
9dc63579ebae,352,-15.542261241838593,-13.105402766123202,-15.834682899108325,-17.812865776417986,-0.04214070509278748,1.464761700291151,-13.73802069205865,-10.674563046367357,-14.924214047374745,-17.16498008590553,-0.029750999747284155,2.017167497489514,250.72586016223343,299.3501181693606,297.960860479924,65.98857394609864,0.0,0.6901532067724054,103.52822235422227,42.9538842871812,-87.95007692150874,12,1185.2644207615574,36,6.495390085022494,99938.78669277029,100456.74653524546,100210.33666651737,99948.23293115821,-10.184475627212679,127.41751300529512,89.23789597276597,99.98770457430656,96.13000928235608,84.55166604522115,-0.04191929981641942,4.796292973852762,8.083591646226846,8.089323804890626,5.956274237991081,4.688062285221305,0.04848251824567267,0.8221275282182433,386.6564167678757
308635110473,41,-23.76216312998805,-19.932233724929084,-24.33906593391518,-26.33864302340848,-0.3249535111870066,1.8470760773107082,-22.36563321754539,-18.370574396733094,-22.98419504650996,-25.19348557893247,-0.33298718414208733,1.936344415715546,253.82749453279197,325.2709526492954,325.41999432606616,84.68882890541627,0.0,30.10319719620909,121.88516635447681,42.95369857890538,-87.89331172315454,2,490.3511969470526,12,6.78823094214337,99589.14795759098,99586.70321775266,99113.16682858435,98634.13415733755,91.09298839380277,315.7144609070256,89.52325645214937,94.79606699048837,90.98808549382728,88.12621126006036,0.13624924420661796,1.8533053339813028,13.633672169055457,13.943469204660662,13.146386629883434,12.421648385868025,0.07705484787452153,0.4768400517141097,1398.3866305409988
14b656dda010,41,-26.186400631819655,-19.93169053834279,-24.03548428775142,-26.31034271027507,-0.05507687679528414,1.6959198603461125,-25.85596505359911,-18.37940502170884,-22.921445027388568,-25.92348430466583,-0.09235454750204476,1.9387363724696485,253.47474322843394,-0.36050428912641697,333.9507880973379,88.07371666816232,0.0,0.23982394415940497,123.59526949766209,42.97190156539444,-87.80147006083216,2,982.516510195145,24,7.530863229232897,100030.53467665968,100018.74398227847,99515.01051211593,98640.68781074413,65.29559279196891,466.27746531984275,99.93662316320734,99.94823484905135,92.34821031296913,88.0754156079883,0.34457880750305464,3.989256873081457,5.988065562552826,13.94627461798315,11.151767214311747,5.569029884479581,-0.33836752547887705,2.880665674624194,917.6860362792856
7b9f2fe353c1,41,-19.113034043117832,-19.084545397965453,-24.369287860348454,-27.244030625236697,-0.02355010093046291,2.095474998547346,-17.603005597646277,-17.61863253233122,-23.446163227648366,-27.13180095068545,-0.06269766565424496,2.481752568369364,248.8244059556293,323.9952993134491,333.5449318423731,85.3045251782972,0.0,0.9093516460682675,123.29973261236677,42.96806430472019,-87.91357773812386,2,1493.9031450626921,36,9.581903524680516,99977.9663160959,100060.87244860537,99694.83364750059,98621.33456646398,38.51134044333628,453.5007466480946,87.92820597009968,99.98281803882655,94.35320467723459,87.99299206383594,0.3024650434876784,4.718708757579034,1.4580641658830775,13.950271258221756,8.76126616333271,1.4541659923440915,-0.3797503822904159,4.186087678386547,408.5325616806305
f5fb53fd8de7,19,-19.277604683847215,-8.255202507266791,-16.11981181092582,-20.004539898077756,-1.1131282973997974,4.26827595302801,-14.820553573311212,-6.163946140005195,-12.63074348221276,-16.11850550546928,-0.9166257124660159,3.4863684910233297,248.33880819641058,302.4670736347138,301.7986777943611,63.3373075452724,0.0,23.837769290177192,102.03984263430083,42.95834941176888,-87.91021415005268,1,366.65327268481155,12,9.935176829655738,98739.89168328543,98732.81798608787,98179.35361230715,97740.08791241443,95.49244813431255,331.3998679004021,68.93847268324602,91.49396556097966,76.32050107595562,68.87467010360511,-1.6920276777250804,7.235827823557059,9.223736886874194,10.683222403676096,9.961859654456706,8.100362928221049,0.020840520258886375,0.7066911026362634,1223.584537971668
28a472e502e2,19,-21.43113314306729,-8.237280469540366,-18.248613209749283,-21.42046769815124,-0.4398607176688453,3.767329626929956,-20.78046522942556,-6.202171737333505,-15.173362693238369,-20.800470633550677,-0.5305466155692149,4.064257762173683,252.37111582983525,0.05839644952595141,308.49777900903933,70.9721471816752,0.0,0.4878612483996549,109.72490670379725,42.92488471746595,-87.86199751813125,1,796.6717972623387,24,14.62016610720869,99186.72739014798,99200.20744019907,98609.41089561161,97748.4708027645,68.86161924560572,485.68418307439777,99.96562898966347,99.9535492129892,79.93571615377857,66.5020333163533,0.7081937813988413,11.323054095551266,4.095502012962085,10.68754280185166,7.871134898452305,4.026813078364823,-0.3173049851850118,2.463705257523297,787.6257769730722
d4bc21b6f0d7,19,-16.649587025091485,-8.264894368127031,-18.937561404247067,-21.647505484502112,-0.1937200485657239,3.3482394154685142,-14.349221953715825,-6.197628727413354,-16.11296247531843,-20.850480895685507,-0.23737004696115913,3.785322196484625,251.39676976552477,75.50588217901935,308.63572125755184,54.97990430773553,0.0,-1.355406774291149,94.55050068538814,42.94379082882404,-87.95863616620164,1,1227.012891709375,36,14.68044006230281,99165.70339777568,99281.54614858933,98806.06638539066,97740.76545493703,43.325705460613385,493.69021308665924,83.6021213209225,99.97054688162962,80.9287656663237,66.57857398507451,0.2435311922758596,10.975315809076688,0.9047462031178386,10.689184919717583,5.953789828584872,0.36308650181743707,-0.3212137824464194,3.4578503185600136,347.419454291709
245803106fc6,364,-18.839626402189296,-18.84227104433052,-21.67987148152256,-24.84221873190549,0.01872865757857764,1.961379815357728,-16.844237377317814,-16.86645679502773,-21.089058569607026,-25.314832820311683,0.08057297240230926,2.6386577519666057,252.3329074878742,247.9059984777733,247.8322622745261,58.62914848487531,0.0,21.617446396856028,90.210575944579,42.941856334950586,-87.91864572612702,12,468.0097787832092,12,8.423319452904686,99407.60548733854,99564.78647061547,99443.30651463899,99198.02790579523,27.173646731328557,105.94020285901401,85.04857208482873,100.0411893081546,96.69613144806239,85.08258273833269,-0.9016603952891432,4.895785005563777,3.7345784516148877,4.858476111303254,4.109359749846293,3.5945145991630607,-0.09673118323686823,0.382158364769643,1226.4870360697746
e8d6b607a1f7,364,-17.38365276800771,-17.336720595544534,-19.74603503381244,-24.843833504661976,0.25438411970691166,2.398438007695128,-16.389384701064277,-15.299880302767653,-18.61385510516059,-25.26672036497043,0.31337293022710294,3.119232720222754,249.95488153233208,0.44416772973195895,248.68943291871028,52.8660509246708,0.0,-0.2400011987242366,82.7943719916001,42.956533746291086,-87.9089183886939,12,877.9662097525871,24,9.990695928769492,99148.39848308892,99580.80328342796,99362.90246347254,99155.86159594594,-8.458999939298812,115.63131417199811,95.65304763558042,100.01027513353148,92.63171080142817,81.51765801970834,-0.4841673774765685,6.169763789384562,4.321493469550746,4.874852894404444,3.7224040415210733,2.404253439548755,-0.05455303853316292,0.6489514497470026,815.2366786502535
2fc0d89a566b,364,-15.285225253566926,-15.271738353566013,-19.328566945659453,-24.866953298829383,0.12079084950504845,2.315663312709389,-13.399899371404974,-13.356225265441628,-18.366261047986164,-25.271787588464644,0.12110247870185795,2.9320025005389825,252.637017846387,194.13432968550748,248.3472442444036,51.03576120046252,0.0,0.3778563488966027,79.33470882844381,42.941819011650956,-87.94171424791666,12,1308.916451011017,36,11.93111558535773,99509.7901293969,99539.98105122642,99341.39186299717,99113.59965834334,-2.995941533025448,127.64365030660237,87.54199735485226,99.97337723123373,94.01062634447479,81.45032056272238,0.0044461892236640444,5.918505659936257,6.694145477646302,6.6966231824176505,4.10941439423015,2.422984674907409,0.03256001909263106,0.9143838207098093,381.1509925981944
1d1dfb179de9,27,-23.186080877061336,-17.976940334392562,-21.606560567904108,-23.842625866182598,-0.5926890338540606,2.2450675518655325,-21.345097544028523,-16.794471412432202,-20.11875102942276,-22.014184648028838,-0.5123666607769086,1.990090397751263,249.32956405691652,288.58567489980544,289.421283689937,69.5684502520701,0.0,25.04514164479426,102.89119657026508,42.99002046151804,-87.84791594435853,1,456.43159782836466,12,5.190990197546992,99309.6382124141,99316.3022925764,98668.76256665266,97835.67214064306,134.17390296357968,468.44126441874073,84.90870028559087,92.34810548670632,87.72280390916966,83.1028066221928,-0.8046778067971362,2.9618099642579683,10.364744595720882,12.231245497912587,10.144946028044288,8.377196262440476,-0.15474806870742397,1.1489858562533926,2312.069363041766
51edf163c559,27,-28.91328375399726,-17.95190367431998,-23.43368251462846,-28.888606469664566,-0.3767587036012388,2.84097592609717,-28.86039958513801,-16.847057601901586,-22.190402330440357,-28.872456935078908,-0.4197352673554637,3.1683471151928426,248.79678698871805,-0.06420624451901456,298.3111166968411,73.60718699002679,0.0,0.2097730922553388,107.57725933813924,42.95506156923797,-87.8834979707091,1,964.991129094517,24,12.021484097999114,99773.6419784617,99774.66566395953,99161.8125092385,97826.63467117307,79.50380335508103,575.7985949164417,99.9460657541691,99.99468181920061,89.80755600483177,83.07895300858138,0.3870295782300838,5.4307367767943155,5.618921814890033,12.215552985764807,8.89018868156674,5.624574191756911,-0.24087531831474965,1.9741321126640146,1811.9545797612623
6a15d1f7db39,27,-22.489684288581852,-17.946655535143083,-25.31611648085836,-31.16470845552312,-0.2959829771401558,3.8353820447833398,-21.650680490695727,-16.81401752522785,-24.467303358371993,-31.27835762423571,-0.3522337343275142,4.453278646327124,254.06685485362283,282.8943917312778,298.74887027599317,73.43793242670472,0.0,1.0320381577485327,107.5085859603871,42.95567820947313,-87.91651334354718,1,1528.7313518561864,36,14.47491767433839,99654.10806185464,99800.19324874287,99356.55146697011,97800.18257432347,44.286230791722026,540.3496517137896,92.79298365979034,99.97402393709368,92.95186756643534,83.17563485472195,0.44353932832956733,6.357175105199773,7.827056402034214,12.223191563872783,8.013854902731097,5.577976941603488,-0.1620612481774422,2.062119808880183,1249.7723138688357
b3ec3536e1b4,7,-15.122164538583323,-8.234389215038606,-11.50849311771582,-15.132745944123776,-0.5930395403012187,2.065508879112738,-8.781448357245162,-5.037970137263841,-7.225301109188585,-8.807818780499057,-0.3616394613469546,1.2598416042563942,272.43988185506504,242.2289724318484,241.64698847293127,47.499773925819554,0.0,18.349305481002478,80.38202519094179,38.37242094791943,-81.63176881574536,1,302.3178211671725,12,3.7995585099757365,99452.91708185473,99468.65038168643,99136.97780850223,98953.89872693809,47.734299997834135,171.3535872985979,58.67478403080369,79.44761627184305,71.89033632312267,58.52154799232263,-1.6190618247469184,6.035397760088406,4.744555657426289,4.7353040728351425,3.936437045184637,3.0975681021324015,0.1471674510614614,0.5135305021141418,1039.5344855570768
7f5ac6bede53,7,-17.594337567761436,-8.260165656005265,-14.137621185804997,-17.733964783184806,-0.42549849208372836,3.0275134583877796,-14.059732001733325,-4.996274745083917,-9.292054987060023,-14.05907938110693,-0.36544653812871475,2.5418721430321765,274.0730417599689,0.1671548319882927,261.35498736539216,64.33796344373314,0.0,1.0239467744246604,96.35399814007589,38.368579836129705,-81.61458668002706,1,653.1202555383394,24,9.092678376344697,100411.0384452478,100422.88731486768,99591.49878085473,98956.8890192078,75.30661132403912,530.9665278300473,73.47376780303372,79.35409219429972,67.5006241761924,56.34187028634159,-0.566014830947686,7.172197904777029,2.4298835305946858,4.771025001116008,3.9572771765063073,2.432306829322388,-0.004517488628465604,0.6397798774709493,692.5393132172197
ee1fcd97e72c,7,-18.490182380040427,-8.21876896396032,-15.287531197149038,-18.436502659523853,-0.257288291424687,2.9698569781163053,-10.83001063173353,-4.989327022626181,-11.030264415655543,-15.62481916776763,-0.29142702600834314,3.3220745140292296,275.1385559069247,409.19683966053896,409.36204069652035,73.31416800055972,0.0,2.5191682524590897,116.9504933384516,38.37171434670699,-81.61637383568302,1,1047.8332787990155,36,10.635927659786413,100078.1459981792,100444.8989175604,99868.26806789295,98986.74333290076,49.2128922260616,565.4637516102542,49.78231749321939,90.43423724317753,71.20529731045869,49.789754907886234,0.13870594647845788,10.744294582324939,2.341356644340262,4.7695052934465645,3.3075208356514576,1.584194738862714,-0.07310720579288404,1.0824020217467205,299.1372554838667
a334e445c17c,365,-14.770021059912647,-14.752030027009734,-15.79360265992993,-16.875093837906686,0.18432853165453897,0.6598264772428553,-7.8589539292400685,-7.871408025280961,-11.054873840327337,-12.378461876552507,0.31195492757410204,1.5305080090394345,271.04153004838406,274.78750895999633,274.7874387126663,57.275210949735474,0.0,21.88760087676981,94.71346583292363,38.37240655192867,-81.55036937347698,12,348.8933251554681,12,4.52338446673072,99657.39248118045,99641.43743008493,99538.6841080948,99327.03788573646,28.091843488472314,99.56137391388762,56.091911610283226,75.56285467052135,67.62940615506511,55.9731335238327,-0.5502665456512275,6.732613620070975,1.7681555320267976,2.4045455315908137,1.608865112894292,1.1724437573950273,-0.06490010814037127,0.3690073583681283,326.72660444368523
8ac904303f19,30,-17.955034440881008,-8.455805060214592,-12.005596520125465,-17.990709724716563,-0.7018226561255172,3.1678333931992957,-11.806479621319939,-6.456421488567503,-8.321078919291306,-11.783457531593127,-0.4882993368870819,1.9156210663163529,274.6566200679326,377.67551897258943,378.3061071662945,64.88279953987215,0.0,25.48288691547034,114.57950611168107,38.374740779620026,-81.61186569900417,1,316.5808813760082,12,5.3624431140906355,98899.58218226362,98925.69707005385,98380.38675895939,98127.59892740153,44.50073156404243,232.71696604063678,58.125382667642874,89.37128926447058,76.07768423686278,58.10827963931552,-1.55313650926824,9.885776662670542,6.799999677972708,6.767388477927646,4.604089872640807,3.099379610058534,0.3608100796484181,1.3782295743402126,1088.2534783351741
3a838a773277,30,-18.177077130948042,-8.448606078936008,-15.4401735448007,-20.789761923682093,-0.48664203750471624,4.2300496366491265,-15.124328099764787,-6.452640118776053,-11.374258855989401,-15.859133499236531,-0.4823412117212515,3.4556250584180406,272.310172536788,-0.039150149926685786,453.83510782202103,100.71012523051544,0.0,2.050616139264938,149.69583818650702,38.370842634963424,-81.60489383007236,1,705.7830772887805,24,9.398462138567767,99491.74019822241,99507.25018553829,98875.1086524268,98131.07543788671,65.92542448339968,483.7790031960431,76.26450202263557,89.4984096566919,72.3316472789189,49.0238998937142,-0.1813336173368503,13.716236006714693,1.5463509904251678,6.79315230353166,3.769270484839616,1.1703262749928693,-0.12340137181035543,1.83857575536321,699.8120978595484
067bd7453178,30,-16.31784503459844,-8.415810989973009,-16.338002935417233,-20.806132139852707,-0.23295387653320343,3.68036375464079,-8.820890606445507,-6.419787772721497,-12.294063155014841,-16.071419496376375,-0.22832238697634513,3.3893351844995565,272.44269520400206,441.4258834118231,454.2719680557836,99.6929440735324,0.0,1.9271065484042864,151.5046208697319,38.366443192363306,-81.6096224530761,1,1089.8675200920657,36,9.607625231107747,99780.58228824778,99815.93719011343,99126.82078034517,98141.15340316294,51.50152963120735,562.1239928453585,52.131291249981814,89.43389691839259,72.21033812591058,48.975890376316336,-0.11694997342062413,12.975546895477041,2.7307716558370063,6.786605097997861,3.037393926635465,0.8965184922505004,-0.11492627154426466,1.8503178684263564,310.08382192726776
6ebb59e19c7c,23,-16.334392826223034,-14.339852504871498,-16.55057815756751,-17.500141428466563,-0.18367842937729806,0.9187671334855715,-15.04986888270336,-13.214630265495808,-15.558561944985211,-16.749367142470405,-0.1798171472392302,0.995406608455683,650.8235650551652,422.6418091578286,424.3578248972184,85.13705584780683,0.0,32.44134361894824,139.861765472629,38.8777468894629,-79.8702485731918,1,402.15078658265065,12,3.520106135150355,94287.98274632219,94285.96475345007,93734.95797096544,93137.17429806755,107.31462668928957,372.60467627436395,92.1221046378512,94.72962057987355,94.08324316546492,92.17867225380716,-0.14103760641769134,0.7722782720709078,4.732175074589527,6.415857855780791,5.625117857871894,4.745850304212728,-0.12857672225842726,0.4491626194225012,1112.1684839136535
ebb43d2a8641,23,-17.452587719991275,-14.29958466636213,-16.02746375621929,-17.556300395261363,0.01363980790147568,1.1227166593029796,-17.83775833224897,-12.912772159121117,-15.034638257896107,-17.846602169329902,-0.006847365101110763,1.446231881856327,650.4110156133881,0.8788583911426056,427.0900724959574,104.72924694188912,0.0,1.3176132318351015,153.25851438891726,38.835949526794764,-79.89265289473808,1,793.5017280885089,24,4.897386870227745,94754.86204625464,94711.30256074597,94136.3095277058,93163.45259157708,71.6580661282666,510.3729126455192,99.95919486153554,99.99659695982054,94.24699180316709,90.94777057256869,0.11159016094575232,2.4739891406577965,2.990242499849314,6.414640702923482,4.594792182379827,2.8879490816209694,-0.16350237380767502,1.1405591580447798,724.13515387846
06b63afd8af4,23,-11.781202066899153,-11.831612857511818,-16.181206743566403,-18.523077885141728,0.005670002494083178,1.5832237091866799,-10.014060441391756,-10.036773164803451,-15.287094791434567,-18.57886401377317,-0.0025208053884623834,2.026447039921405,653.3816639772948,299.2923328501429,427.0596584019621,91.53445335441668,0.0,-0.24359105281659432,140.18439346527623,38.87436263611909,-79.78449903232818,1,1198.5019734826424,36,8.568141877163777,94196.86971980236,94728.56832556851,94274.95676345359,93137.71393463109,35.223733061502536,469.2761477969437,89.37119705336153,99.96116015203745,94.90370039612579,89.33775691176645,0.07333693194579662,3.1252434122911423,3.037742977396426,6.429363025121701,3.994921268546136,2.4347825647454737,-0.11379209158810054,1.2572402761873906,320.16795845967874
1464341f4bfb,7,-16.622947433164732,-10.95732093018239,-13.484308086715714,-16.646426874402287,-0.5680682338693844,1.9778524283279881,-12.257224794694993,-8.847280195843911,-10.829001984213916,-12.267224501335575,-0.36236273961762067,1.2893327935354224,652.2487751353948,322.1000511883088,322.1860098496779,66.99679014198017,0.0,25.55059790203288,109.6047741025186,38.84272037671772,-79.81828712658618,1,347.0653996810656,12,3.4451489937963142,94338.4513699484,94356.25367833307,94161.15898558892,94087.57251118064,28.663861216260518,108.80385106017157,69.34033885115957,89.1416875468138,82.23803108394975,69.26150401007997,-1.6980090779442143,6.276928057120107,5.517498146529908,5.523939461797833,5.090814901518472,4.620433317607304,0.08010749257353743,0.28026828650983826,1130.8860778513774
a0130e5672e6,7,-19.38233176919315,-10.932117591021687,-15.994305434554677,-19.388053349624258,-0.4078162283923267,2.8949378953144453,-16.04128043776004,-8.807043557478554,-12.586759011216753,-16.03540097362053,-0.309810068893206,2.1656241706340102,652.0620437797617,0.37260810331145977,322.69172972757593,76.14280322815286,0.0,0.7239786254327909,113.57713347687239,38.88757111821444,-79.86388852860497,1,733.3212260188906,24,7.216820720305257,95243.03347354895,95223.31103505392,94498.13834153579,94031.29397364204,61.03034896721234,438.9868518525232,73.46909899932325,89.15144864733254,75.57579505407486,63.6594859457514,-0.9325960465747475,8.423494546899962,4.350933828823202,5.642663397771,5.114237182976822,4.329930741611377,-0.0019452389617910968,0.3373843449051473,746.8427221346425
ae241e7330bc,7,-19.48493743510999,-10.954671076296531,-17.235601924965508,-20.242767076082636,-0.2622687805781068,2.956712746182036,-14.19454341246741,-8.845467796448832,-13.980321985962581,-18.049503648867795,-0.24776674433981863,2.732199581708585,649.2228252194807,435.47063411994077,435.95474634264076,83.99927536767082,0.0,2.437814656025863,130.40636052015688,38.87630482887322,-79.90107453729625,1,1149.3052389789902,36,9.288241020758736,95149.90889917726,95316.28541865748,94772.84723281497,94048.4514017966,46.84563958163118,513.094506299954,61.14452954163392,89.10163554246098,75.79990752651307,61.18639134735751,-0.26181473636481284,7.691187534057368,3.062421332093602,5.635757287275119,4.677173952597722,3.058291139753644,-0.053467386424584845,0.7254620361764506,341.79615606153624
873148350951,361,-13.095493634862684,-8.26416184009645,-10.566595478616549,-13.091389534566337,-0.4729211128925805,1.6378594648843423,-8.45572876931299,-7.23366403928813,-8.199427927036641,-9.07088169506633,-0.16385750181901995,0.6458611012277098,651.9396819197241,266.95567029525347,267.8665054631137,58.95262346850894,0.0,22.21634546880886,94.83951530424912,38.90873460657903,-79.92184027340221,12,316.39606290749674,12,1.8895067345190948,95380.60049012503,95399.43839757398,95238.32404815832,95105.01637246602,24.938930343184285,89.40544793465213,69.08997616041242,96.64242612130732,85.73175759778769,69.04638106480836,-2.3432446380821474,8.31844186335288,2.874867998706711,2.868790792622154,2.1538283588123672,1.5764722088656735,0.10437391235679076,0.3710824600177514,3078.0591808689055
cb61359c896b,361,-18.337514258328998,-8.31125083326565,-13.523812778245162,-18.35991234243521,-0.4866120800926965,3.385994136199754,-14.08783149730422,-7.2514498993968886,-9.748852614432849,-14.054802200509815,-0.2979909843596319,2.345239556874828,649.8234999723114,0.42427750014411986,286.1487908682369,71.72143560482624,0.0,0.6668587536964878,106.04700597670094,38.88412737570788,-79.80180297365624,12,666.4149078110866,24,6.863629483415599,95532.79049309826,95489.51709660028,95315.83058591295,95101.48558708341,17.89120172288726,129.10127691850977,68.36171065848798,96.61236707664801,74.94549258929372,54.858209430686436,-1.5053304532182157,12.955057739375297,2.067411461219329,3.594238207868438,2.532550133441187,1.575692378086795,0.04507846373398494,0.5729332699804656,2717.0891453912523
5eaa82d46d64,361,-17.826877637716755,-8.324814435159183,-15.104656999454512,-18.595679848298914,-0.32140190934679747,3.5787163710599867,-9.474357822095735,-7.18386590477591,-11.13346426592175,-15.337105423656158,-0.2273320859345002,2.94092081350566,650.9653769217008,368.56805125721905,369.5777735489507,74.41632153952057,0.0,1.6760431957587443,114.2305892688389,38.8885174671217,-79.92043290104371,12,1048.9424680264037,36,8.140315153106904,95588.83979387484,95618.16272893483,95396.77737741954,95117.12994579696,14.328599500801094,154.93903438562594,47.59413421833958,96.60009573646477,72.57498008579924,47.562552985089916,-0.7665933998512711,12.196659606719866,1.1074239969307305,3.583265786802893,2.232919236637964,1.1261438283983318,-0.022061203726305097,0.6470128120536399,2338.6697342036123
d7a26f17d049,30,-17.022451363898856,-10.917708373838396,-13.331124801602888,-16.997051441452818,-0.14034706500054747,1.6585826420711263,-13.7571758298928,-9.273708972294028,-10.897369719399832,-13.807954452216066,-0.1429423662949922,1.2014710155882453,650.1667685246045,369.77545870114216,369.19980797617455,76.16602621764864,0.0,28.598251149977287,121.45271917310738,38.89559696673767,-79.85855933793304,1,345.56518351369414,12,4.42568065912878,93774.62866307092,93756.47677439787,93523.49725569919,93342.46072239915,-4.813133796470016,146.22599268686082,75.59251378824422,91.21866582053703,84.33119730951529,75.46516272763571,-0.03754884823857612,4.766279262736984,7.049445936873826,7.04775477900433,4.928105304727781,3.9708402120926714,0.25643544689919384,1.0608096448409692,1264.351120878675
0d6033e9f60f,30,-21.77509876980827,-10.921143859576418,-17.39067595986839,-22.919320289903617,-0.564043983569603,4.346990711653315,-20.66240153970039,-9.349228250818474,-14.749443229176412,-20.66071749247686,-0.5712763103664361,4.21983712359006,650.829906542913,0.6035980479300446,438.63041785613694,107.76421055842627,0.0,1.8119874847757111,154.10980700299763,38.864729539757505,-79.78307321353807,1,786.2472023221037,24,11.314542907754022,94551.96246739499,94496.37946447326,93899.62036143037,93335.41807921766,54.30984344559395,422.28112847994885,89.1467635594696,91.26866865694306,80.4820216788549,68.36393755184694,-0.23490548041769327,7.380666850387132,2.801899964064245,7.4371990300488315,4.818682296261146,2.7596535133035673,-0.04538980927604865,1.4773369969176045,825.9808560070585
97c7b170a312,30,-19.30676326672456,-10.92432544057881,-18.713440702069853,-22.916789907263155,-0.31354766140666424,4.070386037258844,-13.006364702953098,-9.333301092517123,-16.353206202248117,-22.12064798506988,-0.32239624494255703,4.444647926615648,648.8740607212067,515.948756412818,515.5390950393992,112.30756789831308,0.0,2.7272140567746406,165.4260459369843,38.895952300076274,-79.86336070482176,1,1238.136328381255,36,12.771435067365953,94888.66737876328,94896.9523433001,94174.7659708926,93348.39551955607,48.910804931576244,534.7043006979528,56.28554485267807,99.45627841134224,81.99714691362448,56.13197944586635,-0.02799926125302425,11.140147845733026,3.937068262066163,7.4224364812491945,4.158570119041743,2.1231085384448667,-0.08466234636068125,1.5611866256101368,360.5752510230177
f301033ab492,11,-12.72203805519313,-4.695753233312459,-7.962695063183391,-12.742779649728405,-0.659235002613657,2.3258992455794925,-9.408614345477204,-1.361689324416138,-5.040508249653156,-9.438186460879464,-0.7007080682939095,2.4364239107465044,1673.6804247993744,157.68599079839035,158.16887034822864,34.09212612989108,0.0,12.891819789450432,56.158321461798,42.91760990173572,-106.54627863553924,1,273.4100001025295,12,8.119342657585712,82221.0282190861,82211.40735605205,81887.99924588784,81727.51679630265,42.7487580570992,161.37437680521947,79.94854256579256,85.04001300019304,81.61303497483138,77.50842328194003,0.42724148626901337,2.419132525766041,10.044488394926102,10.040605772117479,6.916792411087,0.8963032208365616,0.8104363109204596,2.9835435835971444,4454.184342737195
306507599c4f,11,-23.69943563984603,-4.701851798239382,-14.447329080637376,-23.707010657193653,-0.9857688630769514,6.96429454137022,-20.80826385002137,-1.329948688976949,-11.418536217373187,-20.799452169842688,-0.9966587180106388,6.99445639980863,1674.9103943451537,-0.2839874015353431,227.34694539525043,44.75925863824375,0.0,0.48021191745820996,70.88446205319866,42.92120702112834,-106.49645382130066,1,705.9920155511596,24,19.482300683977122,83152.80376300901,83146.4299383813,82298.63961096689,81709.99171424049,74.87564644061075,531.1977007199561,75.61178954746494,85.0655760511157,78.5628310933939,73.27165854149018,-0.32772901088531114,3.594869667436184,4.213415011889243,10.043799239813557,6.854641067722152,0.9084077988380633,0.03000942688406643,2.43783688996923,4021.8229841670727
223b11db854e,11,-21.687574052453687,-4.743897438456213,-17.306697575171068,-23.806634399940243,-0.6061681084568828,7.021373303014823,-18.37612299556243,-1.3618747056738953,-14.408772411392718,-21.113746934517316,-0.6194122991701485,7.12059376944165,1671.0392001975636,261.24730460123203,307.31318107667056,52.91269569350846,0.0,1.9395863525466461,86.2567976487544,42.922213966698735,-106.44285113542988,1,1167.063228740145,36,19.78080013547958,83155.55370267405,83202.25935191681,82596.2659294662,81779.24530111867,53.0933903542143,582.0104247286121,72.97241687589441,85.06610327534825,77.77767316576151,72.97265802448987,-0.18389438542564004,3.3011057528469787,2.7424228389378595,10.057293150011159,5.493502634610109,0.9025298112415945,-0.1447456670023288,2.7737382670969533,3563.0163251210474
79944ecfecdc,355,-19.052822146756114,-17.561687759830363,-18.26428376705561,-19.014893839257383,-0.15110575651916186,0.582309616129058,-14.472131492224523,-14.521767084136146,-15.307858462828797,-16.265212611036624,-0.0016394839351709528,0.5646714907288419,1676.5516096536203,346.36489561238557,347.50231325092994,76.3184064203252,0.0,28.747208382936858,123.18572972217146,42.91479054119864,-106.47055935801099,12,399.6458192276449,12,1.7553992506629241,82718.9595391587,82746.4744233532,82666.0686334132,82570.83383157458,19.8273996365367,70.72419723866535,66.12719648832591,83.30192417550059,77.54657895307187,66.1761246693132,-1.1332183852579312,5.042129679106782,2.7387141711577634,4.427115582127976,2.7331818842358886,1.3484716394640566,0.014326861908635514,0.9181430685278158,1141.580742829926
cec756f00e5d,355,-21.70729200905807,-17.555209330842544,-19.17531602809845,-21.68601882808328,-0.17691612705881743,1.307488934015415,-19.215367483914147,-11.655801730435819,-15.17572189370814,-19.12637584978911,-0.06954744523421708,1.9578862487516706,1671.9381995441122,0.178190063092505,347.31058124866047,68.60018539986332,0.0,-0.25269082029078427,113.64659618948012,42.94397720777145,-106.4896474418261,12,793.8118560235648,24,7.50034935754818,83327.66389674846,83291.80800436235,82801.6108840908,82551.41030722034,31.232287182218574,237.90450841762524,77.99161526928671,83.31950790824924,70.13564254794646,52.89255344666668,-0.7741424281834169,10.369496635740553,4.188721512423564,6.302247334706084,3.6380265520443724,1.3375602629294803,0.09372667682555472,1.4359483817150802,743.4029921121555
8c995266f8cf,355,-19.279797685277327,-17.552164159903498,-19.76429399247888,-22.196140927357533,-0.10095141696659353,1.5323270524612636,-9.21659777752006,-9.188139251035006,-15.922522210873398,-19.66462100053154,-0.07981306694710123,2.794091459555996,1676.9585704036256,324.9383567411583,346.94169437689067,70.92137523679757,0.0,1.1591362204158024,115.90589952327807,42.94786424239544,-106.42693697902735,12,1219.8325467580626,36,10.495495446275555,83509.90015912932,83642.08995037372,83075.33580477147,82551.36646264512,36.41487184345914,392.1891702298129,40.55362110586062,92.46597368559173,71.59774409481905,40.423881749398944,-0.1348690868272,11.897899450918489,5.093967021948529,6.295300216022485,4.220345514886914,1.343697679753805,0.0912534080131162,1.433039338273423,322.66575854824526
8dbae0e3a4ba,31,-20.139373226411383,-10.100704170834176,-16.268211022889027,-20.170233614069584,-0.96013761574927,3.3772996861329383,-15.27919997112738,-7.196648787822639,-12.606066416962928,-15.690326309092855,-0.8213470534950497,2.9935772429667407,1672.672705954623,204.12558235375215,366.8276521220607,74.58993449426607,0.0,26.678969769612827,120.42634778417336,42.918111313101264,-106.47840926078,1,366.80430606432094,12,8.480463756947316,83399.55680411686,83379.94830659487,83152.91084970802,82908.70643238512,44.43768738302149,154.97627597055111,63.051566953471685,81.31592903583704,73.4446119577089,63.12912082700325,-1.4723665191348518,5.374593579189078,5.506798648007205,8.330931029540945,6.7091738041542435,5.386222756207251,-0.30163402463948574,1.0787051121492377,2264.2401406212066
1a7b116afbd3,31,-26.00999890847778,-10.136272932845213,-19.66255859535811,-26.01724565359386,-0.6221555585651833,4.418157923002273,-22.54525148267635,-7.20948836180678,-15.594135000361549,-22.47931668327841,-0.5784330630442075,4.181826957300707,1675.292795436943,0.593158507499006,466.58996689651167,97.10288164700277,0.0,0.8046441759946025,150.17077560990936,42.929475823293345,-106.42908351950052,1,807.9427579810268,24,15.320726868678108,83805.3955790662,83805.48469986359,83386.41065450753,82963.05262457023,36.54357097574224,256.98335309107216,70.02428100090394,81.35377572118045,69.3266789557836,60.260436154167984,-0.5670977353707295,6.359879448883376,4.988258152295648,8.3207894391702,6.25765099840084,4.993001522839373,-0.10409983300460832,0.9356947285938916,1817.1963845882651
2b78a80ae3e9,31,-26.441082563096096,-10.145416712793796,-22.11807295889903,-27.451352257724313,-0.4539750126112609,4.996869721761888,-20.697038339905877,-7.214426952914403,-18.28058732299454,-24.832552440660066,-0.4605615603096103,5.126981067094676,1676.5442350070562,515.3407925876198,516.7365288763385,106.59054898410852,0.0,3.0526535914885464,166.04541966750966,42.91770971040417,-106.4500920157467,1,1306.0700544060228,36,17.70306372065703,84021.52814115683,84066.86291598028,83578.43536701654,82919.46652177357,32.496087896339354,340.76645341077045,57.22492072209826,81.27466554387134,70.0507286444848,57.36983114127584,-0.13087617961273776,6.3420444445607425,4.702380240499153,8.32365736520584,5.848214278094162,4.545070650445958,-0.07870693955068715,0.9793324498602899,1325.6410194327136
1033a8b5e363,50,-16.439028240591693,-16.439501196300075,-18.351349737417646,-19.265701295143106,0.25674803806691415,0.9753990910308978,-11.892004699050652,-11.88734251909024,-15.001042074142326,-16.33024905847279,0.3890698394843149,1.5328029538428933,1673.4314218934148,267.99476558646097,267.61654526308706,55.09202521175533,0.0,19.070009619710838,87.1183191229603,42.91993605922557,-106.4263481573804,2,396.72854703995273,12,4.400114317104693,81729.3596448047,82115.54604227128,81919.0344620921,81752.5367924694,-30.53149073706679,107.48483739233903,68.26453662418886,77.77283365143677,74.46519909442914,68.38243420227444,-0.6472269624717492,3.0771227737480142,8.888948240328714,8.940413830696313,7.95055567992878,6.889337945348972,0.1900650220263456,0.6878471676915234,1948.849452171638
5409855a60eb,50,-22.244696456546365,-16.163702944100336,-18.72015540141838,-22.250717661855752,-0.09730362903869248,1.771138100610459,-19.535206549368773,-11.557398441374193,-15.490255499283332,-19.74397701718086,-0.1181833615775743,2.4745772433852604,1672.5285575115702,-0.1861149230934588,267.36330614814545,60.90295258592282,0.0,0.3718807752204749,87.35825803873661,42.90937130889031,-106.45188713541502,2,803.3258259124402,24,8.207961549188617,82388.31139470568,82353.46992425412,81968.17811110381,81671.37534602714,11.46049999674588,201.60403046564326,77.41771632358018,80.0721958367088,74.97109966233644,67.70104139356847,0.12549221091702972,4.024729637108856,2.7386287493437345,8.942309962503913,7.048685244706987,2.7363158079088348,-0.1666955676882178,1.8902901085824204,1534.522165568353
dd1d6ebad7a9,50,-17.35060212518574,-16.132393467031882,-19.467601060735966,-22.28547283091347,-0.09182015613959313,2.039129717402139,-11.369224919428609,-11.419003733174485,-16.024886652463596,-19.732164388834654,-0.07404885154835902,2.652605238249842,1670.8453358019685,702.9078060078848,703.1141319026822,101.91522600541482,0.0,6.960576431676841,181.21357720802433,42.89642277431316,-106.45377955731996,2,1224.8966944896722,36,8.341588229049453,82683.55876406177,82705.08827313305,82136.26358353591,81668.78191255985,26.878369018608606,334.34493209588237,59.1231117119976,80.20873417983776,73.33864310222114,59.1873303458062,-0.1838474206801634,4.88403424242047,6.574416036787662,8.940101527344476,6.172534056843547,2.3061487309479127,-0.1297701332658077,2.1948362340834473,1119.8840641717409
9a7b54caeb74,53,-20.506781866413373,-13.932866335667622,-17.580935764346787,-20.53492583109148,-0.7246045051126523,2.567813172399629,-16.217503195752418,-10.017708085090803,-13.841283262982385,-16.488684313537973,-0.714055734895318,2.596111955466189,1676.107803139829,645.31864611634,645.6316751465487,142.0238608995986,0.0,52.228605497329724,217.45864174437594,42.9102300622852,-106.55537948664053,2,382.634548974356,12,6.482583054914978,81260.18128871007,81420.9065330298,81331.1930359588,81262.41942058399,5.462419206507149,50.534653410017945,66.28599311272797,74.72696190179137,71.90169891981417,66.31430543722773,-0.625097279742652,2.732195460032987,10.58562904156605,10.580803569871968,9.87247759494534,8.99363957757887,0.13971824831063517,0.5641748155578671,1252.713301795382
a45c595a18d6,53,-25.088908209174363,-13.967521410056191,-19.94067375584018,-25.114257097704478,-0.4489816916481592,3.245499286786207,-21.766618068893834,-10.001473370518772,-16.31090253475187,-21.848176391218065,-0.4835272756794603,3.52329135809831,1677.9759086917322,0.24639481244480774,646.1018758763066,140.33182067879977,0.0,0.670390918401829,200.05424310898007,42.903543755038314,-106.49168982483161,2,822.752062958079,24,11.823409286245592,82242.5914234329,82248.37544427204,81486.04242201227,81063.6232819533,34.27105783993054,318.26065745614676,71.33985079497097,75.85228363343798,71.67128507999942,65.76918824925767,0.01125563157395067,3.2936553976798972,1.2092777563326664,10.909217181402667,8.182829009154322,1.198003534629238,-0.29329017598541407,2.6544953037248886,806.9816539646455
08f469b8c104,53,-17.571571769827877,-13.979661904634913,-21.28149114075921,-26.316264642226017,-0.2588671811441473,3.6740603988845493,-13.17949424906701,-9.958924576094441,-17.881375562404056,-24.15760576464527,-0.2902732586491423,4.1311969300170075,1671.564428709758,695.7068929523363,695.0372387787181,154.93307833927642,0.0,4.200924486231921,223.119734847155,42.92173244969283,-106.46045731469499,2,1290.4309614277079,36,14.155622973308404,82558.15617102243,82617.78874643562,81820.09759839934,81080.02845329771,47.593107332314005,535.3303880072604,68.71874093998717,82.69522671800179,72.8656617026064,65.72548391529217,0.12176599823321989,4.154545057695845,2.347847479960211,10.919374280690269,6.289707349981499,1.1728238304320948,-0.29801054308332736,3.476529997054745,335.07468037153535
09610dc9d62b,11,-16.626167288924865,-9.510226479572275,-14.418559626038252,-16.823696215604958,-0.7268540348607659,2.7105798736793174,-12.480980253780155,-7.311370691344831,-11.749918828127985,-14.30056649218907,-0.5708138237490831,2.3714664950559,1674.8258423109423,189.95881376944968,190.51128136179236,45.909591967618695,0.0,16.72687846567544,70.189944277377,42.90417612975239,-106.47337350449907,1,358.69756889616946,12,6.985402438064545,82114.06002826583,82095.74975087204,81775.88098938845,81199.03320750922,88.50223553996254,308.7241299130669,70.58377708594794,87.70491526467762,81.67145869115879,70.59703742588286,-1.4238171619983744,5.2346141784171945,0.2948672807698761,6.792426750147618,3.946999445148257,0.2871686077123673,-0.3953408088416394,2.083939349439143,4575.092034002221
50e205e206b8,11,-15.21390779910505,-9.508848148518119,-15.136262373691833,-16.825752519559742,-0.17948946982282582,2.0710113133162733,-10.851976551030168,-7.325440330346068,-11.163194270502803,-14.301549685556774,0.002685424385480199,1.8695265214780088,1674.3489876501314,-0.41054053548135055,192.86581115445992,48.04748123800562,0.0,0.11602269969939857,71.3080236701324,42.893086004312146,-106.55946603231317,1,700.1617903948303,24,6.981468966058408,81894.55718546161,82094.7376175784,81814.86997009041,81212.57235653175,23.359867149488213,245.74872686247016,69.76947149035408,87.7737067166835,72.60572802137354,56.69985024518559,-1.2783530998863597,10.109075981197558,5.599801447080016,6.802063047603463,3.4641906664749977,0.2870307715391268,-0.04530094543044634,2.017663235512924,4223.584256521995
8a87648a602a,11,-15.497032947442824,-9.526393367684673,-14.698507669524943,-16.805431681364258,4.1294535489982314e-05,1.8722186549641902,-10.60240310892075,-7.303586807627929,-11.225417000349566,-14.297036832842277,-0.0003914494265379782,1.702587079888053,1674.4815548910865,92.35690935713568,193.63153335913563,39.454947459993136,0.0,-0.6529024893758459,62.81082217501878,42.90683451412023,-106.49078842322562,1,1052.3926132255199,36,6.973758120737605,81691.3094330393,82117.73492925896,81785.17063369058,81173.0692771656,1.302844521358551,214.9348588970035,67.80802984482739,97.14114876091156,76.77824795938835,56.715885191538334,0.03531406561178532,11.770718395600316,7.391627168641316,7.396658206970984,4.046721480432254,0.2982223432510125,0.055807398037123375,1.9294201150809707,3881.0654832427763
b6e3b94438e2,349,-19.699437398078643,-14.579288743824339,-18.789777771404953,-20.530622036521574,-0.4625346631282305,1.8297231993262177,-13.275632725271047,-9.198975160781991,-13.693757562228564,-16.201488335170744,-0.4443607347475394,2.14124122363182,1930.5666567182207,267.8343773788659,266.5299737813937,61.115096671403464,0.0,22.53725279407096,94.24687045945429,41.149810190774026,-104.79837278006576,12,381.1510531378025,12,7.055372684024701,79384.58863980923,79342.993024061,79052.7379832145,78697.3286365689,62.13024145322907,214.71091876585123,56.010003682447305,67.95112581063123,63.691349446751104,55.95306094284267,-0.3413813657662909,3.477989926182448,6.876234278757971,10.836557523750717,8.193091615020782,6.881033104320588,-0.35139051762643825,1.3007894751969797,1172.985417185874
76b4948205a0,349,-19.968044121044663,-14.585945877620446,-19.104249682700946,-20.57124048851098,-0.11220333739901237,1.3693368561354415,-18.38405479626883,-9.168759323235498,-14.238257830211014,-18.392710664309117,-0.21902484532631478,2.509342021231549,1928.9346492489863,0.2618845720995701,338.2345901609751,67.13239072746575,0.0,0.19828855161459125,106.52852182757894,41.156686460582726,-104.79254462916298,12,772.5935562530744,24,9.253097233672172,80108.01106476484,80096.92381519185,79425.73452646325,78713.16911463907,59.91323699736159,416.3335272339841,86.39992651110454,86.57125829224208,65.37833324612014,50.27491715278207,0.6408443810056523,9.831058442690109,2.487706861417629,10.841611554541599,6.07683831958838,1.917063041494973,-0.37495080439326683,2.7087407479665497,773.3485981342894
64097cf1e093,349,-17.89689588523149,-14.623979874249251,-19.327785110453657,-20.595685678713462,-0.0547140703620335,1.2705858691750156,-9.745177208516028,-9.101308792142387,-15.044909810038577,-18.65848711023165,-0.13603005400920665,2.872009689090716,1931.3292853597263,406.2733659705035,405.0933343188579,75.162345354816,0.0,2.261709440082223,121.45358429790048,41.118387209723856,-104.89061243050885,12,1190.9193521939783,36,9.476766784397654,80376.05595982895,80448.1676206077,79688.25549404511,78717.22567479358,51.0744249357542,534.9714350549359,48.13489612444444,87.46763732699637,69.11409299772772,48.158698260905744,0.49505095281309786,11.879806699521874,3.7341750527355972,10.842127012234387,5.0241620824766,1.9107670159990437,-0.22215809184355076,2.6813399993272133,355.2317264237795
4af81c025f6e,10,-18.876951587515038,-17.48148782876553,-19.06742079559596,-20.61200926194567,-0.16900941097810393,0.9040266679876618,-10.853806472729005,-10.878010386491228,-15.099836517685628,-17.445624471705894,0.20949237524304673,1.8026605813095953,1933.9784064161324,452.50313260770054,453.06710479338324,97.48194978776752,0.0,36.67127423300353,156.85640669433653,41.14607810430288,-104.729969176871,1,397.6606544538148,12,6.622813885594314,80394.36628301327,80441.34719809939,80273.11342265375,80003.32834882688,35.335039692011414,127.25010111529791,48.302389748770764,78.53442774802663,70.56840824912433,48.258062524309835,-2.4007315860128933,9.693360584282583,4.11370096296817,5.300304002727744,4.807470460053897,4.125543113297089,-0.09631998414668576,0.34398760330209327,1161.8293298190752
b1e6f5eec79e,10,-20.360762990124133,-17.49507196962689,-19.131086169668382,-20.620485774852664,-0.051472902387096335,0.8472856154200588,-16.701455614908983,-9.273112984530366,-14.398969935340272,-17.4850990939903,0.005064260780218973,2.657786660160976,1930.3163667568094,-0.30906423491628504,452.8959946155807,102.83793839949891,0.0,0.41747777422003174,160.8229252298183,41.15354469853399,-104.79863799222088,1,776.4921480191445,24,8.190376720637657,80582.59328335032,80582.35179207346,80392.22278452318,80027.10835943602,21.52201233972063,159.06805206698633,70.5770422792739,78.61179179806308,66.56202857471257,41.43239578238058,-0.3690025442835439,12.648299949831186,7.536281711980414,7.536205456468007,4.819918329342099,3.4233754659749414,0.013480987168153097,0.83202613395225,783.6358432962433
003288e25dfb,10,-16.912304463548676,-16.966155284164696,-19.365600186462032,-21.33692800091558,-0.03500944625976284,1.1053002809894534,-8.641129139335163,-8.589705567827526,-14.819761080230151,-18.463508747746065,-0.023415356054887947,2.874668060709042,1932.205491063709,501.038233660951,501.6960702095841,106.50342749692065,0.0,1.991913918209513,167.34268354570744,41.148953204846805,-104.78860817862122,1,1180.1974274610138,36,9.846962544371559,80794.79347199378,80872.8735000502,80533.53460353312,79991.87669004376,20.056692567209442,216.17237014043275,48.30371169200471,78.60173317700657,67.18991344778468,41.51294382118637,-0.1124753901667347,11.686169416652124,10.666470657903686,10.680553638537347,5.6471030776308755,3.4336020738121733,0.10297590304950986,1.6205227380058176,370.3529105708378
9afc44bbb85b,31,-16.8161625255115,-7.099129672805429,-11.715052315576715,-16.89122405323084,-0.9756732357497846,3.4003562929870226,-10.661420165555027,-5.420896662937967,-8.215047538445209,-10.701100556149326,-0.5687126829425713,2.0077513103011113,1930.2526820138337,271.9828311276922,271.9715438911053,58.842731133145584,0.0,21.815934801213107,91.51013533907442,41.14072818746721,-104.78699815925023,1,313.2997328408134,12,5.247840642319532,80339.81947795255,80377.87381294127,80225.35221845942,80024.517710351,33.98651169428066,119.11778620003109,58.61927547025015,90.60978620849376,77.62449502619626,58.61808672918233,-2.9468431625498237,10.405124943388067,5.929903962180465,6.282986613103195,5.1465939373577685,3.631086115567851,0.1929428633373766,0.9113705580321163,2325.2251499459926
ffe8d280f3d2,31,-24.86468349543354,-7.123069768149943,-16.676932389855686,-24.82001122630293,-0.8241680543330462,5.751433984241784,-21.107479026373166,-5.479219697255212,-12.442036718786591,-21.124553283619885,-0.7141758705341054,4.995473160934285,1929.5142466369161,0.2928356251955558,339.3219128427641,68.93579590952092,0.0,0.41041946422795766,103.8465713868367,41.12360439235473,-104.78077157680777,1,728.5766161477334,24,15.653080416864436,80713.23193884005,80710.82226952583,80398.10861524526,80023.12067618962,29.701140339878037,211.3976326742917,69.71945844285983,90.60535729752304,70.07623013909456,54.47047894323885,-1.1300180195912621,11.27645068958309,6.797242380521492,8.242661748811095,6.204600227911247,3.6271973218232443,0.14179432288748797,1.286922228990851,1904.8487558363688
e9cdbee412a3,31,-28.22058138619673,-7.117225041648825,-20.382910505858952,-29.244015629249077,-0.666913822971921,7.068335733712609,-21.885391565352997,-5.425130596633327,-16.108508048987705,-25.62072884576924,-0.6250749684859352,6.674577809318332,1930.2693863460058,555.7493436148734,554.952019716105,89.2999641323771,0.0,4.170562912633958,145.859825446185,41.15181676786625,-104.79940254436326,1,1227.7398083712494,36,20.151191370937614,80912.1295551867,81008.15843604584,80539.52078408047,80071.7786106413,26.6192071489784,281.7324486159323,53.023593571823014,90.69219610471865,68.62004332556378,53.0369305731205,-0.5497027853706627,9.961406151113506,7.979586593543086,8.89495114240185,6.854793668887023,3.637649881620698,0.11934121632399634,1.4533467053285325,1417.577361691742
1aff94409a40,338,-18.903512148608232,-18.00642881652066,-18.655986840648705,-18.927049145371548,-0.042607910970521204,0.24032726446973887,-13.13587207137971,-13.208863086465515,-14.140333315620103,-14.652171319298615,0.11617365795868059,0.46028281005114097,1932.5653265667052,256.7969935330568,257.82391391528455,49.52962494166538,0.0,18.307836898442158,79.52847875805479,41.1404238834754,-104.82880511913869,12,386.89426497250224,12,1.4769150541906768,79520.96379295582,79533.33295912032,79455.65917445769,79330.8038623654,10.69604657339516,67.54911415561862,59.68709818531586,72.15162925904248,66.54531314731773,59.579235147410294,-0.9981398329753658,3.4951845858918222,7.793729552361626,7.816908705711154,6.990701274221119,6.276155941148088,0.13263602212962158,0.48324829068297426,4376.687625094536
9cbc1c84ad67,338,-22.769409395900972,-18.01074000785898,-19.949600777132623,-23.116955863386554,-0.21915272404711633,1.7024098298253671,-19.437393688432063,-13.049697548582042,-15.06681636594539,-19.390009567122437,-0.18753232257242092,2.0010374189468636,1929.0086267359688,0.3253148328177857,256.91256947081354,48.49466731867578,0.0,0.15680075370958574,78.46076252960259,41.16227065422471,-104.819951001181,12,791.0325309393006,24,6.426718881598377,80029.616726143,80041.03395939997,79640.73509047124,79374.73892943193,31.535098202848296,235.71948403303438,73.05340947927571,72.93747015762257,64.15292219314692,56.96166115233336,-0.27117357014700927,5.128205521972855,2.8923185930845166,8.694723005099608,6.575454572824596,2.8796108412123593,-0.11037585233546965,1.5976830481055697,3980.5204226391543
07e21beb2031,338,-18.758830390903718,-18.00675427540312,-20.67257109174337,-23.27312786421831,-0.13845633683558622,1.9587286310994922,-11.87533525411559,-11.873638336755072,-16.133490093889424,-20.331652117608794,-0.15636570213633721,2.836561579767032,1927.5262325856183,356.1239005163113,378.85576340916543,63.03025576295924,0.0,2.798692770647407,106.13270812665847,41.107663339039256,-104.81911166648631,12,1230.1117751755733,36,8.438342581871332,79991.51580049995,80095.2503018491,79772.02729913361,79350.55209303231,24.76474131007217,276.7793783053911,53.243065872783745,77.13277487763398,66.136474830574,53.170853781587354,0.07592619232911058,7.1504264781745075,1.2728011032772601,8.700266731703323,4.9833768318719684,1.1022258303091625,-0.2152254626124834,2.621877907171827,3540.4427919091886
b26bafeff6d2,360,-15.32275800888275,-12.73865799856795,-14.890473321887884,-16.676501198215433,-0.3489503930280762,1.3695980531569483,-9.909166753949135,-9.808142544680482,-11.449201487548244,-13.509161842187293,-0.15897790756436303,1.2916255078706353,1931.9499068730513,405.704638563461,405.66804005252084,97.14095184323432,0.0,35.564185943035575,148.29439097361663,41.177074997709234,-104.87886369150293,12,355.3411185817502,12,3.767684019151755,81015.08323823092,81000.33813966945,80563.22460457004,80022.91312564429,102.41703978906042,356.320928449778,63.84193870642205,80.79997410861836,76.3631467195787,63.71504826227139,-1.4515753146885506,6.135024442819545,9.300663271954772,10.824468971924006,9.964304220267058,8.946316486677237,-0.15978796586176353,0.6736910012904768,3819.055889466445
191670ba849d,360,-16.60579268635498,-12.798055184993693,-14.94992630437137,-16.64398163747798,-0.08292249139424858,1.2248978040768135,-15.303644421216834,-7.985883411469679,-11.668362605197775,-15.311687493533869,-0.14318381413452533,2.143219830783548,1930.8190730956549,0.9584743396635127,408.6392881372458,97.85488048039237,0.0,-0.030501732022396,149.49994563814317,41.14237247526563,-104.87375616429956,12,711.8356244759273,24,7.311708481197518,81446.5075511775,81420.94188660808,80903.11480290061,80010.94998053137,64.51471697477629,460.6861911896872,91.13694289842786,91.15184385781491,77.8743916135512,62.86645038308797,0.39403654625184165,9.318901595036802,4.245259370093127,10.823554546870275,7.961512812581715,4.24354649728612,-0.31981775456119677,2.360233470949812,3451.209607883723
67944df333f8,360,-13.869911438993325,-12.773235576681822,-15.424996768471784,-17.552323235400085,-0.06854147716750356,1.411969223257946,-5.358324512144973,-5.34600423116081,-12.146389231362054,-15.737786244456919,-0.06419302811560582,2.8602413529508692,1932.8264892967545,487.21537818571113,488.389302070355,103.93536162668701,0.0,2.215768088697785,159.59644990592474,41.15053109492701,-104.81766536298709,12,1085.3095367736812,36,10.379500991051293,81113.96895924461,81428.02833289775,81012.81194335458,80042.23903139039,30.45601276245744,411.40255930549847,49.11683072488921,91.6706716540688,78.23586087523326,49.13813038620628,0.0036758658916938277,11.47247682688446,5.005092100476662,10.81145793930186,6.5276521762167015,2.7930102356377486,-0.25426293846819503,2.8272087766633005,3091.319059835697
effa2168f8df,356,-25.94559940830779,-25.56765066918711,-27.277435484965856,-28.91108503451012,-0.04957453200348252,1.0887452943791145,-17.706450540971787,-17.74507234051418,-22.29018075097708,-24.87519661482779,0.24425390766542035,2.0635786701698913,1928.9943328992597,379.04366194909846,380.3440551794152,83.61585869971623,0.0,31.547453582385717,134.96347138339274,41.167553417780425,-104.82364650964226,12,486.5517004802576,12,7.1125500401260915,80598.16172450449,80619.64523436391,80348.27947068603,80199.28526997477,44.72337170286564,159.45838567040698,45.4276439035963,68.730012269375,62.01577311969654,45.514574332982576,-1.725423039289023,7.227031540262868,7.93894519422115,7.9305250081362555,6.503609171638366,5.585534677992664,-0.029676512506436,0.7178822501852227,1212.0386992936221
6709e3dd172e,356,-27.242327611648683,-25.56114251354222,-27.030573680403478,-28.90395355780878,-0.00038179552527332905,0.951639608950046,-22.773620193747956,-16.112825523824842,-21.100847866893133,-24.881592303851548,0.09369357790790775,2.6155559008063984,1931.451881160821,-0.6102100249347737,380.2461719602333,81.17603361336909,0.0,-0.1503884195299499,132.04548551572344,41.14931924729523,-104.88349014878325,12,936.3478577087425,24,8.777902675481004,80722.07036410805,80729.87793842933,80511.71962484706,80208.02619684688,24.78902502093745,182.25434816869938,64.19399190038799,68.80908010129471,57.07904607919681,39.58446219337488,-0.5366108429533228,9.341193712493244,3.1938342077252266,10.837405978129329,6.695213318995499,3.1938440601792473,-0.07560607666262441,2.077979404847274,753.4836536551983
a67113497ce5,356,-17.5454261321558,-17.525961619562754,-25.95965155882152,-28.875325405149855,0.15027248234790033,2.424477686226498,-9.050703228697547,-9.043940524167072,-20.535602101247086,-24.880502447144153,0.12499131129303749,3.372164354017243,1933.2308786445196,473.76104235998224,472.90532053052544,89.31658395840256,0.0,2.2967286358856422,145.51020546211237,41.18441406007187,-104.78367158626479,12,1387.0771712199437,36,15.80803601650297,80843.14378524378,80903.6860421575,80635.61418022828,80238.8459747602,19.59399908892258,214.5437456985556,50.25715160808618,80.18663035630418,61.27384220049698,39.641850803387605,0.2713394268774365,10.632475904035013,2.3971468161125524,10.845406771950339,5.148873366435506,1.5310548913291269,-0.19624595273746867,2.7744958897745198,306.14273041847173
5e79605255ba,31,-22.70327659705159,-17.2989595892501,-20.39239254003548,-22.776126109975877,-0.5513249160316902,1.9282957822030147,-15.511880804635055,-12.245715238842129,-15.647856862075074,-17.740802494673495,-0.38541083533754983,1.74572130375833,1220.4870740069484,380.4014393300579,413.03660371127546,100.54958170078267,0.0,36.75668011228829,154.59042831891415,44.77506154552673,-106.904523195358,1,403.07669483951446,12,5.518524253062617,88779.41232326678,88799.16538328366,88596.42151681583,88366.77373088484,40.26996239212511,140.16267158046242,50.6795813157583,70.81730129847959,64.59266673449238,50.78001883020905,-1.1586850981764498,6.361926176435499,6.685452554215154,6.736067557240892,6.127987842285088,5.6182668795457475,0.02074430627880565,0.39364049297726,1312.278667508643
c5a5658306f6,31,-24.63205703475669,-17.27590970902968,-21.96684647269904,-24.691254231676105,-0.2914660789129705,2.1488154545456744,-20.180412750645456,-12.259468337926124,-16.56077536810113,-20.25859471711678,-0.2434088300111589,2.156943302158744,1219.4666568953187,0.5589600032257357,414.39417484616877,107.92055765708807,0.0,0.5691681249467738,156.07591143978513,44.789993396396,-106.96067403838947,1,830.7750561132581,24,7.962281390634286,89191.35309380139,89201.75479335224,88791.53745378526,88374.8268436342,32.84753655298247,230.76924389012945,65.15054550708648,70.81992521066144,60.64200027407365,46.868434141220895,-0.39746966552392593,7.67451188499546,0.8713916832302538,6.758899234784565,5.289252005300029,0.8697042233941742,-0.17362506840782882,1.6568886434128662,878.661033168068
2eccdda03fdb,31,-24.402705193155366,-17.263073702076813,-22.89994313531268,-25.187230412679003,-0.19378167612855351,2.221674091941888,-17.542388017602338,-12.252917564304925,-17.83239087940521,-21.470926384815403,-0.2036957238519269,2.559777173877135,1220.4312183243583,504.37658528416927,505.1114974105825,110.18606391929053,0.0,2.0244737399329944,164.85632027710923,44.78450791201727,-107.04766503823164,1,1288.9768333817983,36,9.232851295977348,89415.21255333761,89401.70279610269,89000.04653763706,88357.34422853244,31.166868113229466,329.37850917678827,51.71776647402675,70.80469050305949,61.842296040817246,46.85362202994547,-0.0187357448327478,7.234002114866456,0.9381751675351169,6.744272962112038,3.9555167234617326,0.31211783294206785,-0.19402462782457466,2.324953480811597,431.92498749996986
6e28eb9a48e0,363,-17.487238155708628,-10.090794597376549,-14.444281181725152,-17.473455710589285,-0.747601299795629,2.626245133524368,-13.910888201524259,-8.06025392241009,-11.900799578861612,-14.35998933525287,-0.618277792727939,2.2602839078273806,1220.9441718049402,316.55792624524656,317.3061013935815,62.48063193376486,0.0,24.318681246086026,107.3268252738673,44.77547560246736,-106.91344734463803,12,358.4475785475855,12,6.2799328580044325,89105.54326035689,89098.91113093439,88727.23778823986,88234.70593883285,82.20812970839457,284.6223332315747,73.72054776265615,87.93872609626636,82.36614614580267,73.63805612919721,-1.2735318793966837,4.585781354548855,2.672695373612163,4.5515149646066115,3.947489929713041,2.666976123715777,-0.17384472812270815,0.6653159848133845,1216.151108546273
7420fa91decf,363,-19.792140985182932,-10.08891860052914,-16.56796090766927,-19.77311697203999,-0.3889079297593736,2.89035383592271,-16.91016665893311,-8.077207067792678,-13.626226189438832,-16.943785688675764,-0.33735539736957515,2.5118607341347707,1219.2172462581393,-0.857009626975445,316.1535651859614,59.405301015171105,0.0,-0.013184756881221577,97.92211715671822,44.781227428744124,-106.9596672240116,12,760.9111705809534,24,8.817909657617058,89625.65080032323,89642.32551221071,89038.8845732499,88234.11001853064,56.60939681696844,398.9989270424881,76.06668719336332,87.97223056388225,78.31373704656735,71.00796751879108,-0.6099898977044135,5.382348458312097,1.9998953041911622,4.539873085202357,3.1156504066690602,2.0059480519306616,-0.1302710442831589,0.9591011246306999,826.414999713393
06e4c255ab4d,363,-20.051421907069745,-10.115200098186898,-18.01089839639917,-21.47563967237641,-0.2742480398526086,3.098712214147483,-14.824647003066524,-8.074037749305921,-14.810814094889682,-17.898044245216486,-0.2214904193767766,2.6860237703708467,1217.3519022544701,371.0372755415495,369.1077501445628,64.76008479285221,0.0,1.6780445600485954,109.76536142999741,44.76471477982685,-106.92388804612709,12,1179.5269235854466,36,9.86057844573191,89581.01923266663,89713.59321600985,89240.24930896904,88244.02351036808,40.343645256515906,444.4615263543268,60.63771753647435,87.94382986138224,75.80054291088327,60.63893184745648,-0.5197347536631829,6.438437722978172,1.370533782584468,4.563591785976386,2.639228455278565,1.1736793424605163,-0.09602174608415809,1.059645795155388,397.84765252391577
fc0ea5d45c2f,2,-15.691402785716036,-11.352551534523736,-13.858223018720716,-15.677277785733796,-0.4267888546937823,1.4978505790290078,-11.337709348925673,-10.248217019918242,-11.51582887905474,-12.577712435827914,-0.17396652949024813,0.7942932342444514,1217.8379605049913,357.102822681003,357.6488571630429,60.435637326005434,0.0,24.321924242224366,113.30085858821022,44.7567059307731,-106.92671461049747,1,351.73603076854357,12,2.3035666019243366,87719.64010081833,87705.5885254659,87334.37828688034,86932.6883845793,78.217040781375,271.53702555934865,69.95925706603298,95.4933927875128,84.20716959515549,69.98791320996801,-2.0337675477477095,7.214577289318164,4.834910662973701,4.827406547718244,4.110148638153546,3.0130197379801884,0.16117684739720245,0.5776273117929143,3467.120744715565
eb57034dd671,2,-18.311876948764464,-11.370645179052115,-15.573648137333498,-18.402991191374444,-0.3019390748863148,2.122807581423262,-15.319282924130158,-10.264203580012301,-12.75792120253224,-15.354680772402995,-0.22839836710532088,1.7401416842677744,1222.0085516880501,0.2662846532268161,403.94400548621564,74.64262792419302,0.0,0.6850323037882492,129.05118484136867,44.75363048436271,-106.93728794713395,1,736.3284983224931,24,5.0798279100804065,88224.30333838883,88231.11815130197,87641.82111040594,86929.70297238245,58.21597290645893,408.3220141921299,77.01539354137242,95.5415217402737,79.77320426354787,67.7123446808807,-0.7128808339053757,7.2110776988118905,2.464641140919156,5.619830998893324,3.9587402710492117,2.459432228922629,-0.03638405217579087,0.9009440274861678,3078.8188716496225
fee1dd22beca,2,-16.826173317312183,-11.343723132123653,-16.3526084742399,-18.402718250545682,-0.17439736079910453,2.066752727461558,-11.143436381575624,-10.267446009294405,-13.369410779231487,-15.707674715952642,-0.129473252823668,1.88095911542636,1219.839799023536,411.52718601939335,411.39043221182544,80.07322349998054,0.0,2.0132164763303018,135.72670011601463,44.760637832310906,-106.96092400738324,1,1130.632662170472,36,5.460219055936651,88399.84096182189,88451.77318661971,87895.70452548513,86933.50958474465,44.23432664320565,476.7157537208116,61.2831985563854,95.54250197762013,78.42104663222409,61.29265714469254,-0.42229372118393277,7.265725716314335,2.928384545860118,5.612741708087876,3.1510382514140045,0.49618389625052794,-0.10241787734860218,1.4386108865937233,2694.0728702294455
054959fff7a0,61,-20.441259670391766,-17.938022140769803,-20.69682700258684,-22.200274440963074,-0.24090194091584655,1.2616060263234297,-16.706280861927063,-15.966686288988454,-18.291743267474242,-20.378259309122537,-0.08380529801987703,1.3391770855730984,1220.025670522547,608.2752427096901,607.9685038281938,141.15997388393473,0.0,51.6111339744943,213.46993664653712,44.79507953712625,-106.9914162698126,3,434.3412577739424,12,4.362850077609132,88784.99091183125,88848.22369898607,88710.42746467218,88482.76038173912,31.382302863091503,114.96823392544732,69.71420512875548,84.61990125291864,80.04676576778161,69.79796763407323,-1.278568832275908,5.070160565017858,5.738650446905277,5.82489435587085,4.502892827193599,3.541014922398446,-0.032252411925348334,0.7288920824575137,2189.700566232756
268eab495ff4,61,-24.94882833704424,-17.928059937534158,-21.46435361698076,-24.933328048191576,-0.19889293769358335,1.8437953493526238,-22.825660939041963,-15.648643579175879,-18.874128880789435,-22.826828915407887,-0.17847449681250616,2.2829399563595323,1221.984358619471,-0.13500975684537103,607.6789339190483,138.96414015553523,0.0,0.36717226278556625,200.6970271475453,44.770586271545795,-106.96843108027832,3,884.8995961559676,24,7.186355278487156,88792.15573534182,88829.2526909401,88677.90981112885,88485.84143059721,2.8894274208263973,96.25033056445612,82.11300969084931,84.6367963925162,78.05472395221199,67.75390000241481,-0.22670852863159915,5.819371666671002,3.5661116757235924,6.08653426130251,4.423041980838078,3.3735147246690347,-0.04570424646857649,0.9001492840511529,1734.5771949292948
a020ea1f1cef,61,-21.815168984679822,-17.88256841679785,-22.754146299389607,-26.879637504753237,-0.18970118440733028,2.4661727359334353,-16.398801021213973,-15.695881020990718,-20.074913576452463,-25.194164963640326,-0.16697640354048787,2.963336823998857,1220.692353636362,629.7786408173879,629.94062828791,151.54956048972892,0.0,3.8561243392029008,217.4308146560019,44.768530384829305,-106.91809010045411,3,1369.626010497532,36,9.504460225765545,88697.37068948873,88865.23917413046,88689.41425627367,88525.4950260699,6.1538015968522055,109.11409448723029,60.28708552212498,84.96568393996938,77.62139546718237,60.26768496222226,-0.17933840297345272,6.7729047065407695,6.247315547048465,6.237711412722777,4.512314404519335,3.3735852212879758,0.00500580612559817,0.9039249188023182,1252.5937923133297
305e411355cd,37,-14.711178812960071,-14.104195290734053,-16.41539432811623,-17.93441956105113,-0.05297639592426944,1.27826084414086,-10.939178671879292,-10.951729710573069,-13.109322581220002,-14.677586863941155,0.037865143017490555,1.3488343716704918,1219.6601053926252,194.2907963239841,209.31515778904352,47.014204379258835,0.0,17.69925964323023,76.86558872532285,44.77231111257343,-106.93131283646987,2,373.9818796799819,12,3.7920827905502748,87300.76747652801,87754.81924588174,87615.45364246082,87258.98903327459,-26.76423370863234,133.3941045387921,73.75572130808271,80.28837664410234,76.10734729209737,73.05614948157485,-0.6302828805899677,2.317826351329643,2.717354309741942,5.346298087824653,2.9160817155792933,1.268191714873884,-0.27682377843687306,1.2316700207044229,7702.806129897754
6220925aa3d0,37,-13.69984743378747,-11.551094685513352,-14.486985016361333,-17.98309574842275,0.22851729722022626,2.1705464954937645,-11.814332165452853,-8.528056964184726,-11.58781153310054,-14.738208588957063,0.16706683866019317,1.9606254553126579,1219.6527629428306,-0.20690108789587028,231.7885721452605,53.94772602418927,0.0,0.30169097256475597,83.89261595305449,44.78717373331201,-106.98668628607693,2,707.9701367705495,24,6.21041369463805,86687.2842159189,87745.97066036002,87184.31905228112,86686.22211547112,-57.66343525587689,423.7546926574841,88.63779838066995,89.08163292179869,79.8103843609538,72.9424013104135,0.5712054419626793,5.674580153967156,2.8865804663978056,5.336771601291929,3.025028250901187,1.2790882017837923,-0.019829581411684782,0.8825230544368005,7355.665073752644
f68c9d0cc0ec,37,-18.37899378390469,-11.577262305638783,-15.126982360496314,-18.412374252344783,-0.01889685476281191,2.19761632483726,-16.07834909292131,-8.534332378383086,-12.529285597745842,-16.04643370681961,-0.07357755633390228,2.273252247196804,1219.225203488072,178.94603777354206,231.1999981434695,48.88063235538199,0.0,0.00431608894760914,77.51272455533343,44.774625415578505,-107.01315568077413,2,1099.7233020777837,36,7.531535175219265,87399.0692938399,87727.5886448414,87200.17438174596,86715.75675326558,-18.36750636880803,367.2507823175026,81.6183977860278,89.0638510904266,81.82844689220703,72.84777875663893,0.3668089065414404,5.6771762501776974,4.88970670456589,5.465704157029662,3.462694231138879,1.2675166255010668,0.05328831094296724,1.136490984669643,6970.749684601079
ee3f74f4acf7,365,-18.320540764576325,-13.305546208563436,-16.438094407444034,-18.345866576203576,-0.4544361724540413,1.628395250560351,-15.025051498825734,-11.272490493985629,-14.107192164546353,-15.770425338343486,-0.36399963719090783,1.434141990447034,1218.4004739165532,202.64427496073344,201.13469024871188,43.300632178251774,0.0,16.388222926307048,69.86872965959266,44.74966990223353,-106.95666636106158,12,385.2432890890194,12,4.48835122426562,86956.02293606465,86939.69869731924,86692.89832307874,86426.03172032785,51.836527735278125,180.9057834271523,74.77227979820987,86.685137662368,83.08452985567062,74.755024509059,-0.9290551434440576,3.6464181316878386,5.234675668197261,5.236869562416348,4.11131281350143,3.4477860807409773,0.15821721234915084,0.6009556040374326,420.90554617152156
