id,prediction
9240654,2.1915663531671408
3510533,5.888373547363138
639848,5.722364452199599
8871765,6.110490552424828
7870346,5.422833931169096
4178894,3.477884067023876
1784428,10.630774331700454
4634900,3.710126593595029
485024,8.051518372092168
3652049,4.656603864273146
2359527,3.4134765799417046
5165891,4.5762150473460945
5608403,11.544647445955963
9650244,5.862895139417036
4722796,7.336578987854949
8224890,5.567424623301791
5702043,2.389974533027861
3211197,4.3505911197658245
6041445,3.5977736611065643
5182759,8.505395814648255
9278498,3.565938825456431
9964768,6.486665365385317
7697695,7.17811697184384
1288307,6.579387395144135
356098,5.336239918701481
273180,1.745327969617161
2503959,2.952601030383406
7409683,3.709700098898646
3202223,4.815043867743574
1702274,7.0872773139680625
9846485,4.593675276317061
9607179,4.6111419631869355
2602488,8.25528034584849
1467680,4.150574693976724
5922548,9.123073685514766
6272614,8.180539287449847
6089675,4.745643393822248
1303862,8.12927865762967
1058350,4.641032026270045
1880934,5.129413930090836
4633847,6.475882654734505
8064650,4.283889390834146
5986975,1.5852295318364393
653578,4.411888832541498
9985449,3.5600824277012046
4093422,7.960089392328307
6699044,3.6517847661021205
3433379,3.821430095774323
2540392,4.1064843291384125
3279471,9.429783653185535
7721795,6.8768575324477395
4892404,3.584083928591634
9988247,2.036214169524322
8554272,2.0023018305952265
1124843,3.2741676986553223
4603043,3.449097205367917
6004727,7.04630953158649
7667753,2.690046050044111
871362,2.253174453450862
8701870,4.057536670757786
9040385,2.44915756785033
6156450,3.379228462483247
3050349,2.608428022994386
6483051,4.157267939368346
2880556,5.925666440478764
6993650,5.71679196485413
9351603,7.91106564364873
7363108,9.166829846535974
5217010,2.7787965735787195
4501432,7.836278556307321
8000127,9.883137741798324
8778394,11.848013127275491
3372575,1.9835392916834058
203458,1.8569763090939984
3602995,4.821148291679418
6864981,2.995759750588984
282156,9.40984207384414
4483894,7.168082585064301
2760337,5.321699600736508
6658850,5.781939627539271
9516339,3.9145371976013
2007770,3.1054137227590255
3138759,3.1156800937049556
8814440,7.268267057608652
4516348,5.586882940359272
1180083,4.799609663629855
7596794,3.2456849494465727
226320,2.0784389062183504
1962988,5.073011820674189
2475132,12.624929206267545
7424256,6.220445674865814
9880683,4.601442802342862
1432517,4.838611347583327
8517724,7.37964664196247
8871682,4.140893662297059
5183855,8.629946773179514
3801378,2.218233788763854
1180939,5.563359734569028
3998116,3.2706321070413975
5877358,10.191598397169631
5854063,12.391810382289037
8534228,8.104668062861698
7981650,5.812516943786777
9951729,8.192976860007704
2654862,4.492246146168776
6266778,1.9367233428077117
3638226,7.050348485453354
9718483,4.49568307308796
7874062,5.746792170355456
1533882,2.329161167572813
7896459,5.935781373400846
6529776,5.003125970277195
8869701,4.235984653119703
7097591,3.71439922946769
1382074,2.3342462640674393
2161858,4.34022174040493
4280841,2.498849627682088
8220872,8.957259705082162
187138,8.359509140989449
9406485,11.973499447675074
7803941,3.967218763986981
4669764,5.357544211901957
3094133,4.93632087175668
6630589,1.6273413044924414
6437166,6.189230118692949
1937954,4.63080473638402
9499339,2.791966566938346
8422483,5.180123755832673
4107417,8.272426957251767
2159902,6.970990487031191
2906670,3.4916776601824644
6299608,3.8049941489067414
4824639,3.2506298325484018
8935774,3.12417204923003
3380384,2.852881101661267
800476,6.3768554981677505
3551018,6.604206919575823
2542927,4.164109288283036
5285567,3.3584363688198247
3313286,9.905105144581656
5933315,2.0440737668124793
8078731,4.100522269337931
7352694,4.180287277321148
5679396,3.4155283906039577
9290639,1.95540290314554
6665173,1.7464495643366322
5556236,8.70992944186943
7107083,6.44931558784638
4016772,8.126635950048403
9166339,4.5185815968217025
6404551,2.6391271256518047
5977394,4.3114437887602985
3945826,4.839548197398558
9706265,4.1465804218590225
6473564,2.685522891658248
5536908,6.046438133724336
8538558,5.760720304008765
3205775,3.9962568896361192
1799472,6.057783807437895
5925979,3.342188289849854
5850614,5.289309358614633
9224030,7.823367660771199
3337807,8.581904268304847
6206403,4.42417268566225
332353,5.3359716979342595
3837774,5.278516051546616
5650292,4.529840060113871
8874115,8.95276161281318
9618531,4.405514109055054
9818742,2.737819158629188
7921040,1.4673660460877436
3650271,8.495855550667866
9115577,8.556591331910624
5345724,6.049642545900028
1158338,5.957744812212113
6938826,9.997875858894057
9546056,5.4006486872550035
9547322,2.0875535408893358
210439,5.283369842653569
1433881,3.400662578061427
1971077,3.9373312648437304
339955,6.699239550647234
3799548,3.4148639993810503
2636445,1.7024094375127934
6276009,8.913368126854497
880543,4.036696460495434
6594962,4.049422375720892
9004873,4.7585122073445545
7480200,4.538086368328941
9738535,3.6356167995393154
2556155,6.170498045164886
3813564,3.5258104153147545
7189670,6.12702638638155
2075373,1.9863128395481542
1944734,9.541432443834964
5787318,4.118510467375209
3549538,5.121123998812398
1346816,7.655386223802257
7346504,5.288950261475925
8709628,5.329645934495348
1757477,5.226809218725913
622563,6.2533003524455175
7291221,2.93471074279574
7034134,8.829182210388659
6097812,6.191211812343577
4000325,3.263811457981319
5764407,4.834962736847466
2906710,3.239103058869332
6122903,2.1358910973410286
2892446,10.225863641764684
7450997,10.127620641295202
7277554,4.7043677484786155
3065369,4.019397083280779
1266924,3.981677029824821
8431852,3.784297996258137
1725221,4.799677173935107
7608138,6.645876690017916
1191042,8.64078378431031
4573638,4.874400231704451
9975924,9.586453984393138
840295,3.1685607287761925
633557,2.692413805665648
6021474,2.36525934164616
1080978,8.989724743322453
2225316,3.3285602500764693
8363424,4.758301055460182
7676367,4.611049459003578
67200,6.492096355346468
5706837,3.8354274411239295
4830679,5.227770408263133
6114056,7.220668950882866
6649497,4.506618937137885
4314811,4.928691419055726
3890900,9.021823901176411
7311007,5.732455309133915
3296281,5.397380939835917
7135428,3.67017950510819
3024506,6.765333743432649
5035880,13.625036109525489
5874423,10.983946570282859
9983238,3.2216780535078646
7556911,4.317667822366443
5120284,3.9476654236513875
2064407,4.977605995097307
1494686,7.058428455813557
5982036,5.011093449324759
2543204,3.957662145022823
4409198,2.6017142487744263
4877919,4.527981818038745
5188272,10.501156548186374
6882027,2.8182848233348095
6288447,2.6542201831550845
7328262,8.932894120396952
4847781,4.597032176435322
3556817,2.3222799220906407
4999441,4.131262205845914
7652850,3.609736843445339
2078620,5.342518751991058
7885695,10.662068082560143
210292,4.4324819398895645
137108,3.3914755480671945
3804167,3.7015895907403795
9127613,3.742375289028972
5631666,9.755687379145641
2416411,6.756700147395621
62293,1.6953369888307293
3047005,7.191183588398852
5520111,5.358742559440437
9402975,5.96547202961025
5751258,3.8360308257418256
3558866,3.045058953905915
5889161,3.7247374693225757
5624993,4.771616248232295
4510320,2.7013977249618026
1352908,2.549419287323542
3374358,2.913403160317471
7454375,4.419773071050004
7000545,5.47847758211739
517712,2.4593275095570912
3230157,7.970620025427637
4473625,8.394664376276326
3433919,5.698791315745028
9303607,5.204150317879387
4550072,8.417151704346438
8025888,6.496208963881376
5644307,3.2401357717001393
4289118,4.8891295726441975
2453776,3.1381419665166925
2036084,3.682206121712286
1402888,5.1147534935811265
3640226,2.506276852163533
1096181,7.068008035461197
1485749,7.007127145675648
9389527,9.020400073585538
6548106,3.800443511166919
5934543,8.773865146491834
1220765,7.464201390893263
5342869,8.740053433796117
4635820,6.625043024731113
1200266,2.439268889734457
3120386,2.6809797944569618
5053594,7.898691776150738
5008239,2.1089940931586693
1056445,6.889008970294645
1517448,4.048528674446791
5457845,3.3468759628629106
5127846,5.646834367163303
5575489,4.518792794870389
2027323,3.0108883518570964
1710868,3.6144423416281573
1573019,4.9964277564333095
8411601,1.0882806883756715
4125046,4.652086056734646
112904,3.1405695659687027
8499348,9.231414921482752
2146726,3.964995656716123
6988975,3.4321845129929276
173601,3.3867473207440377
1917829,5.838642613233236
5530622,9.93537915153004
5546726,10.415570019100336
5223173,6.078319723130104
7390389,7.43846169669978
7970108,2.2298780270550975
2434473,3.7663300004057296
5177071,6.576187648316636
5808377,8.343143404794297
9522251,6.615489056983482
4004265,5.053065016738909
6256850,2.8106909206196367
5900105,8.409805663451575
2724306,8.906909570210773
5179255,2.3577690248311147
2574800,4.435003245834453
6203897,2.9989395386606676
2299336,7.750678284777239
9402611,4.902240641044342
3336282,2.144138109235614
1902255,5.624005479352009
1576180,7.70224854766146
8091566,4.8613579758288825
2368005,2.66235819936582
5282928,5.8603141204145786
1032767,2.5329100307338237
7032283,4.105121835189534
7390722,5.178433336392757
7373721,4.9570959180353595
2901696,1.9128360156237632
6708268,7.458050575617837
6045339,3.0215737970721546
2373722,2.2779108600784914
9368754,3.126573019065193
2415814,10.694102968211196
9295994,6.439729358219573
3631826,6.937937175564175
6170839,7.931111771462171
9533226,10.909578405697872
6100795,3.9400003152927052
8483266,6.0420616543841685
5142528,2.8651441986092516
6975388,6.489998140303282
9389797,3.109806302137552
4117653,7.569864770918332
6819884,5.751346001874378
1400567,8.274783882522911
8697046,6.888587716394269
4156330,9.501364201081978
3506683,5.260857508198351
3017360,3.7125258374162273
4049868,4.753282038643678
606369,3.887229683321894
6884491,6.2525536896724345
3670250,2.669751210519995
3919580,5.696359201670605
3174280,6.9411905553263225
2034979,2.7203220014792784
5748159,6.753153194811588
1302172,8.049375259517149
4962245,11.820036243146674
7609564,2.8190997469430066
7049747,4.9975800113925235
1900371,8.468005968942043
2973857,4.4415243939727285
1794264,4.012652810021278
1229903,10.63060599853525
4072674,7.286172534192044
2715161,3.4251588623147375
3819006,5.031991105487446
2572187,2.791124863421026
5479270,3.42221051560908
7923535,2.6367218363665303
9181226,1.3515282499777161
1043774,8.576797398460378
2460503,4.237849299416866
3832457,3.292645501815772
9993900,1.7422081121950257
701156,3.41873044291036
9925425,4.194104324932262
6952080,3.5051485109661535
7974122,9.394271654304841
8462357,3.516766682764739
6672739,2.31978288681225
338261,11.210029286016816
6768802,3.495205691593124
6882010,4.132349366602819
6845189,6.301124474145178
6847036,3.3606269680560032
2202360,5.6447431293150725
866998,5.712692334512679
2122048,5.3651904293999895
8862177,4.384764219875251
4089192,3.054392891324416
3501971,8.284756946602887
4116831,6.93211248469876
241299,5.959906785358079
8760993,4.72268710163733
1021915,4.915892492834516
3547962,7.428295280703029
3083079,4.541502300709697
729978,10.385887914088968
4904527,5.581210708078224
1176644,4.384316246999193
5135222,4.601461652362171
1243451,3.5547392086679412
1200543,4.085513285501364
1029146,3.2554772148521414
3041409,3.6073135378493877
2107176,9.467040698324663
6945507,5.098881697578878
9956898,3.8655638461630537
5640761,3.1552405295047192
6551301,8.049287866195588
7709249,6.458364264829136
5789844,1.7519139263903043
1933938,3.2429096796176817
7073898,4.448184082793404
2202498,6.84574169173586
6279422,5.183252823066788
1796991,5.97522590479586
4088537,1.5888436447571137
4041971,1.3735465193570957
7371758,7.370303220982006
7208655,4.805515002270567
7975917,5.052416733742395
3814917,4.31614482766611
1027484,10.834792913047217
8318893,5.312775174267997
4347776,2.6872134519054462
5273176,2.3359482022000253
9504445,6.8886886244037715
4161503,1.5782001846609448
5340597,6.672948967448666
7946082,2.5345358625434726
8878183,5.4816570890281575
8091843,3.722646216552115
2153681,8.915657428039186
3425702,2.9960118444386525
905529,3.9934483097453843
411282,4.690273432436184
9439045,6.08544122429299
9394272,4.1700998958701065
5095397,7.433062466053849
9678717,6.49737695369021
5912397,2.859408612719905
8010322,3.1611928291527387
1996828,3.552507604504891
3145712,2.164928324955797
1724466,3.419369709631838
7171222,4.693842003630536
9604025,1.436639081826252
4598352,3.0061672787193983
5351328,5.034923662035455
2727285,3.678304891704689
1703610,4.501847257313237
9346159,8.157137642252643
1722403,6.180202724116506
573027,5.3970517866253624
8934185,8.761190834372131
7470607,9.918382882321353
4067634,3.721582791464722
7316163,7.734262011867775
8462960,5.1592939500675445
9922364,5.989031476288792
6045802,5.279357193588229
3949685,1.0690025457537293
1974196,3.5183133717027375
3015048,3.9159491458383218
7808079,3.083070316075672
9629533,2.2375032273276076
8579979,9.457961085810478
8611353,3.583313156080699
6954934,3.4231193553786765
1269971,2.523088776895113
5421815,6.0094104229608565
9379386,6.223277599560749
857864,2.5245235274022786
3161532,5.697132403706821
5442456,5.602714190598065
9767321,4.233922058347973
9125305,6.194255971544279
6926595,7.728952556715415
6505887,10.075633910909556
4885392,6.014464966800945
885107,7.877110633225605
1813760,8.322017891838852
390789,6.415649658040192
1067103,3.15624882426106
6589828,7.832883018282033
6467056,2.2936371284353463
1361739,3.7273469230288043
4489106,6.729617102111492
2754131,3.102208454817821
205886,10.590556240364032
8945298,4.863563891418456
1831256,3.4277498309648085
8093364,5.962197403603404
8253764,2.882831233719904
9860080,3.743207997471491
8981931,10.126293782174123
9485640,7.234932067029662
6737787,3.522498333327089
905928,2.02605236346981
2626422,7.612659749405752
3104064,7.17837173137045
3402925,6.088138757384173
6361550,10.75917669544664
8569189,3.058554584843842
9149337,2.3546900674447824
3578714,2.659535633841285
5984681,2.005125787459348
5028853,4.532947087606065
5894651,3.559482174107293
1786956,3.5581801776081927
3724122,2.8656355284477195
4338046,2.7521291045897773
5684221,9.709147009688369
6548644,2.6796991527869314
5470506,2.2770970622034525
726929,3.9536980626347313
4137260,6.741585054082757
4799439,2.7733031959994383
6146644,6.298107728192648
5690867,12.793020910926542
5475153,8.58599328114427
5019548,3.534853917613587
8865030,8.84463247243294
6602043,8.247526269168425
1758573,3.422311134867994
4925609,3.1084636266769854
2071990,2.016837815169282
6923434,4.296695523646043
8450095,4.1610584409185964
8810672,3.775468881522437
4291058,6.236616272080028
9287891,5.62519891633266
579946,3.6813181380124145
3236580,5.650408362354418
1693830,5.835827149211925
5157149,5.981825583103815
685636,3.1239692308176323
7162878,8.996138570730391
2187809,4.37851391436598
3211936,4.7459860055251
6041786,2.385442919257392
8292575,3.6740234633830804
7021370,4.560280095542837
3370925,8.048931022256806
8092447,4.688571142638622
3280309,8.235875520424017
4327660,4.70547241624174
9214746,3.0428981468795153
8152281,3.021637373615497
3291617,3.820981380958614
8223834,3.308892139496334
2818809,4.279365054085627
5278962,3.4209090762864798
9587614,4.713143991710938
7503218,2.1065493927406433
3010164,4.285321215524243
8870766,3.074132178698256
2976413,7.173765795583208
4116198,2.2096036932976695
4516908,6.594206242356985
9742253,3.4276745031736073
6154695,6.917808635777221
528718,3.443105950129561
3287955,2.2233971232166336
2803450,8.451974535801329
8197847,4.2116112659778455
3027917,5.6488687212937965
4508876,3.666963290989268
6932155,9.357872583221283
5918267,2.7971519750442084
1587701,3.754248859535556
935997,2.7692038477447687
6472374,2.1673407795643578
4052724,2.2199528842331073
7980308,5.67142961486092
3537737,4.507303685830079
4371551,4.399818764392372
5289314,7.111071762061545
7639169,2.208168449307661
2752634,2.551372563816389
9939796,5.204185065513807
106592,2.8901658602013347
5982757,5.2106904373862415
1082128,5.413398836074079
325073,6.002734087212955
8148537,5.210747592848661
1790253,4.296165896474701
7737758,8.995765919545542
4726333,5.615558225363186
7690046,5.602788288928234
730002,6.164443975489583
3009384,3.4545302946656173
9456312,3.6850979235743626
1792925,3.4074120320233527
6762704,9.684815071216674
4179674,7.636263704660487
3775115,2.7420433631850782
6593833,9.540613052737264
8338814,1.6260384092073041
4379531,3.985547457836094
3493244,3.124384783202985
8667175,5.2268750897324345
1627897,4.791679166699998
6837092,6.6160985213939645
7329463,4.264968542731895
1496846,3.7376890687651265
559021,3.1391156521793717
5322516,5.490514769971287
447623,3.0716064735615847
3929661,3.8103107186603284
890868,6.773903705667591
2280608,5.489819198999054
1073841,3.8895609347895217
2382782,4.199999658207243
7733301,2.161474709726547
9490723,5.463841165344419
6847451,3.9083929178414714
7458972,3.4627869029500746
2162038,2.9225007711701863
8421628,2.3478248087537397
3619111,6.226252536384701
8225813,6.328173634845011
3379011,4.228805127522461
3378144,5.189728964692904
4001893,3.7577530828800887
8380871,4.857306765026691
8853903,7.352730703620117
2246083,6.27255701189328
1386898,10.03311161555567
265553,8.004046310874156
7923724,6.827031181912666
8079303,3.996640698567288
5669427,5.423240844767301
6024360,5.622092346242397
1682719,2.0670010514436674
4518261,3.7087236993884827
8356594,4.730520785598186
8853659,3.625162290083612
3242823,3.5797451878423
1848586,4.557746431044865
9263437,3.4291695719454722
87981,5.178694137278915
7878175,7.596304195722274
20941,3.199487781774864
9874752,7.230900898704991
1993406,3.224584134191834
1605779,2.9921740193091573
6368517,7.790573304601955
9086621,2.4878044449038086
3818030,5.093542856142319
3921446,4.901385839309345
1336051,6.397159057651837
9665245,4.503969833334027
9437086,4.285928612038108
3148395,4.790985099888857
6153037,9.677123006202478
4469368,3.2940966035921613
4663869,6.004168906289515
2740398,3.361274300852124
3660677,4.7468420409498355
2887935,2.350358921164395
5567972,5.402156883768747
389469,7.212386860857676
7523719,2.9703256723707243
8906402,3.5715489977358224
6137081,4.603163478056063
9268563,2.9805354711850796
7501339,5.594837151584926
7214670,6.518940602192518
4655827,4.284490787406372
5247745,5.543520764407514
2682143,2.9653646576858153
566938,5.429268647581578
9284515,4.1682735088990785
7640690,6.750968708911806
9110068,8.041295160230046
3094391,4.466140552908266
5625896,2.6055070143124706
4760171,8.80834863622454
408003,7.778213734015689
545063,4.999016265166548
5622262,9.062024473849506
1358142,4.400278654218428
7312684,3.796524042823732
2291077,7.176082828011846
8569403,3.7510215859526763
5016481,8.128687074775378
5217603,6.578855756120866
294898,9.781580282428246
1939800,4.703093735971003
8022509,3.060424337765944
6085096,2.721702685651473
6363488,3.279110936174225
2160672,3.7022289561586863
4404324,4.077304060277575
174360,10.678707911866908
3836424,3.3892411418222492
1040696,3.9535242420768952
3358404,6.2276305519339505
3426402,4.160660934992225
2835819,8.740560229784819
764054,8.410304355268282
2771136,1.0291666182739445
7480614,1.536269432830088
384503,3.866984938788088
2907918,5.50240567726743
7718784,6.695981962800064
2703499,3.9989525375127544
4462637,7.870507937794661
782185,7.872361119730165
7433420,4.096228404811984
5248002,3.525198086399303
5615974,3.1041770961319095
2020436,2.582849742368259
3700946,2.499490934213968
1692007,5.127145036646684
6716985,11.695085951547616
5309610,8.36810595352005
7151443,3.3290395125814864
7247708,6.073007973623755
7016540,5.329191620184856
1571408,8.18395198624102
3590092,3.9588298893472946
1836620,5.048719748188921
4548569,10.026345656161702
5261096,2.3608093567727817
8368839,3.992145508702618
6099825,7.4162967605705745
4091485,7.833689930121709
6842530,3.49185296369678
1627282,3.903726027675104
6398242,4.54825040843401
5850425,2.6131009684877804
9760826,9.286060309800451
9552876,4.1091566162440385
6096802,4.143787057649333
99154,3.3238766646125635
515856,4.751360122641286
9874770,7.779143571605934
232732,5.366877357429692
2720645,5.124774379966908
7145374,3.2861279793018565
2719263,5.213806665745286
528689,3.793930062232114
5511129,7.503946004999864
2996469,3.134143747162404
1467914,7.91234457422634
4181045,5.591054762063325
729705,2.369963534201726
1633512,5.50147163798998
2965947,1.7159850362858748
6266092,3.779317951783363
4783487,1.0344433639258312
3291743,2.566954381975615
1491483,2.980132940946812
7647619,8.494224279356354
5873255,5.930122283660761
5070427,2.756626107685328
3391256,4.334471270971845
6805295,4.164114386466243
1388931,4.18659876683089
3969991,3.9957144707559062
9166097,4.966010797933458
1214050,3.373308326055355
7149078,9.309731841811713
4071423,10.021661605541667
2571214,8.717736333398326
9228923,3.758741393974937
8492788,5.421609670914771
9012968,3.433960139056463
4117739,5.927836164658679
864249,7.3542749216404575
8914989,3.3224335544932777
9888373,5.77263685369749
3338822,4.989005740617739
3108557,3.0337808793768106
5071876,6.608539483951001
1365195,7.513833163689567
9963808,4.448941890080884
1464128,4.290877439021951
5449022,4.656645880434011
6341686,3.2803264332974034
1656064,9.695155908629848
6359871,5.2741503538564665
4173199,3.010190235698907
3991832,7.934124599476747
617071,5.397262391394346
1406587,5.163291954016107
3140950,7.452921811299192
8843514,2.7001198212356186
8765185,5.483397501025681
1385360,9.04042467238756
8078771,7.769280508518788
4970872,4.661501999369868
8891816,4.40721550324894
1312636,4.0941119879102335
5844958,5.28104026689606
8191696,4.005091212808085
9264479,6.4752852106074705
7741377,6.463401031391548
4402530,2.9490668887781792
7919269,3.3736414348999193
8431123,8.43940044932472
2638197,2.2400087133869473
4294325,4.459122624205175
4123690,7.564241119745066
5449720,2.679563412492426
8092457,9.788262097598526
7041202,3.7927306720927443
219436,5.659377113273809
5328103,3.2006203245299156
3643889,9.367480584657898
2581375,9.583459965488528
5886908,11.02046568839184
9682366,3.772942955434079
2280903,12.56686621758234
7032277,6.290842866546421
4060526,3.2258532130887927
8734771,3.506551572050743
4984153,9.097216119710374
3850588,2.35858668086641
3378591,3.667470630908961
8852731,9.421095495834109
3698940,8.961881978418063
6366713,3.7367264839191434
9152212,5.232191034066094
2998627,3.9381267532427238
4621141,5.403709261371227
823665,6.856363625057039
7597075,2.7739882657528527
7853867,3.004342200284473
112306,6.266641417509996
6644559,6.226870500976464
9770,6.299954903234088
8164763,3.9607630990234743
7623798,6.769087916560977
6225411,2.5725589067045
1094197,8.322775822771177
4904701,11.925698994204163
2576129,8.880659557419158
6545130,2.9623176812392122
5670342,7.636078894938444
2413949,2.1457140286094862
8855413,2.0266499468505708
6326125,8.825797332641477
7369280,2.5804645482972006
9214034,4.192879499402149
174250,6.488239076314385
4223036,5.09348064193013
7723663,2.6427321177566556
5554328,5.226606021273882
7397555,4.07848324938406
2689753,6.521618754155544
1662799,11.02728800154654
9633913,5.737137028968503
6342774,7.70796693121169
1258270,3.001345173662883
6930698,7.52683471708348
9053901,3.752378388783964
3724226,3.5033694859929594
5228560,8.631406871672853
3932561,3.025442871687148
9503229,9.45887315443988
5296024,7.529544404811172
7546890,5.608247895986232
4452241,7.0813977865113475
9744330,3.500938915539744
2693792,2.3485672452327893
3678568,8.343338630815001
3429274,5.884562211446725
9881873,4.891387456345431
6206457,5.446723082009722
9368133,9.828709002192035
4624742,6.100454664532098
27297,2.661546843170332
9775428,4.426143196820356
8462526,4.28506334329434
1225574,2.592370027623998
350938,2.8927158036639913
4692387,3.7925608713951573
5095529,3.6642268954204167
4290773,2.0444516167830473
9973769,4.157073330933431
1475094,2.178083519011907
4248359,8.039131475189171
9325498,3.4404036935954676
4669920,4.997707719840749
9041298,4.673628927610446
9145528,2.207318185819916
9444754,5.403717595541548
6704076,4.995860407659363
9315801,8.691662710689062
5825778,4.199984234870138
4139780,2.8536539359090827
5047803,5.017561053681691
1086068,6.371317096446636
3749679,5.740110350640327
4969952,7.455880800050544
8902694,2.5625934132604327
6161956,4.722970467491454
8123310,2.37795075657065
2400358,4.807327303586792
6168317,3.5472969129613037
4168264,2.8783726956965574
485870,3.568176895854237
3912545,6.121014656009994
2207685,3.6999402465770808
6420495,3.052600470356988
2382587,5.97324167245157
8714933,2.9709524439976667
645311,2.361524816356665
2688083,6.203091494134034
6285151,3.868389444054478
4632695,2.805420616039119
9771875,4.8593346472254515
4093530,8.586378707920094
6640079,4.786874123421453
8199220,5.575229953159887
6860099,8.008009419551453
6141787,6.540214253231419
9584657,1.4851851142901116
9051292,8.23029251811734
8471007,4.6588053475519295
3717261,3.753782806702263
8302470,5.096268837747525
9273593,4.640079476893904
3770833,2.7137759043167127
8817271,3.835034392860182
1363205,6.757446093498958
7166646,6.224541191463439
7476064,5.148398900498466
388619,3.1367531557864567
5901143,3.564493657463361
1634073,7.5751638394060645
1920272,6.636722576015846
6929998,3.8720015784025694
4339055,8.563285918257584
9840197,5.760202254513585
5654710,5.460889970182433
1963178,4.098069597374224
8839027,4.020154131484919
7879248,4.114206582338534
2840412,4.442147938666043
4977497,2.759450099732721
860257,5.506775704464433
3912390,8.832336889028221
477075,2.93348273711889
9331494,4.0946120436956335
4894160,2.347026833558462
2850508,3.8776805041042453
4356803,6.503586763403244
6553473,7.132325854982951
407090,3.5625106976691194
1535451,3.8757347349501083
764364,10.735097805314817
5187602,8.114437357807557
4583233,8.837368931899782
5240220,6.475358394022644
3435902,6.1489274655901855
1447859,4.193354375621716
4781894,2.9122689080971065
496880,2.4590102224114645
8968373,6.553996475932461
6541550,3.254047830794334
5399848,4.118209611582462
6938289,4.881663632787115
9747530,8.925492412193055
1671153,3.3424695751008118
5078392,9.160869996786957
1632444,4.076310294550025
7953469,3.0019456226398558
3983864,6.587599763043856
736755,3.5925873575360994
6249487,5.997099382378686
1527814,4.161983682467485
8935678,5.202833367896706
3187784,2.008259803637647
6873863,4.136499810356616
8353005,2.521516351985048
4351073,4.828494748929773
2471363,4.577227267811404
7692973,9.81279422764274
1116602,2.6373678521687025
3594252,1.5032153721666177
4057272,8.508155909595526
8531286,4.527553417206748
6193291,6.619547820249221
663473,7.855641752649145
9718717,2.1238630862581847
381829,3.2934776448091356
2751863,2.282851991743943
9040803,3.275492956866218
3319817,4.8841366506439545
2259984,5.480535110147581
5410045,3.6253543925533034
8312773,6.961205891571394
1474357,3.7440413150876157
8766392,1.970630591848637
5313962,2.3995846798982012
2230591,4.872078509838845
3869508,7.312945394972605
4281748,3.2995915407657446
431579,7.550935713434666
1526116,4.95102189410364
7458904,3.0915793424580365
1155281,3.23895177676148
4384533,8.641235264292327
1186769,9.04862175459078
8619289,10.081115940989767
3105365,7.172553274856028
4324586,2.939777894179317
8261665,2.5440303710902112
820406,4.31826671598878
9811623,2.5884973204817845
8782655,2.7216975459392225
4126596,3.4853181024551008
3934774,3.7910487880233155
8037432,5.793491411464249
9401288,7.530150809069256
6750587,9.37651496047272
1398510,2.982006671855809
5132395,4.847449776583684
7368508,3.858261393054873
5937982,11.367549908604772
5567667,3.506603882856569
5504514,5.749413429413754
4735989,3.5560000602928152
24076,8.358790936538528
3159988,4.885324183024881
906395,8.898235772955417
478314,2.054771580275934
9412633,3.74353647399675
9189422,9.66825048444689
6004440,7.317152799775244
6893256,2.8908697832218904
6141451,5.4212851290593065
4866075,8.238761106035351
5517594,1.5358462192897404
8489367,3.1775047541526296
3241537,4.837715840870617
4363997,3.4323107717314896
2933193,5.468688934197611
2257558,4.362857681937273
2149650,4.2472127003093565
3730455,7.448158428176611
9322148,3.411628911929558
7618442,3.149075061891886
6409293,2.7285831292398792
3284394,3.212987292390014
3635311,3.9802817394064505
4841458,3.4144059688756645
1616692,4.3897516984160925
9650403,5.145690383498513
9713188,2.6233438144184524
6321756,7.069696283335416
7252784,4.728081361637737
8204023,2.584329351424106
4192352,2.8183680942230973
4700210,4.733677673592146
7533013,2.8233319280905276
3477922,6.497022312953964
4275011,4.444822006198731
6772100,4.516245220735338
5166743,2.814124169302387
3478298,7.178845044892975
4152674,2.90132958831598
5165225,7.806897702721411
2826128,7.217720605250376
2306842,4.550305264116492
3352524,3.4129136586368665
5201393,2.7177245666937146
306994,2.373350234640062
1920867,7.873302200868231
8062551,8.677949679740937
6844958,5.10400862348547
5886271,6.709222593950428
983771,4.57451851196588
6949250,5.952411636455091
7854797,11.807558656938042
9273700,1.4414571054731098
9033732,4.11095459427704
9739926,7.285333174537768
9940023,6.974819697540126
6079542,4.050234262426405
4664114,7.227868512205227
4795463,4.254534651966653
6956717,8.199257108494029
8192761,7.512282503163197
9044870,3.3653858899204048
3011160,6.013415720851644
2486722,3.032143447706946
1811353,6.7410874494076305
8972317,6.775135661530749
8703688,5.601369852541689
17712,3.0840497812240972
5075065,5.26060410654368
9927669,5.014525529465009
5004236,4.353342596895827
7158925,4.053527472123518
5745401,5.932623029476427
1118335,9.537116506366301
9375912,4.087076880247645
418966,5.177054062449026
466548,5.821366040207325
3198927,5.724872222984355
8370980,3.8847181298690847
7422958,2.182816549518092
777942,7.0269543938450365
8448142,2.984567009198457
2952290,5.452537115892502
3004937,3.5429555777876374
2714549,2.2893323507964745
9679185,5.585033597875341
4803118,4.646587085345401
24563,8.14116318915643
1747915,2.7434081601034337
4167730,3.5038994599163438
9940905,6.140438675831379
8892867,5.128648445128622
5651458,1.9337728939269292
9886038,2.1621140220465462
2082208,3.204780659191595
3134984,4.233020216941449
8167840,7.356216675029126
1017053,3.7064818705616887
5369664,7.078660557848343
2650312,3.626120490923973
8850660,5.542987525979764
4144471,6.324330433517784
8400612,5.516298557148511
631185,4.642980768180582
2774835,6.024366765301209
8739146,2.1047821303473486
239256,2.7267760702613586
5212921,8.492961634351
2522259,6.970667793127889
9918585,4.865050368350127
9670861,5.074290719330659
2885434,3.9675017396003964
3249892,2.523422242622514
3290980,6.321922723001423
3528995,6.8622110649573465
5478047,2.9911152515465105
8824249,4.498628021031948
2959236,3.516827671876087
4425624,2.8852760917061815
6753252,5.319703036742545
6680835,4.693182138184325
5272177,7.912682949626351
259560,4.136202028028894
7076946,2.918737748417796
2250365,8.730928703374623
5041949,6.447760831270285
4167194,1.4399110834396927
6447570,4.006020333848961
4746814,7.997180849711766
2117321,2.1181132841836687
9886698,4.983169267128302
1413448,10.86179510403532
2975963,5.868261585365058
4059098,6.922231214592459
51434,2.839832123828986
7915721,3.792655866858268
7933550,11.856017545547747
1069023,2.06592070268316
2592969,5.250095769756942
8514659,2.345974495354467
5504939,4.707476491220948
1507703,4.61518853274466
4417293,3.746882878776725
5789079,7.204584450117915
4712224,10.464468519324544
6506664,2.5328157437139076
1540655,5.430096936983622
5174139,11.403089220846532
4359472,3.5983864216312345
7662437,4.220180372408702
390983,5.264743862253504
9642285,4.002310905566781
3001403,5.844855510172362
9775408,3.7243794552802676
1024517,2.5459894681197377
5897968,2.35221094893432
2942181,2.2518470268555038
7117518,7.601784194624211
8692588,7.141722469138799
4211358,5.957552383581144
9873514,3.2330200185061666
5613254,2.598324144326533
3882040,6.386414879895543
9438484,6.234295898269842
4014021,6.467307533627411
2903172,4.460072102271445
4775201,2.689890675837365
3077994,7.759176204452812
2805591,4.676417501943467
5919051,4.732783914544385
3358783,3.47833128649223
4420971,5.837949230144446
5475687,7.74142498877283
6548136,4.617339175176022
6762786,6.2298924383033984
2468864,9.031148004800992
5885695,3.993296061042601
2303663,3.5007172951936667
9869010,7.163821659964309
9483604,4.489448272367339
7892195,8.877168773482008
7573250,2.997787988913404
9492250,3.39146231301646
9032702,7.354334164223916
9391940,7.920444992673586
9020756,3.0102475462508047
2671570,9.703985294023132
322524,4.648282010198789
3559313,8.27956817872123
4776275,2.181054002952699
9860085,5.640489611870727
5022898,7.614054185528072
4577758,3.6935154262008894
9044967,13.07589143225544
3563391,5.290504370685314
5263283,8.626421343944973
7174816,1.885408077488922
1971849,4.829331882017488
6862579,8.462109971106615
6946840,8.38927698045153
9534799,1.0166827916328773
623679,7.721516417841416
7587841,5.804688636894873
7184840,4.805252250666874
9292912,3.2529728235558215
5314054,2.6430435692125056
1067772,5.211963581905633
3904491,2.797494419696273
3526742,6.693775475110772
8340520,7.203342472319129
9431602,6.519042436964938
5181692,10.283403585831977
8300709,8.85773116263721
3978445,9.45719930721393
6610011,5.481148527375494
2636405,2.794209047031704
9171727,3.1365221921366966
7309153,5.61506628605915
5419201,4.319492477185355
8764342,8.365627747482467
3988361,1.800855824914671
2069912,7.9052091487907425
8507949,6.962633742678506
3768249,1.4564471263472827
6959924,4.094077376676006
9933178,3.252447531088295
3414515,7.654409321084874
9002960,5.527166729031395
254078,5.839521319842096
3679170,4.763187229718952
2038482,6.440922870421215
9380581,2.3489817650895266
7389293,5.802760632272234
3266481,2.3439502235939083
9091728,6.871730665735429
8184576,7.766087923055771
2512963,3.4361591545863917
2620593,4.541885937163996
4099281,3.8021948077592063
1474292,4.878836791375636
4203298,7.478142639927473
3067733,3.6551484850353844
3971435,7.152289999655536
4123904,4.287597288904587
7672548,8.577382096095715
8200890,7.600367859088227
4211477,6.651037178557423
279303,6.322054372981528
3138008,8.216176469244118
6214825,5.529334889432681
5228159,4.508435710601982
7345,4.935070539719205
9106484,2.8192413339658073
3724483,7.336524226415266
6287075,5.74916676291005
6272231,7.638720995081149
7923137,3.7081319523830123
1257444,10.605822625086413
1156898,7.553299917313543
3186453,2.905567235093975
1306424,4.704006719005099
349875,5.4323212252513375
2621356,11.475763647818649
6810303,3.749678485758129
4397251,6.009457011854948
8281058,8.318354706712288
920540,5.079737030037065
532521,3.286078781326865
7347016,1.9836354902985387
9103847,2.4758654297160563
1330815,11.764690205663772
3818223,7.131481061311696
4373486,3.0237269925355967
5396483,2.1848811590651755
1600911,4.652198262857381
5062919,3.8366092732149215
7262984,5.18658840722448
7749577,8.817131929125368
6800903,3.6254787631785703
2023647,6.051032111519422
5082327,7.398812067699799
4660905,5.982453592342689
9757502,4.008792301720584
5517100,2.4951585476687415
2704807,5.357677310523456
2805329,6.482836171202308
2468199,4.0545994338125
1448689,10.196035165184856
8673634,10.015015186467611
8805384,3.7587669546321596
6833475,4.73875044409788
5417895,6.482527363258823
9263317,9.777281300810554
7936611,2.3175192106411817
8689835,5.009289955357852
3927930,1.8871725997918778
9624068,8.645175838020549
5240507,6.253438012864406
2903598,11.305677663493416
1072212,4.102281392710682
1825775,6.075723556310274
2417825,3.456017133076535
607107,3.7477194205938873
5689102,3.518283449219763
7713447,7.8310726980863645
2473190,8.704059830793923
8061360,3.0480317256243934
2646870,5.162714457813536
9697693,1.755680109283643
1146154,5.116649953392415
2289594,4.115212298645689
5189630,2.732941765746766
928732,3.316443039757709
2281166,3.3294098766632576
4538649,5.912165533679483
7635300,9.627100202194502
131923,4.650062197733591
9502514,8.579015756452597
9813414,7.267908887292493
8285216,8.119912039042765
6675809,3.404438805369101
8610507,7.326184590945999
6226833,2.12250508306715
1242358,8.264422052373261
375797,4.750401514164478
7432108,2.549256198269202
5595782,5.213122555120263
4946184,4.083223934637562
1535335,5.291938549759781
8161970,5.665662979145898
6559293,3.1742348193671823
6706682,4.1700821877364325
7427916,3.926459975411162
13710,4.160219123448915
597222,4.861687489038745
1532516,8.578417920579245
5180297,3.2532142618750757
3434598,5.730441862239272
6220874,8.42825643976105
1116207,6.831538723987675
7008273,1.9524376979979086
4112503,4.239889949127418
4935783,2.9722394534179486
9561500,7.130710232161949
4551253,5.268578744964014
2476586,5.249473199483405
3367366,8.41560196835005
1914069,3.5247808736450916
1695837,3.444088475697754
4028483,2.935791985475241
8896727,7.776220985659708
3904170,1.7908423343685715
2750551,5.1214137715591646
8116854,6.97081175602933
1843903,2.7450669940246395
9912372,3.706540510166499
2806206,5.298070502745029
4389726,6.13063890891865
8410859,3.2078871649842005
6759939,7.793167892741222
601739,3.963422048602163
4078936,6.32831448242881
7049762,4.331135984409106
6924448,4.040441243224215
3584653,7.804796099550559
3433088,4.94472311761523
686982,3.6971566153896926
4355036,3.7977031517740696
8704978,3.6766281406989405
4397490,4.440371353438444
8644850,3.156875701542319
7197655,2.8279226343432615
5216178,4.249370762541748
7577349,2.604981137707481
9589040,3.8289278876192046
2441439,5.954100146258978
9047497,3.6920668123980747
1025703,4.800956582490876
5691059,8.84424286173134
2629915,8.319838169949637
6396014,2.386643714435539
6543400,3.7288674852699213
2261176,2.8325890024504856
5829263,2.8109308111591464
7361358,6.736685220264314
6076818,6.799878527632369
9459623,2.7963954785884
6488299,4.043754760787331
260681,2.73180262658543
401192,2.552211716101841
7397830,7.931645590021235
3769117,4.158574287328614
4922726,1.9905122505931834
2591949,5.677138071908596
4051519,4.832035858090604
953828,11.870436066301394
6617724,3.7304067240592
641108,5.611574612467864
1316364,4.608958391519909
7266956,2.972053741712806
8913367,11.097661985968124
2933695,7.162342741576557
6756260,4.775829876917127
962885,6.733466992814638
7051960,5.806963637464419
9677409,2.742262327746819
7754187,7.266531650238046
3461681,8.241568494926394
5272593,5.381541367693988
8992452,11.098146026601263
1819637,1.3700814374410406
5885657,12.627756210791228
7283291,7.614750668571567
2948667,3.202911666660187
816217,10.75630190616417
9829890,8.625511392009685
3910090,5.439808425671103
7931579,2.060683652526179
7603164,6.588983861410702
3662937,8.56733125926942
2868331,8.456992743848009
3913450,9.293222439961568
3720920,1.4624131548198624
3332668,8.41410408964352
6128596,8.324114549837848
7844879,6.417771578396413
8575611,3.4686874668983747
8833809,3.6822063895605748
2672398,6.0914946861443315
4996416,4.841444507258293
7898512,6.224831614623103
8015039,7.82143758884718
8137936,9.992483854197262
4551311,2.2967981738304255
3153548,3.838091158843004
3313659,1.398063905131167
8034837,2.98491744340234
7789435,4.330274821972598
7189051,12.123598399444843
7717215,7.9279997297501055
6876186,4.381722788806603
7379397,7.779907689347555
1168576,2.8752221030949467
3667967,6.257704682901579
358350,3.3252732157969302
3496601,4.598745560772768
2135045,7.890498739571725
1979768,4.0871288481148245
1318139,4.848893214114293
4774303,4.097381160655001
7258023,2.8917029508889307
3205350,9.62800751678976
5813529,4.567724471491566
5500756,8.728218397340495
2343673,5.103338520960259
7440789,3.2142568382406256
7033584,2.949454249493404
8800804,3.580147024955039
7626120,4.543670388499042
352805,4.503596429052192
2906876,3.4867732374902642
137153,4.347007967400519
118151,3.868046276578112
3757645,9.202342761585086
8367160,6.941772010407771
6839416,6.255659388905146
6899247,3.2364178866240563
3967827,8.85843067586275
921762,8.99884821175236
4290854,8.201114839303544
5611474,4.832475286003938
7852272,2.5692069061372127
5390946,10.223578131241021
9652625,3.3445603052261608
7917511,7.3061808034565
490411,1.904103416231045
4400216,7.330881459545368
8767477,2.472953339889913
3929643,6.201600147578565
4037825,8.45653162314883
3340350,2.285135806645564
3749902,3.4995090280669894
9529453,4.956804327360457
606339,5.355669155562224
3128276,8.677781164501946
4253592,4.340195680373797
2639681,7.984026786590315
8107527,5.924749190334783
5936578,7.91927615565154
153256,3.5359328624218858
1433843,11.311654213337757
2292300,5.685491702574387
9828346,5.233089465283168
8879187,8.836143718685221
3907758,3.6474396737980994
5646218,2.536543026935407
3667207,3.722772268907013
6630771,5.909966949525765
2144866,4.529701717415743
4740738,6.203373990330387
3444198,11.029068233228143
2478400,6.277816861558077
9954227,5.4656966015588155
2606018,8.330262835093613
4975351,7.307596627244075
7870275,7.0850587251612565
7791427,2.808754273918713
1348953,11.668300164631843
8584210,3.5685207918868445
3747835,4.801030549633215
2932499,4.652104482330867
6569540,4.660267037327307
9131881,5.414319613064053
5330897,5.536115155297161
8107901,4.852556846291009
6744470,5.25506494549972
6171601,1.8604235289545248
971000,4.984467581644624
6820203,2.285591303503314
3807196,6.628512952572711
6522219,5.249889905630116
7210329,7.585748773007664
6001111,8.33055121177393
4279496,2.134142155806985
6694752,2.3558045979740094
6388122,6.313910953381858
4606578,8.391800284111966
2104286,2.1455510365869133
5949174,4.566363083975482
3193348,6.773881709886768
4905772,3.6917849482336615
935785,7.323468204344933
3505509,4.7289352375761
40762,5.54666652517704
2727327,7.189376981192673
2383044,5.674750874733973
5733716,1.828660364633355
1228468,7.427617210357106
3083781,1.5967112810451711
7442298,6.7526295477460305
5337681,2.9434607804016353
5215512,11.83433678996019
2664973,4.590789471606822
7719129,2.5984146660285266
1769239,6.183236543634598
9970854,7.422560297180056
559386,3.111747608320897
5978586,3.148093467798363
9803382,4.934750379261905
7441093,6.834792197646729
1591369,3.5066888831186422
3215399,11.353622876102346
119505,1.5004869302765211
1643287,2.948290915760988
3198816,4.427783184547596
4965519,7.1172003283983
1096228,4.634568854531686
8444785,3.387343826921141
7076044,4.754931550344006
9624093,3.3495623619437893
2682894,5.301435134740917
2209338,2.7200041084756266
2801274,8.623722408362372
8258682,2.964023165414054
615128,3.9678773443152817
9670166,2.7709755225192514
6033139,6.025975844366153
135806,4.358121916135369
4275941,8.5147699474407
5632288,5.237608162677907
6053723,2.9320676400345667
3115929,9.09894180914914
3120433,5.792703985623128
9356051,9.328793004627919
7453137,3.8426827665187675
9884108,3.8691511314612397
427183,6.150953407571276
7769380,4.290328225597008
5941119,2.8984623260335636
2567031,7.811478128239508
3021389,5.622644334534327
4103579,4.610983522614928
9626497,6.764397132319285
2609102,3.8951487855165166
1551457,3.0133634557809126
3517147,5.707965469633088
5196555,3.6561774755576835
8796767,2.7058392855551343
9326618,9.332598986160429
8283077,4.326936904698184
5759075,3.1548633319716965
9658630,6.040648275214475
5036707,8.695233123901286
8739297,2.6486877303731533
2382429,4.758815579597649
8300185,5.772998656699766
6060210,3.366451353642912
5221721,12.623465010321256
3879770,4.431701193078274
45123,6.482977067409059
2144937,3.149531800480429
6121143,2.941412316602497
3538463,9.179290130815387
4280229,2.874838574501571
9774467,5.494800716327557
9364172,2.608273442074663
2376678,2.8932260243655974
9775392,4.461913841062724
109313,4.10283997234134
5248376,5.438365819989341
4396897,4.130398068312748
7250757,4.5100547535042725
6677467,4.582798502750562
3418487,4.888843803518572
5606652,3.5683574278132086
3280789,4.262670391428098
1726196,7.3659588314876965
3065306,2.7415692314267046
9570899,10.170264899819838
1293441,3.2967141205310018
5460450,3.937960581489306
5693815,3.606417157821315
6755106,9.305593489001463
6255720,5.194041383832722
6023323,5.686315552749797
8054054,2.7925818176728123
3140065,8.81608734340357
2198095,6.72405987277768
6602110,8.252261229969907
1274797,5.868747531996529
5354650,5.384917390178321
5773208,7.468423087908385
1817589,4.374614960253753
6233431,6.153278109970858
9758752,1.8173583505884403
798092,4.342340313928387
9009974,2.348829570121693
4856512,2.951009634041792
7423793,7.495961440417268
9604374,2.526347519378853
2234575,7.516381517789427
7275744,1.472409595403323
565499,6.890144713831903
5246471,3.738433149365969
9322951,6.767608066106824
925835,2.7421745892463507
6343845,3.278825236195572
5249454,5.1656876985100375
9557376,4.446848393413823
400442,3.214951920016379
813754,4.700376423847612
5676714,3.925167362133428
7137750,4.608750818524402
373933,3.166755370294495
9136267,5.1815363789798
9564267,4.796118536288054
4679780,6.349284259527593
4240778,4.085890751772931
3923983,3.6410154883579686
1199364,1.3021598521335969
5326086,5.87485891714679
1600674,4.86371225093022
8503262,4.553982719681748
7294073,7.241095270949935
9148107,3.205928475703031
9362140,2.683289587767446
8769033,3.628350866053389
4583464,5.065785934948627
7133079,5.145398043540314
4902987,5.228449756565219
9122410,6.108305588554396
3954825,6.1974940981359
8243516,7.46421374918588
7771877,4.499924427491923
3930587,5.351229788015779
4070897,3.6263406569672103
880182,1.7921791568663097
4263345,5.878060574406595
2273780,9.946846737860769
8779923,2.0466846577572877
5854818,2.5565153692539644
8774273,4.261348299305387
8286002,2.9688517378193566
4910128,2.5120185307206695
3649329,2.9268566217766616
1084638,2.330047393943847
1282347,9.89100905052825
6215885,9.725253994393219
7056332,5.274655592188204
6481145,2.7778424756197113
5394424,7.788064977403952
943247,5.277192788670005
8414194,2.413376105053281
131964,3.586027942721469
9356202,6.8341018018807675
1485915,4.5255450080682795
2423825,4.058295446602306
3903236,5.39976502854943
7982972,5.500348110527452
7251447,4.021169624735807
4120752,5.727865083947083
1168647,2.4037172717985213
5516091,2.768877362886924
2455485,2.628524304151367
4842872,7.198285952096126
9382044,6.3563804773025865
7723081,5.136970236115246
7118899,2.733623117307674
6364429,4.58861822820931
7986576,3.663853346105328
4924045,3.5055912636435504
794802,4.023850763563894
2910394,3.580589373201455
5372590,4.076263900785799
2071534,4.472590820314055
4713006,4.332231937221553
2727363,2.132468822589452
7209629,8.386638179610923
7146067,4.638473453943563
3759069,6.159433307375342
284906,11.449245341630686
4291765,6.735003027265931
4981211,5.270931958542013
1184597,6.5871727583003254
2926734,3.5526167097537678
9771046,5.915381013339456
7183458,8.18830453927631
1946304,8.230137856506214
3065673,7.5829224838030616
2702388,4.795020372830838
3695376,6.623161361671985
2018925,3.213490230118614
2754240,2.7163118266561606
4991941,2.183059506583877
4947541,9.07611617755542
5858548,6.756611790203322
4749045,2.3129040814124924
6600191,3.0078678951535633
9228745,7.8377503654664125
1151460,2.3728408400866705
9952649,8.496667973938276
8127347,7.082225479188823
9503314,3.9733525878568883
711043,8.112739183357789
5026046,5.225886455002261
1156118,7.049640539923934
3639197,3.1154387521084725
8073561,2.4995005898569405
4548834,9.514060889139273
985526,6.200446832707933
6505268,7.827883018584515
9201164,7.7522158018503085
7331327,2.945533845666868
2002589,6.2872673614212795
256832,2.1002865664310457
1426843,3.587215130273024
2173667,6.171184638725231
4341135,10.844337267698744
7214221,3.8660310943806624
4891834,3.4239703209690804
3715448,6.122429540161393
9279431,3.0506501678886475
3279059,7.546385183983732
9324097,1.9477184527010516
4337496,7.2964559967907725
9469189,1.8015071240553207
8316720,1.8286116806754547
5393423,6.481553929167875
1602233,5.26071412520974
1023661,13.765146926899803
4905022,6.876931569518022
3609179,3.2814926748736366
4255739,5.457705021879317
8641136,3.116543627684867
4064594,7.443862801806278
2970280,4.306797459752476
8212705,6.399312721831475
3492374,3.263762302442437
3371622,8.95291469616398
1476301,4.5526826163561696
48915,3.587426653119219
8285879,3.423035309227674
5025706,5.650194707681308
6404038,4.494698416094662
1752315,4.428548106487915
5937856,6.881915678668889
7532181,3.627453478526218
8373439,6.479936745097396
6486230,3.275725875471118
7935671,6.877931538619642
635667,2.543052357006932
2688288,4.649731779256069
5254691,2.308182708588463
6905063,8.294628949257792
570323,5.565994206872086
9376814,3.406893642564461
1203882,7.1936831259367615
9814008,5.406339739051285
757481,5.745131934106198
6986183,9.50618889794664
9949632,4.242290568634208
6811851,5.998115081488318
2703151,2.7700046859761165
4495046,2.5696697035326155
8434756,5.75425051156168
3683562,1.936325892950387
4495136,2.933679906787003
7369834,5.664485534356846
8288064,2.2600227527794705
1753243,2.962261730913041
3905217,3.7666911598138033
9094745,1.556887332643794
5060467,9.897270017800347
9064168,6.452704924902308
1412563,3.659061401847379
3844400,2.506449682166367
1935479,6.277674157929926
7006298,6.539192751729542
6086809,6.219865684589632
7490614,10.674499084054165
7388505,2.0732777811681076
1769600,8.484876444403836
8465030,3.2907606924755757
3210601,2.3176175994148576
9912938,7.849646083422114
2876546,6.535921946749385
854646,7.265655616697052
3753971,6.115025096500131
7162190,3.224263215282823
5330091,1.3016020018440833
312152,3.3705565242699933
5940054,3.0731249095515567
3577446,2.867794888150135
9395552,4.513862437254495
4678109,5.964608286471143
285938,5.550705534076322
726569,8.378159677214555
6826739,2.0120195031072496
923072,9.553376445413136
395517,6.279718595664065
1621251,4.091025890618483
6718917,4.327653408197314
6733266,5.252905809726077
5800501,5.476979673588629
5799399,3.8439868275156868
6259844,4.6184591967336
6945658,5.318719958462335
5154362,4.142504917078925
1234570,3.2309166941579015
9070470,3.1878941328056833
3818881,5.5314742849069205
2462177,5.128330067597963
2231117,6.2525363500523365
9292720,6.408400546361438
8039666,4.345469326848207
623682,2.883120709420401
1244709,7.290030720387127
5639596,2.782376988705433
4869854,3.6376856705996445
9234821,2.977742910032819
5994907,3.9132615203634296
5118212,2.7214373945180603
2736480,7.87747257723313
9186968,5.306917749315413
2052830,5.812330724775427
4138239,5.404901713601598
1552065,6.362389297302601
5982532,3.7258393840799338
4980343,7.080967406118737
4377301,4.238555451680053
1223988,6.843852733110617
4677261,5.0836528042649345
6479458,9.329324665714065
4882616,6.242166535000347
8107062,8.53619510763477
9416937,4.333726781492603
4639795,6.77797941598438
5045311,2.524751236650125
8405626,4.588984045167523
1054121,4.464529859878975
8638357,4.873383041690599
7119679,2.8170152765572847
3216101,2.49720275182848
9461462,5.471280884864479
4347766,6.362519015794675
6298514,5.362942341762597
2539617,3.8846966502315743
2369608,5.804440762654863
158042,5.365729605592905
5571356,7.2749058729740055
7721332,3.1755812152800718
3830656,1.5532566614652978
8335735,8.080586688622486
9188895,11.97544858130894
4933245,4.972937248388012
816989,4.118534061022152
4370169,4.675791086193794
752787,3.315173035877703
7856109,10.502847409185144
2485451,2.081427206589287
8292212,9.744040930698583
9236087,3.832144160301226
2600054,3.9980050091457247
8403884,7.682303644426958
8023609,3.073425882886106
5942816,5.865120271036997
6627894,5.517533413826001
7244843,4.093873200887982
187970,6.180684374806802
7384887,3.4314752437534017
1132662,4.252362114610228
3955971,2.8576172539905134
4562582,4.843572080660922
3846340,8.060937530593211
839005,12.733721456157294
9687829,6.850225442469408
1653647,5.730233825295194
2178327,6.401532917837333
4830599,8.157030895384427
5741810,3.1962855529706777
302995,9.906332768778304
6792950,9.260867325619374
9244009,5.313555271272834
4706318,7.03108602337754
8852232,6.139724045268631
5959436,4.720691488285327
4809360,2.4956070647640347
9362958,4.524400965883531
1419184,12.669577340523094
9567976,5.752435027669752
6732864,3.0616000827997705
7541036,4.627749183464233
6449871,4.122632780718404
8574835,7.284518526052532
6698388,11.189727384210794
5936853,4.191755921396128
9495550,6.096604490548475
690304,2.0685518528262894
2841724,4.572282113035045
1646428,5.876552066257191
6802827,4.727518164282072
5338013,10.309957380986512
3940419,7.102330471345276
8241145,5.933050090998919
3496620,3.331807073167817
3151637,4.0461176568580335
1940673,8.810852668546827
3098653,8.675412449800508
9711133,5.20505858512648
7689725,4.9596176557121385
6515800,5.67640432393123
5192566,7.280865670562028
468686,9.896919395864145
2126940,1.599621122822628
6054418,7.217130701092895
627546,5.109271982111176
1135550,5.336872790185573
9560742,2.5707638098149745
324960,4.852906979095821
603063,8.738035178542049
3806227,6.3988445107746275
6237615,5.209492178494557
4692351,4.66660878783477
4574658,8.24070529493705
2753403,9.326944935226749
5651014,6.872262405622051
496637,6.15915196887482
8013074,6.19306742265385
9104568,3.1253362905837037
9946638,4.313728383144351
9740307,2.045737865315029
3822923,12.226162420395557
8057501,3.324355323939332
726882,7.248968846079533
7171795,5.532228703952597
4575227,10.69776510478455
2827367,1.443897273923795
170416,7.07673978787964
4244720,1.8347612045614834
1587376,4.798045079099789
3406882,2.636896379926628
8104019,4.2069461341461665
9764864,2.1595954469092336
2914369,4.450426561595538
3159982,7.092811141142462
9861731,10.185124396198844
7284114,3.4325110103191743
5491927,4.615276640469369
5557085,2.9252983627377636
2675196,3.4981898112476144
2527782,4.211838031764125
6081969,6.952152077650428
4650512,6.109114603902027
3006481,6.733054933551174
9767145,7.549392157417113
1844094,3.546714984489443
3595705,8.586271931142244
7611126,2.6017034147495757
9026745,8.020181901165712
9488963,2.3562390096984203
8330215,3.882155286305535
3938270,4.432936413295308
7374997,2.0423702697527197
5494077,9.451893474680343
4547905,9.602956344253785
2201236,4.053186203051079
7997964,9.807214583466077
3263341,4.450457833467974
259708,3.9884561531612643
7978897,4.928000878695176
8375546,4.0878316893680235
7047111,3.6827185920934973
462796,3.7987168797576456
601856,5.221251076651457
4539221,2.2211781113614153
8761672,1.4363426473003285
7585581,2.6511531408165996
4283475,9.726785520464002
8260144,9.626270027264471
6258528,2.6016654415277367
1171483,3.1804894440784213
7452441,3.2922082377547808
7547023,2.3997065544418783
353797,2.5679416726084043
9102677,6.84638520822649
3500001,7.305432810386023
9925449,2.523105429477502
4710467,6.43678677201444
1257168,7.8118312616114896
3852858,6.053979772514351
9434547,3.749138697891644
7029225,3.179601595997463
1262930,7.878007488692862
9028859,5.303933936423497
5739479,8.666087545986267
4363457,2.723492177708347
430479,6.29376488366983
3461249,3.0805051302408155
7941931,3.4195445304294863
6722126,5.1886461301397855
5408036,5.6635653984210546
2691828,3.069064411502229
7350970,3.4487173241494
9362232,3.8688248481468355
9707715,6.831427338882957
7386987,8.18660661978058
4055768,4.608695922387932
7352342,3.4040638336710036
4194933,5.223756119608414
801002,4.603113865738618
8106182,4.683475601020252
3483122,1.7648231071036302
9422634,5.091636872405924
7895156,4.834593811125617
2299482,3.543968250511318
895651,8.62731432581026
1391550,3.4922793598562896
1869854,2.840964508929676
5424991,6.375856475289375
3735484,5.121012453912594
2679237,3.2085863930428746
4494778,3.676904069323152
8975876,8.61406805282871
1214685,3.0866770415204208
3573392,2.509149174724228
1320175,1.8295816999913868
1206297,2.2988854180081577
8333955,5.920768984670085
5312421,6.28959190015642
1486433,9.53227295202673
4406654,5.94394268066115
2023227,2.320626412933573
6001969,4.956541248268619
1341397,4.029505931062236
2171682,1.6685857087169391
6047882,3.4571467521069716
2735732,3.2023190655895952
5367314,4.145274808504535
6473275,4.0485815928970945
183429,4.98924788617168
4464522,7.367132207865158
7538307,9.45154090874669
105373,5.952734393429456
7625860,1.830919871394865
9670405,4.331358682882979
6281511,6.698930856384521
1342564,4.109365366074699
6133001,6.113484944632461
5725331,2.8081497994860705
7903374,6.92947123903037
5051303,2.562042646163922
8249086,7.334028519054405
7216759,6.529800788152713
5636522,4.871471004216009
3029013,2.1370944514507917
1044322,3.2713810359401574
2467727,3.038746354522236
221382,3.8652895733214656
5537285,7.863428361963985
1759275,3.243412132465272
2575766,9.743202617611022
9328650,2.916555906286639
5609913,2.636326304493529
8679544,7.278659508976029
6864279,3.7309384700524637
4672894,4.213422858290401
5718846,2.3924156757918347
4250664,11.36489676835744
9572605,1.9866423433687115
9152203,6.217466556335719
8895783,4.087021260521418
468059,9.219796296950937
6731851,2.7519158278485327
9670054,4.501190518974328
9012373,5.127782343113737
5373216,5.055768605252352
4276613,7.2442704056481
2696579,3.578964727761414
6168009,2.496832674661574
3413321,3.197020831537317
9961722,4.330075451431983
15874,5.295601741259444
4367170,4.9653272551010135
8422334,3.636241847714524
5275470,2.930264305826735
8402884,8.925156722542598
2401492,6.7635724861907995
5989501,5.268751220674799
1143135,9.691324905222173
7932564,3.3311421382068045
4576571,3.704041491675884
3775434,10.404798256971812
2306454,8.791279404367835
930025,5.733129192539364
9463953,4.572187829323669
3253480,7.491995728951676
9499582,4.027055306249131
6873448,4.691749787622144
6723001,4.507675603584578
7028426,4.158113200469032
1380138,3.7550161580582913
4763759,5.44812744395479
3645334,6.917346415263985
4736634,2.5715507255407397
703799,4.018131830626172
3289275,4.6501531283637
1392157,4.251618249120165
6922226,8.039372165867281
1293835,4.16891336957323
2241209,3.0122849582175664
7314525,4.8209225786162575
9893104,7.101046189762556
112142,9.772527200614995
9462091,8.581264133866217
5030274,6.8311379641231
4871480,9.446205450205298
8988789,2.5333068559397156
8765246,3.982511456533763
4792734,9.141109749245247
9085430,4.047076682223631
9633305,9.728084353017255
2994325,7.028624438589092
316171,6.595394320347081
7892847,2.766489174719749
4437204,3.928221334139141
9168746,12.547776106109298
1373920,5.76708166976738
1495911,3.640224799439328
9000808,2.7574161102750656
1198724,3.822177759989422
2922250,6.244542800047522
1173034,4.928468490689985
3465553,2.976020514998965
6921566,4.030335089063661
2522816,6.2769485738736215
4329340,3.24124946517726
1105379,3.2813341349307725
6774015,5.165140076509011
4843266,2.173574335127495
2787870,1.3016903767971282
7031396,6.32255097834272
2902552,2.017462571050371
8197812,8.839239727462315
9183225,4.142795490792563
6769176,3.1367743630281915
7791387,2.8965220637810702
9437606,5.34637592605909
4241021,10.087001089864511
6507746,10.14560591493561
445525,6.943739903746089
1129169,6.597107917054277
2000691,6.801284811092937
6189414,4.457437067994965
539353,3.641125346238347
6592641,3.5020796763314466
3055658,5.190400961410578
8368820,6.816015467884597
495419,4.0104892842077415
5015945,7.292550592178918
694362,2.744413243740968
6139694,3.7785022722193857
7526760,4.616366271061677
8639587,6.019152030371364
9059290,8.493409106656895
2985598,5.24255089385069
4323980,6.560383085622715
2156971,4.26218561829978
9125559,10.842079196652074
2689873,4.2224404129641595
7489260,3.8202813300404994
6335507,6.03376439368422
6817982,4.898244013304551
4321427,6.5935274792628995
6055112,5.336379840057633
3855596,8.871289040007682
5766753,3.3874203793832995
7542050,5.738623570148032
8302028,3.68541406539136
2511138,3.3301415944087838
5951421,3.2965247886724316
7472054,2.829088608169315
2452736,1.6478849144713414
633180,7.418944770188667
6805125,3.093270575058624
1412980,4.165904839048618
1818123,3.264635853753398
8243498,2.5812599052918923
1847306,7.862841352686171
4936801,3.1981431309974178
884818,2.491206306850067
6080259,3.447300757043161
4616994,4.128626223711224
9335701,5.2298250489242815
9839864,8.170119429002993
8727584,7.578858650831053
7063660,3.5930501168145326
5047122,6.757764633148994
9636191,5.514930098229115
5686028,4.127945703707086
5733125,3.034623967854004
7636185,5.859567975758489
1950109,2.641258466815412
1818454,4.284430904031047
7561398,9.27066991319226
9070299,4.6574910369268885
7170903,5.933699486958329
21826,9.103166455496007
9491648,3.7788264825436957
3479665,4.393511381869676
2548383,3.8049196253162214
7797802,5.910745704267072
531586,6.922159262589472
1872914,10.172930147854304
7205851,3.4783879756979
8787825,2.114798313929679
5107821,2.464128960944929
8663411,4.463561327247072
6258287,6.283222265930276
5582434,4.346075605497713
9330741,3.954512358138374
5011498,4.844995372642336
9832438,4.7235930948437135
6885554,2.510284323243155
3478575,6.543200842300165
8859211,5.710425814882238
8493241,4.8153860305008935
4223912,3.09499803505213
7472929,4.270799125171038
2244263,6.595248229046248
9490746,4.086514106817473
4676919,3.0706738700007796
7266742,4.599104137059235
2652499,6.218055173592226
3538725,9.527019005119195
373751,5.926537987885834
1007857,7.79650785630848
7398583,3.6496130717384037
1420830,7.007068669707025
2890719,4.311791302345409
6643357,7.071904018111774
2140499,5.480285307243603
4502779,9.406759059558532
7969100,2.4901334269708126
3743615,3.690894954428699
5435447,4.061125777382247
3607645,4.101304076077366
6189583,5.6422566117139565
5391704,7.989794361944279
3749991,4.2477168409664205
3645984,3.063663454255491
4857923,4.581859751933796
6874449,4.269575123077055
2933916,5.230533458467212
5620600,6.740546933632519
5613510,4.3670102136478715
5962612,2.5697291925109313
1500706,6.094136495371746
1855844,3.2959220335087043
7761509,4.5277567126465845
8983185,4.711870301909231
6981269,2.894171539580114
5694727,5.141496285485994
1297303,3.952666947008077
6035687,2.579430521456843
2967803,5.912373603086316
1828717,6.447557546856656
6969626,4.4075071583623995
2564587,3.6776388638253743
5552299,8.583113459865958
661498,1.7531462263248638
957918,4.713601212810445
9041804,5.287074931341545
943346,3.5489572585614972
3393668,6.9479070147350885
2558664,4.534017065474324
5611222,3.004530336900192
2846751,10.803507805793657
3144610,4.213813548126666
2303894,12.524180285117204
3411220,8.807995827038768
1393212,1.9018891700807994
2139186,3.766825544578248
7560508,3.4212589506563837
7991106,4.414174007969728
455276,5.742908583400867
5417712,3.6650795424833746
753945,3.721999633416342
3172672,3.083737053166848
4299911,1.9824196325067303
8844732,9.987389754681233
909502,3.917490067262478
6072675,4.555502817474489
5149573,7.400834619562161
757381,5.064096488287273
3141044,3.0853536108282045
6800004,3.968524803324374
9307732,2.860497984795289
2668503,2.7545471928349974
4287362,7.301422288809661
6583266,10.456194075832064
1389364,4.932867603941608
764365,8.083459928801998
9172046,5.360012186302631
6390840,3.1234324264142943
7161029,5.454671150943307
7203021,5.634598292983622
2753452,3.8425519026754515
3942286,2.75712554884964
3395263,4.513588913716918
4566975,4.123493935747669
3857054,6.8564497757621785
1326801,6.148306234254098
651795,5.307361054281827
9208322,2.509195856026326
5471630,4.063955737901807
3865878,9.761014331044656
9558175,4.8270811357222065
6540862,4.008493856967483
6189871,4.139026009624513
6501874,3.810166718523934
6771776,5.718965556050684
870073,8.425292744610216
4022480,8.853273656778251
6656041,5.235893193169591
8137620,4.817741401211946
5640970,2.795680333437361
7486079,10.579707562227746
4429319,2.7271527515592915
1538187,3.029808985478375
4621935,2.5579186652912536
3370499,4.209972307536512
10827,6.332501602110727
9484129,2.2696564457432657
3574406,7.074599371160974
4311536,6.198057237318505
9502014,8.131526063883687
6189249,4.002028585489323
515453,3.2416879636215272
324414,3.62425352381992
8897113,2.348754592772332
1416975,6.993096335937016
5374703,7.604746494137319
2336039,2.9889934259573767
2442292,6.630856491542451
4918815,4.6960743833663585
4190178,6.053649865948206
1181859,4.508934395517287
4263781,5.704145673706844
7616275,7.909152605729423
8174424,3.5984259069118743
5417547,4.09823150469764
2494617,9.25662313814455
9975129,7.172002258506872
8990047,3.729375130115762
6893922,3.492608279939993
9955603,6.407023284630388
9348572,3.7636309234185594
972069,3.204954356558357
4795665,6.10045737058725
382569,5.838553985380011
5410774,7.3468441141223
1598846,9.741725954142833
8049904,5.439306144926628
435053,11.630724399058861
65135,3.8800617141650147
2878676,1.6258071975349317
6699704,7.970661775242554
3941172,3.4101551463291653
215232,8.714422818637008
7657105,4.27243074179319
3585038,3.7467016667696393
1453748,2.7949748263132865
764580,1.6499771572350155
8229349,3.3901137266057164
8110363,5.018799817668119
7336051,2.9064551932166705
5753403,10.387717762603348
3844972,4.57869183052647
1681385,11.153007782419524
2654651,4.869144581497567
3861317,4.677839450026816
913883,2.851550624261452
6930996,4.186890266886043
3073258,6.185838603026104
504851,5.24540258852989
5998863,6.0743298901205955
3359561,3.4806388159574277
3544232,3.98404069302498
594735,2.5422780092698534
8467592,9.107790687931391
7433085,5.171020072482447
1842149,2.4145486690493483
8976559,5.033610823924803
7405549,5.910023247138949
5972229,5.458285966298115
5717435,3.6385510988735574
55557,2.756441079547134
473149,3.696275950893049
2454803,2.8024348698907704
6782864,2.650998408907106
2814913,2.07098793449964
7971281,8.955568065701613
191558,6.690639104834292
9061364,9.81705671357597
861710,3.1167068828257554
8651592,4.470467600527112
5131387,4.207701794107187
1459765,9.712096305445662
5661695,3.7029468091446187
6941177,7.946969881394843
2812511,3.247470726505313
4622160,4.12913045961584
1669645,3.3407385200289
8506738,3.771504967556919
7683026,5.299481966922347
9424782,3.8434085709708743
9526333,7.7734441233506395
6519369,4.204399405473051
5778547,4.624437305185486
311411,4.287331384781018
8107474,4.068911713655944
6195611,2.2888369419173014
4257316,3.7587948567166305
5446644,2.8728391481035906
9397681,3.0340456706911945
1286508,2.1072029466526594
963442,3.2837640321670394
2189515,5.180937258986015
9888830,6.762227059030769
1465874,4.808367142467616
6615026,7.30745368371171
899726,11.173818498067506
2298502,5.481220723485225
7372554,2.8709553132520487
6887717,3.421694905188466
8199667,1.9356917299812237
7917348,7.6890181329668295
9964114,3.267602223737994
996605,5.1873984495641325
8875812,4.524778064554671
3342221,4.249471242593686
6284379,2.7422060055650723
4391633,3.4564903737285815
2813261,8.812663993454285
6009149,5.887071385171033
7734063,6.226804626297597
9894035,4.062765298751493
5448798,2.5718968835439044
8136415,9.088567747762161
5159652,8.648577787185179
5407831,2.8936881784618214
6418878,5.567676359576648
5421231,3.353638583443489
3835301,10.478519548752415
1024276,6.034533930869547
3432471,9.897706158758025
4662901,3.843400891030475
4528074,5.525284395722624
2118301,10.328877713607056
2053071,2.281977395358747
9588962,3.5164493696657253
3072899,2.707724012570285
5411565,2.764440552339296
6305030,1.6908576716740533
7671100,3.5504606342680582
7068144,5.992046161402394
2580204,2.775669850291467
7404480,2.0805106257377637
1994224,7.237615694036313
2897666,6.408007793124988
8645804,4.253761477586577
7068962,2.3403947521877635
2403890,5.482435246814561
1960199,8.269588834208758
68955,4.543844571479775
2615987,5.4190166531502495
4708253,8.914693125159356
8222960,3.966249040670238
4787482,5.342090950109273
7096570,3.404485048344626
1070493,8.73821933058699
4733155,2.2534201957958206
5095067,7.616315809611416
7116593,3.444916723140694
4702842,5.602962770578229
6822531,4.294868895743626
9380708,4.370035609107482
4922826,1.9973100065126514
4285715,4.495513860209835
16016,9.890405863476992
6839516,6.186914276677779
6386638,7.109164952428969
6904299,2.7238315448276267
8684030,5.317927210218521
9897966,5.503939918683242
8361045,2.6023451490014615
6498971,6.167046947523016
569250,2.6805857027014373
5831741,2.627660164390905
3511937,2.562677679066603
3305652,4.948115774540291
615164,2.9586059906484343
5312580,3.2575132051468842
2502995,1.2940430463711852
9868017,3.135161146764907
8239039,8.317425630469689
3779379,7.32379822908121
8577967,7.414822765718451
927590,6.092742114032282
6712483,5.506558586710561
5138354,2.2303763322299006
6502250,4.604294332480787
1896631,8.371835357446358
1197844,4.623379701125691
5729125,3.693606531104907
2295831,3.7732419771413284
4836958,2.3076987454169187
5389280,6.380601812407491
2118522,4.729568222499642
3452527,8.705420058726085
8134849,4.9094520583694745
5197042,5.724521790662218
3088958,3.778618643744433
1337261,4.830801542790745
6017317,7.2520436214860045
1665630,9.07380051375028
181493,5.0049433519035755
9551538,7.66180111702913
8863172,3.4563849679157297
210691,6.293745533425928
4632078,3.0988445548451624
1039686,3.5701301180734846
4056504,7.344832308879097
6158020,3.5478920111042833
5043663,4.956804480864132
1903068,5.861737796087533
4546752,3.740888907758281
3639721,12.303878507844438
8422535,2.8458048206797075
6011516,2.7125987159859637
5087905,2.066911564355775
7632561,2.767346124023795
9853479,8.917740814846454
4169588,6.562942998553261
6780738,2.902790246470242
6315121,10.105170598189005
4713307,9.642820451696796
5510597,1.5042417213623267
695079,7.794040064737761
1515266,2.4234104680641977
2794813,9.19622204983277
2309303,5.92733974188982
6843929,2.9593903800833234
3478532,2.735070008859333
9953967,5.15290440799768
6688126,5.26572249103207
4647279,7.366954855607768
1045778,3.813794220579638
31696,4.395975414911929
1872073,4.945372110051875
6293087,6.730182742636547
3122096,9.537295369790868
6824486,5.610877246981536
5175046,3.392465252929296
9272191,7.023940754175051
8006196,4.0467491407078375
3297751,5.0775665286403
7479447,3.5685199972305623
6832086,3.8691494734172176
8249706,5.356007463035878
689147,4.828580445770296
2576276,4.048609823110969
5439857,6.575120454967144
7505067,5.820917460455005
210418,6.042003588898883
3074574,4.692835424838579
6902006,4.542477449045521
1226247,2.7421363995198105
6388373,3.683147243281196
2740233,9.58149271131294
2677270,4.379776189229436
3909554,6.157896852199567
5459098,6.330437004099967
352946,4.474023256856269
573534,6.637696559699494
83056,4.192571087253453
9619056,4.669070617002908
6666891,11.210577091409185
1664853,6.108167877436364
6583974,2.1689493461275866
3093660,4.180332753194258
38588,2.9994624298185992
7872403,2.6235847512282007
4675429,4.550610538346132
3711129,3.367092742574995
6687511,3.462880493508006
9940937,2.382239331504647
6436101,6.817885820178914
3688391,7.726111237522386
5738710,9.561251113286794
3159174,12.196195456005286
4033642,8.122395954023496
2694013,3.1553248508548863
88394,6.106182794693752
8304345,4.60245337144025
1249449,8.80021141582332
2980657,3.6828574207389173
6987113,8.53524015841573
4758003,8.554304432600492
8716400,6.174793856328517
6085634,4.946606176802131
7015803,5.655239420301783
2607012,4.210804340807918
4325944,7.583272830619076
4899113,3.015068217267135
4617625,3.4429049769441162
8744012,7.449896755900125
6530130,4.2100940209616216
2005148,1.3017211139772105
96180,10.110948339971642
4566979,6.502313978714689
3884195,5.0907007372614554
8604357,2.0065662405640854
299489,3.8417308457318398
302469,3.6393251463870753
8777276,5.758019518239752
3970248,4.572374858350195
9658595,5.76676988191914
7748010,3.4180262821105374
5868159,4.347987863367072
5819415,9.109310443041057
4744339,11.219952108964982
4575800,4.236847691398736
2175776,4.212754212599338
729034,5.99749902921437
8470496,6.497932391103908
2402165,2.394886003439087
9678592,10.365695164283379
796426,6.942781804856388
5217419,5.439413846956526
8331358,5.8268670272446315
5039386,2.6536129583935915
6539882,9.502411005734283
9725063,2.5035228957166686
986026,2.1663425141790382
4108933,5.701435169090242
6249045,5.811872200034524
9801210,7.302196780149798
4125856,4.364171248137314
3150698,5.044917123371863
4890394,5.417247670969717
3420884,4.949925570479739
2659953,1.4546805579823736
9764670,2.1521589701010044
2689636,4.424607926671562
3953706,2.6188590310180344
7191561,3.2844061494072507
3248243,5.022877068241293
1764411,2.8868480425183405
9996180,2.550311286268861
1370415,5.084389076590931
3188734,6.985857057473236
2413562,8.334995256335738
1589660,3.1666273208194133
1623550,5.588114958652737
1111416,8.00944497821497
5594755,7.117013140019422
6502117,3.04154755948983
8731821,8.986163956270854
6716680,3.2821453542945394
9021714,2.9217465875596584
2980193,3.4376644484552017
5526430,7.718164430223537
1683488,3.931017429781046
3491471,2.7329093686366317
1592467,6.50344218844911
9408519,3.417876603909505
7620394,6.897054063804151
1826655,6.9572150385860745
5424747,2.991828132409336
4943762,3.3047664547399487
8842660,3.384829327186533
8356390,8.139561239896295
2296154,2.869606219518281
8365045,7.664366571404541
9123493,3.589494283219729
6452347,7.942683864831814
690054,3.4948361391940828
3190759,8.496792819228837
3886970,7.146338113373542
3498212,5.849143981880898
8945720,4.087481948981196
2621085,7.038370376438473
7291810,5.4189880532712245
9830143,3.2964430615634535
848814,8.063679533939023
5135651,3.3888586049507126
9886208,8.296138699065907
3752795,3.7105058006367173
1631960,4.346654267354623
7361822,2.466329431609672
269086,5.062529344666228
5047957,9.145245901020543
4473204,5.5249195583906605
8184904,4.338693119005863
8561637,5.233055645596474
9792295,6.405769666617582
2107402,2.419359997087875
6134101,7.335645757774973
2261822,3.323472371275217
3832083,3.9872476431362776
6211901,11.636735909449042
9466643,9.199727223198254
9016779,7.889736190847937
1403944,5.007742922431134
5787714,5.8050508885267815
1430594,4.480750270985769
1973471,4.15626296791806
9761207,5.274399641492314
7890868,3.9532141035631545
9584677,6.098957046702975
9872365,2.992322197486457
6818501,5.923809304872318
1037433,3.724363628516298
5434091,6.973979945002794
6584430,6.9654954088704395
5346337,8.497413927312488
4337083,5.916463182338994
9699876,7.241299321935299
6971803,2.9140609449822676
2734611,8.481031209531118
4763432,4.359718054238549
1520797,2.389709781951054
9679472,3.3189003350446633
4008885,3.1409420318726053
5898719,5.6912020825698395
3823836,3.692867415586666
7766065,9.612275328794128
687774,2.5784540948895875
6666300,2.210033934849437
9393657,3.9171810865229806
2486021,4.249281712793328
2439374,4.67790059657281
3447029,5.535077812692625
1825700,6.949811443239204
5987851,10.574133251494656
6523183,6.901007643568303
55649,4.714050346828857
3437914,5.886632637069758
2517669,8.250800531268082
7316286,3.0515231656793915
6411571,3.4507476777977186
5162430,6.433643177066461
2015134,3.787429028512784
5445219,3.1742032993368774
1725021,3.2066645182665656
6441377,5.063430181796171
981851,5.219288442289779
3918956,4.135995077482462
1737535,4.8160685456223105
4981230,4.478084745932023
8953587,3.3307921973531025
7478555,5.388289087852515
9172537,2.0098620104890283
6054589,4.242280185464831
8702800,7.9270107178915055
190708,8.641868496500427
7303373,3.516838313181863
1775398,8.231513127370485
7131550,1.9460170439853883
3007985,5.7933890906007655
7253714,6.204986422112551
4845285,6.646711291297558
4551359,3.2477436065868814
1043839,6.093967894879144
6546298,1.2458830914179604
3076941,4.713810953587906
8592982,4.31206187916469
7956755,7.354761277722343
3334341,2.7459848353674
8845125,6.851394177065947
8777652,6.175662299066609
3734321,3.8846740081492515
4596372,6.388379403638201
3505953,4.580767734926259
1550061,5.128437798849998
1182461,2.244986566760538
3610367,5.300971523989633
8633787,5.334638234168147
4694863,4.932740517204659
2788001,10.483701275866004
5023807,5.191819644287859
3811339,4.030885470973518
5767091,5.471579879337741
6260726,2.806331476666453
8674925,4.2339133634355886
4471406,7.759060362399377
9262996,2.9662694859672403
9279537,2.2722136479856294
460688,7.673989431312418
8912579,4.127145510243633
4796730,3.852381169416541
6599798,4.223821223856102
2254080,4.648498823233784
5974152,3.676466782149803
141383,5.742022968549017
2250618,5.626608873952619
6189801,4.883323971581294
138860,5.230298541635241
7178792,4.8354504784218815
4324251,3.7248075953245663
4181712,5.928119659296742
7862202,8.5308476303326
3583349,6.853174711351074
6028274,9.207783262670356
6164433,3.3664803342192537
1786774,6.349015211890601
8536721,5.148430396005217
9161773,5.568520155562039
639148,3.5749565835995933
4923331,2.9657344337808587
3029212,3.38902538245659
8653347,5.795555744627725
2851280,6.708685728353965
7477860,1.929145582524634
1869308,3.7280909099092616
2897169,6.506776469794232
2409482,5.521015068346441
9581430,7.064561602179089
3281253,3.2054537327120367
9531851,3.1490411346770366
1128310,5.664252606965708
3312403,4.518159366140218
2280824,4.478860593869801
9204462,11.00714783668612
7254837,6.48030903742656
1120069,5.9251198037450195
2679431,7.237883586184774
4681273,4.271637804869352
1573844,7.615018166060083
8972171,3.7225566346421166
8209028,8.80382169678425
4422988,7.143994465296454
5275951,4.374302953864268
2333469,3.7300431583153935
5697115,7.406503560608489
1020841,2.0822224215660934
4728518,4.2185904994737475
7040731,7.706438797529744
6810465,8.150861764100968
3610130,11.308363611488677
7045891,2.5066887940635234
5999097,6.234588731099159
649591,7.664241472423651
3018322,4.853987109827856
9535720,6.805184756706769
8746677,4.298708133672009
2923791,2.1946820667837748
6842581,3.4706786161483567
1879818,6.072229620466258
8488868,3.8950525842999055
373038,3.4060059394817928
6281956,3.1020136431001912
1729646,3.8446666066286004
4462626,4.653237911605837
1966895,4.7788921920266105
6600804,2.57378222642473
2298847,2.0072775034876784
2216298,5.593892767914702
7568885,3.792917220750611
2135108,3.5749113640993664
4531426,6.426133428140058
8190925,4.346724452590239
595094,5.025550727299824
3458962,2.3619859343910923
5921268,5.416373247515841
5352246,2.708089610651068
8296779,3.4182842857004014
3867747,7.826174516012787
7695029,10.336158503779151
2052599,7.303726154508072
5789245,9.207369531467393
6070430,7.933780590954614
3420623,3.4121655636149253
6330247,9.120917516468785
7500216,11.098319826526094
1946654,3.4442897728857034
7468562,4.197619856911686
6828137,3.7655537495763856
9004301,2.957388236400271
542995,7.300064415161552
9837964,4.089302786301952
7416869,3.5248836902240943
5872268,6.4774148586654885
1797729,2.429586746057187
6918248,3.054009618680018
5479103,3.2917515963540662
1153412,8.508699651804365
2480589,3.353388103646868
5814872,4.04982098925336
9029875,6.830521970844386
8825061,1.7911619181051177
8269029,2.2100106849278074
7315662,3.6053966874932106
3194158,3.846516098319351
7349350,7.103037283436407
674294,3.0668050391583286
4312617,2.6540162206769886
3608086,5.620878083760681
9844475,5.594397646670911
4416725,4.173372616070556
6652473,4.272098884920262
719843,4.619102543959753
1997484,4.615355702153604
203222,3.5973199651935484
7605769,7.324585994597021
5098347,10.971414125613894
4612991,8.272874183198612
8621478,9.115484065385026
3965133,6.394368872267154
9061090,4.074788458671797
1334128,4.41014165047135
4230500,4.216709449334102
1798667,5.1302830998066415
7986831,7.11476967291512
5253629,2.2915179875196543
878223,7.326891727370851
6953315,3.4760408001491263
3534624,3.411588385748625
6775648,5.067793259474697
3568437,4.107357188038651
9912586,1.977686584000468
8153683,2.4699205986314086
5839182,5.5606030021598984
5120364,4.743578695596205
2216537,9.359108557275178
1520536,4.16479220490276
4785759,7.241451649966704
7969721,5.650338391561541
8347930,7.770857277565787
8030564,6.4084988745814435
8578452,6.067386878198186
28534,6.620947427799931
9911665,4.45880758719901
2220752,11.581319726223347
8023524,4.410536788720431
6773790,7.0711531024871
7796767,7.056585889736992
9999784,6.159793942083292
2791877,3.6624170612554026
5394283,5.075267392601656
734962,3.3754131812291055
3728268,5.547286758820523
3483922,2.4394527067624834
4524300,3.2611162432455485
5499770,5.495088402258185
4122312,3.988365321077733
7856275,2.7154687576794334
9111379,10.889621256899119
8225477,3.0971185755896182
5145418,1.4596788819002038
6750238,5.725655032060912
7717395,6.7889228845534895
8033988,4.9507894164447155
8526507,4.965236525524562
5132763,3.3854768532832704
1545397,7.690791891257726
556593,4.346899351542991
1119385,9.000616666406788
5207170,4.823619997048766
4091580,6.115844162020012
2179673,11.399979725213367
8476899,5.081218165388671
5334921,9.189604519273324
7093463,8.785234471790705
2235711,4.755102966457596
178332,1.8125664619589459
2191627,11.967803377088549
5124710,4.461400378725397
5656200,7.750957450885691
1670787,5.8386915351250375
5677686,10.115310182600448
5446612,2.846186566915083
9024186,2.283390114446314
2650481,3.8140780774625593
5733500,7.986533891384678
2167456,3.622471457397917
7819096,5.076741261648285
583236,3.1018910148643006
997320,7.126062278352128
7513776,4.128952100924982
3227066,5.6047760753979965
8901632,3.760662864201608
2956494,3.7327948529899433
1129905,4.7650784148817324
5003406,7.679896843865073
3967551,6.864076344889166
7343374,6.0474485237238484
9658790,4.591672344633512
6939930,3.0039310635034813
672663,12.501706976494567
9365945,6.29802921636693
8791829,9.197057187866683
6183835,5.110721439228068
1761364,8.396773526958906
1610653,3.384919228070126
404916,1.8592587726911813
107053,2.028633950662775
6732840,9.339770709388215
7522290,2.9518168079781284
4163902,4.329229250673054
1777089,3.298781516657355
4348900,3.5643416722713397
2648878,2.029918383782877
8735215,2.0646219969391764
5830868,7.3331797673018455
9724962,4.111364225293963
4872066,5.29221313853406
9534136,5.062404775282295
8110751,2.4935598596836606
7951589,2.1279599304110257
8711779,5.622211551022998
4073485,2.9014981547865526
1418575,5.989925050221262
1936943,7.641816169249476
6987335,2.658122080454964
1034797,3.713419618234456
4721739,6.925667791471879
561511,4.764602682828128
7260641,6.1710520615507205
6502908,2.406655927484487
3725508,3.785583056879791
410818,1.5833210459757632
8675650,6.005266964822564
3036292,9.385160301006518
1471235,4.47082560878639
2933615,10.30552337884151
3484236,7.524961003229498
3047426,2.6786510092259275
6878669,3.187729096500119
704365,11.450836232459881
6219000,4.685946009956902
2795259,5.7034701306152495
8650701,6.223360799227081
9992587,3.153624778340767
6522455,2.5044210852877393
363032,4.147531839515363
792143,6.204635819162343
3253453,3.5022705414603172
7122939,6.474014541768732
6843604,5.2763633216341095
4245828,7.127650871889667
853455,3.39829243656033
2177845,3.670816141064997
6491924,11.637771174729284
5209733,3.40293856128743
5727222,4.505071199149944
5042588,10.373985763144562
7336531,10.233768503206099
5335558,3.7923609512097207
2207656,2.6439981030290367
266706,10.193886183437254
9488788,8.971058197371793
7115330,5.493238656459064
6988016,5.805260652876371
4853382,8.646381752787725
1499177,11.587632970726027
3402701,11.017070586435237
9793330,3.7527094990307237
3547423,3.885398487070648
4187893,2.9153448350830105
8542487,3.028324556627567
6641691,4.945879999659821
5989419,8.48767437187281
6784617,4.80386557369507
3398380,5.664129561737427
315433,5.30050271849036
3375050,4.152919488493955
3307606,1.8410285020948502
8593904,2.9948035864876816
8494252,4.645867060567486
6200672,11.857443806955246
5093009,6.824901731319004
8446439,4.836617428513731
9904233,6.294575838556366
6239642,6.160828328338969
4481029,8.426188820191848
7163152,3.581268708642785
4051032,6.062184440392088
1852439,4.12803335479221
6673424,1.7369812569322574
8341317,8.811297319358477
7464449,2.4986357612604166
9100454,6.446765987135877
7601314,4.521840632104761
7960538,8.165411822332327
6079849,5.115792130173599
9554164,3.9637250385966034
868669,8.387379722321533
6670470,4.862810069964821
1417939,5.241423279826062
3048067,7.02701673983208
7459875,4.038824561667203
7084282,3.708165163833355
7620897,4.472477802285436
2727770,4.894641237646794
6931292,3.044060279731239
6835821,6.786909942803177
3110459,9.432625754235488
1084995,3.49367033791352
2188895,3.652656796537615
8740178,5.514169437347334
6937025,4.550494420884405
4225942,13.215015338229357
2982801,6.217091462510076
3803039,3.2834217530452277
3921901,3.238778114191875
1505370,6.098118036511043
3426715,3.4551911310566297
4902780,5.58756480620805
3041604,5.683055808016393
4990886,3.6833436856477935
4484650,9.137766835020322
8456764,7.165094006081774
5127238,4.196400650279832
4517359,5.082703776458607
5454353,2.5755031023838835
4771496,8.508454145722544
4339807,7.111296669705097
2718911,7.272740138842661
7499364,9.765809436742304
8566208,4.752432927518763
8777579,4.0022556722525255
5499617,4.906802732214224
9041244,6.001252230291203
3240834,2.741413748277148
2456446,5.588257886150005
460715,4.77764061153493
5287175,3.8630641993763355
143419,1.947197937462409
418145,3.9701753170907894
2852836,3.013151582360899
4389610,7.22204796435342
4063961,3.556624460642413
4943457,9.24131068782026
9988447,3.3007100082551464
4519265,3.7362219316518273
8052463,5.633515452850459
1836061,5.322275342315753
4623388,3.6175161414656376
3427895,2.441766372658394
1181465,3.712566778921398
1577923,2.0146669066276934
276952,2.6744704906081296
4402820,3.159413562556582
885301,6.712741261430598
8719466,10.043498653386397
7327330,5.219704439390662
84481,6.286459625206037
4490989,3.289715659966642
4168916,4.976565782044825
5777530,9.151704750191763
1717402,5.171877606455314
6394427,5.1325051694270485
8459516,3.484620010697775
3254648,7.686239996378626
5491958,5.68492448353657
7627408,3.7099466569171327
6059624,6.701945426908504
8359302,6.588415093491985
4401384,11.223067463391462
2736997,4.014038284359105
4746857,2.0809390379980623
935696,12.383318237195905
3508860,4.395358429433893
9474998,2.606450668972589
8273488,4.053341256295004
7995255,3.840776841387233
1740565,3.888720614728115
5915841,9.048624123046363
8339675,2.972940051317184
9345290,5.035293553418658
3489896,6.153830657119229
3186449,2.7834391094033237
8848686,7.155173107818532
2060229,6.740566909711924
3715268,6.333803205609628
231385,4.8144323830322975
4802678,6.577583388884212
7098754,2.8639132191017254
4679624,10.597189221915999
8562152,7.598877364478728
4734585,3.7823330904434114
1923968,7.625953520709714
2804574,4.919772395565909
3742359,8.014234606376089
2743530,6.902596398135334
4954477,3.9163311100144167
214665,3.1091266511778404
139208,7.059771805768557
8135605,3.011400668667912
1155186,6.172612914134957
4932514,5.983138235255571
2611405,5.520366652433533
555697,3.9103873730469374
8355049,10.153485857479774
6133387,5.7905809962208
2178986,7.745903748140392
3850577,5.206807905959628
5037831,4.097091508886696
6419848,3.748648248990408
3149344,7.384985958045479
9318789,4.532082762081986
1194524,3.7077223422896277
8531803,4.068128146209448
7553201,6.775982315429239
368873,1.4839604796753798
958994,7.974498975710254
2462414,4.7222953974019495
7289476,5.490992250122838
7058242,5.446179015814217
5814998,8.812123338858317
2416331,4.65954217848794
4750954,3.6021098981449895
1842545,2.7414506543464796
5654877,4.912996031519028
2045789,3.9472819244294337
8414311,3.6170784506108147
4422147,3.3715931556647667
1934889,5.004530272433309
6588444,2.8141551148294197
6519650,3.2199661734891047
1106582,7.615670788684138
3736787,5.835767775534359
4322193,6.017164879240585
8284468,2.3932680601516125
505301,3.8078427834503215
1838975,4.206859791646282
3841606,6.988559918036807
7269694,8.570010303716579
4784154,4.596019918998959
4343326,8.907795875984252
2339859,8.651688626278682
8384085,5.226289045306414
2355581,3.8864084506004724
5600663,8.304473236347881
3120038,4.6602322283300674
7150717,3.178608477481591
3996174,2.2008291248910337
2048205,3.879843836734154
169787,6.493953357469892
8442875,3.9472338791267365
4216352,6.942644964245071
4219367,2.3682309524842555
2677175,6.716329205098857
1095260,2.508835486159716
575755,5.073171332921112
5806226,8.512768163761438
8698522,8.321637425468097
4134085,13.116468135819375
5144192,8.690701358309965
4838067,2.994564057909333
9389927,8.475897940300108
3369810,3.1771533793547686
6537828,4.696678048288254
6927808,7.355189908699774
5372726,6.171116056382594
2442471,4.849146383633165
8709606,2.4523734990522175
5469914,3.4028019979018236
9929967,5.93164650528052
3100340,7.453554087230721
3469714,6.170170273560416
8130322,3.3878576523929853
8727365,8.520665640117109
5577870,4.128698203851178
209435,7.207011406568268
2716400,6.014418340807309
5545683,2.9821908176336054
8402074,6.429664513728449
9232379,2.2341424588503003
7493002,11.72538145312761
1307442,4.787833649045675
6196997,6.686772630202393
3196342,3.9233972172046787
9752173,8.446934666335526
3260703,4.356813215490008
1033128,3.90146884184888
5244462,4.270539395172195
5697647,4.141858112840094
673291,7.434015240538695
9621968,4.317354309527326
9387802,10.78414925131422
2941487,5.625249079427041
7780367,6.416442447756477
5466898,8.091180786862335
9218132,5.427667838479553
3820304,7.624966326137223
809386,8.546219102001963
8715506,2.1216983324785796
7672365,4.118218910878141
9932616,2.299865632576274
2497262,5.222013829122803
8350754,2.0824331100340197
2281748,3.2470886812269386
2641512,5.0965096415967475
374447,2.744248265836257
8476682,4.196030813191543
6165865,4.900182736835635
2065040,7.893796184394125
5216569,3.1671114602628236
4659002,2.742205990502366
516310,3.048178879591414
5728215,7.065432180316725
5368375,5.006343477762257
9257091,2.2732612866600252
1014371,4.57294517053778
665703,6.90101095116109
1722128,3.445778346793016
4825420,5.729880947411084
8852140,9.788686681499147
1368109,10.590966682440289
6318573,7.413534349253243
4119665,10.77868980753782
4693978,5.397362351646726
5773138,5.477461219239638
6087554,5.49699524712077
8288869,4.19351667136063
4999198,3.0169340710589974
9154971,6.983384472315599
7903643,7.358303520152416
806299,2.71287319158576
5770662,4.417780860866565
711203,2.592204732574533
3273387,10.34742091580188
7735200,6.130816585382436
4813189,4.9385361480428225
8846845,3.568060322338402
880585,4.176128566072421
9675995,2.7455647365211258
6394099,2.3242614082829425
1692413,4.5440006405869955
3249622,5.8280180374334325
4321484,3.1850513969051395
4473539,6.95575905222906
3542370,2.589725604386114
511534,10.674809680940804
5176722,9.947010173436597
7697043,2.6595213099792785
3291788,2.2968084795050974
8383840,2.1902017546821204
2370455,2.556310255261065
9513059,10.918967729700668
578304,2.8930381468839625
7562160,4.336015358417913
2498435,5.830422422861558
732134,10.839721300109634
5757015,10.051973902153685
1872935,3.3128943756564513
1604075,3.5015451871439462
153576,4.384120908717972
2467447,7.681207285552194
4976856,5.809639271022021
7215477,3.5319778695768576
3450697,5.9252398648600675
7288331,8.342989050415543
2237799,3.0219004726672107
8956635,4.598279814995052
5612117,2.2208339057155806
4464345,4.205209978351302
4075409,4.16984151217325
2649531,4.273798764821643
5896761,2.0153026799570135
6860256,9.702843216998042
2317210,7.241466873031184
8337709,6.434023294044481
4756456,1.7272948738776233
3072550,9.05053755358629
3338718,1.9321520973647732
5217426,4.297216300588412
1941542,3.5069948163427274
3145112,4.867728600403259
9505828,2.7657421420219253
8385672,1.7555598138893567
9542517,6.9421717693825356
8232277,12.72472545083909
3954037,5.230897459655292
2854990,5.3217846349146765
6578425,3.5795296667340977
7981570,6.491488213720143
1655902,3.2137043936474736
2624192,3.59024362973324
8648815,2.68487621226568
9918483,2.9868000927064307
4641319,4.14279733059859
3349172,5.007746297397036
9953673,5.194539738322646
9844081,9.404917464418244
4928809,6.5112487198919675
1645676,4.3366181222676525
8594437,5.03801181584073
159223,7.019248166916067
2200424,8.74710388260574
6036956,4.211572973445194
521208,2.0418733540254212
5502955,7.765899187832389
9981454,2.603163087479549
3875784,5.013883340021401
977827,7.220409342834029
7806153,3.1504478884272187
1037224,4.238022814467079
2189457,4.998527401505754
386243,2.2755536330541735
7688216,5.130420306886025
8687904,2.2703123754042114
2928171,3.519100148239831
3234789,7.570741202658768
7767116,6.096472092055321
2878160,8.694193729244706
9823320,3.8022984408312683
7463404,7.990624812202894
5143386,3.4042257529234794
7747204,4.908343731282621
1798440,5.575658382421336
5511351,3.8458849789509615
771774,6.6404788138748145
9719788,2.662825615783367
3691906,7.155685993946776
7154664,5.469372642919023
4208544,5.111665269738238
5537920,7.2001042817637035
2113828,2.6055664143478476
3238844,4.462336936329455
9147160,5.015129192414727
3509417,3.4634815104956873
7267654,2.80862233530382
1142724,3.0859591480378477
5242316,4.804485345550918
5691610,8.232720404787255
415798,5.793542575650305
7611336,1.168283599286865
6703883,5.00104456557114
4659343,3.2053724220965805
5894390,3.796767569937037
538722,2.3757642294639942
2266128,2.5293461813428566
8458594,8.386808050252952
7572352,5.555193065088351
2820503,7.772911145594982
7238341,3.721906427584253
1665975,4.818328439828649
6179357,6.387189369905191
9503423,6.604186523476263
6238236,2.463587087160948
292244,3.2082785870706507
7972601,3.0441487725049052
219013,1.8157799740597713
9579369,2.420359868344452
7616734,5.052434466662664
7949915,5.110317424183022
8365004,7.275248500619163
8167142,5.725633491724877
525739,12.981215364682225
4959942,3.2490357245136283
5158951,6.102906383390974
7425040,5.960831414491271
7445557,5.899348953000904
7322756,3.375420381142516
6112375,2.891006323339947
481274,6.700167147179002
474778,7.749066741401281
4960741,2.7100863559694406
3969586,4.955745714111178
9078979,4.44907191320608
8730246,3.5221365569451573
5428089,6.0155813827787
370426,5.363238638588168
4263056,3.8785839255821024
6659912,7.787853834477381
8282400,4.2023563884276625
5109963,7.019366822297438
5556442,6.924434297859676
1999374,4.9367889169941
8304830,4.9320316539621
9532086,9.808835817730401
8495558,4.279443714192448
808300,9.199882097304611
4701919,1.8339436939466554
8897743,7.68275905190533
6282199,4.493522156977081
7137166,3.283123906956791
8051161,3.519571659791345
4265437,9.846964267601265
9656902,3.391209256156783
7150412,6.1616223350046315
9973749,3.9941219047665495
4308645,4.202287661674414
1180837,2.397451010305966
8716221,8.541443979165948
6322335,9.520791555342491
7110980,4.926321377695386
2804621,4.456357426409307
3533197,4.797372056602877
9135638,2.124505751716981
1369205,2.5845027302573773
6622893,2.3762403713254394
9878516,4.289234271670554
3895717,5.813170651908044
9274524,3.9209008690676326
5432641,3.224320544679374
3463379,8.013009199379837
8445503,4.420553993196561
5856647,3.5711849313870605
9624010,3.53701141940041
3747615,4.671146275980029
9101916,6.500505655002549
9684082,6.253331516547759
2449069,1.014094434612351
6927187,3.463584474190514
5121403,6.47569209943701
5713541,3.148423634799511
4137572,2.2925713516160307
7225419,1.6680918872574932
9085413,2.748034097554872
5045372,4.190157959870948
8180587,7.311267924894281
5267873,1.9574993707714015
2874801,7.749876721543582
4676045,6.569033547812447
2186808,3.587467456802771
66703,5.695233142845288
9559178,6.266673197596086
8270122,2.1244124689751698
3753420,9.184728959993267
5335409,3.961030171212439
581931,7.001898521178331
3809450,3.4717954165997282
5892606,3.5904639682233617
3916216,4.187438109125745
2133636,6.786082881225497
4266990,6.457360815087894
9901306,5.096450778753707
9574863,8.539644627199173
7844917,11.254894647521692
1202571,2.3452597495974574
6799978,6.5577617014098255
1125372,3.1757304424277533
5322570,2.488449031023215
3681295,3.3382124642247986
5464870,9.800300330496526
7209901,5.353369216246268
4553640,5.798039444795004
9290623,3.398232713943277
3595091,12.359774324373934
6872390,2.8418158056630345
9238890,5.267762689625318
4581268,2.753407702214961
4887973,6.12432232562509
8230545,5.394943300423922
1501850,6.9218143589242125
8097497,6.793062628014818
9795975,3.615153803363893
3968917,6.058812143904671
6328568,3.509234362714673
100327,2.5145060557944046
4636932,1.9659659985092677
6343217,2.6324494204412714
8300223,6.184843634248025
5260584,9.5004993804519
4699246,3.5903365019624682
4812060,2.1219204920249677
882836,6.165950657930268
8934022,1.8266530603947853
7614949,1.5022057098653285
7462652,5.076610078415438
7618583,8.16811373540961
6855140,11.103669516096373
2385632,3.0420905323128085
5610253,2.4480537113139023
1679671,9.296678140387447
5076417,6.7840748846567855
1244985,6.581774857415538
3737808,2.0594354913226085
444029,2.5245840124268364
9198002,5.4034535086261215
2271579,5.794019914612026
8605711,6.8101309030136985
9566798,7.832776628315754
1563719,5.61244424216979
3808026,2.8657747538628175
2901712,3.9918901125752875
3028463,4.045439158366239
1698425,4.864261783530217
1895403,2.7131816482194724
4237501,3.883083737310413
1611090,3.3432735231135027
2053123,6.481504872594352
1249067,3.014956255729442
6560956,5.081143993609286
739780,4.337275780221148
5533615,1.9217805600772033
8079035,10.577952529685302
3842975,11.354399374312571
8685009,6.830361856880536
6378087,5.053797584364175
9176462,5.96810774799279
1659761,6.31914919290376
8640750,5.377529598163967
3407414,6.451353120693183
8262959,6.393851086222242
5790857,5.690728789942678
1943968,2.782144568570005
3358396,2.7030320265945345
4989334,3.671894989298827
4162750,1.967102982131372
5301378,4.728760166629123
9465578,5.116714597788598
6749471,4.329725617339385
7923140,8.341770461947497
6504908,6.00706022984635
1020640,2.287264844159956
8174495,5.8538193043231095
3182745,8.275680441570394
241244,4.009053626598405
2554852,2.081636223859951
6289429,4.799587675574706
359495,3.7658357220918592
5411568,4.4629989375210375
5677023,5.60427435350482
3723813,1.9676828410377776
5575162,3.7803430282434998
12518,5.267867197079527
3765882,5.226396423233306
9429120,10.153787033261745
7176917,5.674422677590853
6690969,6.439258964804949
749931,3.126712898307288
7543567,10.429289515219502
4545997,3.694634528167708
590300,3.8652077095170614
4092910,6.133021699317822
6287802,7.8367233112420145
2008311,4.626998767764537
7590787,3.1148444125841075
9042412,1.9579329398860688
6745659,6.604530269252511
9899250,5.063336842565991
4152598,4.398913803754802
9692073,3.806357454831158
9686941,2.9445097871002344
4807109,5.730892991905159
5381030,4.700978078474684
423537,3.469007005590892
5090106,3.060540033351433
8300063,3.530167753702815
1205324,5.0648550777093195
9108724,6.052894238791207
8641879,3.9893382310514314
5726810,4.394351814837746
5476108,3.0963403432992287
1195586,6.5145373934249795
3782655,11.757594552592328
1187619,2.2034944851628055
9012,5.548969670427215
3856122,6.559483123858099
1802833,4.756523919296251
4275737,5.699667237275678
2056048,7.254151394161857
4667544,10.032803563725922
8351165,7.878553082206101
9497250,3.4544459121179023
2110145,3.265496941555268
284905,5.87326463492488
2780212,4.082884320061147
5399912,3.53215656738566
5137851,10.131937580540361
4085545,2.892025073059263
4097587,8.027670589088395
1612233,5.29825479798385
4094353,5.040316514966695
8707741,2.9275561607782237
2676307,2.692247691687923
502735,5.239914619531866
1972867,3.18277328664358
3410926,5.52232926699117
31582,10.717412640291782
2104712,2.8444152252980857
6569080,4.88315102731935
769502,6.921062477259664
6447106,3.480175974849325
6880448,10.651337202767925
9700360,2.2616739363736094
4334829,8.18756047059165
4708297,2.8663127973640794
5806797,7.37803737695034
4774873,9.742949155216158
7876340,4.321780989647572
9850740,3.516721423421587
7976463,7.814783996314013
1068262,6.987145052326195
2066856,6.3409306397650465
7658272,2.1843714711608033
4939128,4.222203063309986
8127516,5.396325100053354
8802137,8.936072131706165
5593617,10.433751164834476
7909725,2.747501676948573
8111535,6.009081249329533
6710168,1.7688842996179777
138681,3.28392116549068
4772202,8.07162532217944
3426395,5.97626270357861
2348006,5.92877992866546
6760423,3.130320546429597
8451355,3.322119997029149
7194623,5.891530734521647
8735212,5.063026663903396
3995425,2.658622378453125
8393174,1.6514063833171178
6828260,3.981391337617791
2613295,4.013841055576394
2002082,9.062925734163567
4783681,6.674270081447536
8949621,4.6603107112617765
3638094,5.113577845940305
2255808,7.101635608160288
551619,6.245422220460857
5941440,3.391446981621368
8998568,5.991904716080505
9105744,5.960632203308729
9475276,6.7576546101411585
6192877,5.223594873426424
3020975,6.659772189218896
3540424,2.9215706499214704
9438119,4.57422773786248
3790547,2.296235770559878
4304334,8.482166969557108
973830,2.9120204338446904
9701479,4.969673988954659
4858107,5.611084974261728
5569640,4.25456622157956
9699444,5.022139585629651
4864331,4.259825074066521
4717204,4.415160266135341
5989235,6.206533959506179
9049717,5.685171379042806
4399210,11.840744733576214
594964,4.556259269226534
8357177,5.141642076547248
2651592,5.413071502660846
34738,8.029192342861064
9656362,4.8612330882724315
2336215,6.639306447861204
8820554,7.202038472607691
6679599,6.363359302704809
96574,5.918964066163577
2790217,8.613968803261285
3591155,4.38708623142786
6421943,3.1457237675012597
2468155,6.146819569838856
4318269,2.303969671077091
6031723,1.8835073130645967
6534619,6.749595438966157
9443821,2.430779410784004
9289368,3.5181741315532777
8168025,3.5484202555165245
6283468,7.205868963732824
667366,3.045344225998545
6852603,5.228868764568022
5130313,3.5561958063563615
3538396,3.3748648533860806
1898135,3.466636505305095
5459102,2.918911384145242
9983025,5.094354045652979
5560991,4.470337963350029
8326236,2.2386882547260747
6827970,7.834629897935363
8602913,4.1026920448311675
137029,2.7395043197031343
1501625,3.252282009583002
3589636,2.971387540343556
987361,5.70676114877392
5790485,4.310126060311497
5679521,3.083270096040959
6509829,3.5086286993111004
1528695,8.24280369881606
4859844,3.97753000487532
8947051,7.0787276208571015
520863,2.823445320937948
1792589,6.665306380047458
4703676,14.0
736079,3.419913748815665
5555033,3.5405392772829436
1278409,5.864745102719228
735491,6.81816421251055
6650360,3.470510015282622
1179764,2.4883690135524126
7542357,9.804229953426129
7283551,2.1419646977902795
5233523,7.109949307363106
1055046,5.459701494208077
7421253,9.331285755549947
4112090,5.752860350868977
697465,5.550855375775458
5665364,5.720368512247858
1779589,3.6858470897187288
9888987,10.24943184113225
4276739,4.0644193696014
7471685,2.2191679561132602
2888515,5.775824230510011
7347410,9.879528262878036
4185514,6.143208439111394
9469713,2.66431123117803
5732908,3.2365554286359686
5336789,5.31004833583081
6691207,3.0988895499266498
9073578,7.262532250784421
1482445,11.523144867329787
4104313,3.42376571570496
3871918,4.223297735755355
8643271,3.512531655966056
8035668,3.3697791263918973
2709717,5.829254522970604
2867154,3.2562887487615764
5262325,6.957973715448022
4705209,3.2536179064073836
7354450,5.11388705785351
1574991,4.506170851392053
3495200,6.482427504604145
6225635,4.4941147527993515
2540020,4.499427340043253
7403183,2.9588007547357416
7885346,2.2117471206928165
6839529,4.742097550908101
3297562,6.603997595908696
4978490,5.995753821212912
6540534,2.382444704090465
8840743,4.166065027170262
3604989,2.370631349136019
5447270,3.241449238078183
7600953,2.9301535216606855
763956,5.04271093032072
8749107,2.048805246923855
7341117,6.553113233933413
5676945,3.830037238101835
1500383,7.887032332878107
8889879,9.813208208826715
5880149,10.968182830479803
6684936,9.948989532523555
1405508,7.44108050624636
7940910,6.784005507685478
5815071,3.255327743185937
2523363,4.266392233271904
6271001,6.448568725883466
6732262,3.1574373741177846
2033225,5.9470604501310325
325833,3.467245941579481
683687,2.1273795275728693
8961804,6.761605063150357
6221286,2.0605532067955132
3823835,6.684780442429303
5210563,2.7992907248826007
401058,4.750189907679132
7047973,11.65902016019585
9394708,5.051534634348116
8054596,4.97748806712566
4692986,6.551152568867527
9799941,3.1769046210546685
6305884,2.0323994733609942
764676,4.350669391584024
6270373,10.686381060429031
995683,3.742360251034235
5467712,8.409204966204962
3062674,6.477383943433146
7386089,7.136340930991057
4500547,6.790558202380902
1019045,4.513335601823853
1290257,2.4230579105517003
6062332,6.242378741762236
9788444,8.925697233843318
8552305,7.644895386093046
5298628,3.6739688587936077
6981574,4.557384178764438
3996441,5.712268360604777
5508696,2.671696204328459
357676,8.130562112829303
4305111,4.3019967952680895
8618627,3.6131699095758174
7793157,12.320402250061997
4487237,4.233182656739008
8500736,9.973550460360158
7519777,3.1951966057674235
2637688,3.1927537821693535
6745100,4.4756130969789565
7771797,2.792295330805148
3139670,8.939170522404947
5286412,2.3621028314267516
4120817,5.202228965595537
9316435,3.6481000177610046
8303339,4.226469587860669
9244559,2.896893099149567
2905461,6.644529480794261
5316624,2.8509574516383642
9723628,2.2930206289430286
2086638,6.861551306119713
8581645,11.794523155661235
5387566,8.87945834423553
1574824,3.8301448600723225
5799701,4.493259734816274
3760811,4.061301982108882
3195045,5.104589334327264
1696884,3.6407988658451496
8603674,4.791743119130006
388836,4.450530627724319
4724282,2.954140800724267
566873,5.633562870960557
9699072,8.979998537945415
1342462,3.3608853442972353
499473,3.64310090729092
1081262,5.778076418138114
2727750,3.868088158101778
1292296,8.864081127357414
789468,7.235407090344242
6286517,5.875463729244287
6800457,7.425282006442931
2873578,5.154627818384712
450960,12.008850306790144
5645027,4.118910946704925
111812,3.1251083391261325
3564828,3.1559477476009787
6776537,6.113483099539732
5841127,2.836540112668312
6560636,5.800303295867133
8213985,11.282653320675525
4094137,3.95758791510882
5724307,2.316875792739199
4410177,3.1912208048524064
3237373,5.92860955783638
5779841,2.355295302829782
5840529,10.610649016366693
1960617,3.051782430045294
3541775,4.062530773309771
7632749,4.982129048832645
8852413,5.2989646858158155
4924940,4.545483921833317
1256500,4.180513851837589
9173712,3.3713111417524755
9261712,7.865420119147187
8195345,2.5865392356030656
724586,2.9075908994221233
3829490,2.8162105094182954
8779505,6.424017709411224
1344893,6.793111588360494
6920746,9.125705176745718
6319991,6.190809256991805
2239984,3.3733958046159187
927537,2.9075239307020624
5087284,9.478026183731382
7921785,2.140999214092666
7428663,6.923031927339054
95811,9.042545398277479
4910629,8.07853620466162
6832559,10.52249556783604
6710827,4.268821605974631
7944083,2.1275661137013056
2655198,1.7175607714080958
3945395,2.9674148541714187
8952653,5.199711048760149
7540651,2.8107207362016675
5995329,3.795713539278678
7746768,5.272485954027966
9829905,6.420445938633847
7631508,2.162092694135383
3459964,4.116058100650667
7586300,9.86898711364099
8831606,1.562625118533576
4907643,2.8391288156979186
3529302,6.792984372122534
522770,5.265799007548303
9353945,4.987642116040986
3960130,3.675562867510063
4581579,5.76877373019563
5859235,3.0272783524507365
1396099,1.5997348753145737
2713894,3.1486760433070953
4635224,5.634932855441252
7049827,4.125286512094084
5447849,2.918356256510007
2959786,2.998628585085164
2667683,1.6832597310102766
337016,3.7308839259626887
5626130,6.9148801329747975
9139249,2.827814132758029
5321089,2.876792463529945
8885854,3.40002861718804
3136085,3.551915405820214
3010685,6.364186453971841
9501106,8.285184208477972
6772407,3.7616128447524684
6916694,5.430357359648683
877677,3.8502085430524
2063834,4.854074493044738
3405221,2.239569474843927
3430366,4.16712696360432
4433157,7.382817665779819
7740701,7.534091450083455
4327739,4.7326796530152375
5495905,2.949060160648368
946065,3.4323671802530624
2584057,8.045906146023011
2694181,4.72619318967024
8893416,4.997201718014718
3695067,11.371256035020414
7401222,3.390670727074637
646340,2.2572063947364382
3825664,2.102338706914267
570681,8.681543984969274
7983943,5.2728875365581676
2481208,3.6676337202008744
2674880,3.1559818818178726
8280625,4.500277840599151
6817449,2.574721042567986
9359723,2.4875196244087565
7495198,6.495020930008769
3931454,4.429253165786728
1414055,7.271665850849066
7228665,12.461857348066703
534358,4.52081507099893
166349,5.032014854300131
378265,7.7654771883723335
7782740,3.507942746209053
3311815,8.694341389614515
3455451,4.382104234080616
9314155,5.50202509596849
6363481,5.128599755989152
750890,3.2421098455231503
1672056,3.6684876119397787
9334061,4.90385615145595
614897,4.3006642205083505
3989809,5.788011047793052
2980309,7.96374820563552
5183977,1.8017301438947437
1290412,9.357750047564885
4681569,6.369170563075957
598278,1.614697490174072
2063071,5.047799962980132
9869113,10.786245536121621
5785387,2.341953286699774
1786392,3.355229404963929
5951431,8.724428160116217
495318,3.7098319704727567
3403980,9.936449316728632
1037251,4.61911586664641
2214600,5.569462752383842
8083392,4.890729094475962
9062828,6.33535210868062
415064,2.830984275323359
8025156,5.802669402085996
808569,5.020446650592192
3382241,6.873810533713073
2465045,3.5194126909718566
2264847,3.2980222443540455
295262,4.748207080163771
3355658,3.092177175394064
8072882,5.247955330739097
3006587,3.741501359055992
9609541,5.235279695048377
6329048,3.1700661855958896
8596144,5.843058249554093
4166037,9.312482134055116
8496386,3.660768440809069
7444906,4.031672505606373
1536941,3.911372849516
2035238,4.218266314364722
5383977,6.693198461819593
8634806,3.329754789481594
9287263,3.844158092565943
3975621,6.093333710129797
7577996,2.23774890072645
8416168,6.815915013486476
283913,5.417700818428577
5242920,6.200711246477679
4619480,8.53393286538461
8654562,4.420956022638698
5251898,9.364659276208478
527703,7.516429416557428
4113301,5.953364853706448
4143262,2.8558763900458835
4795367,5.900252909024288
6000615,11.597487516347083
3530012,2.8836875517106897
8772666,4.623457629483816
8150450,4.846165751077107
5971440,7.835476698436501
3900711,4.927023553722444
7723448,2.265718431409758
707211,4.297477314837613
8803962,7.597232294753418
140406,8.534996974348818
6836281,7.085639436109723
4182994,4.256431395185056
994157,4.059558339498578
3671504,6.275150586407754
937357,3.4054019796015513
717739,7.825324845823969
8617025,6.702842011322362
191883,9.551742306236903
9704099,7.732242104555512
3415539,8.531008030089465
3755214,10.738774754076495
7880130,3.9771942922035937
3155175,3.1649228995312555
9122433,3.476272581896411
8230617,2.4877256944459134
7749199,2.6696915144860416
5894900,1.9689102981550757
1699873,4.438918066408053
9389212,4.716380304716548
4645262,3.938562304451752
2394845,7.461930946212263
6033196,7.4952038773551735
2613452,1.9015729968964221
6000916,6.530933406700246
2356414,5.59512638735221
1226856,8.711949680026025
889809,3.7698006184603123
6652165,7.990544780883155
996675,5.073400590986102
4705259,7.677727053733589
5069455,8.332257255933381
2692713,3.400372381850544
1492769,3.7521779147504377
8192814,5.18342803708655
9704158,4.25966284218036
7602392,5.430705163020354
1235278,4.051894635838962
2473294,5.972837071543638
805857,5.425460879012964
7346040,2.8324876481056416
7181362,2.233657374131277
7159061,9.075983749723846
9283112,9.201632481208845
5669033,9.69902416630202
6373848,6.024051451328617
4220649,4.7371476940162704
7288778,10.10771931475515
4432028,1.8900320543440146
5921588,3.2224981030816293
1787232,9.43434476399528
5109265,2.130144569459539
8928361,6.0965387317702255
2139995,3.504858606758711
6592458,6.207444664466095
779219,6.137638865937858
1873048,5.291426331186337
7543925,4.6419726886869555
4626950,2.597351590490934
8740203,3.964504749831086
7115230,7.437307677876891
3541363,4.280928035773671
8964732,3.8647709168987285
1273670,1.5788815038929869
3318773,4.651617548208525
2600509,2.444042716730329
8223265,2.510880860357636
1655324,5.033512338154075
139105,6.43694495039589
8634019,12.52072441643982
1992997,5.519639065563511
3794039,5.48119974172362
3138944,8.816361101112145
5198914,4.5968782396658625
8889668,5.315895680296194
7503,5.177674603665955
9153052,3.8926484482403882
6503092,4.991700792557852
3782934,3.373403236363066
3980070,3.9591616798131257
2916515,2.6427629646982362
411501,2.9518059028215067
9184098,4.4525817778243635
3137000,9.07469339107752
5921367,5.12245517083689
7562367,2.4588139573832
3603937,5.601683755794448
190592,4.227851767327459
691552,8.352249829330116
4333439,11.563924710886155
9290742,7.971292660593539
8374752,5.70581761673799
4004398,10.500705255244027
8291043,3.317393618436637
6336878,11.244816835105647
6028337,4.948589985841233
1032551,9.59485907437192
7178097,7.976342507459125
1236695,4.506755550704404
13427,10.88888532570132
9217669,6.871291513902373
8325988,6.159349924219153
5243911,5.804317276034965
3775757,3.1314746252357653
665799,6.7687711981856475
9161374,2.530976002742385
8173571,3.8321284642050024
484206,9.651999936718159
3603807,3.2870459514375794
731993,2.5563893711685504
9455004,6.144288038300406
4400913,4.552041412201163
3645955,3.6525334494046495
3297511,2.9577566966712023
2930404,10.213547845261209
130403,5.784766700544266
8618794,1.9951322061388308
6171160,3.4071892537692254
6944812,6.979331329821458
5858584,9.579024280441642
155652,4.254012258693608
1399276,7.4392799151273685
571135,5.0939811398044075
3466525,6.148097860101985
5731950,7.378383273721235
331790,3.8046431930948366
3871728,4.8895145613109765
8947290,8.187036536927343
625495,5.952094059017492
4579907,5.580820286109683
7260777,5.166625970791865
1668461,4.839461643113438
1601813,3.71327953718866
4985771,4.063719821594345
5752265,6.394161378415099
4219401,2.122189469164187
8899964,2.7817255597694768
1057443,3.1620874281982987
8248577,3.028870152625125
4777487,2.57762494698354
916566,4.90022096477246
7069207,4.734877596876657
6971684,3.1955439701834285
6928433,8.937159275937544
1313690,4.095427224159527
7766912,4.517272955117808
1300066,8.054142741941178
6627387,2.647343122631313
7972075,6.877427731998653
4840294,6.675182531701515
3360529,4.506254330851819
8770884,2.5513733363258444
9246205,8.370289127149542
6181041,6.904033989837268
9241117,1.854244868799807
1700189,5.954229653915804
2815049,5.521266194333135
25681,3.7537611434846827
5738582,4.310086351000004
837977,3.5860378840504405
4111066,3.7148373613301913
8856070,8.37153986749173
5137309,3.185961176426005
2367976,5.634625038316748
7180852,7.856638754876391
837932,4.781194276675686
559701,2.716817681654226
113864,4.522971214263909
7809345,5.899445057943796
8822282,5.884658766629681
9537339,4.330420748341233
1061055,4.231996064566095
930906,4.139374540442447
5988645,2.861776921487545
1229945,11.15166826085675
1318614,2.4043963443044127
6277953,4.274780832292373
9482118,6.522035570924921
437616,4.396852486399873
6284937,3.091866306975206
3384308,11.29063873571425
9082378,7.421047632797542
985135,6.861298758966585
2220128,3.4464354084257796
4431703,7.594964098945455
5793748,2.8795271533236164
9703116,6.193701376065555
7987211,5.820482641794458
3138368,8.031969677837619
9387362,2.5253857063579592
5340049,3.331305685355872
797981,11.296897525034694
5397232,6.06507028889112
7157885,2.7709167988475008
4826209,6.328751352326801
4430353,3.24031215763614
24914,8.55396843867344
4807212,8.49396718075283
8932581,6.71399234853526
1713409,4.651101200496043
7604493,8.81980966625506
2317640,11.589426956097311
8569121,2.769613474450189
1833420,9.294014364571899
5443304,2.203291807049552
5298850,3.0666476401627483
9800096,5.646330241371099
7581452,2.841991236749626
2271905,3.621091136570362
2930234,7.309610251449375
2573962,9.725397318716272
2016068,5.401036041056672
7209485,5.376038102572172
4996656,5.307156896606919
8790093,6.594180066360762
5380390,6.424364168459879
9127047,3.803496229744898
5294557,9.231083463739212
3250906,3.9562976033657065
6989535,2.5940374448682446
9998705,7.00383268541689
635084,3.5013764016173523
4120524,9.865920451437985
9911236,2.4679505635091603
9516094,4.214549207601868
6691857,4.178348362824067
8456928,3.148760859155698
8195109,8.16193733227232
5570814,4.186132064791105
684342,3.903842844517979
1642409,7.421800029459581
8086834,10.002643802040048
1623612,9.327642903112395
3553998,6.390453134071686
3309944,5.145817511055364
3445218,11.898622327867923
1751775,3.698722450205053
5840783,4.1098644155471815
1887357,6.227598217987522
3026918,2.553608087770453
5480210,3.7427731412257668
8565814,5.004176357700716
943851,6.35905314064503
726102,11.868803733446306
1648457,2.6556742989982745
3553720,4.926131143643626
8946931,4.521413132352618
9251856,2.2201889224203946
9290844,3.781024521778714
7491710,3.134897897981196
8820939,4.490187015897002
9325427,1.31027646386378
2456261,6.5373302932725545
7347319,4.566993768291557
8234037,9.227794832542662
5394631,5.303018979105623
9362620,4.2604992486591815
8997581,5.483212892822742
3794495,8.896134802848735
4975022,2.0073703368339872
7125813,6.824015592292847
170350,5.445546125411841
6967303,1.9040751938591283
9634546,7.955705907029351
326804,2.3568265397927592
6517042,4.5961516148721016
8575835,4.139923130015379
9276743,7.448736222694648
7970655,5.537970319578727
7765785,7.564093044794946
6464505,6.539369778245543
2177321,5.02148038108963
289970,5.772482811284729
4765868,2.2261566663600596
2948113,5.132991611886446
354195,5.330600131900807
8275623,5.493336951469676
918041,6.602057607497931
5025611,4.1281797639191495
4546295,5.148901891620689
3599587,6.442282313954376
6049912,3.4382399734939777
4529594,5.376478526391146
9761071,6.95859064636197
3841582,6.317896817144664
6910790,2.7439170126221994
5997149,4.083081673310907
4111378,9.043843720635365
8638043,5.411335410564707
7199045,3.3799170942495316
7456917,5.030646780809529
1265784,9.234990407969995
4993055,6.212495997053415
1243761,5.049037193302039
9117483,4.8634341155782135
3687411,4.271535845382405
253738,4.1598068589062445
3219811,4.991748904014429
6534831,3.276251733397016
6540024,3.580396297762646
2311893,8.68716961338317
57202,6.9363923917798145
8807372,7.523609112278493
3141026,5.016619873910749
1361417,3.671582329742027
7247489,3.9319012280972987
2411111,7.718745843845559
6814433,5.227364854181753
2706598,3.969651193603922
1981339,5.31797690778483
4420141,6.261291242457252
1727520,3.7803382162763035
8779939,6.736531868891975
1096079,5.234357098865605
2417085,2.8698236740517205
6206978,7.968742314459858
1575528,10.4846892378591
3230319,11.68176486085624
6012201,4.407732567753902
9282796,1.934006190411774
5196553,5.990418555972344
736608,8.693681544167045
1032631,3.7247283555417545
8351235,3.7649726643693335
1036340,4.4465154943707095
7729311,3.4262723921691096
9583568,7.284483044175362
7680774,9.743783715630109
904315,4.502693191949652
9989709,3.244565546474019
9702964,3.4834600742558814
9209245,8.469118199321578
3942782,3.438358577335481
9491523,6.924325795211676
1280725,3.242630006295455
7200678,4.173857545658803
7970418,4.216833693861477
2517838,8.591215997587318
7117629,3.803915957951408
912251,5.743368496608561
7598152,2.682891781635403
8168806,4.146603321381367
336794,4.7575358332399045
870140,8.019146721971305
272995,6.863572587980055
1718378,3.4111171024635505
5924950,7.253336793465061
610976,1.0831960019726463
5373081,4.47467960322159
7924956,3.392959838472597
6648735,5.514563264533545
425447,9.499541259457926
601801,7.563013486328002
8220494,4.399779550332807
4755218,2.6725126656450082
6474345,6.815014274656683
4345123,2.8393162671103642
8989617,7.553524103952198
2215146,2.2876054068878267
1119599,5.774079701865076
7548170,5.307370709364941
3413048,3.677569834406585
4895117,5.315964965773318
7562564,2.7859993008675685
1035198,3.7369981262160135
4261872,3.705763783910241
8710077,4.216219068082979
7983980,3.4923537074799436
8641847,4.209911241862969
9071465,3.729568569983417
9939253,13.472858977705986
2036394,3.1774400169922306
6818772,7.2884786176645875
6597237,3.9194008027678766
4903019,4.598312307090392
8218532,3.793782634566989
7693842,5.296972290109384
5596142,2.8001631027742686
2243757,4.035325520206827
2073870,6.940515040333265
3787874,5.623598751209054
9206507,4.200834734296723
6579063,1.9496637883055834
1393246,6.684626960592307
6965293,3.0087818824730723
479249,7.389784564084472
7194235,10.555298722670145
7667059,3.8771205948120735
6032620,5.2158695325967575
5470391,6.514518567498836
1756667,8.132228878155006
8744740,2.44087012882779
4810820,3.9259860822768973
9221751,1.70632456856031
5678496,5.135022894148104
11432,4.013632978330866
7057377,4.200412244839706
4407800,3.285935599231267
1584311,3.4045830173150318
8670364,3.590459329157077
4467990,3.738272478470983
3353263,7.931959043894942
2829244,1.65489065426338
4264722,7.239580487874365
1380104,2.9386125617187946
4475978,2.7368781433859253
6019627,7.056399473425602
6435797,3.4676528665916404
3887774,10.410925237153407
3048652,4.677341016380148
9372407,3.042963962589885
253344,3.642125816858588
2075721,6.868464342250048
6304819,1.852364988725535
4167096,12.057981756487747
8870184,2.4414056933122774
6788395,6.72760519177411
8014200,4.070954847643794
9706755,9.162966077805411
3868793,7.479187034610629
4703537,2.8058471547833137
3417208,3.3980328444581183
2229527,5.3720675147228665
8250224,8.79723083730482
8209216,5.780522066800931
8894147,5.541003859958749
3707840,7.37550276814647
3629514,3.7421312261293664
2286923,3.0190415436102924
2734574,2.6585094942641336
9599497,7.9280934867216555
2335396,4.291642645063738
2257708,7.295105338337449
3329801,4.172672695857417
6814286,10.385360943101931
2747958,11.698519611347248
3519072,9.589011562805933
6372335,3.0948222134999916
9796829,4.476826444678743
5011362,5.55197914483558
5458492,5.312493214898913
5859759,4.683213400151624
2603644,2.8233090101676916
7055910,3.7834072848081046
8783303,1.2308641041692385
9369966,3.389039005855537
5194136,5.538147641652435
9718039,4.291018349694972
9382609,3.626460027277771
9851727,4.783770459961019
279,4.103681771658735
7052979,9.170454487888051
7201281,7.431972741142857
1182566,4.319920972210403
1690556,4.309272163817031
2258675,2.385366756224135
4670797,5.572904937935075
4875385,6.535016100686111
3387636,6.518050759233367
4258981,6.30179540165817
6656397,3.4556186433417473
9761031,3.724885418301568
1365432,3.485601253861631
4124128,4.007658571160904
6383844,6.933672843700908
3027528,4.947815579731354
2842835,2.8156406682380832
1745332,7.2407862986840925
9415357,7.260241676100373
2110167,7.3039264639882
5147223,6.5453854156113005
4966173,4.051106595817612
5658719,2.448475928048002
9254830,4.169234727502129
8111765,5.729014980290234
6891574,7.4318938326328166
4008204,4.708373238772816
549817,4.621927114302052
9969213,6.078942155537906
3375380,7.294186169175135
7761208,3.1498668602747135
9646792,2.7092718493391588
1468005,3.671453822300167
1891147,2.617250638546125
1949336,12.062663997030088
6506857,7.206897411874259
7101745,4.209371867371377
4374776,6.557554682411848
6649206,3.5375874915773915
7655376,2.612683768750408
5373837,5.011286075079445
7160230,3.5833571040499543
4309101,2.5976754062729333
5167510,7.745596322167838
6937750,10.39798526614937
5779567,1.7509250108904637
6455712,2.4358463227184686
5559733,7.025567234343997
1195255,9.803509989005239
8686785,5.0476319475643585
6581507,3.55851029817512
7624757,3.181630341658986
9174242,4.341374887680821
6122422,5.966604146482074
2615646,2.837574825416385
1108386,2.6265138842912963
5503814,3.5408912790830525
5216024,8.70877037863647
7823440,4.380812373247297
6192024,5.492023399574917
9628658,5.599864293910768
2782049,2.7838210014901876
5012890,3.9456076993347495
214181,7.884077186803973
8939494,4.4261820001285095
9907412,6.973669918157771
362114,9.374459322871088
6494707,2.9725154987579225
6426578,3.0734632057094013
5073052,4.068979210360013
7476434,5.731348113345263
6512230,9.658852752027466
2754260,7.270425567994666
2944974,4.232686061528129
8006086,3.9200549173847286
988066,3.2355475053582845
3140915,2.0471864917872757
9126130,5.666067346008724
6745638,2.805355235473667
8572408,3.9376123716080897
7088844,9.033049459284438
9793609,4.785382687171476
6112484,10.10735763664437
7750269,3.4861660642693115
6277614,3.1872599946838087
6328361,2.629957844344285
1738216,6.233882626193223
9987400,5.837646820711417
1531650,3.1283241528957286
4516042,7.516144443973928
2680787,3.4384782425846376
5383530,1.0
8682912,2.304508396610265
1205442,6.263901155151332
4248699,6.774170917664231
1584938,7.113599300051817
8114555,3.529339064200322
1623040,5.40034216890981
7933116,3.534570014237481
168314,6.477208650444556
1618048,5.949298413225915
5663233,4.137022658316315
4983944,5.0931613076561435
8946994,4.783723201751668
8110781,4.103350591298845
6833042,4.558490706326252
3468181,10.209299799367894
7959622,5.88532187633124
2227135,5.583100211991656
8201695,3.5474296342892604
7142260,6.198800196004536
8431484,2.1236090733829682
7839900,5.764570242113959
9461336,5.473910362268377
6658872,3.7850757117003453
6270107,11.378743532662934
4130956,4.6839993843324095
4036183,6.3809250913654685
7929658,4.71214212224831
5569728,4.932704880980331
6002528,4.87328086730085
1087000,11.037697384495871
6455522,7.361557547917223
324894,9.32333174820332
323373,11.646559921976497
5511802,6.000261369283113
1267573,2.972872195096469
5026830,3.3326040414026625
8383458,4.940318053239172
6577158,5.138451280794227
8374550,3.6374105228125035
6047421,6.587930850781838
1444792,3.313319167133078
9616872,7.773890194545306
6458068,1.3997542641062344
8409186,6.615980396022338
5311220,10.448156519471913
2594167,3.805054453812933
7597578,7.050751787355164
7336157,4.136221100593715
4426352,4.880064101907852
4419407,2.8638773873412364
3789003,3.3964557781122875
5521661,8.325246659037413
23222,1.972924474735723
2675211,2.990446262601858
1954038,2.9666857608652317
7307971,8.108203440277698
1495441,6.632824199533481
4072699,9.352758735172541
7481291,3.15910983943511
3484774,5.510732834109374
1057741,1.0935944800428175
1154252,4.184123630575947
4549184,6.711258183844087
2522727,3.992303041376148
2315167,1.832916567569521
1174962,3.560590148527699
9375237,2.4473093719219534
789517,4.186944916847194
5093196,4.4589579205475625
4309952,4.545717446344406
7241803,6.015858162722157
3883674,8.2332467670028
6676091,3.182506082544225
9380434,3.4272385416805244
4421595,7.780816372602872
8905089,3.411708794005211
8015969,4.9933856032242545
4887408,4.659674873966148
4252474,3.569668218081697
1122729,3.312948466287799
4869392,5.197345949979642
4787515,3.6276694560395724
5012780,3.9489016116537545
5647908,3.290067639640999
1713704,6.897081549821879
4037275,4.591738198481194
515731,6.913436311505201
1683822,9.197603088050364
3218876,3.919825689148884
5113822,10.698483873166643
9471967,3.2701736897420393
7796080,2.3398283325328157
4835833,6.255679072151485
4732535,8.906910804645058
9308943,5.51113650826464
3347995,3.216291145107713
1093298,4.546603031795111
5209539,5.132286613327802
706329,11.450113888853801
5198979,5.330507664247985
4393774,2.568064819125481
5750091,3.1610158725605615
4410104,8.063578819685853
7577867,8.821964764488236
7325486,2.20944273970985
2186352,2.5411616719137355
8112726,2.750351487707288
4956841,4.027425638493251
548001,5.152676785858459
2259213,2.322228858717465
3393543,5.562373638084126
3120746,4.85855715801968
2301604,6.4595738603457065
2752070,4.648828367051118
1716464,3.1585389547556004
6605312,3.365781149923596
485457,8.335338016386357
8211117,3.3341665174538133
514753,3.963519551636466
9252622,3.315583997536316
1597178,4.315818178301489
5657329,3.419183436554805
3786601,5.469680782395353
3768661,5.420066098638982
9228928,3.3228779817508967
7413082,2.650265770077903
3279540,5.944353506397419
8221351,3.079198646126347
2030034,1.9379636441078405
2121529,3.7482236161925044
9259771,5.018238268945273
6929694,7.695756754398803
125942,5.30064767443046
1122443,6.095537892209866
6540461,11.055510507686272
2224333,2.3721730545136954
1800803,3.1483534213600537
906023,4.160880761429146
1066591,8.595112332278655
2762613,1.847302941224278
2670687,6.367080430164832
3520828,5.105948187012819
1598291,7.505387637261158
4795318,6.469133430928844
9225290,3.820503478936719
6911775,5.017395329955816
4702349,1.3973833517414307
2775867,5.6583769579734025
2735974,2.644272535418348
9814941,2.0392474271085974
4298623,7.680352021775984
202974,2.803464935617431
4262537,4.543684155895413
4743185,8.559633882061041
3554182,2.887934674373439
9235036,5.616239216067781
3803574,6.1329014553448005
6203443,2.961197444006946
6474611,1.5294238781046554
9317057,2.328439250464848
4498114,3.0673185108858743
673629,2.6306460153856337
610887,3.4507542775832274
5729209,6.489835106665276
462009,2.1431428992828634
843162,2.842455458130939
5117609,3.1802532683552363
979521,3.221643448865993
8278508,11.246667843885538
5572511,3.361697848301749
7055597,4.808855649917083
2191127,6.210103666702907
3180347,7.237326162173507
3765380,3.066636643844303
8859821,7.802252971429108
7458006,7.392821520025363
5868722,7.329755780568415
5476409,3.383711745396606
8816559,3.005745916390384
9908306,3.985526227537578
1585211,11.992423426325438
7148093,2.728350197462542
1992816,3.1148589581801995
8620544,2.534561238062526
6835873,9.814833717143717
8260148,6.883153915158992
9182673,3.227156983315883
2351002,6.750851121144671
6626080,1.8772778140122135
6800530,11.89605537721713
2801707,3.176218738029222
4362458,4.9550215051920885
8349498,5.934496459021294
7000739,5.601429222457771
3127358,11.087826442705568
8204748,2.0065992241117687
4830923,4.008397891726851
2698458,4.463036116578091
633338,5.448583595528834
7556738,1.7673073944724886
5900443,4.297654017578197
9288853,8.2427669447916
1238012,5.898055995417042
6447162,8.33020774526951
3057037,4.067701546933698
8192577,6.20792294947068
9840066,2.617932198920574
4854354,1.8823950820152207
854043,7.324943060996672
5535706,7.914218903099025
3640661,3.032105579516505
4858603,5.414561317298486
8333589,2.305198672712884
6591789,1.6346556906460477
4973095,4.839054777579922
6493826,4.31379557608701
9504089,5.934786105900625
8376737,9.997992631781702
1738092,6.190594721872783
9778997,10.036480304902248
3495183,5.668579285724261
2937824,4.977930859428485
4651869,5.681613826915571
4778891,7.466650671440467
5286373,3.4654767864175016
695404,4.0311946283350935
3435897,9.108784238964809
1827244,7.542780853661593
4694726,2.9588296935010123
3705194,6.1810111932121306
9575843,3.7955895184663735
5681217,11.774425913063173
2300923,5.711222844679382
7649990,3.803840690341177
8328815,2.9698838099928224
8741133,6.699313168643018
1748910,5.956323535526847
6704874,4.353761701260142
760071,4.9192222186208845
6435296,2.3493416218006757
2472922,1.9859254156821493
1866331,8.692279980368324
8577010,6.349990013177644
11537,7.009269128284281
3990386,5.5970489951551885
4132591,2.52248651506206
5686403,4.092654691899335
4347449,1.211024316672328
5939066,8.231352693739058
2684637,6.852855345798106
4198062,5.757093291631162
7119857,4.683597011932751
951674,5.678173516219446
3490878,3.089270079966521
5273464,8.428083508435874
7063291,1.6221680996689458
9427181,2.0701122672005394
6104151,4.711328099394156
5184750,5.429418119730795
5223789,9.881783223412373
4412099,2.5607141132764104
5579148,9.357814188637043
3265380,2.862523600941609
1472935,6.391828261874195
8528289,9.205500364178421
931257,9.519834770997338
2806961,3.913686146273319
3298417,4.224214790228225
6049048,3.355827992401234
9598666,1.8616724164745482
9373704,6.359333440603278
5750269,4.441514280568563
4969678,2.601760128991797
3960593,3.804871408144948
6597402,3.595557402532272
4761317,8.696443684598435
3524733,2.3089756981429153
646656,2.213741346606037
5552428,9.029506146133132
9573758,4.996962942032803
3293357,2.5381091788945334
9639520,8.351024033725851
5792100,2.7122029601795585
857198,7.081417207639071
5795199,5.9393115470361755
3683800,4.962381859504392
6565082,7.04238713330728
9636361,10.635602859009616
9247491,2.7449570917212425
2953079,10.237147521120303
9760295,3.9050136772050923
5180773,7.850378885332396
7295712,3.4877591629165314
5173987,3.981020900501613
2801551,7.95494394380846
2090289,6.025205531112115
9857745,4.309514706672037
1388993,3.279718736719651
1342273,8.08527980498735
3021344,4.888590987730343
9518707,7.675025704442886
4248775,9.365650330184943
5702579,5.528065107764581
9436253,2.2729138472952863
4253586,5.573026728383554
1478045,3.007449855457933
127658,3.655744160478361
1606350,8.06073746986906
7019682,5.0823579389675935
1063437,6.639699816126304
8313680,6.1948106194052475
4913317,2.013671511598206
2439181,1.555830299428047
1249651,4.2128449703402655
9761990,3.531871338626186
401104,4.190854953065192
9066582,4.906334465084607
8292236,2.8092066504899966
6015548,7.455723040348284
8919118,3.8033942670632417
261550,7.633047628499044
6109862,2.440589881394567
6877883,5.237683888384816
5534578,2.234205558419167
152248,9.176750641493967
9095917,3.133784710293754
971557,6.081749904482719
294316,3.251745250532525
4531372,4.65919031003293
7090179,3.2889972326073154
1893271,3.504024971505924
7203342,2.3226775647893514
349057,9.407015415288967
1994829,7.658099522773552
1301676,3.226143571271776
1628145,5.005633364185352
5791192,4.084459337678823
4974720,4.107461594376698
1691493,3.0863716319198424
4299272,6.92081749726154
3500083,4.093997808935555
7283431,4.224610179964485
6307653,3.7701418798498527
652186,7.449870921183442
6334182,3.2118889952983602
883598,7.296627982916221
3371866,3.6208490194505334
9012838,4.401777942572066
5791795,5.115601323009406
4249593,7.528924777282768
3224232,7.945772385755301
2191342,7.597769887692482
9659733,9.030703013542812
2569939,5.450795975641735
5526170,5.038573166727789
8885883,5.115001991526652
3623096,3.0061111551746817
2609349,6.458044615239204
9050288,7.973840561918304
6884148,5.69795223059378
3154575,5.626311656343789
5972664,1.935267388062143
7294920,2.544119917770411
5102029,7.752709248227916
208935,9.005264062692175
5897373,3.518522933631398
3419211,6.950317213533988
7757194,5.508100586677369
2182739,3.54881908813526
6841375,5.608561202164962
5756164,8.214474232541328
915254,2.712513806598354
432308,7.210999856298345
6893691,10.763225322307116
7064134,10.198648849226863
9401242,8.230359246968135
8830411,9.466140958131628
2329392,2.005485765350097
5925570,7.211635961392531
9012529,11.668894445581815
4990094,6.65140920550933
134198,7.594507766209101
1514330,4.6863366994153175
3599946,1.9345840988544192
1006519,8.671313237106727
8169064,2.7148350224907976
9986657,5.272035466160787
5759416,5.515847126945559
9311715,10.074083931700903
6755865,3.5017032112293873
6494016,3.3302569228164214
7556515,8.490725880819978
6302081,7.025448357297291
9120084,3.2532999826846254
7786514,5.55512265284929
119024,10.32657344003802
523853,3.138271399986394
2855211,4.530927197698022
44392,2.3871022330696734
3739912,10.403589772133364
3544369,7.1284941086866365
6896849,5.93271524378289
3625554,2.441761744145124
3790414,9.149205815983404
3576941,3.448323770076419
1367105,2.8300036134457507
1970746,3.662943604719688
643988,2.74685016577927
1985288,5.941705926289625
5689885,6.533151233508388
9725498,4.70778088018702
6533975,4.071765551111212
3689987,4.310721970429756
3320902,4.677272334872009
6699360,3.733573320025189
746567,4.993291379490119
2508452,5.463643035022368
6167169,9.53376296201591
2045185,3.1789200486662494
6176994,4.002514706150965
1607554,6.555587794859959
9481299,3.182153857710049
6261657,9.68344884000291
2844325,3.9299665659250866
620559,5.369381008349408
8474786,2.3747194477449147
90239,5.962577651154061
2063462,7.223543888183439
627250,3.5263560129561173
1322546,4.586507306846414
9063034,6.129179644562496
931208,3.1419317355027623
8843886,9.524579557790798
3581991,1.4262715597334608
2023960,4.523707780260796
4273584,5.549252780801389
1071151,3.3581630024592175
1807831,3.923271456379171
3193113,7.707668671196168
7862747,3.286688883555454
6991772,5.814833511381244
8294501,7.788593587133076
7466425,3.11687852253754
4850859,6.30146079065258
3240388,11.421326686386914
4565662,3.0138810022233753
1298425,4.2957932616535786
1696807,5.873929348641601
1685416,9.264803231351742
9131838,3.628575992347155
2262892,4.939904088404178
7622634,6.625896753737827
8377085,3.216816610519897
6036330,4.509272667493379
8699323,4.729301854483871
9544311,2.8783546855070155
4856082,7.965849807140526
4737634,5.769427483100543
3915943,2.2282709388856947
1769887,2.6573392173245893
1102506,3.248774557315972
5195458,7.736453611349477
1045065,4.969751539997185
8411063,5.734384267336032
5552767,3.877748958743069
4888692,9.236503464695001
1072860,4.641836886948374
2243829,2.5008084809108024
8535160,4.71662116821552
2512344,6.447438172175849
5307015,3.7352570032921406
7804855,3.59173886953467
2998528,5.370251427406629
1212473,6.836037788825965
55731,3.190983532430681
79067,3.3945696924336786
9246856,7.613619370365045
3041622,3.988283123700725
4546798,12.068367360099353
1923375,3.5044256791772517
5457241,4.463348530936768
3555844,6.742003318716991
5193583,9.861454780488158
5396445,4.857243480287791
7829975,4.973770781645708
691284,3.0730752177066596
3925340,6.665934566578959
1859473,10.936992492908875
6787982,9.07848186359794
6871000,2.997530289253197
7782036,7.855818368687087
237328,6.030800520010466
7962865,6.297838570280791
2433062,3.567276810546087
8546550,7.504039305149495
3427056,5.801883890817689
3880729,7.103692659370969
6148846,5.095939732154797
7338524,4.637061297021183
7313334,8.320042289720462
4278048,8.608889911430346
9502732,11.009411797397501
7916952,2.0682570168414536
1851819,2.56237683553795
6147868,6.7379499512957945
1286610,4.18116380213298
1805081,5.545764732176355
6231611,4.124500685812222
8064675,3.0839109431747147
3267408,6.376441338304758
2045941,2.9064179939427595
3977548,4.966907205272081
6701500,6.745385449732293
5343848,8.810187322210945
8834661,4.306756696211559
7638717,12.590604374955316
8836010,3.6057698038291983
2203126,5.054632865511489
3170409,3.373480869910066
5191758,8.396538421614821
7932182,6.610046420532101
6982630,4.000282879943296
8689720,11.865015467136892
3270147,4.644440116096984
6178160,1.5721343375890613
3680533,2.912173569015988
4816574,3.1552613804933864
7674606,3.123254138728378
7267210,4.904617117330487
575648,1.908940797673418
1876110,4.018997538266006
8413186,4.111943688781064
6801360,7.71338569323135
979228,3.5305126539971514
8423765,5.533121428814907
3001395,8.91935023047489
6884742,2.9951482642836362
1525564,6.14776081232244
951511,2.655439107177118
6310365,3.626372356200933
7921739,5.856611489512596
6504664,4.812737696955553
5662231,4.185715175621887
6010458,7.740935675073149
1465210,2.939397866891011
1489617,3.611363799562244
187642,4.67791989268108
1273435,4.426846052790023
8670214,5.244130451333349
7954413,5.531816335463857
5685199,2.3783232120498696
9621421,4.942579486136422
8861948,5.547695686870661
7044883,7.754531333217119
7687357,4.708191759839092
2015506,1.9041979925074592
9803763,10.586114036765261
3527525,2.4314678603741893
9029084,5.635055809229405
1291162,4.2582151435684334
8713456,3.375521573765453
7985794,6.2477362987757585
300938,6.572868554740385
7627238,4.852760074080291
9771204,3.722250388132334
6355595,4.173868770198089
6195523,1.4559819792843156
2371053,4.187117140837161
2908750,4.487019579721505
2251817,7.628314987081405
9070908,5.720817923181173
6996004,7.219802628922899
7329669,7.170524951315022
3188162,2.7250381124189262
828924,4.097680062570049
8513514,4.2504601390915955
9855997,5.813182511845158
3983047,5.213890757649299
3027479,10.351550439736178
5989595,6.9136830072459485
379537,6.050062560388793
9149341,7.554814979014301
9910469,3.3448826709720665
6260846,7.172004007218346
818627,7.441247678280545
8472622,5.820378146594948
5240408,6.2560458137728086
6486136,1.823251265077364
3940878,3.5501146880549093
5742993,11.49845370812195
3327999,7.708001425903454
2762157,3.3218186128628053
4241601,4.594620682701786
8601157,2.982517495974135
6644716,6.447323560443088
4615745,3.4867534929712183
1131207,7.209734816307857
2060456,3.734900978356136
1960247,10.842451942308703
8506558,3.777485926968635
927665,8.98097610605785
8908808,6.43041167945902
1520898,4.054166412566679
2745211,2.8877737647040274
7326416,8.339413182622659
1800735,7.309134166011384
9887996,11.119702281373534
8604044,3.5891692588531243
2026967,3.8027983550195126
2900797,5.317384728989165
6997418,10.178356981960395
6555896,5.2885972518824165
257543,3.1975165701552677
1591336,6.937047113388103
7140774,4.087624233144927
2612737,4.969042142214493
9119217,3.0316833788126756
9561438,10.06623513610647
9339209,10.203770984223304
4093252,6.06025355841819
20463,2.0520907968695674
2492731,3.160438706184679
1764551,3.8101676094217396
8127167,5.306482508952831
7750746,2.986389536250906
536032,1.6515243290569126
298771,7.194666738828492
594987,3.668869669961892
4469189,2.187150342000818
7867079,2.858686574834036
64079,4.043232999257789
9728537,4.837304382648143
7818660,3.3969304809837446
8443213,2.927968718819615
3427437,4.320086094079062
2575293,12.611813318081754
443827,9.669037908375266
3786915,2.8722647024073207
6723854,7.251738317386463
346480,9.680490291167002
1956799,7.06712947120228
9854965,5.657128092174554
1162556,9.074598662403222
4590474,5.853103520766974
9190880,7.782752427265933
183947,8.092403772225556
1384547,3.8861304576431848
6740156,8.977312633333685
2678918,3.0279754598676707
3884055,5.031014368956187
7214405,3.5008671731226477
4310975,9.930987516630456
4627345,8.748551252878137
6191237,3.9795475383840797
4171560,3.766248596485533
8301889,9.236577340962533
5587017,2.943657299080961
2191988,2.2722765056679632
2403485,3.29196169551441
3884822,4.785415599987459
2096159,5.3311602945517755
3177841,10.77216037899387
4361553,2.6391616957848543
3105256,4.321651240123056
9334129,3.33571892696422
3503940,4.410042237525465
3292473,2.5497054953892695
4322197,3.1538912336219296
3015568,2.000958162635638
4438413,6.728167131731137
1738104,6.085107685649335
1479945,4.08848561114039
1136871,7.176759205781753
5588891,4.582723872210737
3716682,5.946636332561985
6646205,6.64505444391871
9217625,10.588469355767739
9906708,2.895072149427545
8961102,5.311991846139161
4650141,4.312569624540639
4458799,6.280689263242873
1987176,3.138463898790321
8330483,8.653279415878917
5507567,2.1268262751365574
6923900,6.535948972874056
9106604,6.746687705294886
9230927,1.2981794566622202
3379877,2.6151642032501794
1862295,3.7283847068682965
5518985,4.328842617743723
5516189,1.800343667300355
2172902,8.216471454787385
9049545,7.3128022703839655
9208781,3.4280875823043084
9719536,3.0116080872041544
583767,5.981205707057901
7462058,6.013913410572359
9603542,2.0722034478849563
2870347,3.738667405342654
3317432,12.278391320171574
4567181,3.2543332534233507
3179109,7.238749612783489
2231731,5.67530089143122
2029018,5.087930208407392
3907988,6.042272278061725
3590458,4.693157247538158
899849,7.664803910682558
5072263,4.800795212111681
6366075,4.369761209133164
4487273,6.825594981655458
3335834,6.922627789297277
2085939,8.295119802036606
8043322,2.70877770016629
343005,10.3584471656713
6071921,3.6133588765627787
2635843,3.174213222500769
7543835,5.8997981122039675
9755214,4.315435391550581
2238187,5.04721879068364
5698738,2.358587132979517
3863419,2.1904798534114605
4983615,3.303017742744142
5871792,7.058054407279037
2441126,4.933461779463537
7252611,5.407978016241683
4372406,5.9553532179921795
8057230,6.809828748324365
6371621,9.361974675562156
3127275,4.491837116078825
4678815,2.7756503740893197
6264937,4.146783621180959
8332388,6.30266735283436
6264979,6.925781110294487
7543660,6.373947466843296
9603967,8.08653707509809
5283282,8.397019851849445
8094759,4.529292834551885
182033,6.909149368241824
9557280,7.550749360578808
5020030,5.576722293742405
9257700,2.8281766522932466
5608632,2.276198833337451
7556335,7.972728095653331
7615085,5.127353821936174
4087080,5.465676713823763
1760100,6.2797849228796885
1770828,3.1160442890095905
7183813,3.6421838821761043
3102508,10.740351434585085
4244622,3.9516853688149327
5028973,3.0734926514067062
7194850,4.709746339915949
8931195,5.751468613389101
6128237,4.4817905182517155
3449903,3.4843914575640578
1060792,4.128114972889962
1790282,2.7944893625591534
8637579,5.465247718581526
3290918,3.905451914406526
7615178,9.112446040851802
1251908,6.416558273085601
8644681,9.240919704971661
1478759,2.4741022216292814
3692372,3.70494159723844
7441693,3.163953224402322
5384362,2.375347412370407
491670,6.393855460982108
3460697,12.596479263508062
268505,10.513301528671404
5941156,4.938111965839046
6202941,6.318855798365759
835202,3.92554819389609
457583,4.565781523136316
7859142,4.275239384872672
6357258,8.807374489978706
3023303,5.271958947638211
8322518,6.024730406170164
4480163,3.4463484550527714
3350526,2.146656096051964
8819008,5.5573218798040696
3884313,5.545112216957412
9964136,9.704308314655417
7030394,4.67792738939994
573759,10.170818293683402
6340584,3.294969594189304
2364754,4.230133088348856
8833356,7.85534579144594
92035,5.188134107799661
5500982,5.069806206582502
3174018,3.4747570911083856
3112620,11.504759303236007
9530629,7.130442896176221
648178,11.65570696514111
241581,1.5108401085053547
9334092,11.372210384334146
5908107,4.048231682864499
6426334,8.60951937227561
1850769,4.4458765458798055
5050561,3.141021222222576
7374696,6.582755987633917
9084595,7.905500783061102
4654828,3.475304064416736
9465143,4.077192140490782
2244365,4.707819052220823
8728807,5.149414057637923
1266545,3.25837718692223
3945047,3.0964451679677314
7526675,6.976416810573775
2233130,9.753631997767405
4113418,5.674504137742792
2348139,10.712445276568287
7837110,5.218005588841235
823326,8.442119962505911
3938381,7.294334989397517
7308040,2.7900632478002736
8410267,6.3715867698101585
8798246,3.569715735390321
9945301,3.908068275005126
5947522,3.5317244729821065
1986716,3.9012704175379063
8916461,2.8783336011353735
7619184,2.429141169531238
9242542,8.149617577319578
4158733,3.8210180354546983
1349685,8.499943599952775
3954674,8.440888306181634
8712482,2.6455697737301667
748485,4.427842792711141
947985,3.3660495876035816
1534428,4.420402879558848
4661443,5.8523294027427415
2396397,7.737998995872869
4877873,3.8898515323278886
9001094,6.282571026920876
2525399,10.333141789207653
326741,2.908066203442858
6050827,4.261123794311578
5405863,10.160415181511397
7418240,2.501407370519732
4383576,5.343641160505325
4223972,1.8146609097123332
162969,2.7965220322755955
3445930,6.004539390098845
1572493,4.772413918294133
9288996,5.072721808904029
5592413,6.839383858164087
104994,4.310383535997003
3704671,5.217741213783579
7107306,6.427968316975456
8336044,4.114191346556719
400786,3.903365213446579
4589935,3.237945715950817
3777573,5.646983042372135
8676185,4.709072114739249
6602232,2.2326056129946035
2125460,4.032823644315347
9998112,4.044111027546551
2652932,6.484994765943257
1628307,3.697845168678308
8792596,3.6520478044227835
2860156,7.5031387769009665
3844876,7.5425337149583696
3540794,6.138398368656059
7046399,4.066200257237501
1769040,7.046782581932589
1617234,3.9757682553455185
4883835,4.830120920533761
7838829,8.158842987359307
1596127,3.0714324135831315
2006223,6.935774177162216
9693218,6.2493852293713354
2444830,3.47616251901602
1537106,3.582155929000559
2962853,1.9158568901539241
9511773,2.3953846964702192
7558803,6.177628355110756
6875782,2.983996160277287
2914438,9.475978485003306
6322209,3.5768690454074905
2226785,4.979192509719566
3881962,4.876912983013659
3128243,3.551024599141635
8336888,7.693411556407439
6054549,6.861557255566665
9934636,2.9197429660117633
1124162,2.8838723954670744
7798340,3.828864317228633
8471782,2.653789436854094
8326916,5.831756451240823
6090541,7.943522084344208
6756015,1.5506825576502288
8930483,8.243040358808269
1283752,3.038426871681942
9841204,4.648936356181051
1630236,7.980603730385198
5266823,5.174932537303458
3845524,3.8233040675357493
2666201,4.104798172035132
6373335,8.183030976555589
6260619,9.377275367739074
965869,4.835973946891143
6982892,6.166710705141373
468415,4.308280109816074
7247919,5.106510576034781
5864496,2.6027134807307206
4216830,5.681943349178676
498334,9.601495371547005
5685,2.252708790277861
1840670,6.85870864965424
4134287,5.622617693704633
9888415,4.007844682961734
6216050,3.566101691729044
3245983,6.472062841274681
9812925,5.932066910311435
4709207,2.2426566318965206
5754720,6.176772988278122
8900231,4.826557174449172
8818431,7.696088156006658
4394910,3.916539447810133
894981,10.024368982111
6818122,3.656034705674674
7425879,11.917251678813535
9913965,4.3621285549624425
3198564,6.470592491577162
1163962,6.396908272257323
7098677,3.414626827478356
8982134,5.3543712958606156
2086571,3.2900733042174792
9839260,3.812043969667039
8332462,3.6154982791752577
2712095,6.076606850978972
225506,2.6701657687054814
6871503,4.797833772760259
8487248,8.963688481371689
5910964,3.9306674418123215
9666573,7.614280358627976
3086109,7.116001815511649
4762598,8.610957842554258
5820517,7.991679184261806
3854669,5.465403836289959
8131756,3.158202891754912
6811437,5.001453866030312
8713151,4.446903269515234
9836486,4.038230900183541
9852997,4.464354675310311
2176006,4.973195088371643
7427755,7.298743180757537
6601879,4.142202628427411
9403655,6.046961260870172
3500634,3.7347194920402056
2488945,5.384815234826432
3152705,4.3536511106506
6236264,7.641509644674572
4478055,5.344298699024009
3567550,6.930614984549112
9910523,5.323137852368882
9889808,7.050103262907441
3371349,4.708570445861771
9061844,5.467754606898882
7102699,5.0058940391389966
2191418,6.2608819432350655
5334135,3.123046528619334
8329630,2.2708932418196146
3874960,4.879965107818005
5773053,5.148551130858941
795176,11.344411610993438
2414346,6.18129274755886
3118005,3.2799582615868905
749316,8.636689925588577
546588,4.039388249745886
6325084,6.548661803875549
1625183,4.3543733111213925
731751,3.058426833683396
3610632,10.457154668227261
9551513,6.696068347812691
9140239,10.686827276190757
7755784,7.462931394253431
7349600,7.473640508031208
1111033,4.359858664820938
3131118,7.546751390398798
8788609,4.086922350956971
4993140,7.6697063524179265
9256258,3.7812034320478736
154456,3.4894072336499073
9431731,4.25384523197981
6913722,6.596903248542246
3564519,4.449259838555524
5632322,6.585395619435367
6574583,4.5125196889860275
795978,3.929978811415773
3620717,10.38441608645186
5076927,3.8075777977732295
7396922,3.5711408796700814
2577521,7.525722725579342
4104809,1.4444477501004496
8396845,2.350837913625668
5949819,6.7243507680491525
2481015,9.308899555141661
2900134,7.496818340335181
2345404,4.7474286074677945
2295085,4.906766921238779
4472863,3.144807919152843
9091349,5.401608923217744
7149053,5.21898315901121
9932677,6.121587471154918
11274,4.375025769783676
7412810,2.8099653607211996
1641628,6.258781430290071
3739775,8.393998506632359
5689711,6.12635305894969
118769,3.3594054023818964
2010594,9.28948211260683
1759046,9.769201091262818
6417691,8.77039404071687
8610420,4.855139492839784
5830333,2.99239663895615
7871881,5.236102925405577
9109957,7.526995878741134
5008111,3.7040082252236424
5025042,3.7222448363121226
3996263,7.106345243716579
5472524,2.994706827471425
1626692,2.639972836773163
7251292,4.865241527479234
1218570,6.850158375964307
4929766,2.7601454251448723
5437757,3.2133979882720647
8883362,8.718706833634563
2959088,1.4240124926941033
1741561,5.109301030186746
7701060,8.237528040269675
3005461,10.452996641432449
9290876,5.527181092002687
7816559,2.381380112131113
4763747,1.8742054691840593
1088839,5.616131725831975
6472887,3.3515301798723405
3942003,2.383430093815078
5930934,3.7424272108350705
7789,8.040169084126783
8794671,5.107677126650482
1771951,5.329206809165442
6621952,3.525486531396454
8894410,4.000578513389554
6984241,5.764187189799552
194669,2.2903260869163926
10631,6.323375706763617
2126576,5.447328593630412
1934454,3.8399134475292653
8037356,1.456474769947513
7319165,10.630678342105064
6542938,3.2800935086167575
7893745,3.692704295041204
3341124,2.589242933614877
9350216,3.0705740148616267
7915703,7.648685556727637
5608966,3.242232579212835
8292150,3.9567520170666413
550874,2.695632056374736
3114595,4.842533932894677
6670622,3.677786287581703
6157997,5.000305144330411
8891503,7.83108517806535
7152509,1.9140494441364762
2030098,4.364614690925688
2283054,5.032022593425475
6907676,3.9553119952217024
8166526,3.591228093804509
8370160,3.9525011125938097
9702458,5.4118935366313
6557312,6.31089761527851
8653891,5.115953009172874
684371,8.993186426905007
4646717,5.14904645210585
1191539,3.8218057694943646
9655609,4.809947692245794
4388053,6.70398995360685
1800954,10.4809951260451
1737422,2.3938137878973134
5369937,6.096787911360121
7781197,5.476298716629328
5444576,3.5552794594908654
5186046,7.535964947628681
9281675,5.689095104958247
5452668,4.371349746147685
616865,6.524884780213442
1483055,8.750105303456085
593341,3.6865810608550826
6172264,9.392888838690652
6779614,2.6169168853775915
7331721,7.816943987046423
9876895,6.410031187590688
4187256,4.768437313858634
9563083,9.87530885275427
3164976,2.6373426239875313
7340595,4.899927689494538
3195118,7.219478124791416
8370286,4.153475275195692
5006815,4.361336521274682
7861618,4.410917712126856
6442180,2.474689359344902
8919246,4.515536513424419
1365992,2.947542940595846
5070755,4.819837634715247
3668962,4.364613354622612
4938954,2.973390082056883
3759843,3.7258068453212814
5729311,3.6757178995996216
3475908,3.532402519898863
9314233,9.474582812767812
9065400,6.04112369579052
3535205,5.352256436684569
1965738,8.230532149242777
2989467,2.9686099200085154
2549588,6.287994325762833
3874911,7.698399155940923
5784963,6.1901887964828335
5796647,5.7644887828607105
2764680,8.407312018043033
642073,5.172607523754046
7516767,5.2386534905187165
1171377,5.322547419249627
5924302,7.291438115861158
6642865,4.177352015523106
7246163,4.103206781512559
2309954,2.279589070562052
1880990,5.71551484763597
7441422,5.968085325016789
2891112,3.006826528423586
7860013,4.709734655684636
3591427,3.567833359593471
7103128,9.995345057797506
2534422,7.823758061878658
546625,1.2780720146845759
2329313,2.422828826073509
9411550,4.154041331655257
9200541,6.488175271885369
7753445,2.0836374357365557
8370487,2.601798046945673
3523729,6.3091337460655055
8414558,8.132065728013744
3749533,1.7850689848012902
5753395,6.2589782860766086
865220,2.5619125095075623
3363753,1.861911235640132
8597458,5.764091517531805
310327,5.1208617837260215
4515341,9.601856330378961
3483825,3.68708054190237
1443423,3.334644828938834
8531536,3.0009351405043114
9569,6.499293185017664
7537706,4.337080127348114
220725,3.613297548787563
5490211,9.968910910740648
7381763,4.148926935940101
3517339,6.368927066015897
2904424,8.324016812823626
1931511,2.1504361369826617
5726898,2.8564423958655025
4219256,7.772904849898567
3345149,3.6363669058891084
207685,2.5914178400507293
2548578,5.094859225697183
5021722,2.1508080556079623
9780851,8.346098506175098
5568626,2.724498823981797
4439030,2.7489124197961425
7177239,3.3514527028004575
5876988,2.7699839598643594
2996840,5.935895575034744
665169,8.28372968360511
3595139,2.289419793951895
5792545,3.884490177798062
2338764,2.2253974840305912
6177727,4.958861072471713
2569682,5.293372543168465
3341431,2.808913746811723
4960418,3.6769515604735457
2388123,3.130760024686969
9709990,5.262399011945568
5347649,5.965136581394625
4313883,6.345871693453501
5673525,5.917638306104891
85541,10.695399184910755
6893434,4.611620442295861
2245166,6.020226173179644
1369110,8.80375623514615
9591842,5.734377421470875
5194313,9.362500131281163
1697459,6.679466858225348
2335337,3.1936278394128808
8820477,3.9311731158315917
6723871,3.0574730885870576
2451847,7.090238758097914
4657358,3.82050246777319
7452354,5.709435968109944
7592611,12.450984712852884
5862902,8.70107908241139
8670578,4.39643107659145
2959564,4.8348372418183825
7676639,5.632969683228362
6280802,5.0895079105926
4988325,3.9315023370941162
2079920,3.6923350410929867
5298480,4.55000559638504
4677276,4.301153051862782
8997374,3.0131945848684434
6836235,6.947293089990026
8810366,4.543159252288598
8238201,10.690843720658203
627786,6.351842504157668
5030909,7.743615673377859
4610397,7.956919377908537
4693141,3.581219424631325
956126,3.7567857079952507
7852914,7.792726424624113
7852535,6.774181587162268
3369139,6.002889031671458
1891263,3.7463456383899665
9582657,2.754962439675446
9516619,9.270727580835144
767377,3.2396888479710357
1446705,5.206355545231057
5193296,4.200912340385072
5525682,5.024100234484481
3812535,5.540527118278609
1040289,8.406197337086349
8008979,5.441580757234364
4826161,6.295135052734944
3500753,5.692278597515804
1848730,4.502046691972987
2377841,2.335409690888336
4839182,5.902455749259731
880947,6.669201372407051
1467344,4.000902477053836
415789,7.330789558967556
6557851,7.189112088997823
5941154,7.627450692158019
4688207,4.356716172528169
401507,7.2336256883969625
6973502,7.229085138212728
1424235,1.089449503340621
3518538,4.246397557572809
6306760,2.1309790683601477
8323565,7.521617475797933
4036932,5.212451873178529
8986243,13.578743493760593
3799470,6.26636113448644
2710623,4.26035195750041
2601569,3.555847903686632
1843996,1.901930983043579
5842928,5.3031776218868565
117952,8.155507819459443
3547229,5.010084451480331
6496274,3.351902423614202
8693748,4.198050935454626
1846020,5.761533548640645
840775,3.9282176691073203
7569068,11.427474473198636
2172749,6.0404117719265935
4717660,4.689023160096563
6318847,5.172753628182313
4409417,4.094292472280008
8056448,3.3126294725678895
3994030,8.59720833235644
6540561,7.100235320719774
8679202,3.588498492698242
3449544,1.2581331097564863
5518909,3.9810400788049476
4240765,4.418785858167038
7611635,6.427263212987449
1178366,4.866113416201355
6173094,4.670504983256748
8856973,9.496019950231666
251698,9.888374498156896
4991128,9.411401959524337
4967638,4.085010733230439
1846249,6.8182743430974675
128182,4.855552625842109
2504222,4.395218161700351
6675491,3.8523370133520105
6454538,7.394640036004767
7153711,2.8276673324285073
8007112,7.733037371049945
4966185,9.3619122915511
5871593,4.3700223409188474
945846,10.373781868315294
5028838,5.243947809551285
637548,5.83556028335222
8539027,2.8462444982113224
4089010,9.027987202448665
7041823,2.3935325305801305
157961,5.292218596431235
8625801,6.980390092466871
278626,2.5064045938944934
3938769,7.784227019212282
1673672,2.5891266756543962
1067559,2.794961649988845
7948285,7.86865165136371
771347,5.7669026753042125
2845073,5.47023701563877
2183792,3.8844672797815782
2072610,1.75082598957404
1238319,10.958528630440652
6371099,7.624600171518205
2673480,5.484258669489565
7583125,3.7037081374904632
398191,4.090328767306059
9595983,8.293722214113554
2023789,5.5935171342385726
3747264,6.708117782844946
8033782,8.476336521808543
9288986,3.6024471911333853
4272444,5.2553032429348185
1997490,8.1664053236814
9708027,2.5265667629134034
9664162,8.870223217506382
2221304,9.03591504060343
7996194,3.147797158288056
7157879,3.1877045764284864
9998326,3.745516946019308
4226086,6.263050055496505
1875902,5.238024855646474
7813274,6.974178204968865
6580038,2.84416404810883
1661249,3.465397315498878
5117856,10.088457541659613
9185634,4.724649587272816
4718277,2.2073235460619025
9945172,4.745700807089757
9076883,10.331918599590045
5252383,4.729404042886689
9680549,4.772029313291104
9313092,2.6224182026602
8302628,9.718048140479638
8952388,11.207302170218732
2929962,3.6595751155255254
4042978,8.385067246108637
3910913,1.604259336810486
8880950,10.272994411477288
899341,6.681300701020598
6581207,3.768597794144722
8347751,6.497854629876855
6132257,7.497616711814792
4314876,6.853870141453883
3498327,11.840857400298834
6006895,3.753680423983991
4134054,5.330181509223665
5376993,4.093571769050819
9856411,9.256167497108596
6971171,5.662936478029955
8750770,8.800042571770174
3767483,6.037882865798416
4166949,4.422301376904026
865995,7.247026385880511
1303066,2.8725523416743757
107587,7.605398248626596
727870,5.101202074694303
8498646,8.802116142289947
7037029,5.35673412575135
2760493,2.8091751879327984
7987261,2.9792613613150833
2870216,5.8646966138429715
709154,3.45033008900248
6335576,4.936801545690017
5075410,6.598872904679446
4968450,3.335875732998337
3817266,11.609905135636975
5986956,3.5176099597437043
5622537,4.9559782012277385
2693756,3.088247195550938
9465316,6.3787239499437955
9966430,6.5675161205909856
485641,5.407251069168416
363298,10.566450315519047
4375918,12.82761536464959
2047890,2.3531263036725307
2471560,2.1833863562878664
1014564,11.633789255819211
2834890,3.185773098939754
4138613,2.7056366242175685
1417114,8.492747071820473
3238453,2.9390901469540482
5058875,3.6959664706687247
6168909,3.532593421269618
9536938,2.887896325212969
2080999,7.746162875902251
6006400,4.266664397534035
694792,6.044076009024691
2534833,2.9766621214477254
7488570,5.336860140918731
7543881,7.097137084165355
1933167,5.596390651594668
118693,2.958499421475658
8730258,3.6773016647396806
6424144,6.411188678413785
1674937,6.35148123737655
3729044,5.253973718625585
2435477,5.154127785339444
3590409,2.079880128135076
7525178,6.0463096342311
4835348,3.537601214635407
4669976,3.3470039523937394
4234045,2.3894213894360457
1155567,8.228691704415862
5187248,6.5077111644969605
6049737,1.9938524253026468
6839707,2.330494199538351
883570,6.612397562180819
7877427,4.2952718861083845
2861384,2.5702940428902097
8587557,7.117475998633482
5674655,8.491728991973062
2237554,5.861968583023206
8634424,1.8553642099604502
668879,2.3242312138904295
2019121,3.8425877203098535
4527443,3.4862971252119155
9889787,2.5005449880553092
1002366,5.657421074711424
6565914,10.194490373369401
4958117,8.359976554536239
8753825,6.490531608121083
9433981,2.7320333551755356
7712052,3.6166205134458034
4018891,4.735623062223835
9904919,2.4564123135096185
9571114,8.279131903223458
6875236,2.363107921327026
6733446,4.273048113101103
6550613,4.6253128944432405
1153749,3.364948471702862
7990621,2.716074393497051
7015432,4.953473495695571
8037787,7.850452930414653
5665345,5.931315222760787
3936130,2.4993007952774278
2280308,5.585555879789861
6507734,6.290674571958912
7216665,9.18224529997054
7144884,4.16471774615823
2045138,3.8927498070316853
6949686,9.785500345931057
9250673,3.520910317584672
6146473,6.193367985140018
2346706,1.657535670837968
3996683,6.230635887954709
6601514,2.9904224258380006
7284421,7.559565955463574
3926007,6.792731516556387
7914156,4.726613501281539
9341087,2.7212523402678057
162383,5.778975122362959
5249333,5.38230023472527
1705665,6.331240354285894
3250360,4.082578291889586
9108426,11.30951618396908
7787689,2.3922254765760504
6288863,2.3741579118616487
7711374,3.937033412193711
946027,2.220307930124528
5345433,2.8557241624455987
5618248,2.5117068447874042
4557299,3.424494876515321
6305004,7.633292057855479
9745505,8.031181577085128
3176215,1.594748941909162
4346839,3.1573833751473925
3800875,11.572217453462589
1321645,10.663733939461583
2829762,9.48183168616286
1017499,2.9167252941181143
6514389,8.188571934744493
5877571,1.6707672050402698
8900788,6.6523184672051645
6316929,7.031666417911163
590672,5.15532983944732
7726241,2.4836404209326948
1543738,3.6896980130147097
3424832,4.05804683192106
4955952,2.0497507277697027
8016940,4.775599570253005
2737738,3.036024461749209
663934,4.3593848258281
2535036,4.84708810027791
1468223,3.5530522504310715
2612621,3.3512227132011416
8521067,11.78639943669769
4044791,5.517355906945483
790183,7.224431624834145
3345076,5.9633467154101725
4008103,6.991313321517115
4987072,5.274453354849637
7231195,10.246826713994079
424091,8.445631012960693
4739995,5.726263764762179
6356923,6.972281898855528
5709004,8.811747404285601
3995647,3.636268879575814
7037094,4.51019265360587
9751880,10.042311732222792
4317527,3.1028017339228473
2015104,2.4455147680066514
2703544,5.727671560977938
4638644,4.7737105556456125
8799405,3.8869870170765535
6338082,5.6417413696122125
871771,8.931068095008778
1986545,6.950282719600046
9039622,1.8732619414807192
9984141,8.222510099083635
5274789,2.0637490635599276
3571482,5.9427747501091135
8901003,7.547317663419437
4927454,6.078964384283956
5568151,4.830417735359714
9924728,10.215163119904858
408899,4.865355813073901
1829755,10.175702031895128
6441175,4.1384473108110456
7475806,3.733342703650936
5387114,3.4059905171416274
1457463,4.509729188689806
7969809,6.80289006562824
6680591,2.8895236354409364
1432528,9.762299199922422
8203146,4.407169854183207
117132,6.898256143521251
7132854,10.384480651141917
7558636,4.634337576893089
351405,8.257521500367247
693748,5.4167949932629895
7888021,7.17422825962697
1135038,4.976396128395115
4675318,3.486165727118392
9134495,5.360721697999151
3281009,3.3088757875555848
8185797,5.569091538161461
5212580,4.5138799081320675
3991073,5.381883571909966
8819114,5.209681086274502
1504367,11.812004565446578
4583943,8.039398868865387
3052337,7.491331016472368
6144709,2.409417704591211
6185904,8.86747269655542
1148648,6.128386133609599
4483704,3.791514492698442
9275741,4.020144884468075
9440641,6.6117222224910135
119806,2.58351266569395
8134775,5.312334277986691
7153978,4.89618569376812
1852758,7.608839306862896
5267723,6.556141982162249
3086549,9.952767820349573
209658,8.851963814592782
717558,4.593972511255226
9165219,4.089358186816531
3949339,2.949449791220127
6083947,5.367105583103546
9538684,6.934401644199287
3781232,4.97488518957916
5638144,4.004088459402338
7645351,2.6910932381254637
8144735,7.564418969202414
4507580,4.410242709733284
8643058,2.5121355197085085
941812,4.03351747621697
4531731,4.532699920200659
7214969,4.012365463499314
4081082,8.304332931307329
6346820,8.755532878628344
4506771,12.561540772252775
2840129,8.767023285516359
2200834,2.5030889419508275
5740294,3.802378931610293
6621365,4.973606082606568
933598,6.639829479480822
5196607,6.613842855963368
489976,1.9784647664107622
6115616,2.5975235733362867
7274923,2.615078737057818
9869959,4.897688379386804
4815462,8.047593558004237
5890675,3.1733395045253996
6421069,4.812001485984001
5318071,4.468528201942528
1471755,2.385974378838302
6238914,6.968267808744678
7388832,4.515284477860157
9023588,2.6862760179234573
9055306,3.3562253358793765
897994,2.9879503251001176
1788574,6.4030130119765385
4078065,4.112434642534344
9446825,10.583374249681903
2751121,2.414083515634469
3022931,3.4854048027404056
2487004,5.42054185225316
5068326,4.9615297347456595
2549823,5.802715144689879
8827383,4.393332935925894
1816016,2.7984447820148217
7537203,2.2852459225068444
8540226,3.4153959014261326
1451938,3.286181195394871
8968978,4.495710916813226
4693240,2.949189268751838
5366981,3.081935305789913
3789286,2.6628683584134425
4890739,4.2145358826388
2365070,5.487885068056066
6114289,5.001731143448676
1355240,10.0363459715164
7242392,2.0647744765922473
2249692,3.5802670152419065
2223382,4.256018872803651
5434998,8.01846021564779
8873042,6.418920524278043
7743625,3.5583204894059213
2308810,10.11745690002322
6273788,8.102424639115291
9476675,3.3888264514262323
6473696,3.8712545605432207
4600000,2.3519336620287263
3502853,6.477289511384617
470063,7.880160618232097
3655650,4.800634222463571
1642217,4.56934018846878
7947404,3.1063965851303768
4096135,5.883667749059722
348225,1.8168484398386409
4757866,2.478274792998028
3657297,8.257727597739693
3146554,1.8923793793428745
1979752,4.532950021988933
9574884,5.079628815738246
2722478,1.970857036367799
5314359,3.77927336986402
9224614,3.707493045700852
4234655,4.117502471296124
5987387,7.506172266416387
2813241,4.089619779705634
1287899,6.417265783556405
683543,4.583808926441122
5730287,3.5582784658686637
933428,3.489255353971047
3603277,2.9983830022451627
8810070,6.402674044679026
3444287,3.0740995018461295
5318671,5.360177982156969
3512315,12.007050366677786
1420826,5.640256638694481
1252511,2.926551760675311
6543954,5.126911162601379
7264197,6.806851631982498
2330556,7.429373014344738
8345902,6.475739952690848
6600821,10.426421170277123
7518953,4.198948764844831
1032633,2.522005465027232
6105473,5.972974114816328
2853328,5.6033070682898085
9359858,5.330358019705814
7610574,3.286844370636218
4109196,4.9156040031573065
7730345,3.3695124260515517
4376580,2.1796921012089188
871136,4.425333328078896
269442,4.86889493068116
1209696,3.6495322867409596
8642275,2.255979377124895
7177157,4.076487538047399
6231821,4.530237430618606
8052873,4.73297678581754
5439874,3.5267295508686876
7348965,3.3107117075799692
7997882,8.560588581264987
3721703,3.4927498147954323
2138130,4.6155206705584675
5562348,2.699838664360566
7121151,12.370513307099847
4467879,8.814070036509158
5704487,5.7499075976477565
8646490,2.3877579169126975
1452310,6.170045781746083
2172707,4.810221827256277
6621319,5.256625344920753
5761177,3.46687030146119
5766913,3.764595379959443
6373247,5.963235786377593
9951105,3.5518284818614383
937184,10.058532480786292
3056090,7.2950948981781085
6728752,1.9938385973525612
6435137,3.5879236203337768
77347,3.473167970094771
4151320,7.613787316640757
2666330,2.7855325853161768
9403725,4.159230328233462
4531620,7.543509217494378
6271724,6.7942990895860165
4629689,11.01486747938087
209610,3.093232710619651
6532175,3.3402254964268883
8119584,4.935379410493423
7250542,2.8339114321484073
4194491,6.3911967374118035
5791098,8.198461262866054
6781176,4.536298836134149
9616092,3.1131976730525284
8483446,7.050520742162697
8669181,2.0502208449715207
6336086,3.164998145401345
3333498,2.71113137818728
4718510,4.070213788081921
9142923,3.65512670081824
1350053,6.834563621004942
6730273,2.6568306576308363
1383259,4.703459024020596
9428726,4.277896680050407
3618641,3.494146939825253
3241109,3.580371744444671
4220367,8.467067975402223
3386873,3.53184201296986
7100539,8.112678330064915
5426346,3.1930532313975446
9499555,2.953570608198423
4558063,2.1477028186579035
9154618,7.877491724296275
9383466,7.212142645905157
9264873,4.954508587437903
749754,5.863547465242245
9335509,3.992257716143878
6966574,3.107989939598687
4566006,2.6973341987263773
7365646,7.164383336611861
3373048,5.156340109174965
620549,2.4180108741186954
4787479,4.677913206316949
7768058,3.05538588742349
5996018,9.34642975089374
8679520,3.021746131380014
9395512,3.5531203442785615
7765815,7.807548739229804
5086907,2.8609680767088506
2979814,6.481863968716231
6707406,7.852413115942827
2624773,3.5662916553870696
2217586,4.207650198569028
6216220,9.30455837857324
4355829,4.848579370666728
7953835,7.053992647617343
8367681,3.4475860909634237
2998846,4.127799289741056
7792673,3.726610052798129
2777486,13.596372498561971
9731766,8.652538738125335
3825825,4.993657038300772
4189761,6.968709581106888
8250981,5.83072661366617
5092501,4.810864746111608
8229096,4.986005912878052
9764555,3.455313981356743
2599805,2.9095476042295347
7428341,4.016531136153377
7007764,6.798979782739031
8011786,5.050438379164909
3610971,8.665908878106169
3386060,10.058100128123444
1431895,11.21730318215697
2568747,3.950117244952487
7331954,3.8901025824498685
1807774,4.700214845471966
5067676,4.77592899299265
9002447,4.8359377753484445
9066229,6.303692486270535
2204742,4.276786630934666
998868,6.229605562507096
7474152,10.170835028321681
9765192,3.9439644204313193
3323337,7.002506664438533
7985152,6.4407263066755975
3863932,4.346641653801967
5518665,4.494241324002026
3655219,3.8668958894911585
8973824,3.549276521097644
4551680,4.042139408083109
9688719,3.6453043808227292
2754151,6.012958554460754
627711,3.6801065110218527
4297926,9.438665956938689
5360552,3.539852977604608
813193,5.230065739092066
7000991,4.924828820324862
1042387,3.7480935550193903
724553,3.336633940550161
7463951,4.2559273354393765
7480708,6.510286581777656
9949696,7.026110830672354
7258323,8.339028231720906
2175588,10.594239829633441
5125690,7.193340797592524
6781191,5.134176444692578
181591,2.9593405994361492
8338472,7.6957450391026185
4904418,7.714107171031884
2823195,4.35750041626274
48825,2.7481991325698676
3466786,3.259349703419504
7066403,2.9937119397164684
2779416,4.776230138601504
7530317,3.5198754423036402
3397594,9.741224394678756
9367731,5.300099590968054
2377956,10.532406123897712
873863,7.077679928290689
8686853,3.9705744948736266
8358304,5.403658746737992
9963038,3.845711862151749
7666518,7.347487650123876
3490422,6.674631652909401
6866229,9.525793390471291
1375388,2.023368751002847
8233243,4.1470092404694245
5879358,7.9495924979341455
4693661,11.001415656038425
1190957,5.152673009426084
6588680,4.786194718296997
848356,2.8708284817456042
1589113,2.612373583246397
6740036,7.903610374402908
7537950,4.999220190395734
4905744,2.3745577587432596
9093580,3.793691405601025
1138608,8.848034771869155
843824,5.46812513171257
5743073,2.1208727303771955
9971413,6.92148766008315
4527802,2.6999036195081976
1139181,5.078133425741392
4342432,7.016357842407369
551637,6.442120389558196
5473124,4.851044534359106
4785644,6.45885086950995
3023178,2.2295774490483615
4983389,3.3087985715835075
5404914,6.880484058773305
1740314,6.369971353994921
4482644,6.218658442020963
5299035,3.7237314991835584
9498125,6.02730590333473
2383653,3.1286894689665985
3147850,4.6681811404389855
3348991,8.705355543663156
7167740,3.3937560150602994
8663771,5.059527434926148
6275794,5.834461869481895
6027433,2.6205919702838
7738458,2.8040000463333303
7989865,8.620310800113192
9056523,5.748138562019237
4158484,6.513842978753721
385613,2.7022181480655423
6377506,6.056879264121049
1477048,5.012265386030585
9902478,5.708228624207139
7855861,4.1630746648217425
39325,2.865710590805424
7074216,2.750803868607482
2078608,2.799708260509446
5666069,3.075167643243183
5395847,2.7020762286647506
1725079,5.212008731473443
4436457,2.3727021264520234
2162758,6.712731989287064
9248950,12.295353280417592
6734703,3.3720544159900627
3479361,9.12770436844779
3587355,4.0854053851801595
1246203,5.652822475813544
6173878,7.9471478941394915
7477402,5.645449564664457
277717,8.827570871234895
131862,3.150818809063392
2978211,6.290734854051092
2219583,4.525497649726677
7576477,3.5653113276451367
9810324,2.864371346384206
8143707,3.339440453550175
7930240,9.228431434757038
3140803,2.3204487266687277
8386840,10.844202489449426
5226805,3.0793902679299676
1502344,5.863442939078457
642549,11.624978695219184
8408038,5.46721782224214
7391070,3.3753110845880236
8752840,3.973575312659784
3829210,9.917249517266363
5489476,8.014439281360804
3201770,10.234364357614817
2663685,2.4231928828093348
7986365,3.8296646823511
7182880,4.859654902496049
1627143,4.9030723592209835
3164897,3.4567542471943953
5626920,5.5310379873089115
9259084,2.6362924807560764
5562947,2.0685218419682747
7052195,4.0468175498080985
4619559,5.147419010020695
2340919,5.3506481678003
6403172,3.324527409085383
7974149,5.832762370672988
9799058,7.949109102699314
1743875,5.581977291063611
3437652,7.163601910420614
6755156,4.697915324305164
5879355,4.271242681684016
8167618,2.049209189118797
9422134,8.983167672211675
8638829,3.0293796084597906
8065772,5.915140479713835
7209489,2.725094183896483
770342,2.3235801328389525
7724897,7.834193939414822
9716499,3.5719263777500845
7916046,8.028313497130902
3635729,2.4908205878685177
6661793,3.31596211453481
353166,4.602990173341964
8168350,12.351975503636131
3117774,2.827668975360287
1171065,2.0959541184406616
827000,5.558687162866215
8506067,4.2345462331044175
8063779,5.443198779774468
4307415,8.040606009465353
4173959,4.53462106164681
4833198,3.2235940797100238
5756184,3.3834291452487077
5782675,1.886515657235883
2118310,6.532960813004749
3288930,4.925140873518174
2957603,4.555427804019902
648810,6.2726852294701505
1041136,1.7887511601239594
4522646,2.831712064449235
1422852,4.245532561133803
3442475,4.767100327052482
8341459,3.6258017363348776
701773,5.013790639104878
9290376,4.5589308096881815
4839170,3.8975310457278534
556911,1.6664883202706902
3131722,3.973546523892262
4129826,3.830460275669939
1889648,6.015190636921076
5855855,6.246474816645451
9728771,5.243483806176361
2922532,5.651712508387214
7619166,3.319229323426475
3741063,3.2358105179143606
5445864,3.671194818839501
4039630,7.107331641378833
2437099,7.033169849935251
8722109,2.00553891381848
2814978,7.020710919555153
8201000,6.405601174777079
7486931,3.738182720532418
6939903,6.098439885211205
8294056,6.955275160390235
1569440,7.202957110261383
8866130,1.9942433733164653
9171728,8.674328969076509
2591261,4.259710016412753
8547423,9.048366727517191
8833589,6.2175571761425115
129723,3.3761072877824327
6039745,4.825704978779695
9736069,5.2585113099192355
1545923,6.703716678438378
5283052,5.030931022327944
3612440,4.347002737492815
7772430,3.9226275322308033
5647259,6.035505778133841
3412117,5.808603467043065
7219218,4.742318598033912
5997718,3.498655019884784
2573358,4.0059647147124435
226564,9.108397905818629
3183701,1.8935941501377798
2612982,4.883160321966306
9275112,2.7802156869301675
1695878,4.925490430764376
1187605,4.079404512681061
5114675,4.715995885161391
6937508,6.970566073298121
253064,7.728031383780122
6715734,6.065007064289522
7132391,2.799749703328346
7486306,1.6440714784308066
6175638,2.7631862937781784
7549722,4.091536416108561
8839965,5.304769711334854
2573135,4.3742717228001045
620672,7.1226649635546355
941638,9.924535526788917
8943301,4.10762050137259
2407861,4.2950524378247446
995201,7.716166521421723
1026732,3.8695072459723097
1093084,6.248832836820677
9549604,6.464153561376896
2422271,3.256309105330456
3558898,4.212163774864053
3249957,3.47703978363242
3625954,3.314285721053957
5201669,2.7055080302778123
2897246,3.36764244225463
617074,6.060058103642182
1888864,3.6737026234574035
4570906,6.126529379509696
425010,4.096018148293818
6476480,4.093416094944
1244724,6.909936344622944
4542668,5.121978305268474
3192659,4.28196628441912
4069392,11.052107770360845
6264471,8.085979721227476
1909122,2.9617027889851557
6420701,6.229314585027038
7428448,3.136043634332669
427373,3.7742153852005567
2566842,5.246068706838929
250671,6.953554392443015
9069721,2.4769412362688574
1596777,7.744910348393703
401950,5.338065818228376
5371169,10.04578737400497
6961223,2.7614020625864786
5390768,4.7208382892496035
7548305,6.691626880100367
2096755,7.095427981498673
2836015,4.062533369115311
1370055,7.762692103795325
1808503,3.4503958031496094
9096477,7.742403145589854
4401145,2.575085525825937
176570,4.053061658073734
2327773,5.045943345564355
8565526,8.557139911546857
6975084,7.620920430509932
7145693,5.323911818071185
665098,2.725920317307089
5304884,3.2087795102630796
1131653,3.3440751153949373
5107202,6.618975501653098
283454,2.327335829667031
4997637,2.4114577952500564
260297,8.296397595018089
440747,8.10937821693636
4560746,12.363443348957428
7764672,3.248273035143696
12972,5.911548981672035
4303027,4.127516276814527
2463917,1.641795904108661
5439432,2.5943019809019106
5861711,6.072588730223535
6417572,3.9028819522670872
432887,7.9304974613122
5118118,4.263301885671571
4363341,4.575791781283531
3213444,4.254522476779084
6834827,2.7352698509197397
7142327,3.8350086574514832
6046186,2.507742648882842
8350050,6.3002542434852185
8221171,10.075180609236849
6632104,2.872401421875928
9644232,7.154646843479014
4633551,4.599050451286319
1867832,4.708601217970941
4889776,5.639290890674287
9401586,3.407911286513085
3332964,3.7160713114076045
3645021,3.2854402481287996
4400226,4.129721201176274
5186019,2.9817908188020024
8963592,6.4705405248966485
2230073,9.318290739718012
2136462,4.350113888470298
355940,6.2521546082766
1405806,3.929475763940797
7131453,3.2159969554610552
1923348,2.541572841679793
3674591,5.142695797508386
3021125,4.812083443528251
1173251,5.835992905711824
6060122,5.101809106375349
2469605,6.475847595767013
5076562,3.646758334805821
1939417,3.0374023143822706
7972806,6.823499761044821
495553,12.635008417188672
2819238,6.397010589125781
7200627,7.855538565376525
11995,6.763119507604264
18525,3.5242066879883973
2111777,3.1090790053032187
4173004,5.390806776310635
9394172,3.220809440482993
4261679,8.59097078753402
7039827,7.59411053347504
3364609,8.487731678346044
4811862,11.699774107109032
3026886,1.8795639833003528
7057656,5.613504528509387
2825231,4.035159996402696
9691823,12.757092153864935
1243509,4.830643836723874
9208346,2.8606080565914196
3751008,5.362783168442495
6505122,6.643191160786612
2321168,3.2478572600121955
5523442,5.3371033302918605
9010838,10.106028400583615
9744435,4.648128815654443
7116199,5.15050160683041
7188764,5.22674045650011
3463058,3.2095924306575063
5804286,7.959718705035295
8195252,12.82259900530776
7327455,2.002739302594804
7455521,2.6901297729468485
5535653,5.52934786898992
6145165,2.011104428684001
6101907,5.857787989446467
1695584,4.41639822712578
4387327,5.309183578266471
2647127,6.253098120482881
188306,2.661976707605736
1939249,2.225125484481092
5015619,1.4579752153825876
3645383,4.153550279003465
7365979,6.585059499463252
2073605,4.437429200742322
3036376,6.449980193172849
6905495,5.19733283825219
7992395,1.755849360908702
6615045,7.553040869549308
7502045,2.2810788770402857
3590671,5.575212537419715
2821230,6.52418553844857
7475642,5.919633509755018
5766620,3.589891728859004
9200117,2.9647451940737826
6525440,3.63529626472622
7411785,6.4138080677113
1750569,10.34140120373951
8544478,6.29392505557263
9424426,9.834082951691308
7465911,5.643495613859004
2314969,4.803703192903952
2291678,2.3203939654561707
2902643,4.26846726326444
7878783,5.093063163061966
7799154,7.705901657794821
9421819,6.0008642145228315
8543449,2.05241932593817
5552026,2.9922616252599745
406224,9.265880825393861
7838218,10.946694715614981
7581433,4.751304642341809
3703001,3.2879377180400375
8962799,1.6074010344257945
7887687,7.664952992815641
1421772,4.058757298148208
7537790,3.715617460852095
4027422,2.203606425868352
4264546,10.24854078341672
9645447,3.267201828893869
552030,8.438307917580472
3690196,3.259033286407446
7851595,7.288973135099873
6470764,3.8599382083378
5852199,6.711449930012126
9795788,3.2059778816517466
6909796,7.579284487602184
6143586,3.111990141022522
7719792,2.3243615076711164
7568865,6.553471277952257
2014206,5.68108060616906
4634002,1.8578208348475056
6670733,4.267028353236331
8790346,3.837148517600217
6215971,12.47356704638526
58206,3.9395013239708434
5742574,5.990419314520116
7919728,11.215243847628305
9726839,4.270176081848204
2582586,4.298207963388672
8066509,4.725751052584169
6268598,10.182011458873994
8525882,3.5361935613650726
8638462,3.494023801754067
9909764,8.92378606982266
8565451,9.75390617647133
6366703,7.94441428895419
8790736,2.6946359404069726
6863402,7.764036730092274
4360995,5.907364253956228
5130168,3.51445924790827
5961072,3.6861562053710353
2774249,5.833494770019586
727314,4.168524429728605
5098899,4.362497396259339
6782696,3.1455961266549726
2316115,7.156763411238264
6988015,5.966174973258826
6642171,7.923920307567695
1512568,3.1887289404347725
2745671,6.575403284479925
1984871,2.8365792156613807
3794368,4.486489742365866
7873884,4.193948422482065
8065168,5.473924617491298
375772,4.834605715348571
2010829,4.582436189645964
7792853,7.658134376933655
1414177,5.355572505296394
5526389,2.3115145010605436
5247051,3.166067038658506
5776164,5.522959925266357
4507932,2.195610035584514
6436083,3.1744788304217515
4225343,3.1390422621854333
484452,2.1097601704567843
2084225,7.282665851271386
554794,3.025028117409522
675837,4.268912016575483
8255270,11.008642352975045
2763975,7.788119087303755
8668880,11.236485093785614
2183001,3.5349196454085203
2632391,5.682173700073106
8724655,6.528511310867452
8882867,9.740756451902122
5892750,5.086173528167944
2637817,8.429154784614166
4725217,6.106624675163916
2422738,3.167265556085212
5848375,3.038026499049082
6588577,7.907430905828353
9297798,4.50035306812001
6727016,4.404982000906779
5403048,2.1814920170499885
8141035,3.448117480015497
2368517,3.2258566251333307
5022318,9.773620910735215
6032982,4.1789450741045755
1412033,3.0419581098635264
2126757,3.3669702861387143
4841240,5.601760200581497
8910181,3.345997469090139
2141359,4.801679683525132
7468311,2.6432834318289373
687919,2.341457379635034
1731654,2.504475154320149
9722505,4.00926074040939
1130598,7.401925195760838
5343891,7.733148913771458
964323,3.562409431759927
4483535,5.854202821605823
5837222,6.1308236493400905
4250943,2.806620372097437
7489662,2.309119840195884
4641769,6.291317232125219
3784320,6.473764994823272
4386953,1.2773029318520224
6656037,4.318074892126035
9085965,8.053176482444892
1039068,4.063953508584618
1454823,3.0053994669994206
3866245,10.043431040125126
2697298,4.726474281804573
3324752,4.429903708906809
3290067,6.053736250442682
3666043,6.651341750131735
2260118,2.4405786965126044
2195359,3.5269601989040096
7632783,5.170654799255684
1371295,4.056473170644812
4068842,3.340500059721065
6816342,7.716383671353476
1549804,5.048671477472503
7200545,2.8991243901491055
6494993,3.9081180128200987
3004516,4.6929953154204185
7135271,4.431211659804906
2888138,3.904089699969732
580222,7.6230358938528235
9877455,7.707195196149675
6733550,2.8996021631989604
1132863,3.5582934321043993
9003594,3.524614437343246
4937704,7.556732705572589
7700693,2.9508056794999655
7931544,5.156152490400871
8815155,6.131363434225392
7209375,5.132271271623329
4216683,4.501821772847811
2982687,7.049770108108812
9318229,4.431729815469046
8966013,4.421944717581674
4519183,5.355808326178999
6892576,2.410449315421709
6196108,3.9796391770238317
8058586,8.625393305105154
2514335,7.503997532167123
3403602,3.7128865908101676
7038124,5.537310108904793
195514,4.429573556644947
1819696,11.454799811156017
3739457,6.260886929998145
3942475,5.127628946486539
8495237,4.180730874488723
2165488,9.402046558379016
714388,9.513058653861284
2856548,8.962958650900791
1050855,2.378469102524004
3237128,3.6071524570976337
4009395,3.8683018875102864
2280193,2.483781741379018
5437154,4.489211323271899
8404875,4.266727450290308
6004415,6.376748596404488
8406707,2.305151797615217
4438768,5.812502616206556
6860447,3.5598120255422834
3849626,10.436213560298166
7435510,5.394231151090288
8600422,3.8546947625912864
8774459,5.164875595891629
2818887,4.613315593252857
291590,4.370366885702227
6631315,3.308265729031058
5132778,10.497542093141176
7626701,9.39358487606801
7656066,6.379520279806151
3112054,4.522616257967519
9814644,6.113494259041319
4305000,2.4816345654260847
3418528,5.277503113982988
5883631,9.274247040039302
6010360,5.915661978803426
5261449,11.859680739361561
66339,2.061373357306367
6996400,4.201224807110537
7063615,4.411997178530643
6196935,5.184386700078145
6931476,2.8720030334367355
59372,5.225745224320123
7601123,2.8248304650365723
794495,3.0098203559536465
841999,4.5984643385620565
9949570,5.12320002853137
9922545,3.9457111990426275
7192970,1.4796430209096108
1178816,3.4949350621085724
5191936,5.166177866150003
5434075,5.430844513221881
2750009,2.7297875440073787
2219183,2.7132201468850927
9689662,5.356735360234806
5840038,4.0157614822466385
2323705,8.407296114133722
8013144,3.8935585384846974
4100117,6.289803684200644
1630078,4.352784984423846
747903,4.571085852250671
9164601,3.398309293187386
3517586,7.706800212000161
7638443,4.9754750179192495
9756508,3.3438055963814346
4672358,3.4397772040842702
7632097,3.6472212193889004
2459814,6.175972098567007
8126987,2.3171283639810323
6521775,6.384688797175526
922668,4.874484906737487
9161257,10.501006538035051
9788403,6.477277267026455
2470179,5.622267942944374
7590933,3.0730497389126277
4560196,2.9722813025819033
7071990,4.330748208532359
6330737,5.560571578755791
4691954,6.177977281564251
6692488,4.330344501785528
5942313,5.485621625756325
3010787,3.2043202473328676
9135828,4.223818509046724
4312212,7.869196312761166
1100974,11.820388439802974
1418959,5.400459055781436
8574412,8.893698407171854
9517080,4.927981956741762
9485700,3.8933296623355584
3460594,3.3887701205204244
6770485,6.999220813794719
8892487,7.760069314649938
1113808,5.0830029076192575
7867137,5.460766269826489
1282929,1.6041098161713643
7697909,8.25384289446513
1901076,6.851071509347583
4598594,7.640339032999543
15544,6.41910109575018
1914082,3.5403725157984214
8274105,5.362101963344166
5798604,6.108728264065464
8033966,3.739483534818803
6597742,11.319116813335917
4201188,4.515663120941743
1066564,9.839245616601842
5335184,3.552458544445466
8033948,3.934353430962763
1076682,1.6737691074446694
1012303,3.582770015056463
5554400,4.005401319128947
1842503,8.532065840401044
1437280,6.016038282452957
3466681,6.879990968918662
4329400,3.093321362972911
1434822,7.671575541827946
2686664,1.6156347393185195
2005759,6.2257215186490065
2735592,4.573374254154843
6879267,1.8683719170955182
2064215,9.673476404344145
1705611,3.5947616827033206
9487592,5.996536779320735
7766659,5.616443625026195
3005040,3.3337631829815386
8321491,2.9980071751233908
147303,7.954472352825945
6058355,9.735693453829732
3903489,6.105268153299749
6726211,5.045090367130168
5183020,5.0437175198693165
2938454,3.7403280152114924
6611943,9.239793973619301
6551027,7.651347270375842
1045380,6.3976709155915685
9724613,4.537264508061129
5754350,9.239140577609124
2611441,5.68714210463939
9429401,3.7532792670228976
1607374,5.10297846543048
6519487,8.0218551101864
4917979,5.685321745392208
8440168,3.3202241658143414
6211633,3.019830358735994
5819920,4.703890665948296
9537782,2.596796448145198
1681571,4.539542820005011
2219267,8.153117225957004
9190288,3.991227408455244
1146403,2.6735316592389866
1330293,4.057663032887495
2448225,6.649718960504782
4487180,4.139385727998786
7914577,4.6040745737476545
9974243,4.529539430086107
3279273,6.57769786046893
6453890,1.7514279276429785
7771434,4.222686680305595
1450497,6.510734414184827
5535812,6.836186477006203
3557112,4.465726932564412
5029974,5.182175073930257
6092065,2.2298907215156585
3902587,3.290076476067446
2386786,2.618324942437072
5460703,4.392778461195348
3766499,8.164517767490164
2014937,3.38247600424793
7711019,5.068934515756766
7914501,4.118333508521216
2863736,2.9025645455277886
8223671,8.88783580566076
3418381,3.6714743616272836
7310087,2.629777191783359
2743614,3.499119361346498
648985,4.3536731498719785
3795387,5.891218484300971
5850620,11.727734021511711
223389,2.667886901749554
7414809,1.7135931340549693
9451472,3.658979234210771
1082039,7.406450720954008
9320868,1.426213268960531
6307752,3.5368414987171946
9580482,5.025888774034378
4614880,8.607176832477693
4672054,5.8906698275977565
4138779,3.082954348110325
8433899,5.327889025799298
4109245,4.206501188504095
585186,4.349619646615123
4160193,5.622737730444944
9917584,2.6480546190497507
8071646,1.4527895628576408
391174,10.457890073125338
1164974,6.924218368426848
112252,3.3480970543807347
1527407,4.080316928194607
3840782,4.613214014130125
1379310,9.198797524519149
1358857,3.6961792989614533
293675,4.247775458780621
3088396,5.458886906193678
8449819,6.442510090871626
3772873,3.7052217085975623
5576962,3.519810117564864
8070811,2.566819324093168
2871197,3.2038128981627114
3843197,7.856863954942323
3784769,3.842358295893797
1591494,3.6127825334684935
6848949,5.324636013137868
4811269,5.4355164737648005
3542922,4.118552195898693
5487130,6.735766389238537
1900527,11.812270826986179
9950189,7.092066106474029
4796884,4.152316482665489
6141364,2.4475105945078437
6225071,2.9404095193838886
1947304,6.968310605996782
9571048,6.545423215131094
1359788,2.198776689734487
5551430,4.649980727698643
9075355,3.860805123591005
2248154,2.998559981370468
1809796,4.798554390639403
4569106,3.766939363791323
9332884,3.485693607174372
5957103,2.9669246129527496
2560485,12.579551852448546
9454662,8.795370794025608
6510899,6.493758442736018
5894163,5.991957826559946
4217811,9.954362366344075
6910706,6.661874589974087
368641,3.9090516555653023
3915796,3.854146779009233
1213117,6.826436015841544
3794452,4.584531041073092
573911,3.919360165033691
9964512,3.5928717736200957
1144563,5.976393067817842
1953056,3.5701268846256355
5832927,3.7968957730633726
5097919,4.573929775460938
1568886,3.525560336620976
5368978,6.790648653502501
7062150,7.821623516486798
6093975,3.206057118788027
3581711,3.580949143202312
1296915,3.7934787225526714
864763,9.67024510949485
3134272,5.905623281444671
6349839,4.608295595778755
2199415,3.3870934287725705
9998652,6.011785786021143
1072661,3.1387800040759672
551017,3.9048017055063067
2637118,7.365209120758475
8126197,8.077270692469803
9919826,7.48203959386707
8118455,6.1893788719577625
1068439,3.0356335228609392
5284998,5.055637874982162
5317244,4.951461549398805
492951,6.52450823746446
1336042,4.796699213329162
5068150,3.096390432779133
6218660,5.825018471268595
5303460,3.0930863514384925
2633233,4.200166769313309
6401784,2.5929928879684754
1078600,3.645084642011589
7218979,2.958933452265173
3818268,1.6593030135809135
3352797,3.5834056118984137
2478501,3.553790437175424
8594842,5.332295580550989
2947028,10.979551212008811
1003770,2.7849589931813687
2405004,10.152685599211557
1787636,8.916673446333256
3475649,8.621385486335226
8145386,1.9367911589192406
4106754,5.147109864601097
4094854,7.747273749179259
620007,2.606261136043979
9110837,5.413323244144977
6948318,8.23586227952149
6816421,8.2240246311578
7135057,3.4417104839334276
3913037,7.0186298843794965
6154601,7.588348561659235
1649645,6.225307462797846
8766502,5.645209137839287
3659492,8.185064051386203
6029656,7.606773319123635
569924,3.329110318672536
3587360,3.2331595596513276
6378763,2.4065212098665176
7814721,2.7279716135219054
4384041,6.0760915325065845
2841777,2.2956971742620036
4441481,3.0401043482845114
4761439,3.8895518860319527
1012839,3.0454929341368535
1810881,2.9504733725492405
1773376,4.669252820009814
8370517,4.395876390042882
8855580,6.331456277953065
8446158,3.6451831994498116
8807239,3.9880119773740628
6561554,5.028243348735243
496694,3.1927138748012114
3651063,3.7227971907883
4768725,3.584522235928948
4897600,4.534412362686294
8395692,7.4940395347512405
4243084,7.622887856841032
1951345,2.9236659210911946
2395444,3.1627820272159246
6919632,2.3294087591976838
1877852,4.796233604918831
1567183,3.798052048612167
7075772,3.609632122281682
8099561,3.5652377111775633
4684689,6.752798880269175
9209466,6.21044660527996
4462565,6.214617116774486
6664379,4.1215667341357545
5346548,3.1498663561371103
4928067,3.5997331097582963
6588737,2.415864130886261
7253462,6.223571091767158
6457247,4.376722994626924
2677327,8.316321600757728
8401994,3.065639916571747
1673163,1.6069375472422696
3725688,1.879757855008219
4143692,3.4432370971223305
1251954,3.770311804446997
4531647,8.520802764850453
6024929,11.452452692240918
3811554,2.552201699333705
7900302,4.225688293408895
640405,4.114805708415713
3986054,2.913477151336559
5746354,4.451596680189039
4780744,5.685458274560242
4193284,3.521847324798134
8094772,2.157612852210979
9144459,5.472586065046438
5034116,2.847296612442096
9552369,6.162706948167074
8687597,2.32363180696488
8885969,3.613929827230675
4887152,2.154741920539082
4852761,5.923077611987747
7955493,11.162693768135329
2931966,5.399127184153083
9371053,5.261615173748118
9624045,7.431512410186809
4616980,3.3097844194859842
2322131,3.499126154264282
6180381,2.377926896010721
8716484,6.2306584744670905
4460448,3.530641923684525
9701236,4.712524623800421
7115397,8.107270463904356
4519305,1.9101369586989867
8537905,4.525782343438707
4375932,5.1128123363009
1673922,4.097685958358563
707961,7.989190787220729
6078679,2.9931706102463904
4249152,3.0131383576784483
1936924,5.732601533208529
2593954,2.8945111433522337
8695303,6.590816341316213
9401383,5.8345023762162365
953920,6.205943059950087
3269600,6.628833918462034
9785654,3.3959483444233878
1904917,9.341426010842696
2019965,3.893925685706905
938339,3.7692996285703595
9734660,4.747239466530996
907648,7.601454677548954
295589,4.068398702549739
7019862,3.1399816741607425
3660900,7.428936234743206
3927586,7.269981516498646
7714176,10.010005865447493
3550839,7.972747825081278
4314152,9.262794732390002
2397406,5.024297315338036
6053396,2.706246407642789
8540924,2.7056572068362685
79452,4.497121188167643
3671687,2.7131987664521917
7259078,2.6258110577484763
803483,4.80027186020732
5664241,5.548873953899648
5758497,3.3710151283518597
439570,8.269671939520347
4327634,6.076338963991538
2028518,4.215121586658701
8711262,6.93619223154119
1160661,2.1259182123615723
5100756,3.8198019771541545
1879494,5.738457448326963
2203560,6.463257255424903
7519641,1.8462406710264618
3779388,9.412925718438272
1933929,4.207077465222103
769976,3.865872440711078
4944704,8.007227304064957
6960457,2.879612687129427
7252674,4.9717755103024786
8296001,8.641463155852085
9076412,9.4679626652032
6516979,9.239670806649347
1295231,4.36169126947323
3367050,3.38149247562958
3645774,2.4361576061894374
1934109,4.373736210476452
3915784,4.869547171131394
6655320,6.423493879375771
172474,4.022317781203253
1778543,3.7749601523557725
8303423,4.348431524123807
7022362,1.5999481247093823
7086154,2.2361428086286197
1560741,4.285236080172662
6385347,5.144700276021074
7756786,6.126372588461067
8850822,8.13756158696869
1271188,6.322351569976314
972926,6.282150376492258
6107166,5.375308634769632
384617,6.655865297162519
9375609,5.478839093513991
644267,1.7651148783100712
6539180,2.0302615543531353
7756651,2.4216863405252695
8345269,4.443922751114975
6323742,10.637631121750818
4699946,2.613779755936312
1909861,7.686729833793937
4921613,3.73805088909594
635714,7.982189098772052
7269836,6.423235502409657
1821963,9.656135596359974
9295084,5.579641873021571
2634590,7.232436895925536
4876354,5.2904807981932755
7636201,3.9198962943578337
4525073,4.580276919946665
5767626,4.053517582811866
5944720,2.9501749620846924
3415069,2.238843538753577
7338589,4.617546817828535
1830989,4.427018147089749
563475,5.590344510886211
9937349,2.887766662597231
1640775,3.7165740549319795
3193752,4.992996801320086
5882481,3.3324115902682037
1332951,3.393189375283983
5669641,2.8205761250973165
4710673,5.797160832113429
557496,3.6031359777441416
6170512,6.024129205349647
9192840,3.923407037211544
2542437,5.62979231008018
5577450,4.244820358973656
3039563,4.218643555727876
7267203,3.3854271936287215
2414015,2.1918371156810528
4943343,3.124404515409745
317026,9.776470162236023
425632,3.3479725245492813
9350398,8.087603078268312
7581050,10.444020698233789
5145248,10.049612330666157
8590437,5.282582811388121
6568773,6.534624349144324
561875,2.658748517695607
5108003,9.310180058850541
8196147,5.795059066704189
4662706,6.837546222816153
9938543,5.321869293006546
6825177,4.479671783936222
2679218,4.694143674744547
5923143,2.5602253701553224
1654050,5.90675996662336
8032390,2.769431655176597
5816731,4.026798004867606
2122623,3.2650365016128147
2244174,5.762170085132498
4147299,9.98440265124649
3537829,4.92302433693372
4334612,2.52863365647204
1547237,3.9468390979972456
7372985,5.332176973521437
5546703,8.126448837066354
5213322,4.6998586625798175
811314,6.938668310105424
5159524,6.730895066722892
8877410,5.293004536271335
7799189,12.681551324132268
6018450,3.5410266571929334
9215718,6.388917706727662
2792788,7.250605514640695
7045260,2.7138894638108955
7028830,9.38611458621472
5148713,2.375306352400097
701680,5.830946775137993
8861394,4.605256973480004
1695927,7.5328436709758755
3518193,2.4218133762160683
1884046,11.184823519250617
1772949,4.21980697875891
8614124,6.1740534322226885
4979441,2.8703003322478624
3254402,6.80751785990809
8466370,4.04589314037016
1459795,7.573418957968798
8523129,6.023194950208921
3490166,3.210483313137443
7155732,5.258201194806641
5133051,5.772332511493529
502217,7.485343910355706
5671974,6.287021781444367
3188613,7.570347831791982
3118348,2.2008499114107263
1728996,9.643658661279023
8600930,4.626945811966997
3693759,4.698172320692093
7674622,4.299691589050914
5636071,4.974184144719105
6882806,5.39956059807251
8878774,4.91980377737614
8171599,10.176228257622443
2144806,2.8124411387857084
6050933,3.2516632024567804
3593190,4.925434311454094
4100312,7.8464789642956525
5143081,2.635718593995188
7737368,5.714285774647791
1630121,3.4440808301572488
5447545,8.285497117806747
6341572,5.585512428735118
1397677,7.782108226609187
8132826,8.706755393739517
4398166,3.4180104105606848
4834818,3.026472959901759
7748872,4.533243336300247
6351243,8.553164625142115
3852626,3.6708754710877036
1254598,6.708471137141808
4386021,3.8059919191971145
2866505,3.174478285894726
4162374,4.169995679280813
3089848,5.196585260673872
115197,7.5450254965975585
4621626,3.4320081483992677
1640277,4.254762641450631
3762370,2.9988996750092687
6981652,8.202381017565191
4279987,3.0710686920171124
2433192,6.05550985728942
5279657,3.2254226170093685
2662257,5.699255412733015
5260313,5.326753920955791
5172800,4.656579197608272
9193617,2.488540797304465
4536946,5.43521583964953
5637450,5.337298347955423
3537723,3.3603485010375125
4088782,7.78890336152031
7647575,3.446723298616949
2893825,3.1303761809526636
6517163,7.295753030139745
2039815,2.668192932484214
8539969,6.116410992207285
4867830,9.568083559945547
385484,1.3040337961485737
8499590,3.8764432652783363
9514837,3.292542583413808
7073061,11.422690323328926
386859,8.963226758144193
3747888,11.35702298992315
16067,5.0680143765044665
423563,3.752950820748227
4632866,4.549411619899534
3513702,4.928978106289171
623419,3.082953424604269
918519,6.10161821552107
4057729,2.5813555471556078
6770465,3.7368478681571933
8982664,4.325819600699272
4995696,4.0898343234900985
9806300,4.485318479789368
4023328,4.187073633091455
5352324,2.5593415325204463
357181,8.210130199150553
365234,8.357157775251252
5705480,3.3753631988453465
5835347,3.662295714405125
5396352,2.834177313920125
9897673,5.580689175699138
8174549,3.572295070502003
8648136,3.316408577489341
8945587,1.6800392546529381
5874901,5.812349735791484
757360,7.862327995669142
3035637,7.974999961518405
6318777,8.126589979819254
707187,2.5204202210813382
5817119,4.677384505981541
5086789,5.453763056247718
8780922,2.8256888583718345
7490618,10.479183155496916
994842,5.123671592522747
3914252,4.247947191499027
3469903,2.7312348915805
4524383,2.9844586504415562
7579042,4.162610552603148
4928920,2.168559355002411
61439,4.10449935925474
4001657,5.3975757057976725
9388202,8.608169368225045
4393021,7.679813232117953
3747663,2.8491851090528915
1233932,4.751091880169989
7606453,1.5794656195261738
6814437,6.872666322693505
5105328,5.194743543746655
7193074,3.2355262702446153
47939,3.914340252969616
5748676,4.036223335663796
8341001,2.971689258716248
1337820,7.838982539888718
8836395,3.9610285693760003
3753849,4.50624447146305
1375277,7.1270765334853925
2840249,5.686133316623904
4425512,3.3246682695719523
3077423,6.418940138144066
614313,10.824078033467126
2887167,6.112434342355021
6173393,5.593429722918453
5291849,4.39734755230338
6219743,5.284434481399307
9085720,4.5049874261993
243135,3.4027193273951557
3175026,2.6689711994198366
450145,2.657293700792736
7962100,6.579822476215721
2778505,8.812855626787893
3688721,2.2275140694614195
2284358,9.446433928350892
7643125,3.34386246054264
4794199,5.174208783654405
8611100,1.641820887235189
7590035,3.385513670242408
7312198,4.048829055554599
567689,2.8369756718714663
7325437,10.333902585317382
8811011,3.5505058513719234
5297829,6.815338452009289
2314231,6.4109726086015435
961546,2.5678390098352204
4425685,3.0600197958295703
7990629,7.321292663445263
8613004,3.369287099581177
8412879,4.033724327036844
2617476,7.728954110990156
9794289,5.227712950065204
9475178,3.0783069691892795
6949429,5.4234783732858265
4429791,3.8545239224998897
6613656,9.177631267813336
2964286,7.0580748458594735
4836093,4.976882869702129
5964760,6.6424312450862395
8381796,5.623565052457253
4731612,4.948411220272699
3925344,1.2093179880502907
4665125,3.650989185907703
5300713,4.86418060550209
6878456,2.715384295145538
2165124,2.5100050033307157
6562132,9.909574607888969
3164400,11.52990499716933
466772,3.546954363271661
3960946,5.583344929150901
4807339,2.542582560100449
7078709,3.1833047321371177
7283669,3.103885254180573
3096343,2.808206009815362
2456110,5.051110525947118
5858398,5.261960592151771
3093891,3.1907822199984532
1472497,2.886298365889607
5504408,5.318756166968738
5186657,4.76127306985991
9468382,4.928610625879685
3527204,3.4921479027789086
9382364,6.969955345769193
9758013,2.3932310568463526
4062079,5.6950037127553985
547043,5.207636095038598
3805289,5.308319446418667
4189403,2.993221491698502
7504538,3.951269152900258
7314277,3.231056338698271
6621662,7.054210554648732
8738610,7.721847862792771
2500183,6.027836304874642
3546390,7.8824890029875805
519794,5.062610563487706
4906078,6.136981752098006
4601273,8.793918673575503
8772389,3.035268516630587
2802433,8.070821344842173
3119407,7.3123966677814
5740767,9.252020840184382
8913826,3.5144228901571326
2279092,2.429669430976146
5375157,1.9193591485690336
6761603,9.80970087290006
2193331,2.166369211682536
5008841,4.307267612311474
2680882,8.912429509146687
5714372,10.002184173910484
4811991,9.320635336326331
7561744,7.102990131266277
8058863,12.199593409978965
7359548,2.5078260333210336
1130808,5.395919489185679
1548261,7.88684522132071
2005643,3.810932823357371
3918338,10.985546047536118
4157134,4.863094175452865
3106243,4.566427270273559
4604757,3.2352490044306275
9021034,4.061608644139026
9015423,7.934183365052952
2826382,3.478082055444216
5820205,4.196018927855443
3786587,2.346022616871714
9386201,4.714787988081568
6549909,10.101223711051468
5359968,3.3135801116648764
7989142,9.36106229997839
8497478,1.7367919038153317
1244266,2.7900083661189865
6173710,1.2030273239736455
6734753,6.981042311686559
6750095,1.9098293626475105
3393063,4.286784101187349
8017532,6.128429329459907
7240813,2.101966927249246
2282635,5.844722371442054
4077122,2.590133875440638
3248220,9.013811556345715
4688057,3.342414525778679
9548149,4.558628080147035
2223220,4.687402766834314
520743,7.230315267787991
5932177,3.435790589826501
447068,7.933135009267979
6227911,4.762749421828623
3092863,2.5603081971817474
9037414,3.499768240411874
6092178,3.0841686622876003
4760055,4.076960931772521
83484,4.191409972812679
2098355,6.555154724268731
8960256,6.7707117000855215
3588200,1.9107879959713592
4369619,7.580617486118474
3970064,2.7015471391353123
6097949,3.8260189222106993
3371164,5.776918504528683
4709522,2.1423460155102725
9501820,1.8884781578802934
2191965,5.5975825783095905
3059501,5.749893847304675
1015491,3.486209959805257
2066403,5.575660053242684
1843015,6.1899807276310685
140369,3.9210804542394286
4732295,9.363175147112926
234555,5.352575162664767
2104607,3.7705866318720336
5408498,8.000061010618936
6295061,1.3806303844269585
8215990,12.91164640722215
2526281,3.7060045366598815
4771373,4.1238659233836445
6758738,6.388875847967691
5333635,8.561951329434503
2695638,4.183883251313101
7838539,7.816492885093991
6026962,5.476534967239344
1464234,4.0517849173330776
8049880,2.788243201892483
4062510,3.9699603376585246
5603783,3.0558671742561767
3065396,3.4504102568643273
6055050,2.618180423733831
9257663,3.373724995712946
7412704,10.768373994584048
8674126,5.809252711378385
8000394,7.34845667873638
1186219,7.072582055111192
7387299,3.837615040433165
2390906,6.170282581693559
5397004,4.341527940640088
9896576,3.987322969332605
1522271,3.758128881392164
57746,5.108041410436272
9693458,3.532818184386112
8868464,10.408152025683332
3634953,2.984622008642269
5166436,8.925883274980212
634074,5.940201027174666
7308551,2.148850718187765
8078860,2.6654764932873714
6751971,8.046298391772162
5483185,3.524849949477676
9230691,5.560335887157015
8966443,2.470008481863675
3324484,10.9690991624024
9133067,4.939634135926645
4131500,5.820107437826797
8855062,4.427708490896049
5103379,4.542882390244998
3646386,7.845616022705135
5667875,4.319641523212319
6058989,2.854889973968195
8563988,4.159916178097815
7381685,2.695843757001539
2566618,3.489817187869315
6627362,4.395578464290978
6203940,3.2896913969724677
9738996,4.199954807799943
1338686,7.6381563022142505
9607777,4.773297870267596
1731537,4.97712386609018
3486472,5.380055565653462
1543519,4.551513349811609
293330,3.4806095691058583
7294256,4.388648894304722
6152169,7.184549562649544
9773130,8.414658540167666
6209666,3.5626720762469697
3729518,6.624265248666098
6614675,2.6904078722157343
2312092,3.6023173462812763
4839406,10.681113767509853
6707154,4.262073950352018
4496421,6.209590531401204
2150129,5.579695804768456
6819029,3.796385831605767
5906870,2.764787041704559
4913986,5.359842174806182
1271747,4.465575959806836
8536787,6.659118116421578
6148919,8.843163124609225
8277339,3.1413231235208356
5731898,5.740797493748533
1543238,5.278781598451884
1391305,10.425680512375514
5529092,3.0453254415410838
8322328,3.323962108066335
5816465,2.612257466773202
8176390,4.747464154877016
1646334,6.577864463566209
5928314,5.709975608722463
1900115,4.428975014356273
4314017,7.943539601761735
5768216,7.3714599720764875
4353307,6.217513793682036
1132766,8.442666757856314
3169126,3.7826493650528703
1796189,2.361819554615166
1513326,3.2871706497854536
5674140,7.427831346564711
3101692,7.345620373321288
8327952,3.566989203736407
157981,8.337541066538343
9966152,6.178794334596329
4097525,2.7312501562468903
1326078,3.977687653564365
3876839,6.30061278269567
7673694,4.959144367532295
5309901,2.3753050285708137
5372702,4.0645084179462385
3796120,4.582069815641175
5739708,5.773113364664856
1692398,7.07228273311333
7789960,2.8597834668835134
9778281,3.3598590123017953
2294265,4.928261055948335
1147015,5.662966010113047
1161373,6.207424768494423
9314398,9.03023375202726
9097354,3.5878659820722656
8607205,11.758569303564574
3811095,3.5155640882860184
563489,2.704328410773757
6909916,10.627438165442658
8471773,3.657566417290971
8480115,3.602691628684984
6061048,2.766114375901882
1353731,5.5066890812392035
939216,5.639277810493508
9708574,7.488574559838292
6273241,3.35650512933065
1698627,3.647874543276087
131310,4.180471078642693
6185692,2.0271532012540137
2576701,2.939780604906386
4386732,5.795356873902086
5752994,3.676653985256292
1488549,4.313473369331006
8558134,3.3269657357662457
8036851,9.869579754490687
8181428,6.1005918050601355
1805843,5.049473017018755
1308968,4.43305675146063
7012092,4.9915217079920335
2844058,8.950717518436846
8547125,7.2931053705435165
4869340,4.336033853192813
4053878,3.4802911293297103
9051886,10.159469447585689
1976764,11.941453408489918
7242260,9.661056107866345
4800638,3.422894623569987
9272858,3.1692238803813706
3427472,5.3256234132721545
8589415,3.15446210594857
4394012,2.793273555044287
5013778,6.06690647436362
4068258,9.95625820379499
1223660,3.655697370155422
3519493,4.829135266857369
9530468,7.4295356436260525
7666981,3.157001471391937
1838119,3.5461045934704427
562565,2.7459507790236306
2315528,6.240429767788185
7635315,4.037239445815487
2678456,5.564636807547533
4759548,3.4732066090619904
478308,2.734453687440018
8039199,4.929525276537763
7243016,6.805920655885837
2387601,1.6318304593855526
5226398,3.482899313237032
6125912,4.7844950945369185
9144123,5.7049046760491535
1153531,4.829649363673559
8054862,5.437589659168347
1255551,4.144473970534412
1212438,6.277024330511233
4512479,3.1194615479849337
8440326,7.089564998638664
7725953,8.226971797798864
6792671,3.2353526883244563
4953913,2.9395634965296784
1554261,4.0534021477382645
3777362,3.2087573111090295
1288970,3.4034431085917896
2464838,3.832147594585241
9068834,6.019131816387066
4004366,5.365108150419653
8792792,2.2426113856332077
6897616,2.371273994938897
2242778,2.119342398423169
3049459,11.211777623440526
3990423,6.771461568662767
4393635,2.833005779908029
223893,8.19535483011059
359724,2.340750291252456
914422,4.631527797329443
7712135,6.441917423194312
2669210,2.47399659556231
3862232,6.743407471598342
1273638,3.998270847708233
5963850,9.330384861008403
8622942,3.9269882462361263
7879495,5.520143308205578
2021670,1.7067469513258475
3561750,2.0844977900348582
2359163,2.9288403457247183
4145020,8.055215919390534
5184770,4.0826072822677855
2963287,3.0127093367817004
206365,4.9373835727842685
877697,4.524453044084044
3859971,6.235461498490853
2941537,7.484065277912974
2262102,7.4235896812527695
2526738,7.800974291386675
5240449,8.833498560882981
5789822,6.219123635089126
9750165,2.2332407183453307
669495,13.840122191658459
5390813,11.121246094688695
3190249,5.199245194991544
1784180,3.577626087523553
3625243,4.294666589895468
4432013,6.479101359529884
4105051,2.1407834628648605
5938911,3.279109986118147
9904730,3.4802741837474196
4465973,4.918019993048917
7769781,2.027742545449209
5301519,6.7819553000618615
4489796,6.771184044095257
1960194,5.171947196913509
2587210,6.441582886060667
4457173,4.557401325467735
47459,4.992527643783074
8530757,2.392145891046614
2815401,4.119644970759492
9396964,4.710788310539433
4056607,6.837828202967538
9743280,7.507480179674794
6900743,3.5197871801136693
8567651,5.716099216222264
3745006,6.716651456509367
3420033,2.7455322635372665
4474009,5.40127953003249
31337,10.11258684815918
9029309,4.066473767989449
1935511,4.098177093843479
2249378,2.4767227827031086
5056825,9.864724292947766
7594217,4.888034646357226
8912670,7.297416466995594
4850953,4.781839848849024
2240682,4.219419991749017
7828589,12.031166677402634
5186312,1.9717821022808084
4598528,5.293290338786801
7403259,3.3420772570794983
132091,1.7606292178535035
8077347,4.924884146368608
1536406,8.782763996778078
9719230,9.650198281323732
8781130,4.1562755960698405
5330117,5.064804881174983
1341155,3.5452737790312163
8476745,7.474771384339028
9976593,4.197638235341612
3863223,6.436325198476554
7972618,5.458927390058188
8318809,5.187712720770077
9276190,3.2499720774496845
3023058,4.180102202808048
1353025,3.3896669068768457
1873101,3.9589129153539586
3757346,3.6443402392157735
4348370,2.300848530607416
4511473,3.6081402637401814
5301271,10.167958599761173
3881060,6.357505665479911
9008211,4.635794546458339
1784053,4.687384882536447
8519034,7.33842914016404
3470631,2.883913473181108
8178640,2.161373716459117
7349689,14.0
9143161,3.0688625132485448
9701446,2.4232580386723717
4210192,6.189803188568451
6120900,2.921631267612738
5138572,6.946527675285254
5032177,4.348257504433473
8932535,4.738330882522712
7424100,2.9131791512941208
2159889,2.4189674498699345
1181145,8.156973680142562
1313139,4.195589476388307
3239279,5.609435697514383
1716101,3.2210068505713325
2248030,4.415052415944254
9591874,7.59720441993812
19176,5.342487933468105
5740618,8.163660771918858
9100216,6.314066429567662
4674257,9.356732961415513
9550492,6.125811470336226
2850991,4.23144966691076
2400926,3.1633577777923714
7090376,2.204755619134204
6321546,5.533574421634042
2714777,1.8037617532896038
6209990,2.960022589876297
1832746,3.706256984178696
2051456,9.112575051381794
6936822,5.761155409121029
7028067,5.172523245408289
4358598,5.83030924617465
557972,6.8192380296839
5296687,7.482574053972049
2952808,9.526000076745836
6082075,2.187341558774465
4288402,5.904208885439099
8058691,6.8103984891339095
3577316,7.2006296849688685
8853929,2.8018831767637544
9986066,3.75052637837955
7769488,3.092670284978424
5874446,4.655848148106539
1345019,4.710781286733663
7943886,2.6321624004839554
2802123,3.137260701677146
2956797,5.948984817428392
1913721,7.831664200530536
198921,5.9114429198401535
3347959,6.828027071560949
9508813,6.000015511458145
5586171,2.452700009929268
2687480,2.659517383029979
4347563,5.050854343135331
7148518,8.571245741763578
1227154,3.636692330927505
7142336,5.0634020644468105
5878901,5.523014038247407
9336192,2.0567064094594825
1942923,6.907277227318609
5454147,6.8109373420458414
4976591,3.6806205008467905
3736093,4.51246832946575
9110624,7.203920977896377
8452245,1.664084939804611
6486673,4.779374601146186
2018680,3.841562366405221
8964020,5.527156920427333
7912742,4.505339835120239
5365941,4.440261419179218
9154466,3.2291659199297142
9400045,6.346874881963298
5307279,2.0091015589802397
5187222,4.218993083816039
8693181,5.629742883201771
9939388,2.0658074824672514
2007095,2.4483900888427215
6627440,4.102741974366541
1033255,5.607295590688017
7363309,3.3887969839307317
1568336,6.2681672213331945
7974016,2.3269440952905738
2985083,1.8261178047586284
4385094,2.337836443383948
9097734,4.52306728399557
7469483,5.673563443015697
1841533,2.7267548461164903
1489965,2.892772653026493
1987485,8.520988167730248
5468652,2.302494987286227
3272554,9.86156841577787
273508,1.5466624586952007
3732673,7.054943185924882
6408559,8.01126785652272
2348013,10.03670665216228
6807821,7.7324495063890595
6950549,3.507727408660317
2357695,5.074825486705647
7253959,7.6255748170692685
5182703,7.194120216285242
2984855,4.709232273938937
3070229,2.9234852805430105
2876794,6.970987853286983
1415575,5.273737777903105
1153489,2.37456056044402
8036156,5.945229931431691
8856544,4.788914783685293
681179,5.665076211162939
8923923,3.794228981381602
5350046,3.992556532372628
845838,5.441858876022836
8520769,2.3180166656397283
5620981,3.081407087942261
9098892,5.687033766302297
9981400,12.342282235122598
276528,7.780420252275014
7587300,3.2988432751684518
3068851,3.473409473369906
8711156,5.416092269636246
1743252,4.314336582752889
964062,3.5498066701669453
9487801,5.596576258193321
6365988,6.000707275538064
3224748,7.009537628650035
6386787,3.578523762022339
2223255,7.155272032358557
9430029,7.332687554600401
9097414,4.521742926388595
5135008,5.4397627883666875
2886325,6.421605393171126
5476100,3.798182717605145
4977520,4.88658062445567
7152974,3.0219922850618453
2137260,4.299145662131481
3339890,5.7375330967143405
3145988,8.189233598444318
5919610,7.679584317112157
4065661,6.1351266557515265
6952070,6.115421523952168
9842981,2.5001614086778563
1419900,8.916145502229579
9753752,6.443691136523121
261759,3.868296543856003
571958,4.218950933174088
3135697,4.545412729684854
8204070,3.172389707702062
9239193,6.431479761463944
9867524,2.7438493834219297
8456821,3.748741485242639
5514585,2.8600000084248016
1593435,1.2551653848729922
4732121,4.539377588615187
2615096,7.014619953721145
8880780,6.157254233083531
7829289,2.579442849291565
4318759,4.627643492853399
1271777,3.2531228838479933
1265486,6.018687128294577
2837879,3.3472248081295817
7881721,4.532706945389782
6133774,2.4173569297834847
8693668,5.474780019906561
7346891,4.411834283241456
2498631,5.965793496735221
1273113,4.413986760590186
3760022,6.149844914741957
5730177,3.1524686617438253
477021,6.2716669817918085
2468106,5.089346831485925
3354307,2.4177014354969235
7336735,9.394645688839423
310865,7.4053738545174355
3386210,3.0640363189018043
9649909,4.326601936499161
4702092,8.989286838430019
2136705,5.088068557178631
6458452,8.449628801942833
6031143,2.1396695061583046
6681604,5.789036034676791
4827914,6.4525807955940495
5989229,3.7337488855597103
750546,7.354822573828069
7684441,7.412974859736135
4885958,5.516680268365529
2811609,2.934268341693627
7293619,6.441354344281805
5430732,4.854762741841143
1169203,2.8004865757924287
9562278,6.115581882017443
3088820,2.7614178564436376
354272,2.100960563708934
8321330,5.617096332849509
1147880,11.403172957949728
5997092,2.1682690139266856
9075999,4.444259768275623
2354548,2.903835964392087
5386831,5.375656903036815
3293243,7.4966852117772795
3283655,1.995661251577277
9290177,6.597798452943503
556596,6.913272009428564
3033298,5.677111092997617
3568013,6.118939826064886
9881242,4.398294086127507
7943505,2.290600680142725
2968655,3.530605325415977
7425649,2.8273099385413767
9732917,5.409579595215787
2749334,7.408492454246241
152603,5.714940782826278
2324757,6.604894832361531
6895810,3.476566700610588
8611657,6.657936003805741
8209608,3.4493811123401237
9439198,3.896396561398085
2057607,9.916957071901095
2966027,4.418557829084168
8786148,8.68774140210648
1285624,1.7487426430966133
472527,4.670656232802019
9372042,7.724927453357735
5961327,6.288395174627068
3991713,9.017932666795895
3689101,3.5074031883974546
6114299,3.2629363993126943
6219020,1.8061210784456785
5917151,1.9292334934678965
4148094,4.605678887058535
6568814,6.3373453955501216
5232674,3.913477668725232
4600308,3.2711421733966333
7384475,3.7115456479623656
7826742,2.1323273106578142
5450213,7.578469308640108
4991599,9.625249328585236
4472427,9.399871950087153
6222689,5.570942654905892
8485212,2.167308150691741
9214924,2.8484521727148615
1866535,1.498734783691588
5376306,4.521346877137145
5179296,2.819608475715091
6864207,7.599194528710866
9645687,9.516257670897176
4687542,6.278888920535685
7757406,5.7417846821547815
1749026,4.360709903232852
5298117,3.0787226091519653
39117,2.7254559790876307
5738766,5.5579926641167
808042,3.1081034751715393
3769441,1.3976205636498342
5513049,4.382019182289112
1546271,6.653381947744804
7178695,4.322226713358022
6325621,6.728753215604941
1475378,4.75248487411442
2839697,6.859181648827639
4040423,7.031881117324298
6225550,7.943668015046051
4971006,5.583458892941732
4718417,4.94273581579462
9746597,5.850930139549753
4922531,3.6917177927699134
6287211,2.8851994768580584
3288774,8.539268422562998
3176777,2.159585810891036
6513078,6.95201499167554
8868353,2.3655785644717575
5293235,3.6944526427470032
2022910,5.51980703597865
9235704,5.460799203725923
8747015,6.190391267761895
9095396,5.905706477935917
1201269,2.563549512504368
4645261,5.579633402002762
6763173,3.277236712755253
3509945,8.032818381093247
8936090,4.927664015617569
5442001,6.125295290754234
5875445,3.8022686264595382
2296534,6.077614205306855
8831915,3.3237519066731585
9384536,4.802691757973893
9405935,3.6969096399926618
9579499,3.68557686781924
5687437,4.03345790060202
9992388,3.4552994805058503
1144899,2.9556493879639016
826432,4.182871412345223
9890660,5.686370010838267
7175547,3.6527239552777733
462391,5.030518819446936
7543494,3.888942342132498
3692604,6.658345113061426
6394444,3.1866267066019285
9586635,11.165921545931482
9416393,5.9440149010542775
7678564,2.2985408242376337
1108509,2.9128123352840496
2559628,4.534882102920469
5290997,2.8078437680544623
8760405,9.067970927702106
9593076,2.7850727718483848
676328,2.6579252152405366
2795821,3.671184933446357
3289818,3.320903732125197
9487918,4.228955446996611
7798637,6.011570332491154
8783193,6.297880652312405
6528097,4.411512782797231
966103,2.6783936079810706
5012284,7.6543334336719155
9766539,10.515001413180913
3427946,2.5234699519322623
9036610,4.4053020105648955
6715473,11.324991704778682
3891749,4.160462139057051
2757449,6.698180861851883
4423158,3.697637334301875
8805355,2.4772516626498717
6760886,9.3023200167343
2147625,5.526832699124464
5062208,4.775652391836326
7196666,5.660696618506168
4703080,3.2515663145976994
9419248,3.1433730851816666
2148220,3.1958094098416314
5377511,5.7331142086376925
3087662,5.235357799398939
5640972,4.029785542155076
6721061,7.704950984823596
1382780,10.68760688234446
7015519,8.174818780174908
7008947,5.431339788058635
8707649,8.389608703099753
7686593,3.5692535913759196
1511110,4.126428293166809
1639901,3.383234582189808
9536739,4.119809939846507
2911029,3.482421342211361
9473582,4.665473951805965
9961780,9.917190348311204
6459503,2.5115542708609926
7102933,7.518220228537654
7264217,2.45677415642018
105793,6.344783163681861
3205687,3.837754141024282
1260446,2.9401832577572415
5427945,8.805932469046192
5005372,8.656682585680386
7507691,6.298836070826564
911967,2.8966529018401554
9615398,7.155568166157314
5887775,4.309346357766994
2419935,2.485943182183549
8820277,5.7220003907622825
8496692,10.350360869539983
5892714,2.3099550698272404
1728439,7.581284061259185
7158024,6.541141071203947
5162047,9.197444587478005
6118960,9.1237515922425
5784289,3.4454994912116486
1595674,3.48380962012575
1305114,3.6867293440925346
3845668,7.324801074878231
3363801,2.590140863084597
6975454,8.071378570415648
3197348,5.265156123761221
5282867,10.40714238617176
4504181,7.232392873646074
4226808,3.465576260564243
9863395,3.952483092914516
4714695,4.250468881598319
9338483,3.031557399378071
3589402,2.4694329278455496
8149280,10.706979047582644
1087745,1.5880822877534506
2064065,3.967130499238862
6345228,5.9723369573210405
2015611,4.131329051219277
4754205,3.353997871906203
8176567,2.2824580150418794
111294,8.450535039777389
8174951,2.9686100510323423
5043514,4.17684646596006
5364245,3.276598422778349
5663704,2.9460243029933055
4402708,5.231911374154289
3306804,5.8835643169468295
2060693,7.920534440203765
8619668,4.312761937561625
4432717,5.193549992584195
662995,4.05891764022229
8820625,4.346627252860159
6124984,10.563868191567405
4940701,3.448697614244891
9198117,8.387339985132098
7908910,3.4911846958515205
2918067,5.063030181043777
9405797,4.107086963344787
5416559,4.886560269618858
6227265,3.225126626408264
449196,11.552860060618478
6978608,5.431942390510421
3295333,3.2290708239012855
5880130,3.6878117018655048
3250480,3.0372283255914647
6929580,3.097094166410038
5081443,2.816241257269798
4508420,5.196358710780737
8015521,3.7929243708419706
9450002,3.001394841445633
8294246,3.0824430290196463
7731878,5.2852732961780555
2926829,5.448002126623005
3743333,4.735598205824575
571004,5.948499118960418
409813,4.377289010409523
3819678,5.506609300186951
8626985,5.289075114802365
8694483,4.411807558618737
565780,7.924857875683188
8865531,4.651150251623572
1303561,6.866879156076392
4012914,4.001856427964945
6660367,2.4094096369721494
9688084,2.663119588653315
9955127,5.548027719556847
9941067,3.392018666746899
4461763,4.99329610703791
359636,4.968609101357135
1432024,9.191801413285507
430891,5.239245237042209
552243,8.961901626950347
9852249,10.36673679398573
5017016,2.8007737292494688
136233,5.8842422714456255
1007000,2.677080756040921
1055650,4.466586721267117
5415985,7.227788188689475
8861937,4.021316839514328
950580,4.693844302993562
945192,8.128511025200932
944183,5.291996979443428
5112077,6.444057106469593
8585331,1.5949412778302352
1099626,3.811974153536364
3723124,2.587456037396569
5055402,9.319034019983732
8265855,2.617046448685602
7785464,5.336329511432389
7961625,7.87432348268152
1917781,2.464278201316435
9665813,3.004851640811326
4897887,3.67242207151529
8911308,8.367753352909956
2096347,10.485230008234248
3006358,2.4173240411104255
6571594,6.749204803295527
6680165,2.820884378928482
2652301,6.473440666927281
401211,4.58051783400364
9134149,2.818156549438865
330223,3.144948397693897
1270869,3.1898651738039416
8459559,3.0842172414240245
8769631,3.8181242885331437
8470772,4.468036565309456
4315554,3.0272312038929536
3220872,7.015773946322669
8414035,4.987322624550292
4077067,3.2973663536362805
8905290,5.5716375942797
8109048,6.606218430942089
2684564,3.9118592898223996
5941733,9.811695585326996
1888143,6.54929087463381
9128614,4.800175015199846
9449777,6.3487755013179825
8746009,9.077895221964859
6286598,5.004445777101354
6025870,3.473669565079953
6124725,6.651867676960793
5897217,7.455311395630305
8742371,4.709359405390974
4441796,4.539095278851956
6745020,3.73261089444394
5778805,6.647713687925269
104213,2.5320339887206154
2421315,7.68287111229139
2082983,3.084324126362019
4167307,4.585962111368236
8362194,9.04021230698607
1488371,4.117995122518905
6873658,7.007234312092684
4785829,4.265630042004664
1153306,3.1728958947917003
4531438,3.140376658785746
3861618,3.9694649467650898
2295373,4.086964817718009
631764,7.729765916634093
309472,3.3341900990967854
3752763,4.522327293299025
7760280,2.2631919151716513
7524026,3.565780423761441
6010225,11.587058008882778
2585949,5.012633516755226
155968,4.886544198304048
7488352,2.6928231824457565
7037952,2.9309813260864104
9172111,4.204334802485279
4950770,6.646249067610558
8250745,9.235161897267247
6787059,4.224466564603212
6226305,4.164836958201424
9379933,7.68143694041821
3321709,8.09072356723432
1646962,9.030590099526956
1092316,10.25026347668754
9839972,5.742407566447223
3967038,10.23985840877869
8670904,7.457782461584371
3389378,3.048731745454746
4544700,1.6455275859437437
1861549,2.800481041506622
6422348,3.844400591050997
9989761,3.0322659362615987
5999830,4.068694570528475
7505131,3.815546006287137
1823990,4.138410231453243
4688767,3.6810198899670414
4320653,3.5212949021350086
5900431,8.272099807899583
531557,10.664498333282314
5751509,4.348123657943835
3126440,5.914213839662456
1805161,3.9333107512982837
1940797,2.8977215691324334
916690,6.195207170720508
9320487,3.5798479426638266
8644503,2.7940234357264453
1833438,3.7705761859357976
6378546,3.809011314838306
3836365,4.951919603843877
9442964,2.8116974502341234
5252260,6.891189176737661
7535494,4.903767384123803
6326394,3.831211465325866
642750,5.860263082224253
6737149,6.591534969436963
9239195,6.981163818103523
2550862,4.9514263571665325
5421749,3.646053552920712
8080359,3.4514164779257888
7948911,5.419120129111278
2068204,5.144540757340264
9926979,1.9437696139203577
2588509,2.379983692252517
272438,4.273578443392314
911327,6.057420958915329
389296,3.6176315445444684
8449643,6.169259729204418
4605576,5.993227348132466
5863731,1.7325614220100025
5317216,6.525199285483858
5500084,4.603229845568011
5050824,1.9383672157509793
4626613,4.897875024248116
8732389,7.032827933651387
1889571,4.16991658964888
3280794,4.217298483632301
3973287,4.894008136499863
8457605,4.860943267526469
6191946,6.1969988425572105
8310789,2.4085961081569547
9733502,9.978372834110655
9178636,3.7194136208412028
5635644,5.411723773051609
7098128,6.546294552773576
8767156,3.7027554273901613
7787990,3.8916879189336826
1002678,2.3284303771564647
4451119,6.075196858154698
5615490,4.235097418408037
7016867,9.356082859141328
7564319,8.427019515827588
9053262,6.762689959828775
5681187,3.018665785330631
6563711,6.326315102579339
1768181,10.209883118922887
3398484,3.081083597119898
8288614,4.02610571884987
4995611,4.767909474556434
3032324,6.862978034042705
6005770,7.168766371020094
1498208,3.7391328475088494
5778358,7.449069380144488
2002228,3.3870992370433046
4947989,4.780102698925429
1969989,4.96309639935553
8647672,7.546982254205874
7384508,5.526988100399585
2107051,8.35876170898399
1239985,3.593445051708165
5125665,5.6798814016162185
9101874,2.65529927787882
2951299,2.6934255194877292
4703969,2.3960783188167514
8352049,2.937547612089208
5016114,4.974104653870527
1122419,3.782705125092792
6497560,3.610428280040603
819463,7.349435604718225
8608076,2.473150533699777
4759599,4.626831403586819
612087,7.614466056276473
2943783,4.619294303014881
3665743,3.4480185624678112
7170803,5.084531047129202
569434,4.063801444214745
9328185,3.078361342145495
2772830,3.608423557357873
8643029,11.289749186771393
9074335,5.392430984310356
7973806,4.074757719153351
6025501,3.1522640671762305
9731505,7.159831104927808
8716251,5.034641262917524
3478987,2.583905927624082
3600169,9.809590494524205
2649056,5.14245657286371
7665093,4.9295993291371305
1748284,5.234717647932503
4047379,6.201046098576324
5145104,3.1786847794624986
8621767,4.739280912969167
2256187,3.302100289580737
8676263,2.7735195959079606
8360842,4.9840347818375905
4488188,4.714012413327635
5257866,7.901653922325204
3953771,2.568838182668448
4696063,3.379561318106787
1439947,7.185470978552077
8028837,5.8722453078583206
7075909,6.247630534481432
6070250,9.024204626349439
241331,5.134060445297634
2719514,3.5209549642128657
214849,5.8162109968361575
7132559,4.054570051465815
9226542,1.2238491104584968
3451803,3.1396927747400576
9484284,6.401147780171595
4635760,9.13201631146628
1732188,7.254064170625391
3541502,7.390613605342693
6043513,2.743970176873291
1225209,6.932852524620814
5332928,5.293736996782215
7791346,5.680110509390315
7925903,3.828867914902599
758862,6.346038246360458
5585839,1.500620372579289
3945529,2.8950068824926305
847260,7.195129378497078
58142,7.426628737436376
8107492,5.260802242423246
353138,4.9086105828863795
773128,6.127493978099993
5943759,8.069221067137544
2444399,3.6513884626188835
3107454,5.577312526052427
1345393,3.4786311920551274
225584,6.344188148315871
6829516,3.4275307140183573
227220,4.921172338446095
359370,5.5323485982057425
2023495,5.014225135302152
9266662,10.606327612324094
4838474,2.623581901003327
5920114,6.187087493183046
1328656,3.3706706153099035
2501843,4.286252947797958
7047416,5.660334353487816
5490054,3.254171767809167
8556142,8.168507019584325
5838097,6.952440629559843
5544240,2.0869451065627547
6494774,4.49560946044142
4676738,5.207096452330676
1797868,9.634952723396589
6215507,6.739790211925277
2364936,5.989032959003341
6886417,6.568719521290021
8389418,3.783185696000188
3793189,4.858422767673378
6851997,5.968027204109481
7987685,6.8783480108255475
5614873,5.096151709667204
6944409,8.529996563001188
6673453,3.8980428924800323
5640852,4.267264898702896
2029851,3.7775423007260605
4008008,4.112873754189353
2372134,3.3766712763489526
3631331,5.672103466867572
4195794,2.7097425385871827
3165211,3.4634426819504647
924738,1.9223197596787511
6970086,3.8451460184263992
4384937,3.3430091288693196
6849375,3.1503347056119733
5972022,7.231792969099285
9620924,5.317674058017753
5925136,3.2045941789232315
2994487,2.9397501726468658
6964085,2.7788480644943947
6654823,5.8078332772644
9932305,3.7991285427414168
6307622,2.874901586581892
5985585,2.9122022009543245
5954056,3.77691615616263
8481083,2.0976059504524684
5570769,3.468176818836286
7487856,5.490080245929125
710859,1.2829318435450947
8841918,3.9464866086880876
179366,4.790893645559449
566637,8.333418434677847
3002055,3.7380062293771696
5162944,5.572191759612711
4318697,3.464106524355943
6241243,4.453134115236747
2213316,2.741498441295593
9255595,8.86717769874246
3091275,3.6158347396834025
9346992,5.385652716945699
2475555,5.403887172299996
7856987,4.00883429586459
1212249,2.9429420049360266
2334275,9.83973975704106
6221209,8.980088701310665
8327850,7.302216322672819
9772977,8.687392209515078
1897507,9.097508851002313
5712241,6.357236542859846
8225134,5.405263878601739
2608794,5.065750888626804
2826636,9.156679232617446
4942972,6.221663091717934
6310676,6.645002439775711
3620472,11.653260954508394
1050158,4.336281786903346
148236,3.2722083142855007
2557312,9.223874550623782
1393565,2.692584171277959
9264592,3.0243188859738552
675407,2.3256175269290913
99431,5.662856189727893
3807905,5.368611257857753
435832,3.796250138070682
9214212,6.71962699589616
3253030,4.45487791113935
7871312,4.2585288611364716
9444432,2.474162213417536
287794,4.516457009515355
6310256,2.6542168320367647
4332996,5.618778276849288
4828293,4.696378045412561
6550231,6.925513823074007
7470394,1.068716613301007
2343327,5.062948424082049
7547962,8.162675297135381
8441729,2.023746844753568
4533047,10.814798893337429
6068093,2.0903105071887587
5500243,8.155567197283789
6514966,3.82220854440018
4971607,2.3796126784422906
6661303,4.60159073515527
3989048,8.22494348297232
9334549,3.910395634327764
8241328,10.654519622797913
8209714,4.098877978078799
8105854,8.621583063076327
5190562,7.057095553675392
843233,6.051726277556556
9236143,4.148579345284818
5280665,9.469209556180978
7952221,5.77476776735358
952823,6.1977104060565384
1790224,6.2584973465387606
2049103,3.11823149770348
365385,8.266017493003222
804347,7.056496601355361
912460,2.4333564749802106
2738321,7.581644654571042
7087727,5.012112515055547
2763341,4.351060052358576
4780014,5.664614504749025
9989424,10.631670337162477
5931841,4.477446673311141
6602171,7.977110058136121
4532696,9.66401740468363
2691515,5.484996320672836
3444665,2.8595897057016355
5184491,3.0006689807152873
8228473,7.802126724930252
5974122,11.553788179887368
8650121,4.703706396637806
1962818,6.837129170043337
3890618,7.189714673202383
2163944,5.161993408486829
7990890,3.401735788327009
8602932,7.661409950814235
239155,3.8134087551964795
5880789,6.720562634390699
2847294,6.583909509320119
7126234,10.5396153058967
5765439,5.33987684130714
6971657,2.5324658986124433
4648103,4.545414341286115
8972708,6.622208645860724
1833844,5.07812168280158
8179440,4.403649521895071
4296421,6.710068414091988
6070657,3.712532573291087
9351527,2.1725495482804886
5506714,5.491640049119297
4030345,7.29639738947664
8608604,1.9385474221160435
6208811,2.5506883512531813
6435851,4.294831554836955
8355385,6.126826759037468
194230,6.694553948515694
886315,10.759233385466917
3483045,4.185314448709987
5269976,3.708671175452072
3975496,4.016001635310326
5232566,5.927228913419711
3512883,5.448148394009656
7522525,2.2591761371469987
1086907,5.007471109994555
6500381,7.983140525149944
6776382,5.2847215942013595
295520,4.391799110294955
2832140,3.522724658908204
7086668,10.836007923523523
9217923,7.149220066404226
8681194,7.896810009616457
588271,4.607974980869897
9261431,8.207156909012806
9154185,3.148284559434789
6769296,4.079631415342873
8297423,9.320590465440889
3176503,5.972190111655698
9971493,2.788852382633987
7051657,4.965895014287434
1216373,3.6000515573515264
997643,1.4764887904857342
546979,8.485629911678583
9877736,4.265192650731546
5737476,2.76710811263628
156767,7.405013303478344
8912636,5.186456772600337
4889350,3.101070793006652
60499,5.307537178522504
9831060,3.7086227067131814
9883667,2.449508062203695
1073787,4.284926731541393
6099538,4.046789708115811
4723958,5.663826684507223
3608407,4.212339107692051
4469390,8.280074229559233
4109367,6.212794624934665
8515298,4.692774519631433
4168457,5.960038335401004
8039353,6.002644240201642
6921559,4.5346852244931295
2803032,6.734190125199318
8978831,4.80954021375771
1995035,7.047088733163033
2360969,3.2497428987729844
1893442,3.770219811509916
340204,4.811856953085835
9201991,3.6498526979395365
2995654,11.700902610885386
8252638,4.546694932006448
3936743,2.321335352823657
3195700,8.85956338385298
2889715,3.1057899989592674
5596055,10.698916044934698
6445129,12.484037428712199
4997739,5.5308598390274915
9834536,6.627717146130315
9927075,3.680171675982041
7285315,5.190099523638851
2683052,6.193770126447917
7330349,5.795560107312378
2844024,7.352253888997881
5724212,3.6256104170269454
9094116,8.894883449209189
6362642,1.6996960409348585
8556591,4.7106920332707904
558402,3.7023926098954965
3777739,6.013116700244372
726100,4.091552146396507
4903258,5.725804716151019
9201366,3.980688137833937
9996739,6.679779886258198
5580555,2.5776606809908444
9767394,9.655729363803843
8370933,3.9366185016133146
5302162,10.112755184550949
7450214,8.522007658118259
5457118,3.9372922357298155
3753969,2.908648839278908
8156087,4.0867834889276775
9551697,7.4471648972764575
1243198,4.391019931314468
5054207,3.212489271701951
9302164,8.272854438271876
7456130,3.36627141372115
5882733,3.2806189346759225
3346923,5.402825742005741
7049800,9.750430143096008
4573413,4.020927102890893
9380589,5.199478504638348
5300647,3.695492838717004
6444446,2.722035650796789
4223511,8.811056255172089
9225592,7.000039992540307
9105359,10.61372047908762
5473443,2.8123795026150544
9732718,6.722331355862697
505435,8.51026077377909
2728176,6.259514441347475
4107418,4.286697848851117
3227323,4.01032824671116
5391818,4.317072233900803
1082946,3.291804148288258
4266787,6.111919500056139
9474331,9.203581951640519
2641527,5.332141683831165
5143016,5.616276493976642
102998,4.316653860512369
601665,5.449510160872687
2301221,5.812100721087906
688624,2.608774721129392
2615309,3.515345046955106
9625485,4.449921638090518
8903077,2.880115133789675
5157610,2.429432622964733
1695534,3.215196818293193
4500390,7.270853301446449
5555994,3.5596894598122297
5829949,4.537926769887287
6429111,2.617584781689104
4274270,6.081120639618886
4231185,2.8708433611010604
9024410,5.511464286862308
1203131,6.030206155720619
2280341,3.7913028061736105
3332032,2.513254481120134
3414549,3.542265649578159
6541381,2.2771842755585956
46020,5.589329328496538
560282,6.265063739440817
8613717,1.3202343840963877
6573852,10.725346236026239
8586282,2.280493739532807
8100824,4.0062278447438775
4756909,3.3965010477332065
8145595,5.747796962990885
9099576,10.743217220346583
3091155,4.086478886214712
7180610,9.963971004656223
8183501,5.617620195298823
8363934,4.527452790679602
9345850,7.182173269161243
986960,6.890388756394229
627164,2.813395942645507
4638872,10.785441728931204
583113,6.644174476177269
8487235,4.4478877867048565
7663236,3.07620303554609
3225413,4.303432847369264
433239,7.914229279613609
7465067,5.893873655120486
5515098,5.601826463770619
1468602,2.979039746621935
3335642,5.214023048334063
5024835,1.5322646462008689
705307,2.4453408116951083
4873045,6.521148476670028
9349695,4.213995009886295
5276233,5.894931730011478
425146,3.166857873827815
3673100,6.09517800476761
3163705,3.0670471429579935
3951201,10.744758518251283
4097440,3.7225972632497006
9270574,4.028519441311872
9418379,8.002974254569827
2097954,3.6703908836675176
2440387,1.8734242262594738
393920,8.239316704239265
8545930,7.99445625408973
5332833,8.850438730216688
877996,7.909062456078801
6562100,4.899159715871872
9544968,2.648210107753475
4984640,12.753509698547026
8125355,3.400262603841576
3902481,2.527727561924488
5297673,5.210084908114311
1864069,2.5062323538100792
9404138,3.872045737889616
1384273,2.8563595848263374
8538486,4.046504289904396
7168042,2.2923523331729787
4903887,2.748521803880263
4429049,5.773647867664847
8112109,5.885128469683122
8385016,4.560292053684725
8604428,2.9489784033582986
6171351,3.6753436701969
3694292,8.513205475281945
5619913,5.722499847914833
2761940,5.044215939960213
3900521,4.513432978160475
3622164,8.43528865054287
7259261,8.014360082704
7000468,4.129998663235071
2651392,5.727496759824199
383752,8.279979690541875
9405809,4.436767482371578
7220280,2.726141070474621
2359177,1.99680814088885
8684582,4.701433904196689
4398241,2.7015591187295205
3754792,2.1447893393868864
3482330,5.831514120625066
2085575,2.5874378791302943
7738410,5.419494963317751
4520569,7.703381314524186
7073922,4.92152560729909
2603297,3.6675936512521163
2364050,4.085612151500076
985551,3.452858411045185
4428952,4.6089080672562
2665320,2.947001990184789
4459503,2.5641398725467868
2822583,13.248205906745827
514103,10.200196578384858
3373029,2.3193151079770997
307372,2.1375348069842177
9115541,8.722521946775423
80474,6.3098259112542365
3523949,6.060502833690704
3503104,5.400946774868546
4548809,4.323166606995937
9655567,7.35039591084764
2029088,4.0110093806696305
7646465,5.723539939706628
3440529,3.580197887404365
7488555,10.757484817957835
8816310,2.4119950863340454
2426163,9.111469943943824
2741225,3.2342266172929097
3204973,10.204958165053782
6405769,7.328348410201704
6201162,3.791906625169265
2203187,2.618000382444714
4215210,4.2156175774694455
1371211,3.2460625547413557
5400415,4.001574921348347
6452340,8.29445506757874
5460642,5.9900731388871655
3893295,8.705801270993472
5822263,11.24340386451281
2362382,9.393702156729034
189721,6.535752129828196
5809407,3.5582533372371525
3251796,6.962600495003841
8634796,7.701736985466965
1882679,2.6509335510010343
2681969,6.20308458155931
3521411,9.595032945904077
245584,2.7649754214898237
7562244,4.918885123621521
8402784,4.578841657186668
7639491,8.70456473193866
5027265,5.045309779408183
8543802,5.254450997994888
7933255,2.1636667831293765
5817169,2.3445341160452413
2646411,4.667416634757405
1593728,5.5447575296898055
1715798,4.532944093421188
7912159,9.110616885159976
6713599,4.028767260212931
44413,9.209264883588641
3563377,4.565847785188657
7323719,4.67754436482325
9619697,9.633094111593076
9321083,3.098254288941527
6344782,8.53259346477151
8336877,7.150475885712078
5233368,3.1873251976439523
1685099,2.6463009362860355
2986965,4.207882483333546
8875554,3.4402278937868465
3567403,2.6998258545897795
9162000,3.0783723379375445
2682324,3.435445463114232
4464797,5.61718430771395
9881714,6.109140961144866
3734955,8.181589087495801
8723951,3.8131747368249567
5010831,4.812182459216096
4460078,11.054451061616993
6707865,4.05119187233569
342724,1.9860088971133336
9243654,9.847484870890128
5241611,4.737429585074697
4675002,3.386042814957742
2682710,3.1973392880462645
8796314,5.908842462737416
602595,4.280522844125339
1478172,5.6347248271525086
713803,6.256968427981365
7533495,7.423427215873623
1267158,7.315909439430382
4038457,6.331060451411553
9449871,2.200624891539931
5380695,7.556933204449447
1243116,9.378174801345683
5906675,2.905257266539768
2188516,4.9464295258392905
5914436,5.160107683729464
7230472,6.684763054485586
1565695,7.105390782954032
2456351,8.711111462645599
3951788,3.618430039640183
3943291,5.337933781114859
7264601,2.6352537809142316
4729981,5.088672068499605
2588074,2.5919835045173976
1485740,4.546327610081745
6519987,2.22320390022395
7429,5.026552543433569
914601,3.109472901104095
4897114,1.9386484368866244
4251790,5.122848726244772
8061638,4.543542529260405
4713788,6.030998259424587
5173882,5.559302383804025
4647595,3.7161525659381747
4800521,2.7146005381501563
9167639,4.216375609598442
987627,9.09085377829098
6067272,2.9147876185501413
7431534,5.546222499063648
8908618,9.65168136571927
6336300,3.905815186936448
42413,7.0540168535834615
8028758,5.240269099262154
3223875,2.5742306594951336
3717072,6.09596862394487
9013066,6.351126276310577
334603,1.8503090899527441
5674955,3.9641639655535177
5536281,2.08867206470866
9189859,4.790391522546394
5466516,2.8628830957221383
9319604,3.6716316901139394
4824546,4.1022350261175164
1479280,8.90656632336573
5931512,5.331612240683311
3721696,3.444396300310431
1260140,4.613167324220408
5642804,10.671270149435033
9316725,6.644897725992951
833789,12.016979546632353
6567086,6.132128364152731
2857669,3.223629064858237
4046387,5.040060542693834
1182098,8.247163243323216
8862373,1.8041760395062094
7193863,7.377248110787248
453238,7.873291516995788
9154188,5.391820572458058
7573475,3.8272253537869867
3875231,3.0528660199061832
3245496,3.6708991704549057
2691473,3.934758396664768
5514464,2.936468566864986
6107608,7.53141309327887
816874,2.7220976750095947
1274996,6.443881849406964
9194501,11.52072382958767
9537554,6.044544859487329
7110059,6.014990921941694
7818724,5.517514610907321
165864,11.160534480962546
2948422,5.468463779104127
1029654,9.073523612068636
4469613,4.182694353551445
7701703,6.555666240206903
3065120,6.127753567843364
206628,6.691554415151137
7591854,4.1615206666832725
5353600,10.200399417874008
2414083,3.2053899178450047
8130148,6.242486991340575
8176808,7.475723339398648
2057191,3.9922045716040486
6742004,4.790505649629114
8026858,7.878394052273803
5827859,1.921480848264981
3579897,4.319125074995822
8896391,4.399182425150484
156552,7.277708001332525
8505799,1.9056894733911474
5442045,3.539939754320631
2292620,6.185613771617579
7523642,5.299574891820335
7045696,4.405361295572923
5150199,9.972149551935072
5127980,9.704633123405022
6526207,9.133283254264366
2460907,3.8666661895447083
6284894,5.419646382063345
9746088,5.563988434661466
8324145,2.5835850986333284
4303998,9.065013238822303
7288387,2.1985200595266727
1447921,3.5725455568858857
1824504,3.056873026530708
8695855,5.833853902200852
4989834,5.027629299187952
2974121,2.754027893919848
8360948,11.219538289026692
6738484,5.367993979922344
8717549,3.177500226309024
3891972,7.701253268166156
6374920,3.8214254298330435
4719615,9.578061861984384
7285930,3.061547602449848
9616810,3.9904092859105096
9985378,9.942705833407842
3856811,3.46259196277039
4592563,6.222526734694258
417675,2.728235659699398
9651346,9.334317330704566
9943878,7.043540919329363
2555026,3.3515012286636514
7480921,2.927221473688049
6465,6.580259766473982
9317571,3.483606883482621
4259509,3.8186540770719013
9541298,7.5144041293989705
4159961,3.2561561866048434
9318953,3.156083647994899
8008103,6.856523899589535
4794073,7.2485048322677255
3944109,5.027296459043672
5231164,5.321305948115327
8541934,11.313819737730391
1494454,3.652534273020864
1750403,5.763962268671767
6270543,4.426824316089029
879835,3.142620351163002
7830371,8.511313152148592
8122040,6.208707930882035
1193192,2.6450991398171464
8306911,3.5014796110757653
1351496,3.0507829474639174
9988831,6.916722457073082
1183285,4.222807075834919
4605660,2.674000767654473
4565168,2.4746848881405796
568846,3.806987629032295
68939,2.173355530409394
3801318,5.608100312691045
2042148,2.2433116948398326
5784068,6.323943963107533
7120248,7.371596204215071
548854,8.234817054577418
6150288,1.3228412768316964
2658649,5.717993361999054
6672878,12.352187102201226
9347643,10.140237162803096
4101728,6.077117102309668
3012238,3.425472886220666
7704127,4.272835013825828
799911,6.531365985100447
544849,4.8303393467854745
6755461,3.350224793408924
4419087,7.218995739018338
835645,8.481569129324946
2129402,5.478846082572577
3846037,4.7052976452190824
8437640,3.003405116601051
3551557,5.2717747133618404
3824216,4.49019751748858
1305046,5.309847279993899
2218709,1.9989941287770705
8972959,3.4418908541708086
9064084,7.829063974114712
8830979,2.904195194214522
8925921,3.4824462612826648
4961974,6.046579169911791
2335390,3.548714731274066
9632532,1.8410383711093685
262563,13.639354694028563
2332854,4.887955208595505
5246201,8.141653392063516
6461991,1.8980436003572914
701685,5.592467605597469
2714858,5.831692910066764
7651374,6.653169214081854
2333395,6.1568652228484675
5421448,6.731601307225965
3752681,7.170493303023894
1105812,7.465400379934018
7892345,2.6088770501600713
9778387,7.416720914122157
4649153,1.823008177131602
8533346,4.195447543677371
5766730,9.405438666686207
2236074,5.013469787181896
9731943,5.558841662883422
9827658,3.0731083226694316
6767109,5.617425146394887
3497047,4.694415785694269
1942356,4.495323885928046
4822348,12.782734577513471
566030,4.228502549656004
4518037,3.1997324208025835
7671815,2.4498599116749378
1949361,2.464728787095865
1107376,11.498337493426112
7334155,4.081716534621047
6848139,3.122156014387338
9169928,5.376003109044725
1417371,3.1079822111929607
4840970,7.741026394547078
1726630,1.9607804936623001
7161548,2.5480709542596465
8926541,7.276892614861786
6938713,5.1417078784158745
1415460,5.200166987806446
4016365,5.828052756332951
2573350,6.7838149774315175
8176685,9.028648491302716
6807233,2.8886409322020348
4786622,3.740103596412512
5845756,6.9189595342500265
7429371,6.314181411177481
4887552,3.321627760928281
4516234,7.539235637908584
6619881,8.529719430889294
1971266,10.02424251115893
9873033,5.619549523560796
4800318,6.0942570771873585
3701784,2.8216283211335003
6751462,5.934404001935988
8207440,4.203687037916042
210588,3.6383778558430087
4103456,11.10872627944782
2213862,2.7016155203515053
6167851,2.9040707054809145
1852023,7.940525089067549
5026823,7.5639627167548085
6949549,5.95115883908404
1875797,3.958581255787099
6188518,3.47846948581078
4580134,3.7863247088829697
2661474,2.414779334283045
655778,2.5390874708268063
391986,7.576017151903787
539387,2.2458278653855013
9297127,3.527854239047164
3846429,1.9655447414849374
7756645,4.266827088731646
1306473,4.009237262567496
1337045,2.7576570950597725
4500348,6.218604208859012
1202057,5.352738969553768
7839164,5.022113145138981
7544524,4.237449793272658
8382561,3.4521129847426386
9785960,4.2713765822512695
8467468,3.2273355729371653
1295554,7.675275333302995
5438099,8.60804606099443
8240628,4.22015430355618
7106459,2.681845481828949
2930615,3.770138226888787
8876873,3.519489836571288
6274194,4.229424172519969
8058730,6.466386876862636
1566924,8.094223788540324
7350237,7.497884682376236
8111594,8.282031354373519
1968651,4.621241954320774
4548091,3.569421156670354
8240695,4.148227454354763
7403363,5.904561191638143
4570376,2.249033888143998
5176224,3.460921978367769
2633596,6.385689617572451
5560117,5.6213483191913705
2490077,3.503458084708349
5191958,7.586542029992624
1697143,2.0812693086697736
2708856,2.261989119935791
7685057,8.295408057942078
5069833,2.790020214331227
2007378,3.212135318642799
3872896,5.74436764733623
3847397,4.686911818090522
7931967,2.3619200760355996
992132,2.0755896980507687
4951494,4.43663575639265
4232984,6.178277481722798
5232299,5.38940831574503
8353929,3.0392010891314385
6258926,6.363796373060715
3758117,6.171058347090484
9271821,5.981049964533125
1066562,5.304120203267879
9324442,10.053179951615414
22237,3.256967744435531
9273160,2.973823851695684
2706157,5.5981824457939275
5471307,4.764123374899302
4309511,4.640406160433917
9664541,2.5485192339697247
3309007,2.411105793735194
4304154,2.389579591986692
3084093,6.092976004984318
1989527,4.9758644012561115
1109191,4.233444608738008
9241527,6.415704176004303
4160069,1.8877550112757517
3379897,4.016795322953548
6794192,3.7807430514561764
9357582,6.491256787038039
6964710,1.7401985431818248
6692703,4.3509968456076376
9634733,6.093167489272446
9918140,7.837460567494236
8262714,6.407168995218628
2254679,2.3059643592950594
7386036,5.227404394688235
2659408,5.961170491680156
3455526,2.5547391390945684
8853842,6.270372968953402
8163800,7.0561073401371015
5808053,4.6785467078503205
8480090,3.80825631771652
3071021,5.348256553232884
4512452,4.794581562160137
8759151,8.10328694506823
9010141,3.217533580885554
3239089,3.922708758873413
8169010,8.86262942414099
4496123,5.200405794606675
1607028,7.275272019251794
9587518,4.771853755437748
4000083,7.2716637538674
7688128,3.0996840677986555
4004656,4.962211377240628
4349059,4.509469123462962
8932017,2.990360929518393
1904540,5.080096070830926
5850682,2.16301897155778
6662634,1.8225713690960117
6497756,3.389028151283856
2015327,8.651321349527123
1807873,1.9457346007227456
7581569,2.250294180204657
1846807,8.936532691842576
3698993,8.907748184557702
8702157,2.7107108084338694
7404167,2.6102982276167106
2389213,4.888257662193751
7749302,2.632037441675779
1073936,9.431175354722907
845378,6.53768138564992
192138,7.403709041414324
2303487,1.916038960713924
5349321,2.077730654815811
9841194,6.810144600735364
7172966,3.99215188307172
9286696,2.483109879769908
2380972,6.070107902508205
6907580,5.968531149656205
7228588,3.7298081545668893
9673421,11.105647519883098
5969225,6.038357424038516
7266834,2.869139719164849
6370992,8.142294270505914
4068927,2.2895140235350184
6728596,3.594693990373295
2517949,5.065247254935288
3132399,4.898362593445929
3919878,6.709749776906612
5876581,2.9739351464093415
2763866,12.422259828237026
251895,4.537277451802378
7080239,9.233017524531817
2351492,10.470545756374078
3259391,2.3543935591551035
1154917,10.569144266191188
931349,12.477697622046371
7018587,7.287687051998429
9322671,9.087688112449225
9769736,4.577110260743154
9539378,9.932019589945693
4285592,6.627553627734912
9166151,4.426871089736557
1449815,1.5565531874449823
4846839,7.104514258282902
8559648,3.054305156492526
2738729,6.11513214209077
9743658,3.1290918894703914
131613,3.8661710496008532
7219146,10.700465058751803
3342531,3.55636551414295
6097727,8.868827214697179
6359300,2.423719344177474
392564,8.04207506368203
733070,5.513374781085037
9952964,5.921207666981221
2777166,7.6643192081107125
8395450,6.32136195031816
8794065,6.994206500076133
4914032,4.217781339900618
2369869,2.721785849078445
3620508,2.916060148319426
5075392,6.910899188467947
7665181,5.03154230657931
4648325,7.846863651330638
2252372,4.79103024994533
753766,1.9913242340220632
4553988,5.885530594117151
6893538,7.664517262195471
2634076,3.6440934631005524
6476174,4.738641600010418
3743399,2.0962756158687195
7735040,10.100619222866614
9472965,6.732407306366155
7882046,4.455217396257307
6938104,7.206913742604508
9117954,3.6737742706923737
2034279,6.713630684095086
447268,5.32908730760362
8020386,6.264333492430673
161358,10.917658994927725
6150612,2.4503300936512162
6615967,6.6943822839652025
3417420,4.935236111045466
2340478,12.817246285296225
1019182,7.247107174390948
2179293,4.303887968838495
361439,4.310721340704175
8807974,6.149191462569025
3303888,10.381592192157228
387934,3.127961525863813
6612911,12.390531019253864
8126242,2.7059667956814875
7452732,5.836765991726543
8660675,5.882150379215169
5853547,3.4555069391890028
2591904,2.985309892461615
3203973,10.157028259647461
4034271,2.0921752672918053
9289388,2.6888113235389186
5167600,5.802284996763681
73043,2.4626496203008412
1895973,2.48625906422975
6652673,2.41063578908585
3923750,3.3489182327668487
4630598,3.671524619502926
4343239,6.224639511913204
7161237,8.158853512239205
4103100,4.019441605175558
9386802,7.732961991280417
6129144,4.5917767251673
5105848,5.130034112336041
8362626,7.289351021455391
7936875,4.132479925135279
3017810,2.4287126762087676
5372816,7.950836155921508
7890295,2.06844561929196
7194898,6.295472706634888
7366024,3.8168479429561586
3960906,8.10270016970426
9159530,10.575796280817386
3722042,8.679602382783608
5657188,10.288031289121776
4687331,1.748893213623187
8584981,3.4276719351223712
7607775,3.6127663853067276
4785262,4.5325793442551365
431488,6.20250157322171
3323189,5.014664693112322
1612684,7.8383520685436805
6711951,4.092652531770766
8675838,2.426631654701183
7621554,5.159654492974958
7429598,5.6886387672945915
2439015,7.262114695208884
2353558,5.166168519650478
2710867,4.115353086406637
9427705,1.823982511802873
5996056,2.6734289822447868
165960,7.88240938345729
1868196,5.517971784738872
7104187,4.9387004098148495
2525152,6.833916131605341
3769030,5.335111260706829
6249514,9.777781319262278
6837075,7.183678979170749
2705234,5.345119065288047
3333651,3.1853504703101234
4718519,9.28682455208451
6248514,3.8389220333761576
1251183,2.437629442707077
7952841,3.2879703271640164
1822404,8.032532922677849
8786155,2.121952193242505
1355429,5.138879467813782
2024378,8.58024051257644
9368341,4.457048599489678
6239797,9.540864104257892
6557394,2.68565549447272
2877538,3.677413214270259
699805,8.904083456129861
3857803,3.0272193995733425
3561738,5.748362662567572
6531483,2.646988109441465
7030432,8.639114453960739
9526232,6.727420228829299
7374897,6.5991850652002455
3790256,3.44430325889739
496778,3.094433278702821
7156250,3.3520047174851
1421273,4.733695176770501
1767205,9.407848009304661
6472065,4.295690681535243
2727885,3.607737405418927
8793219,4.609984069959442
2012699,11.632907743764282
7255016,4.377604974266299
8430243,7.853927478730362
6820669,2.739111878618869
3650159,5.618691273543789
6476323,9.59363180405541
303839,5.530070162384135
4885046,4.870564298844805
1817512,4.7252096714855245
471345,10.716684689779163
233612,2.2474588547892504
6274041,10.914304692760807
8539792,3.194013928475756
8572195,4.567738974352488
6435078,2.5348621531716606
8585093,3.4890458746131734
6548788,2.2369462150549553
3928563,1.6762485965682958
8538552,5.038400436988482
265022,3.788736623470845
5275977,7.592105823263193
4925042,5.973349100459444
5665838,1.9819555377229743
5640032,7.566610197995839
1687547,5.177003190382738
7169610,3.6375846981072177
2656643,2.818406184525246
6882334,5.639381218341282
352150,4.728152284818269
5762235,3.15154317254577
1581095,8.393147974648713
4542850,6.110087617902391
432413,4.090474917441897
7838407,2.245082253550405
4448902,3.4223898447812555
2159762,4.038166691952096
9056649,6.793100153948956
1442283,3.66605113587847
5146863,7.628660133313337
146531,4.900341412095914
183117,2.7895828467617467
8730022,2.4455078878133776
2776147,6.085430315908479
2804021,3.123813183383411
7440545,3.706880658157859
7299573,5.587670907735442
3014119,11.551195046075879
5510543,7.74436640184616
5528724,3.5811442365445822
5293603,3.108754026917995
5973819,3.902759347037862
1673262,8.90524943855542
675061,3.487191083141977
1011073,5.424104461979518
3658333,7.806893285138744
7797486,7.342081246532302
5784634,3.8523862012756376
4920693,5.294309338569574
945685,2.505895633885458
2496701,5.404794698981689
1018938,2.8367613586302127
7794281,3.280016597126185
5226989,4.421050745703277
588087,5.523816649483976
1069619,3.3294273313599785
6932000,2.4889715490437894
8431311,6.7713803042426655
4849407,4.669230487769686
1950914,7.660069815752102
5980706,1.678508301268944
2640602,3.229999788355204
231098,5.80147393541085
5284869,6.81091888940948
524658,4.440835091070493
4554364,4.077200222129225
987359,7.901846972409621
1632118,2.1632652323658124
3251818,5.8183435872159235
9150564,3.850307593218326
8737945,8.214221231171793
5849817,7.834976242434946
6323085,4.763606095988486
6744081,5.752939814888546
8455979,2.873112053896387
594013,1.201379785511504
3860422,5.5120683421576615
3311209,4.020685460946016
2013720,1.6990700489783848
5818174,3.047517671181268
7295578,4.289229494415263
9905511,7.001337767066307
9077585,4.098113993265174
7662917,9.733658958889146
2563143,3.435199624049293
2684160,3.821161919965236
3338135,5.69920148691789
388226,7.894149961506118
5064084,3.4403911547152637
9137991,6.709103478587548
4442425,7.584720818936061
1078048,4.05170230630014
1239622,4.343453829841447
2965911,4.380922538098736
8733134,5.276565386103551
4650282,3.5742666090690403
8813322,2.800460066606525
1771482,2.9242634452412823
2289319,6.303755682731448
2932421,1.0
5594022,2.6309950263083177
5902139,2.179503404494194
9276225,4.734008080989839
5327396,4.959263778526599
8754971,8.245075498767388
2931637,2.139433361456076
2938013,9.421839711447216
4315383,6.3261806165430565
467141,11.136177080102016
7963408,6.165857247119169
3268778,3.2271769224196256
597232,4.602465042913581
4067849,5.708862260056379
8401070,2.436501983628615
6112783,6.952409414280757
9033767,5.596143030241267
6172887,3.5310527243393652
5936937,3.224453007270856
7236442,5.234187724130086
6739962,4.397760880242204
3854580,5.332853195798558
2000844,3.5862470750917517
369011,3.4007925751813075
2571183,2.5349616032240183
1656832,3.993716117800309
2948400,5.853293956469857
4463160,5.728650969486372
8240083,3.4331227150421313
5364977,4.466339370251375
2180956,10.53505698388439
9336984,5.556322476399051
7848750,3.3735062599773435
8078378,4.470165377193631
497609,3.546003399527656
8464592,1.4660113803945516
1486943,6.040997327535968
4327879,6.617336067092087
1928736,3.3078734782168446
8859243,5.964111198340612
9308730,1.8257585427601541
4461488,1.7151104120551763
1547713,4.134973382888535
537238,4.6750661307198165
4383609,5.44675848220858
1297170,4.76916295776717
1965629,4.100907917780992
8480384,3.3606451765968846
4769294,2.826353678151431
1260300,9.248373346763216
550810,13.066733901475223
9482215,9.406906520510692
9690427,3.6710995840947316
9003767,5.918420682638631
4025079,3.514263224522865
2718880,4.461318646845449
5879701,9.311537257215035
8828599,4.866709857944162
3836029,5.907194498658729
2380370,3.5911123003110514
1051174,3.1175572992647775
2951648,4.299390624370446
222111,3.868190040790104
411101,5.291307169055963
4117971,9.562675624659951
4009762,4.191099927432642
1798280,3.9738346437713625
8865291,5.816902284865295
3987393,2.8273855742134124
9661690,8.20734801270372
5452458,8.536912056011763
512361,5.7164851062569095
3171850,3.7670433603551867
9900650,6.604172534334888
9127885,2.363548296285045
2076891,8.498329175082047
7832733,2.290239489379684
9620558,5.070126967435496
3139738,10.244294217592902
6198968,2.927177850862674
6223299,2.913143161765331
9854686,10.955251789866601
7457036,3.217589994958538
9405456,3.694817154141407
9186241,2.9188440065297603
54868,2.4726877948728507
5404703,6.3018073324349535
4576916,3.128017302167471
1735342,2.574887876041688
125747,8.980787850187435
7439004,6.4167208318150095
8380660,3.843206058451519
6851720,3.2861729355259985
592078,5.183345451480403
4515042,4.164385273793497
3817821,4.227666917439436
8236818,2.917916766656593
6331684,7.854118899200695
9938289,6.031999562076635
2973163,8.36614239341536
9752298,7.5213349068513455
1793662,2.2459719809816923
5150844,4.6815036459903325
2924843,5.111341738492462
2837294,3.373070314830189
5291823,4.160921093839472
9510634,10.191233660062947
685857,2.9713410410628383
8370086,9.520271112462318
7499001,2.083533710911279
8475893,6.385499278093805
2739943,8.120094902698138
8953377,3.034957966440759
8221521,6.364576384202954
9476817,2.6992192802718726
8738818,7.091158142526134
8786718,2.6893116674832176
3753147,3.1284790816567773
2245643,1.327575168115769
5391712,3.4542053882285675
2172859,5.209991059181188
209326,4.1898461310731765
9674328,3.567306994117607
4482079,2.9885723977519407
1024007,5.385312745642345
8272088,2.737631673036126
9853093,7.691114581905484
589419,2.964091799433536
4808795,5.321720802502362
4848571,5.087442175205703
9526273,4.4735947845207225
8556513,7.310602276087183
4147044,2.9886268127644655
3954457,6.206628802791377
7111100,7.813545665388039
9054916,4.772402488605414
9445410,6.345925384964011
8211254,4.039779507014888
4758826,5.989403648138885
1665943,8.343509904610304
5648976,1.7778196403146997
3155302,6.951798817081933
2498401,4.019723376213934
2613722,6.757088689596529
9861102,4.874567836601543
3592187,4.93124349865453
9869647,4.4292396208056495
1620177,2.77248049181515
9768245,6.817755447653244
3250254,4.032312387456259
6471455,3.770483231399086
7896816,2.6619334891210964
5459196,4.477578542908306
4155653,7.138190664580903
3771715,5.787578281321766
6636233,2.632046105310762
9165841,4.810002221293461
4231139,6.514527302602199
1281624,4.852643582738159
3643039,5.783502299763866
8511122,3.1143672809711545
8981334,6.296937562192548
1312843,5.3844789648449325
1720025,1.889590484613156
461540,3.2943366230723523
626094,4.655518761398418
9359168,4.115644517528468
8769499,2.4060479876942713
6049189,8.237501142376653
4833150,3.551698902114108
8077536,4.722419405530107
2972036,2.181126720237314
8813814,9.374752227658131
7556996,6.593612537445073
5039822,5.013334256062302
1800569,7.363820167826269
7060439,1.9449766131011705
2172144,4.586135148078641
82050,3.8862757233211553
7980193,10.954274406371143
6473212,9.111681447668888
1817431,3.584813087995673
3337513,4.074154008126852
1226049,5.8617767665437865
8540418,3.5889194583834207
3611490,3.7030215186436064
4165790,3.0237904875055595
3053073,4.765800125760354
6228533,7.1900763720170575
2605437,3.5216637997422087
4520616,4.666827324742762
3487698,2.957564442399806
6679129,8.764494729679102
5780364,2.1135330753686703
6898362,4.232634010851497
7132910,5.846326807204053
5768377,4.2745630685290035
7496318,6.556921031920402
9952365,2.411301468786623
3587231,10.229626006473628
1304735,3.3429014456422843
8822496,3.0174309566114434
4472147,2.431597825871831
9201120,5.2873649123663675
6655782,4.3767632545233965
6516176,9.215847880936165
1611187,7.916129976803596
6620844,7.4301819223318315
5076785,1.625725070293329
153297,4.511158632758645
6644604,5.021773565515294
6008890,5.581030365884479
9384445,5.867504090472722
3977090,3.8106888737473468
8382482,4.240728857899503
819238,3.5984579845873306
4955034,2.4105965416693556
5465818,10.41587054209179
26392,6.239078563345438
9154854,3.974659809931458
5124803,3.3829425468899634
5366645,3.6650259146720625
3231548,7.007778215944974
3293180,4.20966254739346
9847703,2.3271694980075335
7359895,7.834224092255245
1197918,5.7485416201138495
2870305,4.943783972692131
749678,3.5857480495790215
4412021,4.136938405789885
838884,10.20330621849815
2172738,12.28911845012866
6705698,2.078716738763117
1709069,5.071377134191363
7449759,3.285990167562364
962595,5.546954337684767
2688651,2.808783234730942
6607917,7.047788994454387
524823,10.736606174101182
4863524,2.852929866160735
3547135,3.4224155374684093
2286785,8.550379260913283
856567,3.4401879526446053
237415,3.3974356448652507
9247836,5.575153933082728
7244464,3.827138142523296
43235,4.195658518961938
8624884,1.61728953496401
7102689,8.592008906881702
6893146,2.787590281751558
4193518,7.170481547054621
3864542,12.998853367734586
5222505,4.577718305612528
1589911,7.445583344620166
7289120,4.491043365544922
7821198,8.236932270479933
5037240,10.127342484062854
3884666,4.733725649880967
9867570,7.042442482861585
4044077,2.3780663677022558
600958,4.18744680286661
302206,2.648123904119113
3323492,3.757191824325108
1904126,5.66573364273976
7997650,10.408143358801953
7596569,3.6562238149369692
5409449,3.232685234829379
3533576,4.234652197165607
5111206,9.60921697357756
5628927,9.240506135846019
5826385,8.414240050355875
1303112,4.8608671142861475
7295787,5.507777888752765
8133238,7.662870671854144
2760327,5.781471122045236
5348234,6.14483070397991
5035872,7.686366618427638
3859203,5.38370000949986
3454040,3.01611344354772
7742717,3.914254106642205
7067711,5.610958991144459
6219121,2.5728733491673057
8065897,5.263686635017159
1075724,4.153352685201635
3571078,7.436350480660106
3194300,3.3481950846642565
3290133,2.8121152607815416
9791398,2.79875375151508
1422989,3.9359247207695627
2839890,1.9072639843469146
2657018,3.5866107132975804
3311276,2.767455117628821
8014289,4.557707087216846
5906331,5.3731241152866005
1827604,7.112400176710127
7616029,8.32068363584251
1526262,3.9607703128559626
4602799,8.743561016226185
7227166,6.902839184362874
8423303,5.45230330582232
7844789,5.0447609613328295
329413,5.815416357404236
1854862,2.752719111052408
7537061,4.16052901100787
1195521,4.779604630984431
2913447,5.354801348345369
2420395,1.9521082208992424
3567401,2.220886709131235
3900234,4.534435765427789
8301847,6.80828893141287
4042011,4.811986224467736
5762590,2.8162091626647836
2869928,4.629988490673632
6746218,2.9742127584153955
8304944,7.05082330342128
265483,5.184082484104841
8724831,2.402686276901786
8314568,4.821400473879368
428785,2.9866025368343654
2275142,2.9799663250369988
4857715,13.960263252687623
3376294,5.589674852448432
2030588,7.678600462249019
8869666,7.0637869468960846
1089168,8.98222168125786
7881293,4.86697460184381
4659725,3.768241196914868
6111386,1.8408836213455748
4858980,3.0273051656212755
69891,3.3496602303756458
6438066,5.371417443011459
2171733,7.172318659677194
5502175,5.676143516138605
1132988,4.498246871716086
4593811,2.2430124500017112
6077337,2.355842592097307
635124,2.474867611146552
3559649,11.433813631671716
9004320,4.156207983010588
5315281,4.928074323805116
758638,4.077526821838575
4834212,3.710031840043279
9807385,2.112742734222953
170652,6.059601025354236
6801350,4.946324695046366
8313093,4.331105771189322
7155505,3.440127199389636
4344566,9.02842263945493
1454857,9.960850384648658
6357211,6.468129191478059
9774733,4.81047154827112
704809,2.187130367488068
9774968,2.7737794435269336
3164361,3.529305792641166
3530683,11.51631009667403
9148055,7.446148807229212
7166136,8.238670082054535
3207978,6.970078937199288
2817618,3.4407636776517165
5106863,4.268143055982735
1784168,3.0520917087713424
1027493,7.2623279420474995
3835781,3.7531726086576813
2977154,3.7605988865354956
2485542,5.1506125040920265
5290031,2.1976857035160644
5692252,6.421703064503326
4912674,3.166396374860596
2660292,4.4239246513448265
8770710,4.7031087334857995
4994491,6.563634833287104
7951392,6.1147496603797515
5200011,6.069286248889805
8705565,3.23527302262554
8249925,1.878350752967063
1970215,7.503944781831732
4711404,2.8566182026255302
8369361,4.66251651599286
6338272,6.2230956416148855
3495766,13.540676668765883
6246383,2.862319240941859
7696741,5.079836757965939
7226154,5.769145603331954
686750,3.928231947243815
11356,11.05463983732043
1046904,4.266929617301744
6535523,3.832261415754475
4935645,2.6595679442446514
1726073,3.4048091355699723
1587847,6.947528256134915
2168288,2.5944745410797676
4529292,6.073065460360135
6001757,2.896847727537669
1154111,4.153629454244672
7940734,3.6539225234201025
9673838,2.5769853416186352
9826881,5.464735300718544
9398054,6.310600246457389
7737309,4.7555513795393125
9339133,4.465108654718433
2912029,1.2839840234393027
2190409,2.4997787045879862
8968977,4.736965565749176
2622819,3.2560006189793924
5653751,9.090238396923844
8632564,2.1521453527981746
1379812,3.8202161093529963
1140141,3.0462326180827026
9097128,7.050768979090506
6203719,11.010093650649733
6372443,4.401194707435127
5950755,3.8559667129193826
357723,9.484897693478707
8247217,5.075673368419668
5233443,3.6586257408729486
2625991,7.569298393420709
6416032,3.938395044731463
3956003,4.406790989333749
2537244,3.5434965807085637
8816181,6.244811091901897
1460548,3.959128112299009
2814822,3.403073478592481
4534626,9.635415217272648
2601819,6.327467353290418
9627617,8.17623181977703
1623458,2.7998842926094127
4305341,2.9981065938558618
2376924,4.332526126384352
8023972,3.0000496743431606
9214883,5.30978158836124
4390991,8.750926320032073
9407935,4.573161192749921
5412550,5.7854899400032265
5744370,3.78251033610215
7495207,7.119934231306868
2020820,7.029820211281094
308936,4.965320076572992
8891895,4.280913946553247
3542670,3.717692149326797
5524044,9.63520885529651
291813,7.635682138926438
5765858,4.593036422397134
9449964,3.5305816522799187
9004640,3.397078109295872
1852651,8.955868832505704
9465291,10.235646593839968
5310679,1.6961345524189264
3171494,3.542950062184013
9655568,4.583847471080928
9327435,7.954571997249648
4881366,7.7019339486407965
4363548,10.233711275035366
2710438,2.7059242411786153
3759912,2.977609579273815
8430056,5.244852394633774
4795592,9.635706192273041
3404533,1.9379804202123694
8613116,6.902822454266898
7726417,8.137744756792028
360801,3.191776220679276
6142929,5.107443216943531
3089549,11.77209393247274
1380603,9.745837995578455
7147826,3.915518357427925
8849212,7.6868083321148575
3534150,7.372533986543002
3713500,6.214905742363027
2355536,3.2713847786334025
4372041,2.5447936741118093
6349699,6.110894534569539
9924158,8.78149547776792
9659315,9.914621114457486
328166,3.486334696363188
6859811,4.436174377723601
6847617,6.531051435315171
7293372,6.112072417951566
1251288,2.231502889394165
3904958,8.178671676891181
2305213,7.765916903364351
8616013,3.1492799312634494
9311620,4.933334542193615
4604396,2.28462561096493
3619866,4.4976924979237065
8228746,8.057289653996182
8724151,7.680763737248885
602205,6.620638758665318
1517176,4.464819762520656
5700822,4.372699146564593
3196013,6.105894944696052
8311152,2.25460219779871
2318521,10.325077575148274
7228218,2.884404201132125
6310071,5.040578021001225
634633,9.549893906250714
4166149,5.316078165852578
7046152,6.6848162945164935
9842390,7.912604728805087
4595888,8.657286538169084
7968570,3.665985750282852
5359128,11.53245033273857
6328456,3.2833930017417723
5643017,5.7122333507134035
9915294,4.668243992886161
2384358,11.483312386872214
2541981,7.544055109592994
7896454,4.969306449478108
972148,2.5634991452516758
5069674,4.183792510995151
2024154,8.67080155160744
9187251,5.9651580747053945
5245910,3.9252550175510783
9618134,8.531542399006366
1470347,5.868453679883729
4506307,5.731498822339118
3486076,5.553047930532355
847402,3.883653817576708
4474021,3.7640036586494867
5167816,3.783593294681278
8019766,8.815115392878809
1193756,4.674744973168923
1788573,4.27707802256162
5624074,2.491485609840919
5171564,7.4460481466091055
8031886,4.479739723386272
1920210,6.537193498938021
2095753,4.837718584716098
9900550,5.276462339287715
7632912,6.24177845960368
3300476,1.4830651289633665
2843459,4.663962056503301
9917983,3.7981678801789434
7987347,5.581962501748647
2970166,3.3884759922101413
3893142,6.367331068634891
8491923,7.1126249610033865
3800133,11.181772936790932
4522821,8.439170909639962
9766889,3.3616831243471195
3952942,3.0361072540916103
3632977,2.531580935362066
2087080,2.8323376671089875
1478378,3.4880824802538415
1639977,4.38178552920327
4023680,8.478295114266032
6666348,2.934925991453845
7691316,3.4405540250698436
4727801,4.670996440634777
1263217,5.3212703382076425
5866665,4.553978531952537
7091003,11.925022614498367
6255604,9.657090782518937
1511042,6.439514350765471
4352268,3.0356718398213065
5777785,4.589862788138602
6054736,5.499616285481942
8757921,3.3528437458908247
504397,3.793649087226002
1326001,9.69236546871537
4978582,3.5766107680213155
1364598,7.663527702505293
6660080,3.452677228983137
3113740,11.411265607886673
5146695,1.946244530940932
8572458,2.295777809644163
6554018,6.889059625162794
3650256,2.1949125149436015
5725784,4.262380835411004
4177895,6.2803185611379
459216,2.123612776811618
1233551,9.563755053247586
7965769,2.7399561049777
7539249,6.206872053802987
509500,4.380012213000968
4128965,7.538278871983502
7843197,5.89994951429461
7851786,6.845200499862406
6493944,6.0653322555441855
9132475,8.043897546960713
219012,6.514549492695524
4209368,11.314580350019657
2000450,5.250502432537671
6434594,4.739756018966119
407631,5.901092540436286
5404713,2.6526822904225376
2902302,2.220171627879406
3190515,2.8255444361365085
6020714,5.874131925753292
7373203,7.701118987915033
9320664,5.330247455874335
4571576,4.758932734124361
8355717,10.277786664437947
5411205,5.973209253705829
9908907,6.087889070522429
6840511,5.87232456843957
1552170,5.792269869009373
608091,4.19538965040119
5996848,9.76110033257949
9585678,6.91537750735953
9083822,9.327438516601253
1930259,5.697782790277012
3987141,3.4493721984109875
2248543,10.264895171667384
70407,4.802922602206504
1426390,5.086546108741112
5545991,5.47185728094882
1572772,3.067229765603945
6192652,2.7175400452746663
8132517,4.596810174052381
9654238,3.273065911138809
35418,2.995236887138617
4096972,4.466309670198061
8993549,4.965774299448752
4122357,4.968145013465978
8444330,3.2764282249123875
6677823,2.7219859431068665
63852,4.548787911818207
376718,9.26170294041229
8539061,11.05125228603935
976106,3.9794676789045416
3485998,3.2477396937136915
8093295,2.869541324088464
3329857,4.78820112578317
3818275,5.439913623380447
2140306,8.23183460373428
4801096,6.150820626077515
8533992,4.61581456979635
4078894,3.819824503829764
7984089,3.4494266380829774
7111498,5.286339902882732
9763273,8.910252789899129
7197019,5.447138353835479
6754829,9.472891011104124
8001680,7.145268654165249
2252681,7.427396462728543
7123972,6.199060953378455
9494112,3.036528757930738
3505743,3.908701357597395
9653370,4.9526102097359335
9633543,4.948281357613467
3265215,4.189230351104788
4564407,6.835965526568499
9842878,4.014457792153545
7296885,2.9328507014383804
2390950,3.984379036612757
2152531,6.680811187343152
6602919,7.1970276885796505
4190785,3.529737851733113
5902661,9.62107805584778
4341473,8.769338047973674
9321066,10.2123152291111
2650850,7.1886143193136265
5695952,2.689482854669396
8805811,9.168351358915459
1578816,2.5489717803216854
8354450,3.8995346258345855
2977502,8.5791951146953
5749695,9.985426896923157
3919083,4.584584259967215
7118490,3.2172073472311578
6252782,7.452593694589286
8664156,5.266738546591334
1664563,7.492879772871919
6222796,7.005811449587299
877306,4.259442456952806
9647600,5.488367901167209
7463074,2.8781462522520576
6455137,2.1734772328584517
8420638,6.913721034631513
331315,6.292680714108031
5849695,9.30725480583277
7309807,6.867981219931612
7731049,4.833913883718029
8718818,7.999357625866505
3160355,3.4862955535318125
2084959,3.57259993886412
258814,2.6597019717206223
2545898,4.022041574437792
3262990,4.035941122173613
5757262,10.494500177544406
3105838,2.5732787731918667
1601228,8.124292925556514
4392129,2.7070252049609707
6958304,5.130148173874304
8782935,4.868700551794547
6790585,4.707270582079759
4503034,6.087766196844511
8630618,5.458959673530924
7587981,3.250319628321261
5210782,4.724415498855581
7207258,3.7042084718205373
2049656,6.090980504389837
522558,9.291333439569037
4066464,6.768731790874435
5473121,5.435306943979896
1281469,6.960394015461644
8327605,6.477618322422039
5617259,1.9468168236389252
204155,5.957913317897722
1498663,6.656806866010115
7130244,2.162594005488446
441094,3.8396075104262684
7632341,3.1138010040049324
1634054,3.4881560860175167
1058530,4.334192345437147
9924394,4.209532266282787
8811096,8.939925845297475
1879380,6.844724529064815
1507080,10.557814209951127
6132769,3.049832224375338
1763299,4.012317445557734
4147719,4.187651566030977
3072221,9.214075340911553
3506393,3.4347144191440004
3528349,2.8491581917201594
9199206,10.882132980002787
6239029,2.289401730607577
3778050,3.746682160600552
2202145,1.9115199603057669
4295224,2.235998833122325
8236734,3.618474467153581
6259338,6.009905975396515
8131146,5.2706537144487235
7686250,2.9991698378727785
4379484,1.8986774036826721
5639391,6.599902184662695
8160694,2.308346578871215
7758563,6.405841616173566
2493031,2.740198055586122
7292623,2.7412635574648005
1713534,6.162026898337629
398942,3.4249755193601565
406207,8.580776527461637
7566727,3.801609307057226
5672642,3.77769472003302
3735797,9.291836323315307
4766432,3.2705463956611793
639372,5.216880006505412
5629155,2.9549284833643665
9037103,5.350864077112766
8562311,3.6433087225403322
2573753,3.1588459088430074
5113534,4.297723054386482
7604231,2.79395831231819
9700663,2.908463718836047
6457648,3.732411012781724
8508093,6.554426601503578
994379,3.3567396230535302
714990,8.508028767864909
7653752,3.529393546947754
8434923,6.423938058477573
9334474,8.330403699723092
4457148,4.189067640245287
1455893,9.235393771977693
6491912,6.330747406755107
921370,6.748459292009144
2063404,6.482886176982927
1491433,11.506460736419308
6026303,5.3847653355969864
9320601,3.146661979557587
3206565,8.09942035521023
4576354,3.723971767110844
578157,6.6852127735084546
4809968,3.1894423218996595
6036833,11.43413431433888
7190793,7.188408390953573
5549243,3.1385510369491367
2702201,6.779305658385073
2166302,7.537968907248478
179998,1.4068360000659843
8910905,9.134407044810903
2275685,8.577788992954213
9237917,5.443455127385027
1029838,6.736406566063188
2615568,3.2173245479191506
9360282,2.5681005270073354
3547168,9.726865832011951
5202455,7.57790648424585
8366008,5.256608500845517
4687591,2.0378220014607598
1371989,3.7057101034647344
4322296,6.1251117222940135
8919259,3.501927132428838
8126064,4.1224168654162945
3159902,5.460993104162162
8213174,8.428735188645563
902939,2.3834187309486836
5557952,4.7471685922554325
5661420,3.894401088370132
3376084,5.795013136644706
9348957,7.4407927882130105
214799,1.8939128595491532
3918902,3.3270596662751766
4890700,6.123107418889307
6876825,6.158776503587351
617803,4.197301785052967
913374,4.241401601671726
1339692,3.8588888797358463
8507558,5.992749843305765
3987314,5.415817639315144
522502,4.135032696136145
1874254,13.431932039389405
6308737,4.792106036349853
3567253,5.774526842768844
7240916,6.894232503414397
7737828,4.4020251577042115
6612032,3.558857657864876
4729381,2.638542725164248
8116376,4.532009456807197
7549821,2.1272989528404214
8070755,4.104905506227383
5483073,9.47563562530124
3880112,10.026285698628692
6295519,4.478853763542418
491178,2.126746308236387
71764,3.124048212347871
2093337,4.211918651988743
3112631,3.429076251965242
7492993,3.843686833517495
4936249,6.845407597394664
7312892,9.299273532518768
2493366,7.55724269228964
3570515,3.149943017129507
6318640,3.4171468895485573
230579,4.89292593379719
5839433,3.918810850583112
6413265,3.628580288098193
3875770,11.217235289329286
8581616,2.226485942788007
4782108,7.039642411813527
7739659,10.42743984150674
436423,5.917605418057579
5809992,4.597382839212093
9410278,3.83117713107374
1053554,8.809779387580884
9355794,5.645416673251788
4852116,2.727174683757381
8358482,4.41092046287915
851927,2.7872499561511956
1118539,7.365015398517834
8843831,5.769229700573689
3581098,2.1993783961937856
6962235,3.807967782474009
3122859,2.9380398812439252
6953983,7.583140152919572
7092838,4.77857293046551
7459020,2.6953512948819163
8594721,5.009030573038312
1855620,3.0590344722827103
29579,3.4149807656765265
115205,8.933747277329434
1647909,3.878826920082914
4444611,2.6531370512025267
3998874,2.6405318954513386
2793115,10.524937968431608
7241579,7.700871759722878
3155903,6.029190835120761
4558200,4.022429432029729
8918295,6.139577442435083
6135085,3.779873466141158
9727577,6.778795708726723
5280498,3.4652974212538004
40503,2.535889573744416
1109117,2.2142048464877178
1393373,9.031688839560081
4117986,6.098304124790294
3724303,3.6774965217197533
4993040,5.339555781326695
1113145,2.004873386774877
2994027,8.641584212671816
3773417,5.303353336017232
8200745,4.586904036060473
5950582,3.01152981776702
8773684,4.118136650088024
9283556,3.3817799876898493
1830511,7.6078979205235004
5759915,5.160998921157207
8634379,5.705062799481718
2539162,4.21821815510214
8823517,5.615744599774569
8775315,5.669813106060226
8096612,4.695504036309127
222804,3.3234024567029885
9846063,1.8842692471592215
4892785,4.395106850489283
1514722,4.609872493957208
6944342,3.2999694231107366
5107158,5.2663591681572095
2644813,8.771651048764674
1128262,4.622274875070464
7341185,3.2393234340405246
879574,6.798609633387976
6871630,3.511131216284909
1928567,2.838630165701402
2895823,10.085395638455338
8014070,3.9221413640765683
1024039,8.927566130290952
617437,3.9501358720206374
324613,3.2917725508079987
2580429,3.8267419549916317
7680622,6.7430954036122515
5574564,3.957740428664912
8382262,5.732488224288215
4241495,7.254124953862919
8601178,5.481098960809538
1414870,8.709867953056696
8856598,5.060031687864017
2059207,3.898811136733322
9844310,4.401606545487694
9525935,2.7062857326054135
5141216,9.625736202581114
329965,6.692873026625427
1704853,3.5033463176113995
8621645,8.593916119202072
1241658,5.914505652274277
6134740,5.811439518981313
8388871,4.35024023170164
9185354,3.4149923595668357
4323335,3.3510928471106416
1277749,5.836446300588463
1511631,5.441345118875614
5388908,4.541367455969454
6247843,10.813258335692659
2583813,5.735251636504273
7285130,2.3651919084535438
9411619,5.151656894450782
8180540,1.567364163603228
3103004,6.05098996540346
3835865,5.884615046233498
340375,4.996177249846989
7262757,4.093778247043935
3655524,9.93515764011336
5095435,4.047943208575446
2598489,3.63802766226711
6845093,4.245328741210672
3864867,3.5819658766364695
4395325,6.402335244032637
4769810,11.515987630040083
1637670,6.759376396947338
9142943,4.292968525806894
9659841,10.900935691875505
5646269,2.7262703803857438
7621064,2.946506178846139
8395820,3.524094437023211
3080917,4.283603597189435
3650313,7.783355455256315
6064723,4.385817660987264
723643,7.374869513695231
356132,4.5314934784131395
9224564,4.7345522060108
5107907,6.414044084155187
3665482,11.097485145049607
718036,3.495508132267436
175475,4.748841190204242
1312936,2.578090624741435
318112,2.553867512507123
6628306,2.2425639425746384
8602479,3.536578113606523
8196146,2.397602349497198
1391588,10.346715405689878
9013163,3.331978972840192
9004304,2.967899042605982
4162413,4.978017904856797
4275768,2.0574637071376833
4681589,4.05823321915541
9013721,2.450085189923738
1759475,8.870637027554087
7134947,10.476231516898327
511455,4.983971409391666
7168601,7.95247470050537
4973859,7.148388978703553
5051626,3.2862865552110607
6885163,9.11436557899873
5616141,10.645760653991232
4105758,2.184752835777054
8299729,1.8616332448574893
3034073,6.523877662845044
2073521,8.125007545556814
79194,7.317580766494448
6275218,5.730690068713165
3607463,7.615975853001544
6449097,9.592434898317155
7069380,3.884213861267997
663923,2.9925543421772014
9603594,4.9724122405575155
7906767,9.430405189549353
6596977,5.942338075098821
1374912,6.210402968752422
4274570,2.4753500399739767
6578911,4.730998627045394
6003057,5.214188932887872
7825685,6.5562001196833615
5869086,7.783669071090891
37220,9.582528071420331
913750,4.963301394723914
3610597,6.602844153309566
9857453,2.833164913170419
8597530,5.125235512785672
5769475,5.254117154583148
2545828,6.145909619803627
8029880,4.036338881127248
8075277,4.6915043649681465
4664345,5.480901084598948
5970847,10.080309324876398
1568147,8.452851932503798
719761,3.9151599851432985
5555454,5.166598559238833
1218370,4.553334185162855
6796207,5.072858457956421
2921713,5.159365821477651
4158506,4.558104279835192
396380,6.527033377877448
6314404,3.933827112204288
7210774,3.5145078058673316
3850986,2.7972842611751436
8651590,3.937757250869848
3655561,3.492973048076932
9853613,2.0551712350515148
353606,2.777474212708401
8676966,8.606862262005071
1110281,5.173447162155481
9185286,4.9647166239975125
3127862,7.7690861108609734
6682304,3.1261961982714275
2206711,8.005967357447812
6250969,10.155391539164233
1797814,5.649534005777217
4350470,5.525430566231619
6105832,3.061476420782195
5079408,11.110213690883644
9413134,7.864146070376883
5034786,3.067134099308561
6584523,1.8880122896170495
8323875,2.582215142907014
3892039,6.13139488104234
1148610,4.911254241315395
8080369,5.262634123966582
9921887,8.113418904928318
1333124,3.0926389689604243
5998635,8.744060336478363
3750223,9.337732529006324
689135,4.66126226068803
2626069,4.009952768092172
3686823,3.7666101021948912
7210530,8.519827937273853
3051351,9.113288827893637
392219,1.8965331480660796
852045,4.027732449450861
6282231,7.169349364417352
6341595,6.705661468129237
7711112,4.71839277563536
740943,4.3213168974190665
9613867,2.8730352079140946
2495555,3.290928584811322
1497287,1.8297637308785855
100084,7.368480420484918
1991946,4.971133933648465
8275969,2.9613991823386936
3194966,5.010434526689802
9762030,8.868588574805173
3641751,3.445550130317219
4788850,4.050660132131013
9765777,3.968476489994048
1483916,9.409543098004338
4163132,12.130700763073435
593584,3.932023966130954
2319610,3.948456819968534
8498515,6.904793825229715
8119777,3.477924308559051
3132593,11.334014109050903
4375582,8.090317001334348
4173546,3.700053376497136
7946922,2.9002174454966636
3751784,5.752958750420112
4284729,5.8814378712100535
4565653,2.0140883160435816
5434513,3.6979289547978285
1811938,5.880776626021976
8949551,10.098881324805912
6094292,7.152872846220317
5130112,5.131962959503443
922407,4.771678160777904
5372156,9.564554019343472
3249790,2.1837679712213642
5420827,10.238670441053296
1672011,7.143873971146073
6966661,4.218826453150867
4360126,1.9700024015143196
6787032,8.326771431552826
6629476,3.194122746526327
7150405,2.256650503196065
7280931,3.02361577898067
3568475,5.45659258389613
2093907,3.4548256189605886
8993163,6.0195379376648726
3254180,3.3195540572467026
497750,4.193582076621741
432550,8.694309474612417
5399680,5.348645615652074
628047,2.530852405784442
2485329,4.439992578573683
6070816,7.549236413254443
6278772,2.9019297401178115
4895428,5.201846863995291
1905992,3.2070175688374567
2334464,8.137376533831226
4444991,3.6932235384807273
4104554,4.635443363655286
4993815,2.464145185563612
8732549,3.1658099443371523
3671908,5.490388957141015
5614377,3.1128966139444025
7076869,5.31428717791089
5035191,5.613117262626581
6503413,2.0452900324357897
3048594,3.556611738976714
8246678,3.0076052626539957
7018697,5.108408941457363
9382901,4.7091284223253815
9228088,7.753086633179038
8475953,2.8577558015917965
155414,4.046580131186308
1958026,5.277035794702481
9373777,4.379870777759347
3518392,5.900571145293684
1357836,3.3028991295557475
7155737,6.675993986917176
3543378,6.663686680371009
4985968,4.795233044819041
2576475,9.788330809212402
2384356,6.6458683228533415
6962545,2.568467429739533
3348414,5.29047619021966
3120292,5.594915044707473
5264544,4.26452812876772
9213049,3.035119957493724
6294199,2.929617855481589
8414240,6.760284319505098
6992893,3.654079645604617
8088396,3.452473035396907
2759216,2.7927728370817126
4807265,4.281124745803164
3072013,5.322094965706048
9171184,3.1335674828356677
6829742,6.738285463116046
7829449,4.941470742743946
6638815,2.5380596878743678
1874996,2.0471974436907754
5824353,4.679279987618659
8061913,3.514229581539821
4408294,6.003066965443537
4637248,11.627445399920651
1201345,4.210115876671313
7346612,3.482453721076632
5344742,7.082721795796584
8949732,5.651770787562761
7701795,9.91499827422723
1106345,3.35206629098022
2556840,3.2634888960748203
7862283,10.99834324478121
9416475,7.236072032395516
9870545,5.9301367317993225
1957606,6.006274221393559
7639618,4.2286221846855065
2208628,9.242997566460689
2309595,4.715343478869013
6537621,5.099396004913164
2306259,4.979076246256143
8139736,4.974424937346904
4331204,2.2237290106258643
3167724,6.375074268593269
8435710,3.6100238824962334
5669344,2.701460431503009
9267914,9.18296705492192
4776974,6.717475050518989
8989958,3.900365931564199
3937980,3.979992353597207
511591,7.0841200170036025
4333365,4.276560136141601
8699531,12.129442941865996
5470233,6.904517690000403
9006844,9.257283421718293
3940462,3.125968760808928
573383,7.105285930629305
1747769,2.3299792409218845
8172648,8.437615175210125
4306609,2.9055422899411534
3608940,3.196291802726307
7586286,5.891294083066374
4330496,8.595942182408244
4223252,5.081137429163849
4592323,1.8243430412232806
1457763,3.831778636923712
5660757,7.159656582440209
5842905,3.595596184152038
3882005,6.810470836416488
3009502,3.735850878311397
4473655,12.468353609862755
9494375,8.298437710234731
3670814,5.068340665954748
4704499,2.9571906359083666
3546671,10.385793762795949
919987,11.385535180737932
7315731,6.684009098576552
9229871,8.58144632073595
1468976,4.594202040874008
3499999,5.091197023685277
2858454,4.2216703900811625
1859282,5.177034924308364
2921365,2.9610128430386076
4780831,6.885194185888892
9122776,5.975032584585589
229061,5.151118835936058
943667,2.212765775183559
4457935,3.295956549131928
43203,3.3577027016750254
6365840,6.383743968771929
3618704,3.7870609240764233
1894642,5.7699676770945665
6675024,8.659756719990261
5803323,2.9799159853847814
9093414,8.496431268932266
6755960,9.49432648028305
2794434,8.791422001925577
1097455,8.070819317526823
3090706,10.140475488120474
7607282,2.7524972888081605
6482272,1.8360016146874596
5646035,1.2523118525057924
2229269,7.685796141319419
998496,3.5360398415930314
1424894,6.918632589029056
3017401,4.600344332800907
4294149,3.001925500632812
1973693,8.870932597414743
8819952,1.7061888790015702
2627912,2.937938102256176
8846643,5.477581613448086
8800928,6.686925677497953
550632,2.4542491730215725
7316200,3.370476507688151
2697891,1.9321296673285269
2065152,4.7356887916143116
2928694,2.6262266714294324
276641,5.635297227973709
4125858,6.476118729186451
8561191,3.006788640993758
6489408,5.461425977786346
4046721,4.981089513591106
683920,3.522746832777206
62266,8.406470315509658
5311699,4.646459575004679
7348071,6.249734128685304
9937056,3.3831591634367237
3321758,2.9565335061456786
7259396,6.448686938871878
7927587,4.720316055225643
5015361,4.044743943356604
4152851,4.136231708515064
3474762,6.134427474163099
1127426,7.66219107580471
3919861,6.854187764089129
9094635,1.956447080789562
6502452,5.957476007571338
5632090,3.5296070666471517
2726126,1.8967308360152795
2210685,4.860677648260542
662621,6.211741716443053
9356878,4.486118717381247
1216402,4.154685911966275
4203898,4.873110657251228
6535852,1.660119078791912
1441654,2.98408259249292
2065817,3.8070428642220944
7136855,9.319091597098064
5894289,6.579415888185856
6020316,2.151103443180946
1326872,8.095425562171028
1824210,3.4538375943511035
8261653,5.463675554503813
5373107,2.3931037339861194
8307127,5.810103341096114
2094953,8.32289908262821
9783078,6.9995904085634555
4581957,5.593254260936952
8242987,6.679729452595269
957735,4.517042605448665
421461,3.739198721694028
6177039,5.366578800132155
4605498,4.064843210396487
1021937,3.100998881408554
4208787,6.410132244091616
8168606,10.647354990836153
3219468,9.067892564242891
1894041,4.945608078748717
9826168,5.030566795858232
5093221,1.9333083521681909
483413,7.254097200123834
9371078,2.6737209325899034
7433232,3.4534654358364887
8630606,7.101088047436607
6074428,6.422153770890551
8325143,1.6623341599269983
2542757,3.1363219244362077
6841015,6.642144679316263
8561383,5.25740137443027
8550116,3.488795284383598
9448526,6.054757663017769
8185026,3.4684941961196003
65194,5.068178138444173
980799,3.8144535059414055
9205370,4.1303354547116475
8884400,4.740682644763628
8752528,7.324961037019731
7034278,4.952763397365484
4359852,4.315515767645264
7005452,5.023852924330521
4072008,5.994952427135924
3771520,3.471300846557154
4714533,1.3834457200054757
1168219,9.00170646992341
880363,5.421276546899564
2161679,3.5492742031124216
3413004,3.023802785804053
4353348,4.164882828595056
1339536,4.5599555996824375
2571168,3.39247300478067
5099174,9.805684340505245
3799984,2.0367600623713034
9629898,8.121800604069742
9156537,4.915463178414043
5439714,4.163004120055076
2809970,12.861839416626474
1174113,5.285914934588027
1252946,5.5265363943673975
1136218,10.276455498600782
706767,5.574965976482212
7639655,3.7338067077405617
422968,3.731560407710612
709124,6.919709943007673
5310097,1.473044290510484
7267194,4.53915850905158
4185913,8.350944615336543
9802880,7.6742294303484275
7409043,7.5695103669393475
8409472,4.822457266281846
40121,5.159286946618549
7245786,3.1054801138215193
6766735,5.171013434069918
197441,1.54749502717628
7848784,5.720422931617239
4460472,5.073432291784407
3575944,4.002726911515021
4844955,3.4085941325668956
5280536,5.3805919058593155
1407878,3.209699177966768
2470929,2.5952118438202523
6933148,2.075200595719135
7943420,2.486504653441219
9481081,6.13000559214813
8090795,10.336214405252104
3216454,4.36190769154131
1114423,3.610526816773777
6502642,10.141026623007471
2918780,1.8784573951900714
7591684,4.527010682548927
8238558,7.528633728075189
1723084,3.634955043763013
2886426,2.75959915984074
5043845,3.591961179054669
9976280,3.3824870133399085
3613905,10.243089950800957
6433863,4.510591698392545
3989179,3.4041610025007967
7656672,6.388093817979033
9300521,2.771808418331207
4217562,1.3806972390065138
4326616,6.506971159183702
8429832,7.9796296530621085
1706882,7.499764381232323
2410513,4.299652239028397
6409108,4.57617499234094
5893180,4.667506643763714
3031084,4.086758045852829
9443035,5.759027927372393
4284293,4.656415841323577
8449292,3.851919351709806
4409501,10.462416874630069
8127078,6.411593503062859
3301653,5.05142659099498
7454190,4.5531517579540015
6942388,4.1119041607475415
3542752,6.441509972566978
7275510,3.201651759901738
6818034,4.757624776644812
3385100,6.582145791422414
6276060,5.768618456661007
882342,5.305949353911469
1165838,4.195633284506918
1164300,4.198784165092435
8510752,6.497679484455565
587864,2.3324948397212957
6349651,3.0163974483797826
8110597,9.303252191645168
669837,8.402621557431939
7276175,2.5125843888747417
3673999,2.721964025134082
2935117,7.421185815460624
5296832,1.487922635507867
924202,3.7298953360276004
1158048,6.624904497533818
5876595,3.142772922487226
1175673,5.34885569309265
7166133,2.000269572237124
6067791,5.270340606374508
1217849,5.81282710524858
9809169,4.928067310403339
6065684,4.591459908685445
384941,4.652269311323321
2537015,7.306222324510268
431506,7.711202901453461
7111714,4.617427530249633
9507792,2.3917071161159886
76272,6.803019393617215
1465359,5.9876418079148035
8595112,4.2983222483248555
502295,5.726441220193088
5244167,4.329077961890519
2905799,3.666187631413921
7015678,4.691556190394332
4178400,4.608011957788556
865195,8.805861980887125
3465031,2.9702548219093137
1821327,5.9760353152498
6004366,6.264426787817278
7050973,3.8625759498882073
7573026,6.67965407253023
8261590,8.378846845052138
6517385,7.603738348058197
4931601,8.651091381432005
2196673,3.3105092303917467
7268065,5.5054363281114425
7984344,4.645170114577173
5040249,5.68136497770935
2073772,9.007339222241479
4122246,6.960747594266438
1686998,9.329227170993814
4753765,2.5588778100127234
6511339,6.623958926792543
3335882,3.4039996849192407
2515403,5.4213297886912795
7153914,10.224182339789504
4118386,6.8564951213959695
8626520,2.351471353161134
5553231,7.706586922985615
6615332,1.7826546644032597
5419698,3.7852325634752053
1495854,3.720087429946035
2480980,3.8150277116179185
933458,6.4877028667114605
9248151,5.988253481191997
509798,5.583459192190361
9504565,3.017621830022606
2025655,7.91141023358523
7139238,7.512639568725403
8767857,2.6364461956764855
5965477,3.1104661337588433
749818,3.860915922203722
184094,9.82543562687951
2857918,2.4897120739493155
6413050,4.417375144631449
7220306,4.6712818093960315
4423604,6.3470706389493055
9994549,2.313952037079543
6177968,6.225541740171929
1070684,4.660515186062848
2494665,9.101500982081525
3364255,2.609314500264656
7532587,4.235153175819818
5533514,10.046024659514202
4886653,8.062702317705224
5227112,2.9360781137089926
1354398,4.245817286597779
9853073,6.932428777554935
5565017,3.600317802572368
685179,4.970374040893766
3619280,8.700123364494527
8693267,5.561002576060286
4165184,10.020757483161074
2223854,5.412236332415822
6547528,4.414483654742795
157071,3.9585475919608344
9245212,3.3877132174737934
8058803,9.65104361379591
981698,2.2649659610158492
5811060,5.338968861573873
4485676,3.9359101925786577
8953915,4.045960708439354
4247254,3.9013739069539484
5870685,11.269232058984905
238780,9.268351610734278
8627886,6.828513975351672
3650575,3.4796278705297308
2999383,7.449103909033749
8353021,3.8925997167220383
594795,11.44775423277633
9199139,2.9095825149861922
9217343,3.5409349426428247
9692743,8.85604815546373
6681270,4.23694532147214
2752454,2.3100025722177344
9745295,3.442547047157635
3847073,2.4088143640627817
6298316,2.8111372811339836
8611803,6.543897501900213
5218696,2.966896304012849
6331693,8.025859393756743
2602330,2.2891602231331163
4374345,3.5933730752416007
438315,2.612726038193328
2010776,4.180289081295258
8341728,4.472298017810799
9318514,7.545083128175046
1805665,5.541420132114699
4730843,6.034251950262631
9308861,2.639494601570639
9728122,2.655250594353487
1805325,4.777134068348754
495352,9.91705333933655
1710597,11.847896205873411
8960673,7.575113809026616
3923135,2.6007465102956266
6318450,9.606678311610672
1739955,5.013707197595016
9424121,1.0943826092457178
836587,6.555213767384018
409606,5.853109265775453
6162070,2.0454003979225917
8876555,6.494197303063789
5391562,7.847998561576031
2330953,5.189422758036018
548660,3.339218926840368
3760222,8.987157056705126
4830410,6.978369217388851
6156930,9.047463554748555
504167,5.330320016347639
5861061,7.26462148683385
5269418,5.107331983772717
5717402,2.32705206634387
5418332,6.098411130973253
9608743,5.4865195164053935
3840433,4.553617059455294
831342,6.048577191863079
4751967,10.12083572650821
3895922,4.093785329582122
5350259,6.920571604335983
8164483,4.703394465897857
7633901,3.535155074818652
7325987,4.400029245283012
3538354,2.3309626948860833
2099645,7.151685212366767
4862080,5.258044701996931
7191639,3.6939597586060398
2165514,3.9377988338120855
2494676,9.50138514910349
2852661,4.293510351692708
9315679,3.2686489588835563
2123165,3.210599189165315
6405124,11.435265830196538
4342674,3.936764832839181
6808031,4.516901735921763
8074486,5.646537620785285
5222085,3.2531531134282727
4777301,6.0145371806149726
5177408,8.803436086341353
2758556,1.96501563620448
9056836,8.242641614772369
317857,5.403483727156847
6139188,7.224579372820234
6115243,10.614128349925913
2838629,5.570975198946639
4936439,8.604819768202262
3101107,3.7923817620020692
565917,3.079345608906855
7284197,6.818887951462318
6743158,3.571405090070794
8919300,5.5786462619013975
9737285,4.264774308582501
2579256,4.854907261647081
6656353,5.611006614075981
4358833,7.174406121005252
3485057,2.9723099699835016
5928133,10.901526354043671
3414958,9.302235101157063
4152508,2.1877439363871285
4961807,2.9046033744801183
3644578,4.108974480761603
4231109,4.314227257213641
2633518,8.452672522582924
6880862,4.0887693395144655
3191577,5.243452840955515
4633357,8.326391422140963
6032005,5.581202513038813
994681,3.3595560136844043
1045176,4.300594470852628
2662380,6.235622773057288
7103987,3.9280218506504734
4065694,6.48588945984116
125934,8.885890204013347
3442609,5.681174759282184
9236178,8.31831539075403
8236162,5.837811730631469
3097566,7.250845575703544
6761869,8.802720887290732
8984059,7.323794755813323
390762,2.2808056047009817
9576096,6.3204097500305805
8433761,5.890802824768059
3791772,8.713249692143977
4214535,8.337654579477173
4073387,3.4596332873859725
4937992,11.982899970766361
8748670,7.37797689182588
4236644,4.17392054901835
7150777,5.140946370548178
7712479,5.053965091768173
864043,2.585885500248656
5379951,6.472378072604978
2587328,1.5307309119268764
4601422,6.740504383569163
8079907,12.343185482154613
6525513,4.798652201476743
164027,3.656651175442793
649448,11.542361440533382
8253497,4.957382532465789
7577192,7.776888420701919
1388921,3.9136325758415245
6208829,5.16138321918229
9585022,6.569571762323877
6604884,2.968797335090177
1206093,3.255954749815318
1181224,3.9501360995883372
2579611,4.036514418237473
7162575,3.135857816629181
7946392,6.800840832663606
6877700,12.662450565198062
6570830,2.6864428539060365
6164784,6.300734950625571
7030342,4.29229396213817
3567383,3.234691834400982
6476379,4.511161050152879
822172,9.423723921734311
1391394,4.483290116996821
3878443,7.462628761150078
7123759,4.511790480818147
2479736,2.0543864263311526
9916189,4.6268312658729664
7416973,3.767538571080057
1868138,5.57818006366806
8655104,3.5268540642590778
4993358,3.8942540036081086
8553191,1.623280119525238
8863204,2.866458554640015
2116295,6.543218597759249
5632312,4.185666171176923
2015196,4.014787643277742
1152533,4.553261841263769
3262663,2.584423476597626
7507644,4.665137740677525
7118225,2.3033418388123867
2001319,4.433609870594409
1269598,6.469400942228077
940952,7.600968946316889
2608937,2.5190419015324332
512539,6.37404496742298
29009,6.127063739186617
9916557,10.716488536466311
9136498,6.563795783372922
3081885,3.67582326849091
9918376,2.464957513438746
6200281,6.003797422733662
8016013,6.551659120816276
1350381,2.9809873518251324
6325210,2.87714715656043
975037,9.442783076662312
7472971,6.1781301522044085
7199755,6.462067846873821
9708010,5.219468194675275
5443357,9.32382064275258
521009,4.717277522617945
7320229,4.329638600223432
9789740,2.7929271611342172
2009499,8.124660806630372
7065626,4.567468951893429
5376041,4.987486763006833
7678209,7.9597074135546855
6106911,6.117431495074133
2795022,4.036078246524244
2538640,5.387749543125622
2915673,2.5977188384081007
7644866,4.488402899391806
1032346,4.9161609573091525
7142915,4.692799428436485
2056737,4.073209773607674
3260163,5.6825478911773635
2393085,10.460137651594115
3948296,1.848327666402245
3159496,8.63549005632045
8098242,5.074568019261382
3894374,8.585935869266052
3264898,7.30195622494489
1646016,1.0769486994867483
6225975,4.128296207103051
7682741,9.113329175135227
991757,5.176086334886586
7779395,7.315412325844076
4496690,7.022785768952132
7218421,4.5112118500255916
1077466,4.537776965878173
469805,6.082705640816883
7732497,1.9925307404129504
7488092,6.206256463015583
7983036,3.8008934976578868
2893486,2.375974064189003
7573459,3.675341034087598
6927796,3.177768299596758
9460149,2.643642301046295
7313128,7.224164004480267
7708590,4.663539083219092
9214727,5.955388776396296
9252915,7.673945541620752
229045,6.418635009641532
6397720,3.1138866358447017
3695622,5.809725655619077
7086889,5.626954053660458
7151004,3.289802133388524
8660624,10.514529712311894
9371726,3.2286401240791505
5938969,6.025704491256846
6893201,6.53179306654294
6289680,6.901703357633497
2794523,2.0821651567689488
1168192,6.173581187301153
9985406,8.536677573138657
5538194,6.745694605175624
3284785,3.9570762218662825
162063,9.41478011104885
2919025,2.6338351764960968
7230186,2.9943921828401963
524538,3.065312027009826
4951993,6.154894777272413
4022310,2.986869655895914
7444660,6.322947981558887
9914813,11.751694488039327
9401849,3.526260994130324
5671999,7.899928454126183
6062770,3.295432398292453
8256787,5.6792224506960745
6682372,5.096403649338962
4795719,2.6768783472936324
6577981,4.194144765188709
7234664,3.801381710610558
8625611,5.098909403756391
3333433,5.538688201768467
8634025,8.458955936767106
7497473,4.916302815264966
1986582,2.8990070983868517
9472974,6.074286290575606
2747574,6.1490365849448345
4900746,4.107436212645025
132593,3.7749157555238786
8905740,9.152893533189896
4334298,5.451927870689429
8860590,6.115101961968303
1186570,8.752621308164926
3997501,7.093579642797574
8333910,6.18589389846183
4361184,4.913344267045449
4018532,4.72722933198555
4531092,5.870154539599274
6140290,4.631854015768301
5719430,5.020568524379517
465254,3.869339272677294
628332,9.013927274148635
4407793,6.2957988045204045
8829489,3.2772052750588134
8382627,6.877823887335336
6529710,2.154849970824724
254876,4.501572525755457
9391696,6.063667613452365
3816427,4.266242543593415
2097769,4.351737270764124
1550329,5.716533612386282
4785118,9.294402280152367
8905752,8.443824997975781
963487,2.8699257372052713
7193354,7.459864714415839
7142980,2.936186691642132
1712970,2.8394912129126273
1239584,2.026748136772607
7302497,4.6356406360258955
8391420,7.603734133471705
573335,1.7207266671306964
8749353,9.033838263598074
4755199,4.101079387772354
2749580,5.060637207003684
3543062,7.294860687166458
2238177,3.2757640154950947
2285874,6.269080046804934
4806410,5.661297592952296
9599992,7.485760150216887
3978616,6.873309007120116
2903339,7.228983935143203
1991774,2.2791366170778478
5146115,6.655667080759627
4258755,2.5664877549823455
5109715,6.0822405017430325
3702771,8.94201157865201
1687387,4.532476621695698
9718819,5.593321226096295
5173133,4.8131692224887415
9077386,4.084140835701995
3810505,3.242330462555788
3963839,10.622660932173003
5366685,6.910153895383168
7300003,5.240556115360249
1777771,2.3915131173009323
7180601,4.5957818647494975
7832065,9.479586005256309
2882784,7.217809660876799
427904,3.697208084803533
4014372,10.22015909196403
3339306,8.75995502992416
487161,9.904459010098444
7340697,7.567134321796658
670774,3.592827197270299
1895742,2.7685640380707874
7527284,10.697466124290981
9673385,4.247141792258066
3331597,5.1107673986157165
7964074,4.156357070499169
9187355,7.013985481186236
2855837,3.4948322392666364
8840730,3.6018512734841517
751245,2.84875303730202
9156014,2.009742091121802
5901334,7.850546891571309
8423175,3.2963591660005145
9711383,6.128288886316122
3397987,4.826062288575389
6497281,5.7534162563182365
5836460,5.048389820309165
4770279,6.473826221263833
3717088,4.285475072688908
2281905,1.907370046276737
1607758,3.487259295797288
6884082,5.902392314753201
4824086,2.0189377543245017
8104119,11.118183306756489
9293138,6.758128196420136
7759819,4.468756275491242
2660199,7.742991731620144
5240231,3.1686128735511114
5838856,4.5259518258624265
4581100,3.5481218475496954
4683154,5.513858741291049
3668591,7.203471566868529
699802,2.925589575739188
6583167,6.142646336504033
5750166,7.266267180710475
242944,3.4433241078904366
2195460,3.387703523836132
500725,5.659039518581202
5169839,5.672406451691319
1916133,2.865138077418433
3185660,3.318396371082217
512532,4.659783207792698
7091887,4.801237674126394
2634359,4.996669128476954
1226675,6.080941084565869
1530462,3.059271384237321
6920863,4.025118068164705
3106705,8.07462004728393
4785971,4.393294071752342
7319351,7.7162201731654
4127586,6.632854948621616
6219171,9.976393674789048
8577937,4.1017687134097525
8654238,2.904433230072704
7755939,8.659591141830852
8213059,10.781910346047715
4830991,7.09969088974539
2190615,3.618977207122813
7356786,2.8403392846239823
3568136,2.500317990314163
9883017,9.213231365475497
7916797,8.545040607281745
6102191,2.225871904098774
3069853,11.807642528122377
2339494,5.2644827338991895
5211491,2.055277415378756
3892505,5.977487444552825
8251381,6.344956798945378
2741376,7.829494347286463
8830572,3.033588028865688
364228,6.63845664020894
3189943,4.749114121341931
9093278,5.406663638468384
5567894,3.924281570801905
3568959,10.510955492196517
1863130,5.6013323546032625
208047,6.440730940108594
386194,2.652527961818627
9067423,7.966573134817487
501949,5.395729579308783
5304218,5.423503176345238
6365835,4.887075650749897
5277869,6.509972988245172
3489275,4.2781970673417105
4702776,8.878474572999098
6111305,7.157666814348515
1235531,6.46778000124007
8259579,3.5525255136723968
788957,4.228027926935932
3443733,1.700427151433487
6505968,1.7988272716751443
5295411,4.500266816132519
1802994,3.1777272693032694
8463588,4.702923684327885
8629564,4.154880323620258
4451758,3.8156358717855676
3689775,8.355010395706532
1959100,2.8615321621858945
8929761,3.210608063568632
8230394,4.193834763575205
901162,8.375033541811362
5140117,4.318936327239998
4015443,3.4183522249130367
3448470,8.633268561788542
2410759,4.749296965685138
4282111,3.6963329440411345
4004734,7.437089254546485
770131,1.4783050632542316
3223376,7.892664509953547
5754824,2.702785867669929
2187974,4.830318565896515
1608357,6.251195822308089
2405522,4.735984676192297
2328071,4.4420995312810705
6642391,2.6235567316769983
4816488,3.278695144846122
3390450,3.727468573271438
7627703,8.993539355013226
126503,4.8022243776476925
7348897,3.681038756145301
5640273,5.509660907456291
3928448,2.489469157167483
238634,3.2452597992350283
6841488,5.810694256855191
6574274,5.811104815520115
4681855,4.8352662343118435
593362,3.351081334492287
1758717,5.334919845802599
9086652,7.431433952860881
9845930,5.923967772645124
8642873,4.750685124350178
9693647,3.446542092929506
6715272,11.361212487277976
9782240,7.665585071495016
1515382,5.525633379332137
4954627,6.080586921795344
7798975,5.853983540504324
6520967,5.072326955136212
1990025,5.585366932115839
1006264,8.712874600419864
9768444,2.700379389636806
6599837,3.164583312465015
4374737,10.015122120072437
6663422,3.6628519757928464
1372233,7.573381313076
3448710,3.7844126333706543
8890355,6.810351219080351
6587589,6.713121866232122
3078609,5.85369840481301
2131969,6.527925436237661
6912073,3.306229210529404
1854048,6.421395418145607
470994,4.935309345350584
563077,5.848008852700655
9370546,6.381463024823995
7622092,6.20257584375427
4867032,2.869705106888862
5285186,3.3116326907771914
6371325,8.536930995100148
4826706,2.4206092199961904
6631287,3.0093329625476724
7835316,3.2692056204224373
4940641,10.466267505826226
4920975,4.06688660479286
2429125,9.106316335106182
3030129,7.053305203391332
2630897,2.4038460801472086
8516171,8.330634638862733
8570980,2.092930608110159
4119058,2.7722971092444904
4220790,5.270970900776365
4478456,3.043522217116095
1276192,6.384850249899757
2321343,2.4638536424642616
9962317,2.218430406413802
3211150,3.26044585818263
3817797,2.360520856642697
386777,3.6748639770027447
5579095,8.841772796164964
9015616,5.609453710747532
1025228,7.30042827699034
6165755,4.685800982126761
9450705,4.246104933219899
4211839,4.029503541670852
7663582,3.636881758342927
7857180,5.5526622280841185
8717931,4.239847970113963
4503122,2.349456634360745
4053464,7.935794111803245
2366954,2.590613879802812
7937721,2.8373910423406543
654891,2.4454752132590425
1917799,4.835588715081078
8194178,6.920880650642793
2051772,6.7510841731098985
3515886,3.895034517488838
748844,8.37699181632573
7756392,9.853360482108409
2172333,7.461848642317366
2695155,5.455946144142403
6201740,2.1512489632116356
5290322,2.7296776446389277
2106872,2.276921020526016
8281568,6.91365981967615
7685392,7.051809152080342
9108350,12.77381340550027
2094398,6.760062415446755
9291251,4.945925555969236
5191404,4.87012807553602
9903064,5.380593883380357
2712426,6.910152335436377
3167585,4.81108689790801
1665944,3.501627617007993
7365748,2.9563699718460525
5525850,6.717161859347736
1562094,3.5280706185255926
8036104,2.4154820182423524
5004812,3.996000794690609
3583953,7.6309328248691966
555059,3.2335101317687536
6210705,5.6270590079334015
5825581,4.605182648241758
4948901,3.060771674858343
8973778,1.034441555348115
572062,3.9139758509002753
9113555,3.11993622913091
2089646,2.8016106747931873
9520024,10.097821437092193
2321257,5.144971737557125
6953286,8.718959568156244
829864,2.324567024460682
446430,5.55053734093463
4025381,5.899783439005733
1015877,3.015142331016673
1353018,5.6003643700293795
3989902,7.560802974502161
9309936,3.389386606408139
4828843,4.4926081044118815
3094794,7.561553098066781
2610812,3.7071416725504043
3184714,6.461227628904048
8842529,3.1572141178897817
8358790,9.224156587188684
642793,2.2048549665060904
7445691,5.900501690598394
9486924,3.918554400225516
8855030,1.5599718606903348
2396601,6.563829657839964
1845400,5.081796172614833
9220909,6.044459893468003
9240729,5.234157546814373
1546446,11.164019323004199
2586368,8.974520998382935
7175966,2.677576092610313
9168738,2.665036126526797
1421400,3.582333885656676
5781397,10.240893589452185
2687440,2.6460087089601845
3451163,6.375181973001429
8556550,4.098879941961062
8665690,5.475959094013723
4890169,3.2843348513586426
1458322,3.61387848649236
5087049,3.5501265090011165
5927566,3.392627548940083
2904588,2.626587698350101
1269818,2.486414104697936
1541900,3.074223690349053
9601783,5.489299038150741
1314203,4.036125548888272
1346390,8.831979284617026
316650,10.567402761414387
9534557,4.9851587361259275
2803525,1.934817196170488
3677609,2.666002480700182
5535223,6.412751268361094
6337388,5.185512181794435
5067739,7.507184656899927
4333059,2.441563946666454
2839559,8.543391515041902
289556,8.90095995579399
4218825,3.8904387234268873
6043156,4.328868457612437
7879449,8.107022318771321
1632078,2.5993359915443066
4895644,9.236812340074664
4322676,6.5508070469133814
7829746,2.7479183698377043
5315994,2.386940296550519
9677265,5.172544495267657
4725087,6.20139664000193
5360944,4.34086078325303
8488791,1.533937778891487
4886865,8.391722432596149
7929550,3.813058713876871
2370250,4.011663101413775
4729821,3.0805699523427124
7587929,12.804382163165128
3964746,10.440297533659258
8899091,7.623440141400985
5117712,3.39475567005312
6785235,3.2819433033365346
7083886,6.011539265454092
4268580,2.6171639821583597
1241173,4.710531759665862
5331333,5.520682292904531
8880163,10.79792619960839
7930804,7.597664241429813
8025349,7.681046554053632
72440,10.307027245294218
855618,3.933153467733407
2167266,4.482416688069826
3061817,8.747430021204922
2985883,8.967555676450866
4978697,4.290506203693157
2625690,3.7325614952606943
2430514,7.253469698996028
6383767,5.19919958342107
2526768,7.2219337675035895
4244631,4.765355449780541
7404637,5.666480828739112
6497117,5.449147966140219
3774072,2.427146910301825
8532858,4.3745268709089205
7019443,5.051108306481888
8970462,5.490463381064742
8265585,3.5483346397494637
5548527,2.3357662327207547
5627291,5.493313426763052
8410791,2.3043786568395443
3989415,5.600176921389323
5371932,3.728340978196359
5001173,7.4100414852482865
9380862,3.554597476547569
1927201,8.077887824693818
1964622,2.1754953864227957
2152975,11.455914013772551
1825356,3.9898011367666406
1890967,5.074003798955361
6237915,7.2708919830819285
6481797,4.998966674771353
3365054,3.997150747825726
7808356,1.497340919851315
7489019,4.220252245761464
214288,1.5128478959900167
7342299,1.27396461094493
573573,7.1656088515115695
542979,4.78144758522694
9616427,4.839919573629208
9386679,4.715317047111597
1440716,3.7970318013587923
8060559,2.981680500351626
837455,4.146536311103521
1795754,5.017902586269651
8498012,4.520565878206508
9245876,4.8716985897385685
6916222,2.978291399309419
7799030,3.017178447631828
7181220,3.3604124488101537
1354736,3.7545798583504837
138864,3.417905214787653
6630899,4.858109802252925
8398354,2.2254023354806654
2504021,5.446403840932861
6534920,5.385471747068075
6879991,2.830536134666134
6793176,3.99083170445643
3125179,5.178255482180764
431101,4.906884136088858
7365613,6.391946101456566
4678417,6.395146512448409
1600078,6.145378924156283
2547046,1.6832663174786715
188451,9.592894062019322
7164414,5.066456372957022
3066501,4.025038712975441
8775209,3.783937456019173
3293181,7.617525074736945
8692343,2.2291687222851717
4839757,5.137782052239559
6866460,3.853871155170429
8075863,5.794443895785234
3339030,4.988156233849676
530650,6.3982212828382075
4376087,8.349962833571393
7642321,6.599750409298888
7997614,3.4960816075157606
1198568,4.403643050471321
2367691,8.185527582516368
8031084,3.60858544899775
8167258,6.311906397860935
4456102,2.9199682650255867
4186153,3.5252362840263722
6512092,3.481004654165468
9301783,6.690532176694549
8283493,4.195913693559588
6921707,6.367973254618035
5304483,5.144574761466231
6511816,4.901066699984156
4142331,8.388517807568643
8917899,3.771061731497363
4214857,9.017553256424211
1460881,11.486534814409108
6668015,4.099940182763352
5798541,3.1759864161966442
9582857,11.577394384967414
6404034,9.007859689270632
8034018,3.869209636899237
8447824,2.874796143933052
9251572,2.675176991554869
5886155,4.462740592650677
7856205,4.8606776041662805
1657246,2.3962450728270515
4132454,7.570133428857159
9546911,6.703161557493212
6699150,3.810678821611717
4470050,4.226567784626091
4944063,6.527462923682707
3216784,3.4183827012031154
5571317,9.119732879131153
6521941,3.0983423909762404
1903485,2.866273638469789
1357114,9.23576357033858
6840209,8.055902025174197
86883,2.421309868888517
7941235,5.382614594920494
2617283,3.505459218869002
5017134,8.946938039183813
1349881,7.125516330457172
5781360,5.138450538513953
1652385,3.741578158087816
8189030,3.680825438631408
4920325,4.274211078039204
8439364,5.087236803162936
3721440,2.863022140280518
3477041,2.364001863122372
5584863,3.2042537829916364
6339641,4.948868182250746
1130624,3.1057063079281577
6847096,4.5877257188562535
8239202,3.2492476593694017
4917039,4.786973140234117
3788601,2.770449679008725
90657,5.369766478138356
6426433,9.256234236429963
638427,6.048945725636842
2282665,3.8420173887158255
4040901,1.1885315238189487
2714219,4.115350807876993
4658236,4.965632709125268
18536,2.6610792296967185
1065135,2.824093404350868
6607340,2.876833418100473
5777112,9.741989574986315
7801708,1.8414219525578173
4678677,3.984587932031822
8590027,5.054479406803116
9158140,6.116583259008236
5292131,10.0456977661987
2389362,5.206032409787472
10647,7.059581094811209
9354809,7.35350529044278
7765313,6.430949480890296
7356790,6.623644106842017
7383018,3.3598314359592423
9713056,3.9031272305599343
7655198,4.439650868844769
5530000,4.0571164876076535
8997142,2.2425499473272605
6113669,5.683108236910521
594653,3.626286879149492
2507102,4.516823008476727
7927528,8.405481643326915
6249880,2.827014610233605
7635097,5.307409855937893
5864560,6.405083205562214
6737516,5.025823099530078
470543,2.536692529858915
7028448,6.414726998312848
6911120,3.482098232613997
5005370,7.301493370807491
3285697,3.2292131756047397
9961930,5.941877596729732
2742252,2.6735600716209285
9819052,6.497625116451006
8958923,4.940712289052357
5759521,3.2232833210369085
726696,3.027298167008915
670015,2.879821776152855
3698932,7.078268397467504
9184506,7.631276184117494
8059969,3.267475468823334
6823066,3.0313683183231013
7261862,4.525727229294542
4265026,2.8354849136489966
2831620,3.3586490501682773
3121811,4.314649387072349
6366665,4.378071324821664
4250906,7.646968354631053
6439924,3.7418562741282866
1075401,2.860786849104406
6215395,3.3700286568965576
8329217,4.1379951656607155
8605607,2.781457227418589
9149326,5.819279193584426
1267582,5.123522261428267
2782866,5.178245315029113
8540006,3.971168586090399
7938595,7.450406381578177
6229898,5.870977853215696
4789073,3.4647517275023048
7575419,5.607216504240423
6506415,3.4926206338895605
8124875,6.302181848394817
9499820,2.29124443026672
1489889,2.3083627029760656
6418245,3.659287765483149
6558686,4.2946922684837165
435397,6.562030912366655
2830182,6.5468779926961655
8703886,5.8659700171450995
4155347,4.936494975271151
1554944,8.265234891576863
2044584,7.4538395722793265
3363792,3.9313321739581872
1812733,2.351648061098295
4701353,2.0848902394550457
7328364,4.987343679229236
1345347,9.789028499662777
4718264,10.186367350856703
7477167,5.258519426507515
9157239,7.614295979499318
2992403,3.8267105369947547
4236578,1.601479401506176
4572512,6.306218465791231
3967336,11.08092363030134
2096798,3.3628798266149293
625229,4.494560851888149
4160358,7.3455424568809775
8958198,2.6892251235188733
9165285,3.8119907088072664
8207132,3.753246798013784
4495720,3.1237792651930016
4457046,7.046154356484589
88902,5.095403591971322
3871094,4.542365608024223
690109,10.521120138884747
2935151,1.2974259922268607
1727981,4.721854277928589
5992460,2.4850926613232187
5006777,5.412376153436233
6346217,9.34921369736267
3323262,3.5209359013463555
3269314,7.903109137983286
2136559,5.572712661220489
9104132,8.159511927804832
1239230,4.737441166844398
4267436,6.817790053830235
231341,10.289868320258378
877078,9.230655704339114
2310627,2.431669497467878
4292045,3.355453927831121
6652506,5.318049451523699
9145183,6.666235796552395
9513372,6.848908342661339
6284280,6.906902379446004
5130459,1.56907420702116
268489,4.103660742846344
4888013,7.826699581742305
3881734,4.354122427141052
1649618,4.396143707128767
6461782,6.867813541180682
5162676,4.189170767181232
9201498,3.6491234501462655
924611,5.71800129796489
9337611,4.623129515932353
8595427,5.425042450952486
1599814,10.522802744863945
2166443,4.872613294190155
2137206,5.112696153163956
5927678,7.439071834991198
8807378,4.02329798329285
7150101,2.87673462883502
4728145,6.168477397424759
6839789,5.508069909649327
6849267,2.4017557411532535
1891013,4.129877995080924
7843102,5.75493348175957
1472827,4.139618787862955
3916478,3.079902381938674
1063643,3.443215272328139
1018635,2.149044544199795
1260087,7.446660833118814
1335530,13.606267109812825
4286141,9.46620238361545
5634611,8.64724177637954
391979,6.101029068332071
6488918,3.9238977963639656
2990554,4.055833864306853
5293403,4.8971745111524845
2381984,4.990178045424852
8146230,3.238831577591719
4990267,8.068790214213044
5952715,4.463392835451034
4694524,4.619554441913619
4288389,4.07064702971544
9326920,5.282974430796154
3514377,3.7725309726458987
6758993,4.919349891841136
6463167,1.9873109984450454
2177312,3.083731453148529
5873261,3.707515932484825
459603,1.4034050956631265
1279121,5.314157699165139
8898809,3.9095345161648183
9244041,4.254695948028076
3655928,7.803862061765243
2455444,4.01138722297395
3647631,3.5586631903598533
9215215,5.418551808603808
4906226,5.799397623460996
5757882,7.7343433636484775
7188616,4.490559369825216
7492209,6.178118643407004
6219247,6.238437548443584
998230,4.406398117865406
7875503,8.039576330722163
7225092,2.0268842528423083
5868875,2.9214567072565876
5708320,10.551623436242629
8748469,7.478862866385503
3262469,5.650606713832483
4490445,3.5089445453952726
5867889,2.529365337531268
7373479,3.3053575204360675
5285399,6.694546053499273
2964690,9.565795917190353
7036873,6.559312294618306
979689,7.472375007575659
3567903,2.7774250691269247
2441956,1.833406446284676
919875,3.846486184047487
9869173,6.6888448584459645
4379145,5.17324384194703
5128739,5.236371816865036
8335414,4.088085114144157
8440389,5.590862383618501
5379734,4.609533167206173
9531818,3.3416057269306307
6314335,5.878840160651773
5581735,4.435856947785244
9386760,2.6392381021923144
3768496,4.592281461938857
5649928,3.7126616264905303
1698296,4.723335717296446
3509539,9.2177376569349
3757830,2.370475223846469
6963969,2.723006465392512
7218491,7.424299994883524
7270975,8.781254896338556
4879737,5.46976652403084
2675256,5.2349705228676
5545774,5.9187038860216195
8350846,2.8183406225566277
4464404,3.4292052254974705
113322,9.826732494076616
827226,4.460757249184307
8910151,4.86773134315734
8483736,1.7892347248411722
6949682,10.596606702917043
7179592,7.8401566798408355
3304058,3.0065921746221713
9663591,3.178601775046795
50486,10.13028815593208
1737714,3.600679750077172
8914568,3.4887061379880855
7469122,4.3669002264491
9749865,2.2972342771557326
1220738,3.6697096257398116
8019940,2.4455880478008525
8240455,4.862896240360521
817125,2.6306692643110345
281162,9.164622813330558
3148403,5.618602916149748
2881088,6.428792725692723
6465838,7.44144625133983
1494832,2.58105773613788
5439742,10.15467185452346
7495787,8.838040647124409
1722832,10.826270836869288
2610719,4.077530127744791
4818222,4.275813243466294
8726257,5.561494848685593
2539500,4.297140117535118
8406703,3.7064136674463293
5416266,2.661785974659783
5070611,5.74043950419812
6629822,2.829173144940798
4773007,4.288743759256744
7748352,5.288217467815408
38326,4.564910114954236
7390613,2.8692297643316182
7892340,5.71511228679955
5487420,5.2827318230728375
1650405,5.307459333528619
5402057,6.119533820997894
6588774,3.728513241787988
3926342,6.754739846178079
2323020,3.3255033834034555
3672748,9.523397259207728
932706,4.993453143864535
1932211,2.4801132444497727
4274501,6.928310574035489
6491083,2.761758464922091
9188557,3.992326881551207
9654225,11.697480278010605
1655381,4.254333303132365
7455874,7.4371518786257225
7192444,9.00540632294521
7796974,4.675764937936568
3180974,2.446818396963431
7098229,7.726052265414645
2520826,5.437578357433024
8154806,2.383675097315222
209115,8.797361438629641
4786379,5.888686935382651
9541213,5.053413599868726
6879106,3.9407025150734984
2635601,2.5566739012868887
8089958,3.7985425506937154
1598097,7.669268710446869
7149602,7.094984987937714
1407205,8.159497619966158
9299064,3.5763006987256714
4342748,4.0396570642362315
7084875,2.7189867818499653
8179553,8.092949481288688
907563,5.205322858483533
8377195,5.688121855083017
5012199,6.110327762013361
2686669,4.465191567722515
3823912,2.927387199094576
8636928,7.40596554373456
2796772,7.240083174338306
3744107,2.8429842209239227
4566451,6.314819173687361
3593979,7.178099733634021
416628,5.95475257639602
2406011,4.429104114713376
8168321,4.720171390299779
8109547,4.434166869683246
3022542,3.5437273894368158
7601650,8.241278539297852
8613154,5.501482755612386
830673,4.269552729500861
3185131,6.7121462972626045
7202277,6.916388096602007
7556324,5.033874043303623
6949383,9.361486636522898
873533,4.009280025695398
5646986,6.106945546581444
7671829,5.329097303693772
3925940,9.289434317602886
3343010,4.39508989725519
6758117,2.774200011059758
4287075,1.9716918823666199
3359971,3.413342372718084
3041936,4.910883432787096
4150682,6.680196579622684
9740888,6.093722588834945
6629887,2.83309292880251
3988644,3.1079306093226027
4574841,6.318859362008427
4058850,2.526914025260832
5373240,5.515005786797447
8669176,2.9006719376461554
2316328,5.11943525300474
3065632,3.843939817449146
694976,6.562886335219315
4188483,4.942267325330188
1992514,7.37304669978428
9619999,10.904280296434912
9925088,3.8824050797633296
3615155,3.259791332221017
403320,4.399941103802977
7048903,1.7220712829155076
6075806,8.419787501466402
6576446,9.392802463736475
2914686,3.946338233659114
2551589,4.694322286364653
3621468,4.7381269848741985
7774815,4.796499766527909
7369590,3.6736097339182647
1071886,5.857393205676689
6106950,8.078846455468542
4613514,7.46815165793673
2172325,3.4226528304399912
910285,2.1531439587837116
8781167,8.31580147295638
8279449,3.886029088942021
7761729,5.512633750990744
471264,5.133836138998273
8515503,4.822704308703383
1760441,2.3945684405978254
4384766,10.91322109909404
1389117,4.1717500080355565
6884969,3.9763612872984915
8441350,1.084204966977392
8696930,4.594908271413536
1472137,6.233949607511434
6558863,4.140384175353371
2006537,2.2123270873091174
4492044,10.224384519017226
8142726,7.153533957188902
5729621,6.289228721431234
2914854,8.913545069168912
1669871,5.914084134679673
4748478,7.398508304640079
9112029,5.29239738058824
187846,1.3828900249682428
7011667,2.7822224348828137
5116524,6.079998590049289
3114489,7.555947180517179
6049251,3.345755301872141
3626124,4.841631809621135
4106804,7.148229016614264
6270500,2.761757053552787
7357518,8.121987897901016
6787936,8.026078187078419
976731,4.962354792769391
5886426,4.08185879639262
3531066,2.2627052602162627
5507766,3.2641231686879832
9122899,5.435104935070627
4052595,4.495584092888129
6910970,4.321227184406232
4732212,4.045235430303458
2758397,4.303400544734438
8557787,7.440438643472147
3479001,5.984494700697861
921308,3.985005804353894
8545467,4.505883419866259
792349,6.558392739169594
1468210,4.487940518254142
7074269,2.2713777022206636
7558569,2.9735968035951097
5467854,4.6517611617289525
6276968,3.6687962755898145
8672961,6.614019824750084
1540314,2.85242738668281
4302262,2.1371321511696753
5280279,4.010387616780106
3004360,3.5251114707135764
9257870,1.8525190054519527
5600601,5.726880084598009
4407476,6.059834790849942
7663667,9.858792275100418
4383085,4.94012440475034
3228320,4.248076446666556
6181364,3.0818650522476974
7876068,2.2127585900848956
370837,3.283434903649177
8032068,5.576415148213142
6316147,8.643740730057996
2095820,3.8677522184438
1513089,3.5447443268376784
6071480,1.5545018396023598
5614543,10.139992280839158
8637362,5.801864810160261
6241408,2.1311284531840164
2937858,5.46684471236906
4616125,7.082266706156314
999998,4.9605001519211545
4110592,3.0798423576956453
1259495,4.695468486472825
3351980,2.9326557917446223
9987337,2.8182691731393033
577950,1.7146433504733676
7684646,3.8400873983158252
508442,3.9124252832116913
3179293,5.446023593665555
6075413,3.024617701041182
3352594,3.879984503910081
6257702,2.7512086136259057
8150607,6.217786095468263
7552394,6.191578274288334
5161926,9.269065739832527
2044417,7.913960786375679
2434847,6.1395932121984895
5573164,8.142166521357645
2570692,5.182313863752215
2898372,6.547810829368366
6523606,5.071086725420557
3714952,3.100809849642562
5457854,3.183976698819158
8597996,5.3054303063286214
7127619,2.493661498231163
4952658,6.276501731449573
1662269,6.168801706581949
1457986,6.179579869320509
1619987,2.1615462891921386
962667,4.115568126711907
4335686,1.6492418245093485
3979006,6.0348375888819845
3009339,10.310383906670573
9176953,6.861767032106767
8052035,9.98575476856059
6425997,4.185090201386574
9222551,3.113649101435649
9077394,8.44688811521136
585539,2.6482595819518684
8245868,5.093311341950825
5160842,3.0161905519426218
5565003,3.8015659127943624
733526,4.391168568188369
6271482,3.3268695409999705
8299661,4.960794388612857
4879148,6.605796521205772
4391856,8.295450060386193
636328,6.971242930384861
8415760,2.7314684722356435
2788740,8.00851663838419
1303655,3.0128038025013537
726678,3.005977003584632
4274068,5.634738294470024
6834155,1.4096385353338798
1348071,9.639071831781727
8008506,2.9334169532417254
2937983,13.096554472016948
1473866,4.672066705514865
1771211,5.425009907369508
8499123,10.812732600519611
8721780,4.555209256887792
5049283,5.740450110655641
9873719,4.640334470742877
9292290,4.312829661623093
4061345,9.009546471895824
8510663,4.925175602562068
7070834,4.559061223968071
3792482,4.638771541326752
8778818,9.396317027753103
371563,3.2532033641085705
9268501,2.6774144950235637
6538693,10.492201701200937
8798936,8.131877845768965
9615061,4.131218312789355
8636364,4.652834130666983
2855121,3.9089524274730976
3997815,6.18844223546936
8785511,3.25317235448962
8093063,3.464339498649498
5436042,8.658801317672026
1210701,4.217404748772998
8362828,5.035583519389187
5416695,3.6359546717849303
5207114,2.9816003033917675
5038723,8.998179498490195
1010630,2.609933478680661
7358,3.287643669299813
9396992,3.180129682549695
8907769,3.7344169782487437
4695506,2.801122811302201
8942203,4.563688596842402
5365132,11.604797504458958
1793480,9.77383144448305
9184669,2.9784510477813795
1262097,7.492674239473292
1526126,2.887143163045007
4772209,4.855380324587922
5794956,5.774516651041393
1794841,8.120167646674789
3473709,2.47244366977009
2896033,3.311373570116191
6641905,3.248108592672585
301667,3.707209899222799
5225068,4.068825468837238
8397947,3.420230967695695
3773580,2.6848336383987528
4423025,3.086520228124895
6396472,9.016319984980205
8005559,3.49889528333847
5531496,3.0120295407708912
672874,7.7137251565532905
1943565,2.126728746277835
9639283,5.823356658347519
5462217,3.827790159438798
5143941,1.4902131673215422
3612967,7.973061921590617
2946549,6.337762045501892
3033403,5.572166307323447
1115678,6.231659742801682
7754159,5.529545608641284
4860937,8.407817275947057
6051188,9.55138310789105
9848382,3.97927012722967
5315107,11.418356067364996
483272,9.841097031945619
8163935,2.7539543686206507
6026261,3.8291701535298275
6597719,1.6370894171535129
6684764,6.045548447956795
107519,1.773251236176705
3191006,6.336280502607316
8707502,1.1015547321983388
6330602,3.1660788032471747
1533603,5.781561089303476
2598821,2.9634881602497365
4040167,6.251869495428395
8064535,3.375408560160645
9525945,5.237529084532414
9121980,10.980028205683311
9483232,4.586650722893106
8019783,5.514534144593542
4814120,8.474751515573733
1067052,3.6796963281040163
6497692,9.416282682812037
6721065,2.453233719674733
1582423,2.6188563088576196
2232175,7.439051290702832
1984728,3.7397756340710626
7561267,4.864162847834477
4051041,5.302914085011004
8628171,5.026509849852481
6905323,4.083152353025689
6520275,3.545115919072789
6376401,4.458282345500676
7413358,8.675489558469632
3208917,4.005529007767777
2127076,2.4152918897996445
3336927,6.757193430210728
912034,6.615680012614421
1656127,7.546609450922004
3536506,1.2257398284748
8308098,3.8902445530919323
7616049,5.272624207846929
6633848,6.849438966969828
8658793,4.168219699933472
5780768,7.189610251596713
6551815,4.150814199579184
1607174,4.280935569832008
3145935,4.896763253570572
4107507,1.405186121117505
9404404,5.195781683650469
1007289,3.182045503777566
3418244,3.797285382456657
4349043,7.169746394933976
9202346,4.205733550598488
1304161,8.153084497874877
641667,4.30845355549674
2782757,3.970664245090256
3946806,3.6500200625336348
5924561,5.38938849372439
1507941,4.355014213066375
3438720,3.270046747307453
1669966,2.0176236350177232
8655534,5.220557682537602
8307674,5.078044913629515
8709018,8.970033126003488
888854,4.508457601651569
8806958,8.770206889927941
1795268,5.578048851649589
9671069,4.447488173131275
1658961,11.51790938880094
2445329,2.7031722417782023
8662338,6.360688107874989
7955820,2.9350189450045363
9937207,3.7923096196928845
2683973,8.076511724458609
6289309,3.2687360603065314
6727461,6.00045587567898
574500,9.49963230321935
2843869,2.8489425461133324
9228719,1.3565093135447288
5773595,3.4900766571116457
4474409,8.031486372462014
8943300,6.4447904946631
9171331,3.3779344790626364
8667189,5.054655454950444
2913833,2.364551225510018
8424973,11.086610486295308
2270788,2.3689993442597252
2710169,5.742999505718103
6442967,3.4224040028762985
4867640,3.951202494637882
991804,10.693850109767
1690118,8.773492734398271
5975526,7.211569337330451
5826570,9.739471271402337
4045092,4.081739449211276
539155,3.6487212993724945
2353616,2.108393660276758
5306652,3.951522386487012
4235201,3.8124258284600625
5314717,6.544202684841268
4592493,3.482696674839426
4373990,6.271367594351477
6917245,9.221807342690134
8062650,2.629013479469515
5454847,4.025479365828366
2987464,3.957941565927142
3280795,3.9418144041350938
2543850,9.234300244692008
6867072,5.591064985111551
6726467,7.891496163215534
4248870,8.555426779296013
1490789,4.481432456144283
2548022,5.84668774856992
9821717,5.214420175889636
4633924,4.928575159086469
57734,6.6373607808683905
5854473,5.132280481728081
7076132,4.997111080892794
2117818,4.9542393041909385
2402612,6.16957515351985
5938459,3.9306282583298318
944448,5.4177900566092605
716934,8.027050858082195
3427335,9.526413051315847
914766,5.986121265235569
8299597,6.288577965634072
7617885,5.508492639771783
3883723,6.853529047518851
1829113,6.414273186921948
8542143,4.12857590605842
2075647,9.73948227632482
3265703,8.992271049244778
1485283,2.5686821415896333
8132850,4.33671356260639
2436281,4.592600971790974
706758,10.458478496056081
5783383,3.9074448830691075
2350572,1.8610730801264797
472830,2.119571453600058
2340360,1.6920513551339225
1380411,8.56584209337144
1075796,5.854216671784632
3270988,9.117650434088114
7744949,2.6988175303607456
2462088,4.418165154704373
7626406,2.04254528663664
8092388,4.121104976131803
2689055,4.064434211155056
3615259,4.725232649795368
5254518,7.953676462700919
9887726,5.969111830888057
2473119,2.1040933227233545
8643396,2.9447383680512864
8288206,4.242225616675506
4851187,2.044937199314088
4323844,8.720421554932813
6545990,3.3303991365297057
3300224,5.858269953322717
8162055,9.409128550455193
1920888,3.363397594996546
1277201,2.8588136826124426
2904736,3.6151088753100007
3857521,9.485441858175804
7791897,10.790986919022505
668503,3.2314681162540095
169005,5.574079611966767
9325838,8.653572336313754
2571635,4.414155201308447
3770336,6.461144645791867
8765663,6.354611069245398
7703637,3.544111218213068
4077411,3.1743018646471324
258913,8.948312975345535
5625180,2.240680125991144
4581319,3.247250236989318
9014904,7.727072496598746
154304,3.170118257194427
2510656,5.508523520274943
7486258,3.262756401221357
4157644,5.969870553426304
2071093,4.910496739749535
7082101,3.8296274099664385
1059211,3.3718276089452424
4943160,4.0969912382786395
1637837,5.263211871674706
3033236,3.4351230015809975
7608293,5.499137011116096
2737449,4.146190903402623
7823845,5.588438692891815
6755887,4.711110000859474
990720,8.409948095717095
4427936,8.666926902346452
7799004,4.4203331821172425
2715282,5.64605576125757
9927348,2.0467342972786664
110795,4.1157338146688796
1337750,7.670132928091699
9859572,3.2354731605355
6612296,9.598528268520994
9527795,8.349062439730652
9782790,3.350953495818189
543797,4.478127760213827
2009514,10.694798390474258
897406,2.4929168885525343
3957570,8.945616533656153
2850240,2.5396271739861174
3689534,4.986429850462715
3010530,5.0949975203999465
9991478,7.592907402583178
765972,2.5278262841271024
3394627,5.851050444452702
9265419,2.1428109971655176
6518626,3.513570839268151
1606725,6.902269017690441
4948094,2.9627308539137487
5103282,5.821063731177775
1276173,4.8456177046505955
4134830,5.365103661762799
6277010,5.384846550162882
9679224,4.168570409763158
6443539,3.0857431382175298
3961782,1.4401557979152586
1665556,6.603501596364287
2929501,2.356046713044851
4609081,2.1042065799317444
1197689,4.689479617116546
513203,5.936174158746863
1279972,6.481135328049508
7782252,3.328985514800605
8860595,2.4032103310240505
8194422,3.6930297275690496
2644236,2.282687738925308
2949034,2.6367779475938744
9360347,4.852916458757044
4593665,5.667293503145047
6910011,5.916796937039491
8854277,2.9969033537058354
3505444,2.7770814594354873
9314193,3.6838002508362053
717720,2.696139880295001
622816,2.263813865433409
7874984,8.82347769477624
7959399,3.88451745855805
3975446,3.81677798624533
8154380,2.371682857951569
7518239,5.095915472284004
6684270,4.001277939275278
6670787,2.1679689752346407
382190,6.417858887758974
4207656,3.6549048197330665
3563378,5.212043774941221
6545204,5.863127456867336
7518439,3.2599132752798825
2519341,4.751240389361719
4313514,5.133068032687353
5308345,6.040765356379925
7826112,1.5872554193199386
4029759,3.1722619740920655
4937648,9.804470640418252
943595,5.145440251415736
2532243,4.722528849710935
1069096,3.218582074740319
7958743,3.5916994725305065
2549496,9.248436234447592
9509846,2.9283162286396234
1164596,4.019752986470892
6394265,4.3664718339827395
5891795,4.218483184864777
3148661,3.7893202650004585
8944698,8.31039175153095
2107003,2.9367340796472163
9581628,3.4868961435174857
816446,3.8119044030427034
7640570,5.4606983929917625
4570918,4.072352981366552
2612591,2.3199460312555673
8989181,9.554307553767803
5862066,2.8979606619302647
9854468,6.663545497145908
1907535,3.2649805373162675
3960139,8.803201362935088
9360129,5.22926160304187
9908642,8.014980653752582
6864916,5.151055844111772
7135132,6.153144423577409
7728054,7.941422526123932
4165802,4.14951345333153
2931929,5.40995821756678
5044267,2.1792221340245703
2768631,7.392825759819761
5855049,1.8151465383921468
6439491,4.996434270466444
5952255,3.1722092043452994
472992,4.3546784528996945
6333897,3.5688343323952934
9390036,3.1792408535707715
7200712,2.1577716771535136
5736893,2.4371278757034154
9756332,2.1349962435898866
4068850,3.5326604451711208
6020263,3.129122964711299
2100139,3.661349335275319
6212081,3.0452558781364636
6720233,3.0297823831045165
7814182,4.967365043412713
4776610,2.9392137064900643
9977558,1.2170372440833601
5670223,3.924597342869122
2276549,5.167642792090531
2913907,6.9832865556619
3200342,4.624535282647987
4431022,5.988796086615949
106847,3.499642298414355
713923,3.2048563513680097
4268192,4.030173047570065
877071,6.4053629257003575
8413368,5.663573583867753
9086011,3.336739219525538
7083397,7.082918381978068
1423657,7.380296777606277
4152995,4.7515713555757495
6497878,8.206048478314145
9944408,2.9668764502006137
3185459,5.034504915740984
276715,10.551872248522644
8812563,10.84322805988915
9292437,3.3864406795336497
5829902,6.569149268555627
9763688,3.4873059922378635
4793521,3.27457631660117
8126347,5.9302633290307325
6716815,4.91551068279915
634567,10.08276615632197
7105836,6.584369603506971
5396902,5.34321807997441
4747234,7.547707998355033
2697809,3.702007270060731
324693,3.4077086178364295
1789192,2.3178120872118635
2263137,3.463052698665447
8455805,4.869503935905063
3789979,6.990519553093918
6105241,8.15404267393049
2442637,7.528438040273944
1412132,4.694621619624769
8465130,5.882785149952601
6176271,2.1313209243992146
5269546,4.650123816716978
2839769,2.112927456835724
2928964,6.291079694257047
3844292,8.540353518623272
2037676,2.971185639337686
734143,3.8227991879639225
5211433,4.5496218438824485
5391059,4.860256255648483
8653049,6.154410046788446
1701808,4.6888128385256875
892919,4.941422423226806
1496947,5.361500005935057
8292416,3.234946202804173
485387,2.467649459859413
6693997,4.1722529457146225
2520372,1.793332427577125
7333951,4.219666171444622
9344650,5.580568751376028
7570346,6.805687367384978
1667954,7.298303546772495
4888493,4.394792457092649
5079778,10.497961515959558
6604144,3.432562698066752
774226,3.4193802610093416
6080500,5.047477659527656
976523,5.414750161850469
9129246,6.7085517567823105
3758458,4.235618126394044
5767598,4.015345528121804
953349,1.9086847163236103
473575,4.721744079211694
3463099,2.3184426263485634
1821883,5.618739580430037
4624807,5.34013609333274
3649501,4.9098570491331746
4578351,5.4873558015732335
620495,6.686206876166975
2070788,5.745771394503713
7206298,1.1422015366927327
4446673,10.095623861004803
5020043,5.705828404497581
5815069,2.4763946194618613
9280261,6.951222568696533
8795531,7.331479914269108
8115007,7.197773235263827
3376224,5.43971816342537
1390207,2.875440894458556
3963217,4.67120788665563
892343,4.944228731399194
296493,5.251298889515732
3262596,8.817912734143306
8877468,2.7575248624982525
3124831,5.0113890614087975
237814,7.96291950903123
5894229,3.8064230316483005
8750198,2.356847832509348
1291649,2.729468039501476
103296,3.097335077955053
8275441,8.631030278939914
6987487,3.292529120219553
9458708,2.4724394426585254
1492101,5.800985773688075
5980702,2.8519968017993538
7984124,9.425914928846224
8729096,6.655462687652019
7158936,3.9365554033986907
7746253,9.668493552447929
6436380,4.8258633329897105
9172454,9.025697884413619
3487044,2.1642032834146243
4978578,3.3875093679228816
9551719,3.6910348353357727
515108,1.7280196826702086
6097551,5.097498425550168
9557809,8.17539724405755
3346943,3.9420286690991304
3214529,4.157629056269681
4885771,2.67129498713355
5687012,3.2937237769626053
1575414,2.6673200231070195
4532706,8.19280981861202
5418264,3.8888599361607508
5592582,6.728065522056612
7893940,2.598642783156805
9512916,6.192408398054947
3243292,4.039628068746053
7694838,3.6135334367014247
9678228,2.7175570757219867
4367374,3.5520158000282565
8009029,4.2404636428202345
6391265,4.181910433597466
6281914,2.4598486618004345
4987745,9.999973867075695
61443,6.223902019867042
7006454,8.666098225728302
8267705,6.869831499511999
7910010,4.341787830140938
5313255,5.785087814172899
1817606,6.022064385588779
8912958,3.0218408877236573
1576214,4.810636904205115
7944627,4.150897565714249
2879509,6.258140405895668
4675879,7.488322885948768
5399936,4.209608249320148
5612236,7.405940498836156
9740385,3.64649095834577
8399213,5.88388660323365
8972778,1.509473349513334
6054711,3.069534342524297
3816308,2.092738070872541
472194,4.1250473674591355
1164867,5.107287448810387
2727036,4.439198267671294
1530987,2.0872341720839778
6541377,3.39850084925664
3708233,4.53826250731285
5638182,8.520900928457701
2728939,5.7368370596144045
479424,2.845363638174379
1250017,5.8829543632945835
7442129,3.0917162409325227
2190950,6.1916611423630945
8115069,4.294445981090732
1866739,6.06383199363505
7014517,5.265021744894213
7042957,5.842331332465165
2284453,4.953586446031558
7991384,7.961167758378751
5893736,4.309128725422397
5784327,1.8316819573214578
5722485,7.592547536525913
2797366,4.8018100090179505
2021436,2.1885578369810657
9761859,9.927861899372623
9533126,4.666384019213664
2735739,9.588648833928008
5602692,3.686275215438755
726425,9.161810437190397
5626153,1.9791135803730053
5573816,6.508831311237641
695802,4.177939066406735
6022994,4.282006268725633
4526038,6.459341153953072
114736,1.9291612901658444
2892322,3.855231502672356
7767539,2.9243360240995973
5277835,5.192659763579096
673537,9.531614674768997
4011569,6.756315980056766
5680128,4.872870345827814
3158176,2.4939801010444214
8994882,2.627622150375811
6471900,8.30652796300339
8465910,3.7873913364804634
6431482,5.784624117688779
9510345,3.8180384634035165
6376040,3.548495361216232
9509361,2.6807274756389856
1233331,2.4167679579255035
4861247,10.68519735631908
957854,5.949026346216939
2448349,6.742486794888054
6973612,7.650146928362562
4395658,5.575647194724763
8861769,2.499961675873701
5073927,9.667571494594076
1392524,2.5035496604881557
3364672,9.861273251988113
609408,2.9408123814050384
7334458,2.2959848733031305
7389225,5.737211418018246
7234298,1.7025601550936835
7968542,6.598010346443234
3236491,8.714178159296692
4194580,3.894955661688702
1562776,10.631729569707367
616,5.805122966116583
1217243,4.640175746481793
9096865,4.197942942546862
5860330,2.541024969271438
2733924,4.862940662888738
9568331,6.219922996632047
2450173,4.334897035820008
284686,4.489355488621252
4567579,4.014345220110153
202412,9.038149651126464
6509324,9.14688042334435
6315419,3.5983644850859955
2165640,3.104511046297192
9343892,2.215690363580411
9783888,2.9353794358890024
3052096,6.068892997546383
5108727,3.896156749725366
6762907,3.3799918473250665
6157530,6.5868374440867745
5462771,3.4061871147198346
9932303,6.444582311899776
5277323,6.347538141061543
4038960,8.389630856126855
1408006,2.61916477226489
5482746,7.144241160366498
1463532,5.257957814607065
4259980,7.403856509066815
2144805,3.916186521911693
3413826,6.987606978771293
6546673,3.4110367529392738
8725522,7.1198783801202055
645556,5.856330700928509
3372796,2.726856096369926
6490964,7.651804204862145
1447537,6.385551964666178
1435772,4.368897603862404
4734791,4.788539353326273
4610027,7.413719673058731
5140505,7.975277799339105
8420982,4.373062722617676
9763885,2.1270574890181604
2309455,3.1673195530964398
3315470,10.816665924380185
7723741,8.190211026044963
187242,8.015310732653042
4893696,4.365236595565482
2788037,6.525066180911143
989781,4.5944086474349906
6837016,4.253289417222332
8440401,3.1137683882841842
6742010,3.5227066749006912
3202862,8.218904825098456
5980161,2.8020894716245848
4386616,2.622831392629877
4089085,4.700208256739366
9485743,5.272789361886815
6142470,8.01252705327394
7181277,6.354339446522243
1844797,4.268612028449563
9897539,2.599563254423412
7030822,5.503371002204936
7889804,2.7680733736818786
2686822,7.852718003784998
7176745,5.094928978560239
4205472,11.106343165175566
756424,3.450000367340114
3729264,9.341200862059203
9996912,5.3900124426963645
6120064,2.7100318851327563
3339199,7.068517599646402
9471416,7.585139603585668
71841,9.032301396911624
5724876,3.9378539091953773
923483,2.353009088449664
735628,3.605615870425821
1119791,7.4256230522401845
2726545,5.088743645504955
638555,1.7164133531659962
5742509,3.562294557139988
5608737,3.5974209087858386
1107812,4.716240588342759
2159683,4.822785502208033
5596077,9.192520991779638
5525114,3.709985457227645
8217804,3.211963143600519
9541295,9.210019072624101
4004704,3.6554477498525544
1451276,4.501256587524014
4779831,4.0022928320802045
3964048,11.06140623368812
1175743,3.5974336851556106
4485891,4.045460378201697
4919894,6.632382954243111
3919150,3.0221264831354056
518577,5.3240222463539695
6227747,4.339234258282516
2227310,10.022078329191793
5637107,9.544422729373595
1561843,4.2495872222833535
9321554,12.562583852153836
1660531,3.591655813584552
5196197,3.05349376843236
7239447,9.20540678278483
8646196,5.5297105417080585
2604058,4.104246344755831
8133464,7.13225166498193
9676791,9.872940828798464
9636089,2.977657463075913
5929313,5.338373192168117
1457882,4.796347054285242
198150,7.408433556159493
3611911,2.208230511238399
1442898,4.522147717922947
3513679,4.943175064381253
6822099,4.069617591935386
5067776,2.7422527291055885
1283111,6.107099661435431
3056484,3.0667240397025504
6321312,4.10232433626582
729571,11.763362482901162
6482761,5.090111094977482
984809,4.065842220779439
1623884,7.318415699985393
5958351,4.991290771777319
4837002,8.787634966281779
1987752,3.34736539218661
4814868,1.8322685315091756
9627061,3.916173426991134
3787926,4.030299555939251
2388674,3.8344040953961596
5897579,9.584066187918973
8431032,5.968867322636941
399527,6.491331259717477
4591445,1.5384108359032926
7953392,5.023589459190179
5995618,10.227373994649986
7925465,9.552462045605736
7903871,1.9766385202985166
8018975,5.094377896434876
7986120,5.339944481778491
9389692,4.8720718401306184
6958983,5.554509657217766
5633324,4.280352421146175
4205689,6.006157935515456
4463001,10.36326795877868
6920951,4.664643099372062
5488657,10.220701594238115
6451024,4.444331935681905
2974612,5.475500566557943
6284889,4.34089114251847
7443212,4.386263370811653
3617456,2.5381590906072007
9154491,7.787508716134651
3988086,6.170244139872496
3361083,3.2522724819410005
7606123,2.5851027869285965
8805482,7.603053104427472
9605130,5.716260552365304
3238740,4.641982370891453
9449971,8.018443559606927
5036717,6.155157165590344
3597287,8.679893998269208
6403306,5.451948465554393
4237869,7.870521998744147
5555078,6.36451469238455
9553639,8.56445755806935
1540621,4.863197241915197
6865299,8.526988945846746
3548728,9.695693078105617
615056,7.32526435655702
7177357,5.735416259078252
220674,3.775872659503327
2837290,3.25909689583873
4643661,1.55605756106178
1447484,6.2785374300954455
6174860,11.402522089281334
1234939,5.4072020630110735
337142,3.2146790730307293
9096569,4.314143397537378
8279509,4.776579385067576
7642042,3.313573887785252
4448036,5.374110559044546
4003485,5.0173818131077725
3661205,1.931066181185305
7161389,9.960134913984298
4236925,5.589661524365706
8359432,3.454655827311398
7473198,6.855324757404368
9418717,6.41143043355649
3219809,9.878228813174086
7346830,6.8511075733679
4273777,8.741987777867894
477373,3.6514386795541194
5369574,3.8476738560212373
2298792,7.558791209111872
1623508,4.910050592819764
6720308,6.096327560784865
5729638,7.0247827756190695
9810640,3.5419585707494727
9765309,8.341893456527322
6201599,7.266722946229422
3378073,7.645476270958517
7845711,6.4087481372879225
4621707,7.3300646086127434
2817285,2.0741865125633066
856272,6.739857813889638
2365909,7.629632518778674
378983,8.058689506827903
8889695,5.674016647610333
1194609,2.65540774167446
8533546,4.889251303983732
1013942,9.655626659139319
4719783,1.7547528911720824
4794991,6.130701317143565
9425599,3.5261297664487685
2657577,7.013843183174087
5062336,10.304789129967146
4758470,7.11199467916557
9445982,3.883264294432993
4002004,4.88283699836178
2430265,6.646500429705203
5667900,7.660626987149516
7071612,2.594196330159166
6916126,3.444078168312307
7500581,6.723038968646296
1994260,6.470564602364875
7701702,11.682384790003182
6280894,5.997328120681116
3565655,2.8994747016405915
4816472,2.5856340427257254
9603000,5.254505515343505
8961637,4.872575595969581
7412832,3.816496437449935
5994006,10.252674621514394
721121,2.976718462210706
1453486,4.274546840363453
3625967,5.740962950978731
2897790,5.1916227227020535
1217371,4.151049659714513
976324,5.269347078053374
640420,6.258234510783454
4459161,4.945793024872491
802130,5.59821625504883
8659256,4.351806056333326
2237454,7.417817808600464
7052931,3.561088381292481
1211198,8.544150854854838
7549583,7.092552777540864
1001480,1.7966996757091742
4556417,5.707274099917113
458979,5.510216562811307
6130970,1.8161843637639095
3625754,5.793546087180102
8468329,9.983673306016797
6413371,2.126825007312522
5062837,3.520422995896988
2301134,2.5065545224202737
2863729,5.10841036174675
74674,4.777172973347698
5735224,7.429322580334075
620110,6.7737675847579375
7776895,4.796382377399839
1208523,1.8556067424918241
7221463,7.742177647898992
9467859,1.6006432621026037
2141214,5.656663961885082
4235185,2.896269990026628
4652081,4.855364877113875
8040248,4.094251414391777
5654815,6.673320678616254
1277837,8.873251225989748
4562781,7.496295784741675
5915584,2.9549306614452453
1089541,11.292931343835999
8524741,3.028357802559163
7102861,2.3885450998241184
6581792,7.181864804928119
7505513,4.8104418578473185
5042305,7.8219535656448675
6603934,3.2941083928171926
1976570,4.085296699521852
2088242,5.569557088078135
7483351,7.540155084048893
7072192,6.589700649252711
6070735,7.600758550816344
1484422,3.9947960282209163
3070314,2.098077606206301
1670648,3.736954214589561
6993957,3.25188302895392
4651610,1.1848012129931216
9873188,9.359741309181434
6463661,4.742303209543946
5894487,3.8052964857023968
6192135,3.9435504396038885
4134307,3.0678428697526257
3501583,12.05208599946348
1491724,3.291842313462924
7941943,4.91916410579456
4506830,5.4068649783502805
4463577,4.107452148972552
4652587,9.868004482655497
9884196,3.989715189819946
2149798,2.8751884171284554
1489931,4.267945378514431
349850,6.8540077972275615
2395056,11.527840761656758
5196814,5.643405914496013
4530214,3.6683482142629154
7785664,3.9220645248666304
706396,5.7750306271996905
5139665,6.070323876954584
8881162,3.066403627617194
3557922,6.039703249334021
9886311,6.038205767988634
9379911,3.1224707090629398
1996310,7.525178669812383
9939777,7.67025625471624
1965003,3.9530341322982916
3247929,2.9018862890472503
1084327,3.903003571806735
1403275,4.388254376314943
4329175,2.5282876218745516
8863165,2.278114200297626
9846085,7.861879523865909
4531192,5.490761740417059
4237962,3.022164194050019
3552771,5.160125220820786
8926823,2.7921812008226814
8382456,7.5320405723011135
5558801,5.783473630929103
3466179,3.774697802711686
5036300,4.834580029838381
2334519,6.729617799423977
6809039,6.78463903719274
5890376,8.588733555226279
6678306,3.0670027924597885
8932561,3.176674275162693
8374466,5.650900388987001
7456936,3.5497304818982185
9368170,6.730332813145008
2107129,7.02982593398402
2099582,5.63318866086182
9919619,2.7659149561164242
2402937,7.433288576739697
5612644,5.2020962782570574
7458462,3.2489128196120776
7154811,5.554306648954393
7275599,6.7711596982219895
5491298,6.193156556965579
2883369,3.473540860297516
8612708,3.8838052129042158
1472541,3.169139716986108
7750083,4.632422025510948
8151445,6.434126471890877
8980474,2.129087979498974
16998,3.4069108349781567
8774343,3.3889023767898077
1847771,6.696380835295818
5529582,3.1117909946429827
5181548,6.438270215599384
6951309,3.4961529343273567
2478790,5.349285547303838
858097,3.4447453183768646
8965952,4.315767082077032
2136523,10.8281078734441
4640419,8.72092590150866
5854593,7.200248066628001
3379678,3.5245777967849334
79226,3.1366177797417834
841194,3.773485724281879
5058700,5.462754958666403
8973172,6.347147433417005
1625319,3.7927155827931593
6202480,1.8441975593664508
3185685,3.4697793895525475
9333202,3.5805260416169795
215479,4.458354310104816
9558570,4.078968164731626
7901969,10.56926678933552
8465675,2.778231434936073
1174188,2.4961310310859903
5265567,3.7149052009126233
3089274,6.557090827285275
5289220,11.495086879175346
6805590,3.6686703277214203
924473,7.43319522771109
3358993,2.4999626792504372
229324,4.405023826383038
1711252,4.247570491294887
890447,1.7508124490824537
471263,7.409312117649682
7789744,4.83729302917134
1444104,1.716164722206171
8544766,12.028923078118591
662490,10.366777274459668
8234224,1.6395705271581638
5589460,9.742525748657107
1664223,8.948195992689708
7711075,11.936133217662437
5609884,7.039435008588017
5699576,3.761871744223424
306394,3.878919462633827
1236400,4.509810049607563
7478486,11.05873086519452
7965752,4.6264615541045675
2061344,4.427467706622214
1917926,3.3245092974695183
6656704,3.6257945505049363
6084427,3.938318350406335
5517996,1.8115681164797783
2828413,4.834092532388873
1301211,4.980108244197513
398959,3.81231248733811
6869337,4.727700043625833
4469342,4.682412564927921
917133,4.973059533605275
296823,4.749489415334575
8974681,4.673997212584342
1703179,8.191141346443597
7045849,7.628402781425313
3612593,3.612563106130829
8589874,8.966948289578378
7608799,6.708798268455201
2614696,3.5830928053897195
2651301,10.503303530841226
2413487,3.588948577853948
8023975,9.551940269412576
1304066,2.089374509343501
5173990,5.76256188162231
5592208,5.296482614753607
2093865,6.20826201814944
1156174,1.8272293028299114
6824178,3.465977727763665
553878,6.855293452252169
3164113,5.961900612952414
9193809,7.222501245358801
9249405,3.428198632730452
4336267,4.799902045075164
7400051,6.654707536722436
2276275,7.244532503482169
7284007,3.247768707018997
436780,4.289414511612655
6418382,5.521353695965999
7475461,6.935564433938691
5451530,10.328584714322208
5248790,2.9809693032346254
9530989,7.995580890060745
9977960,5.651112358185223
9291220,7.395343244836695
8776473,4.519377201556375
1819126,4.39547966033331
8920121,5.4733477440726155
7621247,6.117045541809585
9856407,2.6868133234598197
2592046,3.9398867142134972
4095271,8.14655708709028
1644656,3.328080671837898
6112513,3.3421319930675915
6001725,2.495159155317447
7066094,7.030310077078748
8178558,4.048983621614205
4783650,6.48263489951883
2239850,5.166865105902562
4327866,6.039806364176294
3772363,2.3309800945387784
9461312,2.785922098780363
9566841,3.361166708192246
808982,5.684888194579973
1263350,7.541631482110315
798566,7.805210294229129
973723,2.7251332792936953
8580003,2.916978995322113
8955420,2.5400000971376584
3372371,3.485326678071929
9731185,8.635119503528454
5757334,6.3068056292994115
3109783,3.4712722527790065
7630059,8.094005045334878
7777899,1.1190596989984867
1821713,4.142555888053713
8266721,4.142249606488567
256054,6.079297966740642
198717,2.9842677498966683
4116943,4.373287554962753
6510211,2.8838850994001484
1628770,5.771445777773879
3447850,7.848426123693805
6181212,7.575265487511805
4094067,4.153827468189166
3659797,7.694484865865422
5438169,4.743656765471197
5350043,3.824686720684925
7773702,4.869609367989858
9057871,2.960111793859686
8117894,3.4065340427111064
2162082,2.513482912247945
9594060,3.6731963225112625
155438,5.286801303156629
924239,2.5661749218359517
9886461,7.483598740828135
3037037,1.4752349254531916
1592131,4.462119051147624
5183122,10.912309254101643
6788139,9.304553037736252
5856589,10.394985977866382
7141777,4.486535798020819
6979345,7.114071632664564
4824179,5.507665849194957
2719505,2.644526196961645
6754804,3.3342344096784853
9448703,5.596363737384307
4586124,7.533488238383759
7002382,4.879688953460683
4222238,5.811507591771209
5832370,8.952397837483208
1753237,2.9177281897694147
2127112,3.5273963509266597
9383783,2.69417853957828
6227010,4.181043733025779
2540701,6.238148331677389
5763829,2.286922744136521
5557396,3.7217734522800443
8360799,2.1342286175879717
1297749,3.8560090071362287
3665258,8.979172385882507
3387625,2.7322942338163605
7558381,7.1143181226068215
1458308,3.1439786125332545
2021235,9.560358792693112
2145887,5.383959781872361
3970754,8.954316911095585
4143908,11.509985897415085
4715828,4.738250225498352
8526262,3.989800398274242
6601671,3.455105834523075
4831787,8.677086056628273
1022270,8.704143130089742
347979,11.165649558232554
4195302,7.513710360516898
4347025,4.355073582939826
8782765,3.1314952167886183
9863328,3.71662843223482
8390072,11.307216668064187
6393069,7.690841824505027
8648997,3.889259422759198
1179433,3.136532019713175
7773638,3.5009587739473584
3803377,5.150317124341913
3957691,4.968213652411923
6761577,5.702703844183256
3485664,10.455899307385696
9275600,12.472633172184203
8874171,5.842369896913574
3014298,4.544568892541652
5811515,3.137161484383909
7809176,4.381790075776777
9448439,3.793455769941964
5360966,6.7928484754168155
998817,6.129614311074599
2613627,5.328028180802601
4449867,5.035725865638161
3975024,10.008324004243628
5249291,2.8141313410303432
2034307,4.8930838858553765
691147,8.793514684155303
5134257,3.6692270950690924
6890137,7.295432774555843
9550799,2.719069823123871
6026337,6.1025763017765975
7749821,4.857458965968186
4661753,4.250535560764324
1582284,6.104876405092661
2870800,8.076987616493652
33186,5.491368036565348
5699422,4.051566669684291
5271716,5.093685982342691
7005713,4.994183171766521
3715300,7.256355263537961
4974611,3.1004952173069897
1026541,5.050368392567298
3875361,3.3030313860764298
2520058,7.651441151222571
7940224,5.062582365537671
3798216,2.6214330428196315
9890360,5.944972253504757
4216156,4.578102837676067
9458030,10.447906871558668
9232156,3.6968672329227754
3513143,5.194022720211952
1771936,5.82602405288386
6410250,8.924940779187473
4175234,5.3819058175372945
4704738,3.8230766971446304
5906307,9.797691299591994
9608668,4.311670897839124
6545753,3.782267803364288
3074177,11.566937993287183
9017752,3.701610548726907
3073248,8.366276293391088
5478863,6.44248711515503
840428,4.338056328807072
827880,7.0297024918218405
8487081,2.727340796502092
7282415,3.016122456800679
9891952,4.04068314347677
3430350,2.0279418355955348
7223943,9.522540463973765
6476930,3.9114939736179064
6406318,7.871349533404235
554085,4.039448043760909
4086789,3.3446987243374804
2263261,4.258241897623406
1038497,3.492620623250871
3246675,9.960054236872908
1254996,3.695371171949464
4192630,5.486771037699117
8170729,5.372814879135989
3879167,3.269416187067983
687552,4.763754980377399
2030544,5.286636796267074
7510801,4.226031916115497
5118679,4.7121331261816675
9020161,7.076545448805272
1808345,5.162828479167212
8921280,4.365610028171694
3766411,5.285422291063861
1429098,7.666801641561997
8567532,9.085478864843372
6539432,2.5131616895712883
5371123,7.873586192098472
9455868,3.182582364642074
4937043,8.907849962180537
832577,3.8478605036555673
4950127,9.849135289784748
9555013,5.449678097281485
5667127,2.9494682754446373
7311725,4.651357931857668
6646046,5.5105049775908075
3008052,7.104904949505123
3730754,3.4430382733956773
9409932,2.6689191144004747
8145104,2.53664809691306
9764949,4.454130018488089
1385468,2.535936537741988
4948029,4.043489273053016
5329202,2.073972360427767
8784168,4.051729072044214
8705642,4.8952155302795415
7549864,7.481926849446728
2358079,6.055967951801305
1363083,5.133973526956737
8875567,3.043520035946968
8355477,4.092715045038238
528275,3.6511148658227506
8084937,2.000531710206958
8811169,5.147711991375046
2560514,3.8085422563604823
2713214,3.0568266723021447
6597290,10.025445602492358
6435361,5.6020348030812865
2442442,10.707822328755963
6480806,5.2414593590508645
5713883,3.4007412997077466
9966642,3.4683628021424413
4422120,4.296219797402501
4918594,2.9945774325836694
9330768,9.822873923495191
7400583,9.080344032705804
2653322,8.230126434991396
6172234,2.5092771630405446
6861712,4.486778880602175
3144830,4.3217190174315805
3387820,1.0381784194510915
5554348,6.471865125827696
453178,4.169068455323372
717412,5.0080003889859315
6550592,3.6365568487670417
302107,2.538210687059995
5439193,2.851586242374745
6902735,2.9351995332736713
2182824,9.153942874568537
6379819,4.606012759110596
4114379,4.160622667828857
1539253,4.16570762808932
2460873,3.4654183095918314
8017957,1.9120415613212844
722305,2.1534247693050794
870529,2.2482851322220254
2415832,3.469224911759639
712392,2.6222187821628746
6635746,3.8771575217196332
9001151,5.835063296165291
2433902,1.6057997047055392
2306702,4.243229529662047
962293,5.195639406241467
3396671,4.0924747168182725
113662,3.548551676785246
160990,5.727431875191552
597343,8.51020620315111
4853530,3.1956076000744753
2228354,2.9318126684087344
5925811,7.117207622529219
1109805,7.399900283891132
3252340,8.409494663024415
7660205,4.502474900166216
4948318,3.1127912660978962
5213489,4.811633671197333
7265247,1.995036646781388
1104846,9.56354744345742
5043581,4.131364909242462
277739,7.385244169073945
3668856,8.650499083785519
6401903,8.171660604089237
8801352,4.9216996405987405
1932526,4.113162912781441
4477893,4.943410129893203
7610171,2.709498079047513
8758662,2.064387974708713
911679,9.01543368480794
3922466,5.564133776779406
188075,2.181097323657435
2242248,4.690821068191923
6916309,4.592137772800575
5281572,2.866077666720202
2691055,9.689622194564976
2450871,11.76526268479102
6299074,6.000267389826588
3334629,3.4382699853349807
3515280,3.2619546915597804
5246194,4.75500092117891
5511157,2.035158447073478
3963522,2.6034914434334597
3786457,6.233832027030777
7866424,2.214985882063579
7428803,6.799808521276122
1114609,1.835391946693736
733438,3.6138296919528226
1064751,6.162613893864378
105959,4.552259920346786
5881981,3.917873417559014
6987479,4.81880239374277
5862951,5.402804090631493
4270946,4.082673149284804
2512654,2.1097005995849725
5403390,4.969505563546678
5636128,6.093818995605288
5586459,4.5694208967540675
8825917,8.184856093925397
1949125,6.109098222959334
5935003,6.667512985158301
9578236,3.610420380955856
1281902,2.0431640713563466
6216848,2.9187208609702564
7793148,6.9762211746234835
4124064,9.799294296480525
4150059,8.373256164572915
5713935,3.8202039045401
5088276,2.4196524149041725
1401445,2.550406288135897
865362,2.637037525901385
1792129,5.797679557862107
4187384,4.553585312288358
9162266,2.9629667680064875
4127875,2.8339158333506944
9461701,7.2637410438050045
8798082,8.1546983304548
4453539,4.378211349167117
6504104,2.7141749433286053
3123906,3.2031935512965575
6120806,2.604442069950695
5474902,1.0105037459531145
1898324,1.887631453316425
2033456,6.159453779806611
7068526,6.376241969427335
4361773,6.8456480298355205
2915321,2.439732128637078
8716869,7.523314541827383
5334141,8.85478025610856
8424067,5.305531022374916
171364,3.923743807613171
8718892,3.07354437264065
3030781,2.6809993142937194
3580160,3.305557793193704
1057851,12.723239059511535
2414497,4.100806717121802
7581449,4.729048960818748
1238990,2.0263250611390817
3295500,5.075815651812487
4614602,5.270214751143104
9972487,5.619088624530615
9594140,2.3127823271231445
2976093,5.26140380261562
3431006,7.662852770288225
5401387,4.071218672515694
5877279,3.96732319435559
9691281,4.071915642609748
5521777,5.532177903875876
3171761,5.094985002722088
8847169,6.92132778370473
7333918,7.081049642004786
7311873,7.0753951010834495
4372951,5.730226593135944
3965014,6.336377272789027
4729091,2.882412528058258
4233924,4.9321664511591345
4861374,1.7041764150291172
4896968,8.194352530240366
3798014,5.586552641374621
6134614,8.354112078183272
1074464,6.050092292722878
4399772,1.9981729198868083
3549626,3.23707009148261
7782379,6.743583573869761
6370057,3.805410957379295
859487,4.146000616527757
9291585,5.1050163812588245
1563342,6.024902172297054
602607,3.9534306281164797
3338770,3.5706463767394947
8508402,3.937142061173734
6659898,2.1552160402050546
413502,7.185232376988899
8100198,5.817816356709406
8231453,4.019825533134561
6379881,6.4114586682186205
5301134,2.9383458437148278
4339127,2.083458660846472
6661399,8.978714204081264
4582010,5.829469461975616
7264079,2.721464576570218
4283777,3.175043385457908
1644140,6.587555973556553
7751884,4.791464150794167
7210780,4.511706739241596
1818469,8.330904449570745
8821095,9.508011056475707
9230524,6.981123277651581
102601,6.621231389706355
8036960,3.020802442342411
5575870,10.110034313583888
8616896,8.077719883409554
8819857,4.918144343384915
1742617,9.463058006049213
3570382,3.00236505554909
6830270,6.6864218453880095
8062457,12.125611206901944
7995975,3.5658616302340977
1680664,2.2451286833521795
3005164,2.9478135057811237
2045384,4.062508590589456
567640,6.960583870003324
1511497,6.373061741914181
3564465,2.404815375138238
3028110,6.785214753539175
1755641,6.645581991030134
7726987,8.798642548836163
5911590,3.387121807855121
5466815,6.2752558705789365
4575925,6.786509575792194
2403053,3.0684052560539783
8690711,6.043716450508947
8282947,4.674298317263981
2602476,2.651282462533386
7927253,5.187534125253388
6023019,6.908393709123486
7949029,4.391563709362373
387386,3.1249291682603983
8936173,3.2425165468092136
6297207,4.746626170843687
7595797,7.09749656618113
9300402,4.053856975932204
445279,9.301031877134243
8411319,2.297659049063912
6335569,4.81956549564768
7022294,5.808813757588824
3167073,5.515905864721285
9311388,5.2029033543318075
9829496,9.837610794895946
6175823,3.862962267920691
6950992,9.520433076922139
1339873,3.4569074850579207
9946108,2.0573455236697717
6473228,3.3079803098287988
2254680,4.713780618177742
6831977,9.763695996507721
2354829,4.834821202957783
7585942,3.708260860043489
7371357,4.45444173346867
841979,3.8033595804162066
3599922,7.500059358904378
8425564,2.877857536288199
6784376,7.98314196814632
9052806,3.620569814443442
3096011,8.417944852791516
5803706,3.1768130663665413
2232247,4.252924616949092
7061884,2.0561964127855843
6704535,6.656531360576066
8441755,8.407962706162362
7344920,10.73096554742458
660411,2.5129022032369073
8937009,3.9015337748006607
2204350,4.688562182860496
5135867,7.3854174894209725
3011995,2.7171498069490245
8373677,5.410914788978996
3963707,7.921043520273301
2613027,2.9334543816867855
4569426,5.113493397005261
7322124,1.4042657133424878
5589927,3.6507695300157277
3890182,2.4492948529868928
7993787,3.91194298696767
9934182,4.625975967784781
5895394,2.926635204990959
7375632,4.366784266962288
4613307,6.573795335150829
6234827,3.356977392169514
1040878,6.590909867604601
3854396,6.27162221527154
8800353,3.8689276994565245
4670197,5.04646446907486
6329180,3.6629733983802355
6356727,6.189803229611343
2784631,2.8717046497356655
3196638,5.89761306412958
4321102,2.3276475664866005
3019630,5.703673961745143
1638269,1.8827324418782891
2945174,5.644859925187545
7508221,3.383738254545387
5526245,5.178961986622745
8708990,7.865392732015844
6495526,2.6686819586307897
6406072,5.546611091533304
2181866,10.262538925722211
5098334,11.188131577270921
3921604,2.6452861088458617
6683073,4.6793473382885
7174031,5.808090868792278
982534,4.855237423768607
8867649,5.727404636756767
9969588,7.226795687349904
6103094,2.2894854645321123
2385477,8.741277073809762
403997,3.3814182899820198
6314957,2.1258871726331092
8385540,6.8621845667207335
8192717,8.986813107357634
9556737,3.7363083543511753
7152971,9.794861692733914
1670958,5.936207273979319
5509974,5.616045812759524
8988555,3.0912780474660346
6150342,3.3393761358131258
6908662,3.1079483934267773
8169535,2.6511945697028705
8325779,5.471000539238284
8868011,9.937819845523054
1964592,7.581516519832952
7548386,2.654103412165493
4060867,4.243375363529324
7417513,5.813077915823907
1142957,2.0352922448084807
2427479,4.699906137061798
9437652,2.7603167274322287
3045491,5.751605910893393
7219828,4.924208801416237
1385956,6.664062032765346
5945056,3.771113418533732
4836005,7.980444402249418
314371,3.017756096628215
9996851,3.461215350648982
4488621,12.2491798305788
9521744,5.407122761754108
6498270,3.974399077989363
9755751,2.664114655231147
580946,5.612956821391617
4692239,11.331519143022652
6931969,5.776513293889795
9940880,5.391666892104183
9829201,8.217859161721588
377518,3.239224058100036
7494233,5.939722694231425
825855,9.947694340253252
4012327,6.733584007874913
4041886,3.7171582977422246
7783855,1.5548084347823954
4757955,5.016639932307109
2216000,2.72908309388008
929265,5.644723111902738
1664255,8.567621966868824
8827111,6.593601279802245
9842545,3.7922812576788045
5864406,3.6760909214798296
4636317,4.475664834665799
9491633,9.987029282000302
8206014,5.227347932157301
1917344,2.042054326207305
7603236,1.9279772139511822
7272819,7.235972837596574
4518475,6.541149129173953
6940132,8.422775240659494
1245265,6.621076619781254
8931546,3.496760506861623
1689853,4.509988082468004
9981008,7.044592554969984
9924724,5.417048227511829
3640879,5.240577826331362
5720646,6.97893811689355
1885986,2.17226746781886
3692023,2.5791359768780153
3701915,3.478650705703142
9307230,5.35971867830748
3197261,5.170795186175464
6118020,3.817215598840435
1493558,5.342132676720221
631893,3.7027436871635926
4207745,3.243940658305972
8131637,2.940459562102473
2682161,5.424176357895566
249596,4.349855528458911
3215154,4.395438725527254
7237448,6.085820461155771
4416741,4.0811712370619535
6007291,5.605603098881687
8312746,4.135529048333035
1242396,4.0488818118266625
7088270,6.935256410397181
4322334,3.927790462572432
6141111,4.973816244339495
1523718,2.198960953234508
2784657,4.860824210999144
3580539,2.2677179039473243
2984074,6.4064238385025405
8017609,2.6150706718366172
5245121,7.650168675544007
3569731,5.35111963491222
732758,9.875142547488348
3094449,6.498416824822993
6493156,4.888417273513328
8538884,7.86566791454442
8706766,12.412216191415359
1264435,2.7230459682577175
3802793,6.162487929950954
9786057,8.222974600033988
8428083,6.575441489885604
8810467,7.207387819983124
4980847,5.202017562226627
7820717,2.7554394127262616
9494201,10.67131728609347
