charging_demand_index,seasonal_regime_code,special_event_flag,network_availability_flag,daily_activity_cycle_sin,daily_activity_cycle_cos,atmospheric_resistance_factor,ambient_exposure_level,precipitation_impact_index,winter_disruption_index
225.1743235525685,0,0,1,-9.172,-179.881,767.744,314.276,-472.403,1087.646
611.1146279066645,0,0,1,18.573,27.661,-25.146,-10.105,17.893,19.995
932.4876222306149,2,0,1,65.315,115.549,-84.786,-43.334,70.454,86.304
770.441016587439,2,0,1,65.779,96.681,-31.641,-17.805,33.73,161.123
353.07004093752164,0,0,1,39.138,70.806,-51.533,-26.948,41.924,54.969
110.64657553398513,2,0,1,26.609,-78.621,538.476,217.269,-325.295,875.023
996.5985449584111,1,0,1,-461.222,-2593.662,9184.012,3767.087,-5697.794,11899.886
176.30068253298646,0,0,1,-12.575,-204.688,863.995,353.444,-531.585,1217.093
279.91695075636534,2,0,1,35.334,61.394,-45.29,-22.726,38.378,44.264
417.5568587261001,0,0,1,44.507,59.501,-6.005,-5.083,11.049,130.292
880.7090836203182,1,0,1,59.992,106.677,-78.017,-40.11,64.712,80.2
19.99181449793773,1,0,1,95.841,159.546,-128.211,-58.642,98.434,121.537
209.0620011959448,1,1,1,130.017,226.226,-171.344,-85.19,137.052,171.761
2164.342436404622,2,0,1,-74.617,-619.909,2446.268,997.344,-1506.502,3329.155
257.73028153552855,0,1,1,28.079,50.356,-33.996,-18.795,30.301,37.029
704.9712788202966,2,0,1,139.255,142.12,270.814,95.741,-134.391,851.05
1701.1647396391547,2,0,1,39.938,72.172,-52.459,-27.421,42.879,55.759
617.2015521898909,1,0,1,-370.513,-2203.698,7942.56,3255.449,-4921.934,10383.065
77.00697407844041,1,0,1,99.731,166.791,-102.017,-53.171,85.39,178.077
377.19185216522436,1,0,1,59.819,105.45,-77.442,-39.441,64.628,78.198
483.6301866217016,1,0,1,22.454,35.028,-25.285,-11.443,20.679,31.203
1234.169295212551,1,0,1,-28.127,-314.775,1311.887,533.272,-805.666,1826.236
1382.5730758382117,2,0,1,25.774,-245.331,1334.62,538.156,-808.331,2031.697
1004.2193487626438,1,1,1,-19.109,-284.143,1196.734,488.868,-735.555,1680.808
104.26382813517814,0,0,1,43.442,78.811,-55.542,-29.519,48.083,58.282
630.2230799249045,1,0,1,17.391,26.379,-23.098,-9.56,17.269,18.502
34.270050633408985,0,0,1,29.219,48.213,-37.919,-17.689,30.722,34.29
301.4963144768785,0,0,1,39.594,47.734,51.814,15.539,-22.556,206.656
318.25483962558405,0,0,1,0.572,-1.221,-2.432,0.199,-1.427,1.052
15.612895277594568,1,0,1,61.959,91.828,-44.704,-20.594,38.276,133.97
286.5750494397988,0,1,1,31.044,48.951,-40.187,-18.133,30.238,36.372
626.6175203235379,2,0,1,-402.371,-2243.039,7916.731,3247.986,-4913.156,10242.754
282.7664888565238,0,0,1,-202.66,-1202.827,4318.066,1771.458,-2677.78,5639.44
128.04893675068655,0,1,1,132.429,230.219,-173.246,-86.287,140.7,172.385
1871.3649349909529,2,0,1,78.031,138.123,-102.473,-52.164,83.123,105.34
266.1749145439567,2,0,1,22.194,36.734,-28.583,-13.425,23.56,25.788
228.14974225495726,0,0,1,-256.023,-1444.404,5124.317,2101.324,-3179.13,6646.199
1090.4943911602622,1,0,1,-267.786,-1860.167,7000.202,2863.937,-4325.357,9340.044
371.4540049357667,2,0,1,52.398,92.172,-68.21,-34.087,56.542,69.085
152.9583155824722,1,0,1,14.97,26.818,-18.224,-9.731,17.318,18.007
311.16046126443365,2,0,1,44.079,73.537,-57.572,-27.188,46.198,53.39
303.04109652400575,1,0,1,112.386,69.432,409.483,156.342,-225.803,957.517
167.45289190844346,1,0,1,21.496,37.402,-26.964,-13.674,23.891,25.929
75.26359018088762,1,0,1,55.138,39.12,167.12,64.031,-92.424,422.14
1239.9632489869946,2,0,1,-174.302,-1248.059,4757.522,1943.08,-2935.589,6376.435
767.6271492881751,2,0,1,-351.081,-2138.07,7765.929,3181.567,-4809.474,10188.463
84.86688892230025,0,0,1,58.775,98.658,-77.005,-36.618,61.526,72.367
1033.9796841062378,1,0,1,-141.106,-911.509,3358.627,1375.896,-2079.503,4441.88
853.7281224022628,2,0,1,-25.005,-346.758,1456.003,594.257,-894.002,2038.712
138.17083028517524,0,0,1,92.84,154.405,-122.297,-57.701,94.779,115.94
1269.772819342441,2,0,1,-3.571,-221.702,1007.426,410.406,-616.091,1454.158
418.5946782273921,1,0,1,47.652,86.069,-61.503,-32.369,52.132,64.509
399.6133937083098,1,0,1,88.383,-11.04,632.699,248.837,-368.099,1208.971
99.31191430131172,0,1,1,43.211,-40.513,463.579,185.388,-274.152,811.943
176.19726041390237,0,0,1,23.975,-14.478,225.379,88.2,-134.694,406.826
66.2939303583138,2,0,1,63.924,99.992,-48.323,-23.819,40.646,145.29
767.6569383513762,1,0,1,-56.71,-431.466,1678.724,684.117,-1034.404,2268.381
1292.1707390995216,2,0,1,95.467,129.979,8.835,-4.253,14.505,318.515
142.8479888530128,0,0,1,140.78,244.201,-183.135,-91.843,147.55,184.949
348.76298305609134,0,0,1,85.959,3.833,545.044,213.664,-315.565,1073.753
1323.753461016621,2,0,1,69.179,51.494,207.432,78.481,-110.8,520.703
1995.9621943380293,1,0,1,-113.745,-784.95,2967.227,1212.098,-1832.417,3962.664
496.23552538987684,1,0,1,-4.953,-116.58,504.036,206.219,-308.645,714.478
295.9239242936367,0,0,1,-60.157,-513.733,2011.903,821.889,-1241.801,2735.566
67.62209659177658,0,0,1,31.187,54.469,-39.638,-20.094,34.242,38.808
73.66378282087489,0,0,1,27.835,48.537,-35.525,-17.941,30.411,34.807
457.3532476701207,2,0,1,13.546,21.109,-17.617,-7.607,13.92,14.429
34.685158241573575,0,0,1,36.643,59.999,-48.127,-22.131,37.901,43.468
2544.2114274026485,2,0,1,-9.182,-230.376,1032.577,418.921,-632.258,1479.96
2498.776260142396,2,0,1,-110.067,-749.414,2828.607,1155.059,-1746.321,3772.318
97.58348733452621,0,1,1,22.87,39.278,-27.609,-14.466,24.239,28.033
907.3652255235196,2,0,1,-177.198,-1093.715,3981.861,1631.721,-2466.719,5233.769
2292.0037038856644,2,0,1,53.617,-10.816,432.364,167.635,-249.601,807.302
1841.9340990792575,2,0,1,24.015,35.288,18.341,2.541,-3.766,108.589
44.68141106725772,1,0,1,93.572,158.531,-122.972,-59.124,97.95,117.706
158.89171684104969,0,1,1,22.091,41.77,-27.876,-15.724,25.176,31.065
1785.855306759533,2,0,1,34.112,62.461,-44.396,-23.696,37.183,47.894
297.22179210535995,1,0,1,49.621,88.124,-63.943,-32.945,54.029,65.135
642.8155535943073,2,0,1,-238.594,-1509.195,5547.738,2271.17,-3433.212,7319.807
0.0,1,0,0,-79.878,-901.044,3719.564,1516.067,-2284.008,5161.668
932.6886541378371,1,0,1,71.036,111.801,-71.634,-34.154,58.341,120.634
219.79413950192136,1,0,1,22.454,35.823,-29.337,-13.056,23.145,25.193
81.56568001918826,0,0,1,66.143,116.966,-85.883,-43.866,71.318,87.377
1044.8361103120408,2,0,1,47.367,65.754,25.969,3.801,-3.663,194.437
272.5848245566696,2,0,1,41.815,69.834,-54.589,-25.82,43.866,50.693
318.52425025472877,1,0,1,51.475,92.866,-66.455,-34.918,56.274,69.581
2347.369133840406,2,0,1,82.773,132.187,-45.517,-29.255,49.062,203.595
543.6147168540409,2,0,1,-177.109,-1167.639,4338.841,1775.691,-2683.55,5755.46
1146.0299305546355,1,0,1,40.782,74.35,-52.725,-28.065,44.696,56.221
2381.5761661524584,2,0,1,12.087,-353.625,1776.013,716.245,-1077.45,2631.983
875.2497364387539,2,0,1,58.297,103.729,-75.417,-38.89,63.256,77.298
105.57400915263807,0,0,1,4.311,10.913,-3.789,-3.916,7.045,6.488
497.1045096508156,1,0,1,-23.849,-358.598,1523.182,621.45,-936.269,2146.358
932.4472934493626,2,0,1,1.131,-259.012,1217.67,494.911,-743.711,1778.084
615.6215382941328,1,0,1,46.424,75.811,-61.59,-28.125,47.413,55.936
128.67737319162472,0,1,1,125.29,218.732,-164.365,-82.223,132.915,165.065
597.2848294389895,1,0,1,68.424,-206.872,1427.867,572.8,-855.59,2301.254
297.06730377190206,0,0,1,73.912,109.588,-44.752,-23.022,41.605,170.873
261.91731905109316,1,0,1,34.696,56.5,-45.519,-20.788,35.86,40.682
158.40619516806433,0,0,1,129.911,223.998,-168.519,-84.66,133.354,172.498
822.8435267641104,0,0,1,34.46,49.592,-23.022,-10.761,20.244,73.934
939.2199422031309,1,0,1,-118.951,-905.913,3472.168,1420.578,-2144.161,4676.772
162.88617955342707,0,1,1,82.854,145.744,-107.915,-54.674,88.853,109.104
1389.0566506940577,2,0,1,34.323,63.402,-43.779,-23.843,38.346,47.263
1178.1572489037505,1,0,1,-17.684,-288.653,1240.105,505.018,-761.803,1753.718
1142.2061370909125,1,0,1,81.176,143.254,-106.288,-53.959,86.658,108.474
246.99881593304139,1,0,1,235.981,359.202,-130.91,-75.15,130.878,570.005
421.436038033684,1,0,1,33.396,62.033,-42.449,-23.322,37.524,46.142
177.65540157144787,0,0,1,55.283,98.969,-72.574,-37.491,59.172,75.958
241.04797620012275,0,0,1,-145.466,-994.584,3722.85,1523.286,-2302.331,4956.561
623.66164716924,1,0,1,-78.863,-510.715,1872.787,768.294,-1161.1,2475.947
1065.2811379771392,1,0,1,-404.855,-2337.48,8347.248,3422.657,-5175.392,10861.025
1959.193756567076,2,0,1,109.737,191.772,-144.755,-72.349,115.743,146.249
181.5741937078294,0,0,1,-25.631,-417.454,1800.93,732.589,-1104.361,2545.278
1018.8017068673603,2,0,1,11.936,25.82,-13.878,-9.722,15.426,18.662
1358.368427811081,1,0,1,37.168,68.311,-48.292,-25.918,40.647,52.352
2531.1580518542314,2,0,1,51.988,93.427,-67.704,-35.266,56.219,70.887
817.132675573886,0,0,1,92.722,148.901,-98.711,-47.601,80.138,151.261
2082.6801423711136,2,0,1,83.583,108.195,76.186,19.699,-24.778,384.377
1594.6829532117345,1,0,1,30.204,56.626,-38.646,-21.424,33.829,42.839
292.46418870546285,0,0,1,16.454,24.636,-21.913,-8.906,16.211,17.216
360.6995038258048,2,0,1,174.91,295.977,-231.29,-110.771,181.726,222.153
586.3821575799459,0,0,1,53.874,61.368,85.058,27.642,-39.139,301.833
637.859925165315,2,0,1,-40.993,-352.048,1383.04,565.336,-854.003,1886.322
191.63023618728673,0,0,1,31.845,-55.363,453.959,182.506,-271.734,760.126
649.7818496374103,1,0,1,68.804,121.694,-89.326,-45.639,74.201,90.902
1394.525661557679,1,0,1,117.227,204.562,-154.79,-77.189,123.433,156.143
879.0140507495901,2,0,1,54.612,97.19,-70.265,-36.324,59.61,71.738
1314.4904603000252,1,0,1,-386.171,-2127.177,7475.089,3067.619,-4640.784,9651.196
938.2119619175206,2,0,1,-55.791,-365.556,1336.633,549.145,-827.98,1764.116
432.95812462905445,0,0,1,15.985,30.684,-21.102,-11.882,17.482,24.731
31.575866061077075,1,0,1,52.487,76.965,-56.709,-20.427,38.954,93.738
375.1470058701516,0,0,1,26.274,49.693,-33.103,-18.693,29.993,36.87
8.716796814498043,0,0,1,121.578,198.943,-119.755,-61.29,99.555,221.861
584.6895375920782,1,0,1,177.558,293.527,-204.33,-99.864,164.894,271.51
1362.462436278756,2,0,1,-127.374,-934.815,3570.344,1459.358,-2204.508,4796.238
709.7937804782157,1,0,1,-282.265,-1619.595,5761.457,2363.752,-3573.573,7485.289
2394.968948807829,2,0,1,-117.011,-833.573,3145.395,1287.708,-1942.593,4202.65
113.52940075014115,0,1,1,118.743,204.842,-155.677,-76.7,125.487,153.221
73.7046542291736,0,0,1,40.121,69.655,-51.649,-25.844,43.362,50.596
74.23160777035922,0,1,1,40.096,70.137,-51.431,-26.028,43.625,50.876
127.51336427074712,0,0,1,67.926,121.367,-88.43,-45.727,73.32,91.696
295.4367515645417,0,0,1,101.043,177.614,-132.457,-66.871,107.563,134.439
311.76793693954914,0,0,1,85.172,150.474,-111.72,-56.757,90.783,114.382
140.93540144016862,2,0,1,49.524,-0.849,350.77,136.159,-202.561,677.59
1230.9026539729316,2,0,1,17.997,35.931,-22.014,-13.526,21.581,26.398
586.4923878507291,1,0,1,-40.893,-409.337,1641.892,671.544,-1011.502,2258.69
589.6478327502732,2,0,1,45.268,78.379,-58.468,-29.115,48.701,57.175
746.1102553943645,1,0,1,21.342,40.933,-26.323,-15.29,25.005,29.627
49.44235877662336,0,0,1,57.156,97.541,-74.455,-36.259,60.59,71.576
171.37632159838023,1,0,1,0.429,-0.717,0.357,0.709,0.946,-2.911
2830.000798195733,2,0,1,-41.676,-528.152,2239.41,909.576,-1371.907,3133.495
282.3181102317741,0,0,1,29.19,54.343,-36.717,-20.328,33.175,39.785
373.3300619264464,0,0,1,-313.418,-1763.813,6245.429,2561.897,-3875.619,8094.771
1911.5341274434045,2,0,1,58.914,-105.993,921.338,364.931,-545.676,1536.9
36.231969725895155,0,0,1,64.685,110.606,-84.425,-41.19,68.474,81.568
1538.8568478182592,1,0,1,-208.584,-1429.365,5380.858,2199.567,-3323.707,7174.364
2184.837923727379,2,0,1,38.793,20.322,188.657,70.043,-103.915,404.019
1213.0908408056562,1,0,1,160.357,278.51,-211.595,-104.904,168.673,211.702
111.0844399013143,1,0,1,17.137,26.786,-22.3,-9.667,17.617,18.379
185.2006681381238,1,0,1,36.621,66.067,-46.595,-24.636,40.652,48.265
304.71917868523553,1,0,1,65.377,115.864,-86.14,-43.858,69.419,88.943
182.37645536773275,0,0,1,-87.178,-747.623,2948.211,1203.861,-1817.175,4018.449
14.003391813181759,0,0,1,101.577,178.357,-133.247,-67.156,108.004,135.071
496.77822304654694,1,0,1,-201.927,-1331.778,4949.893,2025.692,-3061.352,6566.402
833.0800130531659,1,0,1,45.369,71.519,-14.289,-12.357,20.227,129.911
1435.952753902829,2,0,1,18.964,-91.868,547.225,221.364,-329.323,853.893
1021.3215472522153,2,0,1,-12.307,-488.48,2226.396,903.666,-1360.609,3208.641
262.1472288100199,0,0,1,1.09,6.443,-0.263,-2.574,3.264,4.934
75.44569273213698,0,0,1,60.74,99.068,-77.39,-36.951,60.05,74.479
1031.4140683166602,1,0,1,82.275,138.365,-83.246,-43.963,70.911,147.497
643.9411838344055,2,0,1,-17.26,-495.123,2231.197,905.427,-1363.737,3199.961
353.6051290763553,0,0,1,47.412,73.37,-16.142,-12.612,20.901,133.427
326.65922530428077,2,0,1,19.445,7.52,79.811,31.947,-44.845,174.832
291.80261083989075,0,0,1,-73.691,-472.423,1722.093,707.145,-1068.259,2271.666
315.18220959286805,0,0,1,5.991,-198.582,972.523,394.244,-593.388,1439.777
2093.333742497895,2,0,1,7.528,-106.717,575.051,230.256,-347.126,866.406
185.7867523848168,0,1,1,-317.255,-1786.586,6320.598,2593.444,-3922.903,8190.883
272.9362191413224,0,0,1,33.421,61.707,-43.743,-23.538,36.326,48.0
472.1549196659731,0,0,1,2.864,-170.128,828.749,335.077,-505.481,1222.119
124.06036777233113,1,0,1,36.845,65.358,-46.928,-24.259,40.599,47.271
145.30805385164876,0,0,1,-118.176,-837.915,3174.355,1297.438,-1961.298,4247.482
195.11346422092495,0,0,1,93.22,159.971,-118.595,-60.099,95.877,121.219
850.6553469913466,1,0,1,122.339,213.872,-160.631,-80.47,129.729,161.785
30.438683794978886,2,0,1,136.531,231.852,-180.78,-86.167,142.332,175.104
53.61981703625922,1,0,1,58.031,97.762,-75.997,-36.316,60.859,71.827
146.8578562359313,0,0,1,30.287,54.015,-38.343,-20.013,33.649,38.798
2359.349293638188,2,0,1,-107.148,-805.688,3116.38,1271.182,-1920.673,4201.247
171.4484456520393,2,0,1,51.121,84.577,-67.893,-31.137,52.656,63.202
556.1456786716473,0,0,1,-0.463,0.788,-0.23,-0.726,-0.878,2.88
269.9884285871059,1,0,1,43.108,76.293,-55.153,-28.373,47.234,55.541
315.97388774280313,1,1,1,66.679,-33.365,623.765,244.191,-363.805,1128.673
311.2939464394438,1,0,1,-54.845,-445.162,1721.69,704.875,-1061.942,2328.299
50.10766920893025,2,0,1,40.792,53.205,-2.512,-0.275,4.379,138.38
959.3928045870055,1,0,1,-102.133,-738.675,2803.258,1146.852,-1732.276,3758.111
941.3970948847416,2,1,1,-30.224,-425.703,1796.019,732.408,-1101.876,2517.046
395.2383451446569,1,0,1,47.553,43.022,95.636,36.041,-49.43,289.865
180.28013046270448,0,0,1,-129.665,-827.769,3042.201,1246.215,-1883.694,4017.552
527.667978855713,1,0,1,19.987,38.84,-24.432,-14.5,23.734,27.974
1376.9889094925784,2,0,1,26.695,50.554,-33.631,-19.023,30.492,37.536
1107.9607635093053,2,0,1,-97.682,-733.259,2824.964,1153.405,-1742.842,3806.753
666.9250641923904,2,0,1,-297.38,-1701.523,6056.21,2483.831,-3756.562,7869.476
411.472329410432,1,0,1,48.095,87.712,-62.552,-33.223,52.382,67.012
104.63168133104908,1,0,1,27.164,46.399,-34.682,-17.041,29.441,32.795
2348.274306695127,1,0,1,52.373,61.182,85.474,26.971,-37.691,296.32
716.245030386661,2,0,1,-343.464,-2006.571,7184.975,2946.401,-4454.38,9363.704
297.7110861278485,0,0,1,33.038,61.326,-42.427,-23.182,36.721,46.38
2280.7380109187293,2,0,1,-93.277,-699.935,2700.363,1102.11,-1665.281,3639.068
161.02906035069455,0,0,1,43.172,77.8,-55.423,-29.15,47.459,57.685
61.04629814111112,2,0,1,29.16,43.541,-22.389,-10.397,19.887,58.353
16.375430088553774,2,0,1,60.312,85.928,0.221,-4.498,11.163,204.452
317.5659772428901,0,1,1,-6.956,-114.517,482.768,197.605,-298.713,683.952
306.0456211121596,0,1,1,-12.466,-169.244,702.135,287.318,-433.103,983.787
812.130282412774,1,0,1,-124.649,-800.047,2939.17,1204.53,-1820.764,3883.781
825.0973112847469,2,0,1,39.063,27.147,113.334,44.108,-61.852,287.442
224.2864784243776,1,0,1,201.543,326.957,-193.089,-98.581,162.064,371.856
391.96721276080416,1,0,1,-68.658,-622.955,2481.891,1013.115,-1529.106,3398.603
1051.7154718434904,2,0,1,-434.432,-2465.855,8754.759,3590.902,-5431.053,11360.876
150.47806480057477,1,0,1,85.753,147.191,-112.231,-54.971,90.629,109.383
12.115782041558528,1,0,1,131.01,186.359,-36.853,-22.914,46.458,372.464
184.75021510748408,0,0,1,-82.081,-683.52,2684.593,1095.96,-1654.91,3651.432
1113.5673846146701,2,0,1,-80.367,-648.242,2516.997,1029.126,-1551.954,3406.892
188.83726647582364,2,0,1,6.58,7.807,-8.893,-2.136,6.2,4.745
490.4894109419606,1,0,1,93.237,164.414,-122.288,-61.978,99.317,124.813
194.62568834107825,0,1,1,42.566,74.336,-54.842,-27.645,46.064,54.301
630.7999385812807,1,0,1,-122.671,-776.003,2863.065,1170.982,-1771.115,3781.624
38.1327735295826,0,0,1,151.859,258.035,-198.5,-96.617,157.548,193.834
99.90681114745499,0,0,1,27.608,48.349,-34.994,-17.823,30.428,34.345
1230.6963413764954,2,0,1,52.408,93.925,-67.505,-35.201,57.288,69.793
279.64179224471815,0,0,1,-44.62,-312.347,1161.523,476.894,-720.529,1549.74
2021.3495392112231,2,0,1,31.107,-279.071,1542.908,620.702,-932.288,2353.25
848.4127760971511,2,0,1,-106.4,-870.17,3393.394,1386.769,-2092.803,4603.462
42.8160827685938,0,0,1,63.925,98.197,-63.659,-30.993,48.854,106.977
469.9356682643745,0,0,1,-28.785,-357.942,1501.092,611.103,-922.233,2098.681
59.654255892967086,0,0,1,188.021,321.467,-247.682,-120.37,196.703,241.717
367.08881903263773,1,0,1,75.093,-238.039,1628.322,652.938,-976.443,2619.5
1286.9011664878542,1,0,1,40.591,73.631,-53.194,-27.969,43.754,56.796
776.288839985372,1,0,1,37.924,69.332,-48.255,-25.958,42.308,51.117
333.84133107794474,1,0,1,59.83,103.526,-77.681,-38.57,63.986,76.217
2272.52431952432,2,0,1,79.38,140.162,-104.265,-52.902,84.462,106.765
235.05526631138355,0,0,1,107.32,187.894,-140.574,-70.625,114.171,141.658
168.40978150394702,0,0,1,-235.172,-1462.273,5340.486,2187.688,-3307.275,7028.244
262.1868114000822,0,0,1,48.598,86.081,-64.247,-32.644,51.398,66.448
496.3820202825451,0,0,1,83.913,45.43,330.404,127.31,-183.951,749.526
300.8483790174251,2,0,1,12.249,19.578,-15.319,-6.933,13.252,12.548
555.6907272459239,1,0,1,12.941,-154.973,802.296,325.65,-487.721,1209.097
2016.8213911786427,2,0,1,24.335,-144.211,866.967,346.687,-520.721,1345.757
779.7224327257549,2,0,1,34.046,62.258,-43.315,-23.309,37.991,45.897
83.83191215506355,0,0,1,54.768,89.865,-70.854,-33.405,55.354,66.698
72.20399564890842,2,0,1,24.871,46.727,-32.904,-17.225,27.424,37.608
164.46435588371412,0,0,1,43.794,69.8,-56.91,-25.894,43.11,51.915
1039.3737126118401,2,0,1,5.28,-94.382,467.608,190.439,-284.049,694.139
592.365931280481,1,0,1,107.267,187.4,-141.671,-70.746,112.969,143.202
746.7643594152444,2,0,1,-285.55,-1660.172,5933.4,2433.553,-3679.744,7727.744
93.76796101976454,0,0,1,-74.734,-627.014,2448.917,1001.159,-1510.888,3326.386
1400.5550341249157,1,0,1,81.096,143.365,-106.133,-54.014,86.675,108.59
79.54090137491556,2,0,1,31.96,-28.04,323.13,130.716,-192.469,572.841
255.73553671516868,0,0,1,71.246,126.577,-92.619,-47.57,76.856,95.044
830.3584992578908,2,0,1,19.825,-17.329,228.843,89.327,-134.581,401.946
116.18528093427945,0,0,1,46.073,82.826,-60.493,-31.416,49.386,63.747
643.971080136117,2,0,1,4.986,2.043,12.402,5.698,-6.338,29.622
964.2918344783686,1,0,1,-180.521,-1199.243,4467.81,1828.054,-2762.834,5933.213
88.23351847473715,1,0,1,53.826,93.111,-69.604,-34.602,57.813,68.027
78.01624250109262,0,1,1,-160.49,-966.648,3482.739,1428.82,-2159.026,4556.614
886.1237959788896,2,0,1,69.183,121.308,-89.874,-45.393,74.315,90.197
737.1097815566894,2,0,1,48.148,86.249,-63.449,-31.882,51.902,66.935
2368.283755922428,1,0,1,-41.679,-540.549,2287.159,930.047,-1402.869,3203.478
657.8981694287824,2,0,1,-200.351,-1153.551,4102.419,1683.633,-2544.624,5330.243
718.3039993965102,2,0,1,-267.731,-1749.007,6493.751,2656.734,-4015.003,8604.825
1835.3038311654916,2,0,1,-75.722,-523.943,1954.48,801.285,-1208.58,2600.616
701.091077902871,1,0,1,-338.253,-1992.652,7161.489,2935.601,-4438.765,9348.77
2258.2818628454493,1,0,1,-162.202,-1045.463,3863.056,1581.163,-2390.236,5110.584
628.4967962176232,2,0,1,69.181,115.324,-91.197,-42.879,71.729,85.2
86.45372947248704,0,1,1,94.968,166.505,-124.284,-62.578,101.186,125.445
1425.4618817440107,1,0,1,-222.699,-1306.836,4689.635,1922.603,-2907.852,6119.776
546.7161088655672,1,0,1,-295.274,-1749.036,6299.923,2581.888,-3904.35,8232.861
354.7283230747046,0,0,1,12.458,-86.884,503.187,201.785,-304.187,778.047
1499.9127116851432,2,0,1,19.757,-2.751,163.375,62.396,-93.833,305.671
659.7712592522824,1,0,1,68.786,122.163,-89.994,-46.078,73.675,92.745
189.9028976637383,1,1,1,0.464,-0.789,0.245,0.731,0.893,-2.91
763.3586448701159,2,1,1,39.019,68.678,-49.997,-25.52,42.598,49.943
234.5440674121053,0,0,1,-43.187,-320.129,1204.005,494.373,-746.243,1615.172
326.1841399985363,0,0,1,81.462,75.081,170.727,63.153,-87.636,508.716
109.61019523688682,0,0,1,32.771,52.914,-42.92,-19.393,33.833,37.734
115.2599615335176,0,0,1,-144.576,-940.604,3473.416,1422.431,-2150.609,4598.044
95.44554193355881,1,0,1,34.036,56.928,-44.234,-20.998,35.906,41.005
163.98793030390644,0,0,1,21.049,33.653,-27.514,-12.277,21.703,23.726
2468.2679267045282,2,0,1,-16.738,-228.689,954.46,390.022,-586.205,1333.925
46.96866659523576,0,0,1,72.084,121.571,-94.671,-45.258,75.384,89.878
560.6957664566622,2,0,1,144.935,79.625,587.824,224.513,-327.223,1325.894
42.184486190140326,0,0,1,105.804,185.325,-138.509,-69.645,112.65,139.618
138.2511876252605,0,0,1,-56.439,-406.846,1526.854,626.376,-945.324,2042.193
570.0074759246297,1,0,1,-150.034,-1111.738,4240.984,1734.873,-2618.832,5696.878
1167.8031803756244,2,0,1,100.676,173.843,-131.749,-65.038,106.653,129.676
1611.323289382622,2,0,1,142.844,165.411,162.705,52.984,-67.422,694.341
474.4595750962468,1,0,1,-27.677,-375.831,1576.252,643.189,-968.159,2206.34
358.834648145846,0,0,1,24.981,-14.945,217.541,87.793,-129.047,395.034
850.1818228848354,1,0,1,32.929,61.043,-41.938,-22.961,36.897,45.494
382.7104916680964,0,0,1,-233.106,-1436.037,5225.877,2141.484,-3237.23,6866.772
714.5326080612423,2,0,1,6.868,14.829,-7.009,-5.286,9.752,8.935
133.8732637239057,0,0,1,-32.238,-219.46,799.355,329.486,-496.713,1058.608
398.9690418011393,1,0,1,28.763,50.288,-36.417,-18.515,31.719,35.603
1660.3693433640888,2,1,1,76.09,134.668,-99.581,-50.753,81.362,102.072
72.90352692326827,2,0,1,-7.431,-145.195,615.714,252.454,-380.429,874.29
1317.9324407474808,1,0,1,56.008,-32.628,529.233,208.954,-311.379,955.708
468.9291132453624,0,0,1,36.822,56.832,-14.607,-10.347,16.604,101.697
222.5703642274581,0,1,1,15.155,30.402,-17.751,-11.224,18.916,20.986
1401.006194252331,2,0,1,-27.124,-387.247,1658.565,673.959,-1016.949,2334.48
485.72197998667656,2,0,1,48.152,84.414,-62.123,-31.456,52.109,61.977
736.3474290182722,2,0,1,-254.522,-1485.77,5330.702,2184.746,-3304.642,6952.419
538.4342632521825,2,0,1,-218.218,-1315.394,4750.992,1947.964,-2945.205,6222.561
1231.1809084317863,2,0,1,37.305,68.425,-47.751,-25.73,41.413,51.075
1963.6463635897314,2,0,1,28.779,53.401,-37.285,-20.283,31.687,40.969
38.103336339720194,0,0,1,36.916,63.182,-47.63,-23.369,39.591,45.623
250.92117177308035,2,0,1,81.842,138.66,-107.686,-51.752,85.556,103.185
92.49789723042815,0,0,1,38.469,66.244,-46.324,-24.719,39.53,49.228
1361.5364236655923,1,0,1,-126.116,-766.499,2763.561,1134.239,-1714.792,3622.016
73.1787247390912,2,0,1,125.415,216.446,-167.567,-79.97,131.062,168.286
562.6795294217454,2,0,1,59.078,98.519,-77.885,-36.637,61.257,72.813
3.9354862184703716,0,1,1,42.878,58.391,-25.039,-8.597,17.857,109.032
989.5459537144029,1,0,1,44.64,80.743,-57.525,-30.351,48.944,60.409
890.7458474970273,2,0,1,75.96,134.171,-98.695,-50.322,81.806,100.275
1715.6236132528875,1,0,1,51.836,93.01,-67.694,-35.149,55.851,70.843
628.0849901028998,2,0,1,64.649,113.175,-84.076,-42.356,69.32,84.225
316.4419762726322,0,0,1,-40.918,-285.613,1072.669,439.201,-664.781,1435.125
104.32206437316682,0,0,1,42.418,75.033,-54.276,-27.901,46.465,54.613
230.63355904128008,2,0,1,30.919,53.82,-39.456,-19.881,33.763,38.537
665.9098912322954,1,0,1,21.359,41.299,-26.902,-15.633,24.598,31.074
394.05130240690534,0,0,1,74.618,68.464,173.189,63.079,-90.723,496.805
610.2787425661251,0,0,1,41.262,61.689,-34.377,-16.068,28.644,79.54
1705.8138520577488,1,0,1,53.198,90.326,-47.067,-26.801,42.831,106.686
232.5926038762236,0,0,1,-68.942,-610.508,2412.879,986.022,-1487.121,3293.952
591.8134758066049,1,0,1,62.573,111.861,-81.422,-42.139,67.591,84.47
596.7866866731217,0,0,1,68.398,120.267,-90.537,-45.548,72.029,92.633
123.989981401288,1,0,1,35.752,61.166,-46.178,-22.636,38.292,44.245
789.3265556689531,2,0,1,-134.709,-958.452,3634.83,1486.031,-2245.482,4867.37
374.5462190981046,1,0,1,65.457,114.909,-84.728,-42.921,70.621,84.951
797.0512968367487,1,0,1,67.292,118.659,-89.014,-44.958,70.996,91.446
2231.2230061797018,2,0,1,86.979,153.265,-114.259,-57.817,92.463,116.619
105.45898244855458,0,0,1,20.736,36.705,-25.829,-13.439,23.356,25.454
100.45380498449435,0,0,1,33.753,62.218,-42.725,-23.285,37.974,45.725
155.5893846662843,0,0,1,-22.766,-336.202,1422.95,579.31,-875.634,1999.646
447.88994278639655,0,0,1,25.421,22.134,43.08,17.256,-23.048,142.3
1092.3399710654746,2,0,1,68.759,65.261,139.548,51.007,-69.787,421.012
1308.612341863231,2,0,1,-145.903,-820.493,2884.828,1185.507,-1791.83,3731.274
686.3656913620214,2,0,1,-299.39,-1955.084,7259.82,2969.981,-4488.016,9618.764
376.3673960578707,0,0,1,-246.487,-1513.152,5495.609,2252.678,-3404.988,7215.786
164.00866080762378,1,0,1,77.966,136.067,-101.652,-50.954,83.268,101.521
1262.4942030340976,1,0,1,-248.025,-1408.2,4990.89,2048.081,-3097.507,6475.038
1901.877824697464,1,0,1,64.423,112.428,-73.586,-38.953,61.927,104.297
2392.537129896394,2,0,1,20.842,40.503,-26.581,-15.453,23.753,31.17
1463.9476847142737,2,0,1,-229.666,-1380.289,5004.678,2049.498,-3099.599,6557.746
1435.2635098793014,2,0,1,55.226,98.498,-71.739,-37.044,59.711,74.05
2180.45153483777,1,0,1,-88.344,-548.134,1984.078,814.56,-1229.141,2602.21
330.5924675451175,1,0,1,64.577,114.858,-83.562,-43.063,70.042,85.605
102.4855757464625,0,0,1,49.682,88.774,-65.068,-33.564,53.277,67.776
530.8742077620063,2,1,1,-67.07,-469.158,1755.343,719.515,-1085.389,2339.185
621.4810284777179,1,0,1,-11.192,-287.179,1268.982,516.861,-776.242,1809.763
774.3242608683433,2,0,1,27.907,38.01,-2.227,-2.705,7.932,82.461
768.1206156813084,2,0,1,29.256,53.168,-36.972,-19.794,32.793,38.583
38.49214217510852,2,0,1,15.034,25.065,-21.834,-7.246,15.535,23.031
965.7262431667448,2,0,1,28.005,51.941,-35.311,-19.433,31.706,38.081
355.50809197537615,2,0,1,17.27,30.117,-21.281,-10.904,19.555,20.224
378.60298795911706,2,0,1,35.668,61.395,-45.817,-22.688,38.516,44.147
365.0526400828563,1,0,1,153.373,265.638,-201.572,-99.73,161.885,200.101
1329.4029738024617,2,0,1,-41.613,-466.276,1909.606,779.779,-1173.892,2645.739
761.320182247869,2,0,1,-74.048,-642.129,2540.876,1037.101,-1565.98,3468.217
577.7437029220994,0,0,1,52.648,22.381,243.874,93.916,-138.756,529.025
371.70386101809277,0,0,1,46.835,76.473,-62.157,-28.375,47.812,56.456
1046.9992149655725,1,0,1,-98.743,-616.952,2242.987,920.203,-1389.579,2948.133
189.36073464232143,2,0,1,61.339,91.234,-53.698,-22.344,41.654,122.682
53.80696406113666,0,0,1,18.063,30.614,-22.764,-11.125,19.791,20.972
1590.7954537544927,2,0,1,-78.412,-675.093,2690.454,1095.795,-1654.87,3673.113
502.0955823970905,0,0,1,-145.233,-898.04,3285.58,1344.818,-2034.151,4324.752
240.3152538859322,1,0,1,28.902,-149.385,906.18,363.758,-546.311,1418.204
1049.5197524793787,1,0,1,-34.663,-461.764,1947.558,793.16,-1195.895,2729.378
381.8227812462947,0,0,1,-4.837,-257.013,1188.52,481.602,-726.068,1721.087
2378.7139310228695,2,0,1,-15.265,-285.154,1268.69,513.382,-774.158,1803.279
1137.8323267007686,2,0,1,-2.991,-70.981,300.955,123.78,-184.685,425.06
416.1143738783052,2,0,1,-0.925,-333.625,1585.746,641.304,-965.741,2312.532
37.66982361804741,0,0,1,79.706,135.939,-104.529,-50.734,83.843,100.975
1888.8811656592195,1,0,1,-192.183,-1253.003,4658.347,1904.947,-2879.432,6173.733
36.58498145842434,1,0,1,102.19,178.011,-135.924,-66.7,107.118,137.756
2185.2309552764395,2,0,1,54.732,77.198,27.386,3.005,-1.854,220.16
483.6997730208675,2,0,1,16.539,-2.09,124.701,50.271,-74.121,244.559
1317.5044804535253,2,0,1,24.81,-13.279,213.686,85.714,-125.174,387.054
266.0113200892596,2,0,1,83.574,143.775,-109.231,-53.687,88.535,106.735
570.916944562867,2,0,1,-195.057,-1242.705,4558.597,1868.079,-2821.386,6012.006
386.29161280800525,2,0,1,23.715,10.656,99.573,38.915,-54.97,217.383
315.88558239735073,0,0,1,-63.557,-384.957,1390.84,570.396,-863.61,1825.651
1286.0596875761335,1,0,1,108.908,162.664,-17.089,-20.069,36.846,330.232
649.9934530829262,2,0,1,-331.764,-2014.422,7301.924,2992.488,-4523.384,9573.386
624.2785260648257,2,0,1,-175.607,-1280.335,4872.08,1992.659,-3008.216,6534.201
2308.983326290058,2,0,1,-29.347,-335.842,1414.734,573.901,-866.425,1971.298
1838.4043876909195,2,0,1,52.675,78.591,5.007,-5.653,11.102,180.659
1151.098117576723,2,0,1,72.809,109.939,-16.861,-14.909,27.011,216.573
215.04649459285895,0,0,1,41.826,75.946,-54.612,-28.795,45.284,58.252
1015.3686695653677,2,0,1,-64.159,-494.831,1896.112,776.294,-1172.025,2557.4
316.7035265291918,2,0,1,11.416,18.161,-14.315,-6.432,12.298,11.656
266.6185215578518,1,0,1,70.57,118.666,-92.568,-44.102,73.822,87.349
578.8568514482718,2,0,1,54.908,97.719,-71.023,-36.636,59.592,72.814
135.6255987049427,0,0,1,-14.67,-333.685,1457.963,593.92,-894.262,2073.664
346.12194297210107,0,0,1,37.584,-56.54,499.52,200.352,-298.78,847.448
378.44532372519654,0,0,1,13.936,-89.185,495.912,201.578,-300.866,765.039
99.17535699902963,2,0,1,120.53,208.921,-158.269,-78.012,127.648,157.338
1243.0351833810385,1,0,1,68.173,70.374,140.34,48.412,-69.414,428.866
46.74657711671908,0,0,1,24.716,41.984,-31.504,-15.376,26.781,29.456
1404.106406033214,2,0,1,-175.099,-1133.546,4210.053,1721.341,-2602.558,5576.409
67.88562110033318,0,0,1,58.982,99.549,-74.189,-37.166,60.185,74.38
257.11404806614877,0,0,1,82.427,144.427,-107.191,-54.065,88.418,107.536
1447.2118914425757,2,0,1,55.945,94.64,-48.368,-27.674,44.393,113.547
0.0,1,0,0,104.053,179.618,-122.732,-63.129,101.314,160.371
261.29944930384505,0,0,1,80.377,141.17,-105.673,-53.23,85.258,107.355
2152.510643361821,1,0,1,-63.792,-443.187,1692.959,689.945,-1043.789,2266.541
1267.0900809035954,2,0,1,-158.588,-1162.087,4433.076,1812.411,-2736.872,5951.378
1303.443763220047,2,0,1,-39.59,-464.213,1915.62,781.787,-1177.016,2661.668
0.0,1,0,0,26.359,44.544,-33.799,-16.346,28.326,31.494
381.5001184296249,0,0,1,-3.934,-166.326,769.286,311.235,-469.901,1112.931
297.9563165116691,1,0,1,65.958,109.56,-86.884,-40.672,68.354,80.632
548.5247454914637,1,0,1,-29.944,-636.037,2797.669,1137.807,-1711.92,3979.619
196.57039474801397,0,0,1,-78.669,-570.639,2163.322,884.216,-1338.429,2898.626
130.7711112352623,0,0,1,-133.667,-934.077,3514.132,1437.902,-2172.753,4691.126
195.2396146292182,0,0,1,-123.611,-836.928,3112.233,1274.428,-1927.385,4135.909
1001.9669652927632,2,0,1,-36.321,-565.777,2419.699,985.563,-1483.099,3407.01
1457.6971307896792,1,0,1,59.063,51.294,170.067,61.311,-89.634,443.162
178.20331197365454,1,0,1,93.028,161.962,-121.135,-60.561,99.404,120.369
720.2460347280183,1,0,1,42.196,65.092,-40.244,-18.948,33.507,72.907
167.92785423929854,0,0,1,7.758,-62.407,326.89,133.794,-200.388,501.028
405.65087731154875,0,0,1,11.07,-125.182,682.336,273.773,-412.467,1034.658
263.76849006431786,2,0,1,15.747,18.588,6.878,2.324,-0.455,56.281
432.0426112947233,2,0,1,5.95,11.447,-6.292,-3.965,7.924,6.41
412.774841694061,2,0,1,56.074,97.077,-72.795,-36.17,59.99,71.476
1211.9933591449965,1,0,1,-13.151,-245.322,1091.694,441.728,-667.142,1554.153
22.780184419252464,0,0,1,77.174,128.993,-101.789,-48.018,80.045,95.573
570.1232032868029,2,0,1,-158.654,-1009.884,3708.777,1519.293,-2296.442,4895.826
456.34906011910414,1,0,1,99.399,164.951,-120.224,-57.978,96.464,140.962
270.1913133859642,0,0,1,114.5,-0.239,771.524,300.967,-445.132,1497.209
1105.2626049007697,2,0,1,6.053,14.586,-6.171,-5.396,8.951,9.74
17.733379402779534,2,0,1,35.846,60.39,-51.655,-20.431,35.594,53.996
769.0296228668503,2,0,1,-205.959,-1272.012,4625.979,1896.285,-2865.782,6077.908
189.1010568088416,1,0,1,80.107,135.678,-105.11,-50.546,83.996,100.417
2073.569347214078,2,0,1,51.752,-40.246,524.107,208.599,-308.29,927.484
167.7222963365444,0,1,1,34.198,62.451,-45.207,-23.884,36.606,49.074
295.78126278945683,0,0,1,29.897,42.12,14.34,1.479,-1.749,121.721
1164.5086748386152,1,0,1,-65.87,-359.28,1244.792,512.373,-773.519,1597.901
1241.4061810486953,1,0,1,-222.45,-1347.426,4889.873,2003.049,-3029.001,6413.073
171.8786098300085,0,0,1,18.711,36.513,-24.312,-14.081,20.954,28.981
604.5857400137018,1,0,1,-19.016,-252.518,1051.127,429.503,-646.089,1468.35
170.6935945922558,0,0,1,-119.356,-863.396,3278.857,1341.195,-2026.262,4397.134
157.23112511328557,0,0,1,32.58,60.914,-42.2,-23.183,35.987,46.932
316.2363657254479,0,0,1,-0.537,-150.883,706.839,286.842,-432.714,1032.151
723.8954349153835,1,0,1,-258.937,-1499.262,5346.16,2193.382,-3315.77,6955.315
365.40401557712,1,0,1,18.459,29.003,-24.045,-10.494,18.989,20.027
403.9115284174738,0,0,1,24.928,32.732,-17.121,-7.849,12.709,46.845
301.06426824235604,2,0,1,16.552,20.379,-6.922,-1.789,6.353,39.853
1104.9872955835303,2,0,1,-1.616,-131.622,591.428,241.936,-363.634,856.338
1534.250059378234,1,0,1,45.921,82.624,-60.085,-31.284,49.427,63.249
797.6194397662761,1,0,1,-79.674,-626.342,2411.955,987.116,-1489.022,3256.628
206.29501172356248,2,0,1,78.947,138.458,-104.524,-51.407,83.693,106.841
645.0768506056287,2,0,1,-179.049,-1094.493,3968.446,1626.951,-2459.288,5207.246
1844.851075062819,2,0,1,51.945,93.735,-67.413,-35.353,56.476,70.877
612.1737290021034,2,0,1,9.081,17.842,-10.268,-6.432,11.58,11.446
1693.7621631662512,1,0,1,70.279,124.83,-91.824,-47.049,75.389,94.555
27.493851634435682,0,0,1,47.21,78.487,-60.588,-29.152,48.366,57.916
2194.0505898416122,2,0,1,146.628,255.771,-193.185,-96.372,154.754,194.412
134.8672338370021,0,0,1,-78.103,-663.761,2616.73,1067.73,-1613.008,3564.077
66.07675156445589,0,0,1,63.775,111.987,-82.312,-41.761,69.028,82.374
277.04589406890364,0,0,1,69.738,115.568,-92.384,-43.028,71.738,85.861
314.46532602271094,2,0,1,32.656,58.858,-41.871,-21.534,36.279,43.715
548.5281045366535,2,0,1,28.474,52.087,-35.869,-19.396,32.1,37.763
1576.6185011412674,2,0,1,41.788,75.853,-53.789,-28.525,45.934,56.773
169.21966102621636,0,0,1,17.209,34.134,-20.734,-12.731,20.868,24.397
2622.813862521013,2,0,1,56.812,58.865,127.259,43.353,-62.354,372.454
209.88326062144975,2,0,1,104.731,182.184,-137.091,-68.1,111.372,136.691
42.466991582144644,1,0,1,79.901,60.025,250.111,94.309,-136.602,628.504
364.3932517853737,0,0,1,20.333,38.271,-26.981,-14.786,21.936,30.772
75.01166147529158,0,0,1,147.121,251.734,-192.049,-94.396,153.191,189.602
865.9940312426459,2,0,1,15.142,30.209,-19.502,-11.665,17.266,23.958
1559.4128484717785,2,0,1,58.889,96.82,-37.574,-23.734,38.471,139.321
75.40130676917434,1,0,1,82.657,143.506,-110.883,-53.569,85.968,112.669
161.605342486351,1,0,1,38.252,65.761,-49.436,-24.383,41.017,47.786
161.8335389959903,2,0,1,51.718,90.774,-66.737,-33.842,55.98,66.727
1810.7474059595315,2,0,1,-268.415,-1619.965,5887.953,2410.353,-3645.207,7720.891
2062.627785749002,2,0,1,27.996,53.168,-35.507,-20.095,31.797,39.981
872.100861985462,2,0,1,-300.827,-1796.207,6476.229,2654.878,-4013.567,8469.651
136.28742467400417,2,0,1,28.962,46.668,-38.695,-16.376,29.813,34.914
579.2196391672692,1,0,1,33.2,52.163,-33.84,-16.029,28.402,53.348
657.1252779576956,0,0,1,40.74,72.27,-54.416,-27.586,42.61,56.843
2238.188232916899,2,0,1,-61.997,-652.904,2690.67,1094.747,-1651.958,3726.106
590.7334568873434,1,0,1,16.404,-128.089,697.644,282.965,-423.217,1067.527
1037.55574515637,2,0,1,-58.622,-451.726,1727.882,707.713,-1066.943,2326.232
450.0104065269778,2,0,1,25.039,45.398,-31.249,-16.771,28.397,32.177
1483.554393099126,2,0,1,-164.746,-1215.447,4650.849,1900.594,-2870.677,6250.88
246.39693629623432,0,0,1,-6.195,-116.188,481.856,197.696,-298.136,676.77
55.586251701521874,0,0,1,19.569,30.967,-25.527,-11.243,20.15,21.568
186.45789636021522,1,0,1,23.154,36.942,-30.253,-13.464,23.867,25.981
2225.495547747678,2,0,1,51.153,-98.283,828.035,328.388,-491.694,1376.716
258.7199871644575,1,0,1,23.93,37.884,-31.219,-13.757,24.642,26.399
77.15571410635495,0,1,1,40.169,72.322,-51.264,-26.998,44.417,53.04
180.77218390112253,0,0,1,24.203,39.169,-31.714,-14.37,24.995,28.004
184.9431826363035,1,0,1,31.048,52.149,-40.318,-19.251,32.834,37.617
506.69816394581494,1,0,1,-122.253,-734.695,2652.696,1087.517,-1645.227,3475.279
515.0797295832155,1,0,1,36.665,42.252,36.809,12.201,-13.757,167.473
474.54263178075416,1,0,1,32.11,57.206,-40.737,-21.214,35.582,41.213
820.3803056826509,2,0,1,50.041,-117.897,887.997,355.411,-531.677,1458.631
558.1252791247152,2,1,1,-274.362,-1585.983,5655.885,2320.135,-3507.476,7357.051
308.51609164525246,0,0,1,82.575,136.983,-109.368,-51.011,84.996,101.801
326.14805155509083,0,0,1,48.189,-254.674,1529.468,614.845,-921.673,2387.42
913.4164561554531,1,0,1,-36.859,-547.801,2332.705,950.193,-1430.849,3280.598
13.178943064834641,2,0,1,27.947,29.65,7.314,6.693,-4.933,106.651
179.73440280339375,2,0,1,37.037,61.763,-48.331,-22.703,38.926,44.789
269.7543698129034,0,0,1,-22.235,-493.924,2176.981,885.305,-1333.491,3102.327
303.9932050563244,2,0,1,88.75,149.17,-117.193,-55.664,92.123,111.175
371.7684847276936,1,0,1,32.309,58.455,-41.012,-21.788,35.99,42.615
2075.7255103251046,1,0,1,-116.748,-835.659,3161.327,1293.696,-1952.188,4228.227
1110.7583685746408,2,0,1,1.891,8.216,-0.714,-3.101,4.741,5.369
80.48267625456995,1,0,1,163.403,279.262,-215.089,-104.53,171.299,209.164
207.9372666350438,1,0,1,32.44,53.482,-42.083,-19.612,34.111,37.984
88.06399362555415,0,0,1,1.088,4.447,0.357,-1.417,3.355,1.356
1058.4150543276694,2,0,1,-358.205,-2163.46,7831.736,3209.618,-4851.252,10259.127
541.0986879783397,0,0,1,34.264,-8.835,280.833,109.435,-163.861,524.622
257.59765417763475,1,0,1,88.787,154.122,-115.749,-57.619,94.643,114.564
1678.074530951657,2,0,1,85.08,24.076,481.851,184.182,-272.137,981.03
1771.2612495684673,1,0,1,54.277,97.378,-71.014,-36.839,58.359,74.403
1712.3606358043746,1,0,1,50.854,52.396,113.418,38.802,-56.193,333.592
548.8864190604436,1,0,1,65.621,115.588,-85.017,-43.243,70.818,85.788
270.7456336392241,2,0,1,15.583,25.554,-19.775,-9.222,16.752,17.281
879.7030531360263,2,0,1,-44.806,-476.163,1933.945,790.066,-1190.14,2672.22
287.1542012774941,2,0,1,75.134,128.037,-98.232,-47.683,79.281,94.511
1862.5961231579324,2,0,1,-79.652,-649.187,2556.893,1042.07,-1573.917,3473.721
1224.217947116141,2,0,1,-217.17,-1338.942,4871.208,1996.393,-3017.475,6400.101
478.21840694359446,2,0,1,-136.334,-1068.467,4133.226,1689.314,-2549.317,5584.033
501.8774326362183,1,0,1,-225.27,-1509.658,5623.885,2302.283,-3477.377,7469.822
593.5031599634194,2,0,1,-248.875,-1568.697,5742.253,2352.877,-3554.753,7565.094
712.730719731152,2,0,1,161.185,236.986,-34.437,-30.636,56.722,473.352
699.8956602738185,1,0,1,75.44,132.663,-98.277,-49.767,80.878,99.324
484.0891309856132,1,0,1,-111.318,-865.523,3353.051,1369.406,-2068.216,4531.64
47.91252899971844,1,0,1,113.914,149.831,39.849,6.349,-0.841,425.164
43.92575957152432,0,1,1,28.006,46.557,-36.178,-17.073,29.676,32.992
1762.0177848059325,1,0,1,-75.18,-499.271,1841.675,755.489,-1139.755,2438.078
1760.8072562347807,2,0,1,6.976,-89.502,453.477,184.793,-275.802,679.886
159.89174171492877,0,0,1,67.038,118.712,-86.972,-44.518,72.385,88.632
91.49152104325529,0,0,1,90.758,158.392,-118.446,-59.349,96.827,118.385
954.315970424899,1,0,1,-286.485,-1629.896,5787.069,2374.021,-3590.805,7512.61
523.2520926570759,1,0,1,72.053,125.75,-93.595,-46.986,77.268,93.196
657.3707449180046,2,0,1,-267.474,-1594.495,5753.553,2357.875,-3565.518,7526.127
68.4962140622526,0,0,1,38.046,63.273,-49.476,-23.304,40.025,45.444
1634.4454124052409,2,0,1,71.291,126.488,-93.033,-47.625,76.545,95.538
4.14142183022045,0,1,1,36.524,56.809,-45.183,-19.756,32.998,50.501
1104.4106244038892,2,0,1,-421.446,-2370.333,8387.06,3440.895,-5204.127,10865.68
43.75808779898642,1,0,1,39.496,12.454,178.516,72.223,-103.929,388.961
205.9081040851264,0,0,1,-12.745,-298.024,1307.783,532.956,-801.357,1863.238
268.7255987226555,0,0,1,72.548,127.01,-95.987,-48.029,76.311,97.49
1382.9102582682679,2,0,1,98.983,174.723,-129.308,-65.729,105.944,131.791
29.679386790288113,1,0,1,76.573,116.326,-40.068,-22.775,39.114,194.987
610.8121109543384,1,0,1,43.62,-84.922,696.691,277.728,-415.543,1159.492
706.12435320689,1,0,1,7.014,16.656,-7.678,-6.291,9.84,11.935
708.1407944237825,2,0,1,-328.072,-1880.366,6695.874,2746.174,-4153.319,8703.069
76.75481470969075,0,0,1,60.526,104.517,-78.52,-38.896,64.739,76.724
237.90116986527985,0,0,1,13.075,25.953,-15.311,-9.548,16.259,17.758
101.37790561478104,0,0,1,11.733,16.505,-15.52,-5.802,11.409,10.772
179.78725875396137,0,0,1,48.23,86.571,-62.066,-32.443,52.804,64.289
3249.216457656855,2,0,1,-52.93,-577.333,2397.407,974.645,-1470.648,3327.696
252.90112220471204,0,0,1,-164.935,-1033.35,3779.919,1548.141,-2341.22,4978.754
1721.1279829800249,2,0,1,-68.792,-537.999,2077.374,849.376,-1283.041,2808.667
312.0428634590633,0,0,1,109.07,177.15,-125.796,-59.891,99.347,165.699
405.2389868506853,0,0,1,30.436,43.505,12.555,0.583,-0.54,121.294
238.39531855628252,2,0,1,32.047,52.443,-42.086,-19.339,33.144,37.969
347.3746885719271,0,0,1,64.846,115.462,-84.813,-43.576,69.547,87.753
380.5653874843667,1,0,1,82.816,145.44,-107.565,-54.443,89.029,108.218
296.0663464379361,2,0,1,33.681,56.403,-43.81,-20.824,35.513,40.732
282.85537972768554,0,0,1,62.532,92.982,-40.659,-20.646,35.949,141.836
849.9459560589462,2,0,1,30.004,41.908,-14.708,-6.769,14.415,72.503
1067.7008775869742,2,0,1,-173.924,-1196.559,4510.489,1843.545,-2785.941,6017.542
2240.9815006129165,2,0,1,65.19,116.168,-85.296,-43.863,69.907,88.395
149.2982135369372,0,0,1,70.732,124.519,-91.685,-46.59,76.275,92.466
1737.3966508870938,2,0,1,-321.82,-1975.351,7209.28,2951.327,-4462.205,9474.071
661.6442871781692,2,0,1,36.938,67.091,-46.835,-25.02,41.257,48.945
237.1243311502599,0,0,1,64.069,114.021,-84.343,-43.19,68.207,87.619
488.56035190661237,1,0,1,-24.471,-412.359,1768.342,720.941,-1085.32,2497.931
209.3642375980529,0,0,1,27.118,50.048,-35.839,-19.193,29.158,39.547
179.92674057485226,0,0,1,-66.674,-521.218,1994.229,816.159,-1233.577,2687.114
507.09412107383724,1,0,1,188.25,325.735,-248.884,-122.703,197.294,247.892
1075.77105030724,2,0,1,-415.225,-2326.677,8230.712,3376.045,-5107.093,10660.119
1358.8755002412593,1,0,1,-399.315,-2269.074,8053.813,3303.909,-4995.969,10449.921
91.42855686673654,0,1,1,26.86,50.361,-34.059,-18.961,30.363,37.543
1175.0110105681078,1,0,1,-402.69,-2495.794,9114.288,3732.912,-5641.556,11985.969
1021.8732419240714,2,0,1,-328.736,-2112.139,7788.721,3189.024,-4818.525,10292.592
271.9969892310026,0,0,1,34.645,63.908,-44.814,-24.212,38.123,48.724
1174.9967332855733,1,0,1,-337.652,-2056.898,7471.38,3060.924,-4627.106,9802.425
226.25795482502068,2,0,1,20.416,35.382,-25.752,-12.961,22.53,24.709
426.47270864560267,2,0,1,18.815,-30.806,258.964,104.398,-153.976,434.373
2152.4838370526304,1,0,1,-88.313,-629.163,2372.034,971.319,-1465.072,3168.535
601.8696804358786,0,0,1,32.988,47.777,-23.268,-10.821,20.15,69.007
1474.7687096345937,1,1,1,-93.3,-655.035,2469.026,1010.296,-1526.886,3300.752
9.441926236923996,2,0,1,176.236,301.862,-236.632,-111.828,182.446,235.677
397.79186570073966,0,0,1,-2.028,-44.778,205.178,82.636,-126.24,297.083
249.93869666486148,2,0,1,24.369,42.299,-30.99,-15.579,26.68,30.031
125.12139356971076,0,0,1,53.814,93.05,-69.66,-34.596,57.727,68.091
193.2863628982155,0,0,1,24.88,46.813,-31.506,-17.631,28.201,34.902
291.1844711470583,2,0,1,43.788,75.947,-56.221,-28.126,47.442,54.86
856.3810018825376,1,0,1,-250.84,-1428.534,5072.954,2081.129,-3147.879,6586.767
808.5264337025718,1,0,1,38.728,70.344,-49.477,-26.346,42.918,51.995
565.7556161549974,0,0,1,52.087,91.545,-69.431,-34.812,54.405,71.368
40.01873181594191,0,0,1,54.332,93.163,-69.491,-34.688,57.243,68.671
714.9014851563595,2,0,1,86.569,150.423,-113.167,-56.346,92.034,112.45
158.03329569158,2,0,1,55.571,93.289,-74.597,-33.29,57.794,72.277
21.391214138722546,1,0,1,40.94,59.082,-25.228,-11.112,19.501,101.999
2492.410922825263,2,0,1,59.21,-89.477,837.847,331.824,-495.763,1415.815
258.7336491688516,0,0,1,-25.818,-205.882,808.466,329.42,-498.87,1099.402
306.30246282653314,0,0,1,54.891,66.937,62.87,18.319,-25.963,271.228
625.1678493352704,2,0,1,-444.633,-2547.743,9083.575,3724.158,-5632.318,11807.765
580.8063917107796,1,0,1,3.932,9.854,-3.487,-3.532,6.373,5.852
264.30335172667236,0,0,1,43.685,78.978,-57.353,-30.002,46.934,60.983
1177.5413773255461,2,0,1,137.834,240.574,-180.997,-90.481,146.05,181.839
69.89392973725657,0,0,1,52.652,92.492,-67.889,-34.476,57.057,67.932
18.140049673669143,2,0,1,66.934,104.564,-82.562,-33.876,59.613,100.258
85.05057515277818,0,1,1,36.046,57.986,-47.851,-21.419,36.584,42.398
296.5844601212828,0,0,1,-84.222,-595.771,2239.142,917.302,-1385.499,2992.685
1345.6226501926064,2,0,1,-486.101,-2742.637,9729.352,3989.803,-6034.753,12615.291
2111.0672765464938,2,0,1,-166.943,-1267.07,4896.519,1998.703,-3018.501,6602.422
391.37350445559576,0,0,1,-1.405,2.763,3.385,-1.152,1.112,1.804
263.203664480446,0,0,1,22.034,41.195,-27.239,-15.286,25.513,29.385
271.19718003089224,0,0,1,28.206,52.381,-36.924,-20.015,30.722,40.896
547.9710919917216,2,0,1,52.462,91.84,-67.688,-34.209,56.739,67.372
344.7595085618152,0,0,1,19.092,-61.795,401.149,162.637,-242.237,644.257
405.77785363646296,1,0,1,19.315,36.0,-23.6,-13.262,22.59,25.118
20.9418880337411,1,0,1,42.29,59.381,-22.31,-9.944,20.466,102.242
274.65324595630824,1,0,1,99.024,173.024,-129.484,-64.93,105.468,129.875
413.7263465759489,1,0,1,39.745,72.333,-50.714,-27.088,44.134,53.425
314.64752621933127,0,0,1,27.816,11.125,115.8,46.017,-67.9,260.397
218.35959290796967,1,0,1,83.239,125.054,-48.44,-26.391,47.933,193.004
82.9465110105496,0,1,1,23.796,15.504,68.149,27.104,-37.695,172.959
127.49254517422587,2,0,1,0.161,-0.148,0.765,0.507,1.026,-2.05
1177.5433936844927,2,0,1,16.753,33.653,-21.052,-12.86,19.631,25.84
58.928365820058644,0,0,1,24.533,43.978,-30.837,-16.253,27.508,31.303
1651.8533074589272,2,0,1,-142.21,-926.326,3419.174,1400.761,-2114.796,4521.324
218.2928780268486,0,1,1,39.135,64.491,-28.556,-16.928,26.506,89.266
1414.8554469926707,2,0,1,14.485,28.854,-17.802,-10.88,17.278,21.317
2210.9651039639875,2,0,1,-158.395,-1136.71,4318.821,1765.627,-2667.037,5786.709
16.06979196159358,2,0,1,66.635,115.541,-90.716,-42.073,69.02,93.511
740.2094511340813,1,0,1,16.901,32.886,-21.047,-12.398,19.73,24.407
477.4916072148495,1,0,1,-238.633,-1397.677,5000.181,2051.31,-3101.227,6517.82
298.7998808693704,1,0,1,105.662,184.567,-138.188,-69.263,112.502,138.556
151.46083781383655,0,0,1,-227.806,-1421.972,5190.59,2127.096,-3214.281,6830.181
70.95624449456028,0,0,1,41.299,70.516,-53.506,-26.129,44.054,51.232
2553.439331714914,1,0,1,19.199,-181.722,1010.817,405.408,-609.391,1538.904
255.10885973978344,2,0,1,20.122,31.989,-26.272,-11.639,20.731,22.403
2438.35720868961,1,0,1,38.138,-228.423,1365.458,546.544,-820.422,2117.702
19.588487323009577,1,0,1,47.634,78.529,-62.964,-28.949,49.163,57.955
605.3453316384405,1,0,1,53.072,95.177,-68.768,-35.8,57.659,71.493
182.6693318008257,0,0,1,76.743,135.036,-99.938,-50.656,82.326,101.076
939.5364868382687,1,0,1,27.118,50.431,-35.406,-19.248,29.639,39.235
655.2775437847051,1,0,1,-228.827,-1348.581,4858.639,1990.403,-3010.678,6347.505
82.35667109949561,1,0,1,17.578,26.509,-23.369,-9.595,17.399,18.554
679.9543819307505,1,0,1,50.747,90.964,-65.358,-34.091,55.482,67.588
705.0104664330518,1,1,1,-111.36,-714.149,2618.557,1073.622,-1620.669,3453.713
1198.117984435982,2,0,1,-256.469,-1569.916,5702.6,2337.0,-3532.4,7485.105
445.51086402079613,1,0,1,162.054,250.992,-103.637,-57.866,101.064,367.157
341.65221796572416,0,0,1,-42.526,-282.018,1032.612,424.39,-640.179,1365.535
92.55743342672478,0,0,1,27.449,44.096,-35.914,-16.123,28.32,31.262
268.03419653184756,0,0,1,72.526,127.165,-96.002,-48.122,76.293,97.78
924.585120705704,1,0,1,18.02,35.707,-22.147,-13.444,21.45,26.289
555.4509017175822,0,0,1,35.734,-12.505,284.21,113.111,-168.475,532.201
1448.3836130364734,1,0,1,39.59,-120.631,847.524,338.335,-507.177,1366.948
819.331920125428,2,0,1,-35.69,-410.14,1686.87,688.606,-1037.219,2342.192
214.79747150336235,0,0,1,57.403,100.898,-76.52,-38.37,59.959,78.668
9.036640384345358,1,0,1,51.162,87.327,-66.6,-32.45,54.281,64.005
1209.3465212585816,2,0,1,-1.314,-82.992,366.875,150.547,-224.703,526.32
117.11382239882002,0,0,1,81.435,141.865,-105.985,-53.04,87.086,105.377
267.726283814865,0,0,1,-27.514,-319.991,1311.561,536.074,-806.87,1820.405
70.5145800638783,1,0,1,67.453,46.499,218.65,83.288,-120.954,538.236
1520.3657776996904,2,0,1,12.644,27.194,-14.661,-10.21,16.341,19.5
1673.4562811315245,2,0,1,-8.345,-105.611,429.111,176.224,-263.915,594.571
1346.1996277365777,1,0,1,-39.474,-373.949,1510.547,615.445,-929.885,2078.789
204.93099853315314,1,0,1,63.551,100.77,-49.982,-26.654,43.178,136.202
676.776813753271,2,0,1,-106.387,-727.105,2707.01,1109.608,-1675.136,3600.449
256.6048464106404,2,0,1,22.478,36.985,-28.922,-13.482,23.835,25.798
161.5348322283608,0,0,1,68.972,113.07,-90.554,-42.19,69.431,84.865
673.1389275297435,2,0,1,-165.741,-1102.81,4092.098,1676.241,-2531.966,5429.391
253.20532382352087,0,0,1,47.693,86.629,-62.237,-32.838,51.674,66.397
367.7373546119677,2,0,1,33.34,58.3,-42.599,-21.583,36.42,41.98
2483.6005149248404,1,0,1,17.282,-90.469,564.817,225.01,-338.573,883.128
916.5197417411681,2,0,1,-70.058,-599.703,2348.982,960.785,-1448.682,3195.766
471.80352862299674,0,0,1,-4.228,-119.626,517.687,212.258,-318.264,738.122
595.6369239739116,2,0,1,51.726,91.162,-66.882,-34.07,55.955,67.44
275.8670659153785,0,0,1,54.497,97.511,-71.438,-36.901,58.413,74.627
1169.1734153857772,1,0,1,36.982,-228.145,1335.777,536.754,-805.667,2070.275
700.5507060009817,2,0,1,40.501,-136.017,890.221,359.733,-536.584,1427.949
959.1477637976157,2,0,1,37.728,68.681,-48.134,-25.72,41.906,50.722
373.2097162709078,2,0,1,63.379,109.592,-82.326,-40.833,67.731,80.713
1779.8130276103284,2,0,1,-71.668,-645.466,2563.357,1046.927,-1579.331,3505.612
1227.0186684910657,2,0,1,53.788,96.528,-69.646,-36.301,58.499,72.448
220.1421772484616,0,0,1,-75.758,-679.812,2696.396,1101.456,-1661.114,3685.137
391.8032606679644,0,0,1,-1.217,-87.929,401.395,163.447,-247.36,584.919
352.8373215704227,1,0,1,-31.887,-233.82,877.658,360.357,-542.297,1172.009
388.73251214888154,2,0,1,30.11,53.443,-38.225,-19.803,33.297,38.445
2073.203416112109,2,0,1,60.334,108.028,-78.785,-40.798,64.961,82.159
581.9703182924994,2,0,1,-16.926,-533.056,2421.341,981.579,-1478.629,3479.325
115.12800088026744,1,0,1,87.971,146.724,-116.585,-54.749,90.671,109.556
1203.9744297629334,2,0,1,-203.366,-1248.854,4533.017,1858.435,-2808.224,5949.636
3365.66595012258,2,0,1,28.67,-135.369,851.196,340.174,-511.051,1337.811
92.89501809095519,0,0,1,-35.632,-420.244,1729.177,705.773,-1063.871,2401.788
193.00122506122517,0,0,1,-78.811,-615.526,2397.758,978.067,-1477.907,3245.075
303.64660611318413,0,0,1,37.055,66.986,-49.039,-25.564,39.456,52.43
327.5971400090201,2,0,1,11.948,21.616,-14.426,-7.833,13.978,14.418
269.55373234055867,1,0,1,72.844,127.384,-94.813,-47.683,78.003,94.877
575.7823252939065,1,0,1,81.378,143.673,-106.42,-54.084,87.008,108.581
460.97181227610315,1,0,1,-7.662,-150.07,634.623,260.711,-391.557,899.632
213.61437555260312,0,0,1,-12.902,-167.143,693.279,283.36,-428.182,971.898
35.74972931077863,0,0,1,8.174,14.503,-9.552,-5.125,9.782,8.939
1330.0359180983078,2,0,1,-91.564,-797.318,3175.645,1294.225,-1954.075,4337.719
83.53978737751251,2,0,1,106.981,184.214,-140.854,-68.478,112.861,138.912
497.0925679389694,1,0,1,109.14,190.808,-144.04,-72.016,115.066,145.682
157.6587518040959,2,0,1,51.688,89.446,-67.312,-32.995,55.356,66.347
77.19005594685541,1,0,1,53.073,87.963,-69.88,-32.622,54.985,64.583
171.93929488530918,1,0,1,100.971,176.648,-132.899,-66.577,106.807,134.276
46.517618651417116,1,0,1,80.299,141.144,-105.601,-52.51,85.656,107.679
573.0518857816561,1,0,1,-168.145,-993.442,3557.406,1459.92,-2206.488,4641.079
1136.830845120735,2,0,1,-68.698,-618.717,2464.37,1005.73,-1518.21,3373.437
70.39367818523682,1,0,1,135.77,174.265,68.096,16.374,-14.204,539.325
1487.9927490793475,2,1,1,51.907,87.057,-40.072,-23.858,38.389,112.522
379.29315386745145,1,0,1,77.869,136.043,-101.45,-50.939,83.266,101.439
140.91111736735425,0,0,1,70.021,123.509,-92.233,-46.681,74.238,94.491
8.17021401992867,0,0,1,94.266,164.92,-124.268,-62.215,99.541,125.713
1221.435274667074,2,0,1,-282.678,-1714.202,6218.77,2547.829,-3851.985,8154.666
754.355793653298,2,0,1,-375.034,-2174.334,7771.67,3186.818,-4818.695,10118.381
1497.6439168027703,2,0,1,-67.959,-787.125,3283.058,1335.672,-2014.35,4569.812
675.6966341881841,2,0,1,72.987,118.169,-77.725,-37.945,64.424,117.544
1051.6066022637613,1,0,1,-304.281,-1717.407,6095.52,2499.374,-3781.266,7906.554
1150.8027013176616,2,0,1,16.875,33.581,-20.745,-12.661,20.116,24.804
478.3412505284264,1,0,1,20.06,-135.315,757.189,306.644,-459.196,1167.713
242.64800136360276,0,1,1,23.927,-60.592,455.508,181.34,-272.415,745.123
1126.606902416508,1,0,1,13.129,-45.575,291.091,117.945,-174.723,462.754
222.70636218745594,0,0,1,-16.418,-193.951,783.665,321.662,-484.17,1087.751
27.15302543116407,2,0,1,25.68,-4.856,166.053,68.594,-99.552,325.574
144.1477574064908,0,0,1,-91.868,-645.942,2423.539,992.963,-1499.315,3235.597
336.6893865137125,0,0,1,56.164,101.19,-72.911,-38.155,61.004,76.483
748.794293341588,2,0,1,-283.47,-1654.245,5929.841,2430.82,-3676.691,7732.258
852.0431673812544,1,0,1,-41.484,-258.333,957.923,390.893,-592.41,1266.643
97.38105884899868,0,0,1,21.265,33.568,-27.726,-12.173,21.889,23.31
27.931753103047214,2,0,1,15.262,24.068,-19.973,-8.283,15.942,16.984
20.09406943652015,1,0,1,36.33,45.824,-0.657,0.658,2.686,123.309
728.6067946395887,1,0,1,62.358,83.294,9.974,-0.725,7.556,211.341
0.0,1,0,0,73.647,126.389,-96.172,-47.135,78.022,93.526
1087.9233597130976,1,0,1,-127.193,-711.967,2511.677,1030.901,-1560.58,3253.996
702.9734868570913,1,0,1,77.597,137.147,-102.362,-51.91,82.199,105.324
796.5762727030083,2,0,1,-304.147,-1796.017,6456.992,2647.01,-4002.455,8432.051
2431.4804700009354,2,0,1,-140.9,-953.731,3590.112,1466.557,-2216.727,4782.461
386.0601685900349,2,0,1,43.822,75.874,-56.451,-28.139,47.281,55.074
1501.9082829404354,1,0,1,-337.632,-1933.078,6886.738,2823.898,-4271.302,8951.507
279.93388251130847,0,0,1,0.067,-290.032,1379.121,558.197,-840.736,2014.497
341.6473609986284,2,0,1,13.248,13.076,16.818,6.539,-7.089,62.983
216.13171720183973,0,0,1,20.159,-228.187,1198.041,485.201,-726.726,1808.533
1430.7803447960548,1,0,1,-265.64,-1607.951,5823.406,2386.628,-3608.111,7632.639
0.0,1,0,0,-222.446,-1468.628,5450.037,2231.415,-3371.154,7226.789
1477.1499716001647,2,0,1,64.635,115.017,-83.977,-43.232,69.809,86.37
365.12767938536075,0,0,1,-96.768,-636.284,2361.275,966.544,-1461.489,3132.798
0.0,1,0,0,-38.071,-502.848,2112.021,860.871,-1295.53,2952.26
787.9463165381729,2,0,1,46.864,82.253,-60.399,-30.643,50.794,60.325
152.59892798323722,0,0,1,-35.86,-353.053,1411.326,577.406,-869.991,1939.769
81.21017443243203,0,0,1,93.943,156.48,-122.402,-58.451,95.721,117.35
1134.1592373700832,1,0,1,12.144,-58.733,344.608,139.949,-207.587,536.876
213.27838389884135,0,0,1,-51.03,-373.064,1423.463,580.846,-880.479,1911.184
301.36317596957986,2,0,1,-39.4,-297.578,1158.108,472.198,-714.442,1567.559
1659.2039633984452,1,0,1,19.504,25.411,33.119,9.155,-13.708,114.75
241.05854153783596,2,0,1,98.437,167.783,-129.241,-62.651,103.391,124.846
293.11871968843576,2,0,1,42.171,70.976,-54.914,-26.264,44.494,51.547
47.779030125736185,1,0,1,88.443,150.463,-117.412,-55.196,92.545,114.591
2044.9567989453687,1,0,1,-185.692,-1155.629,4227.262,1731.043,-2617.601,5566.403
770.1492611482549,2,0,1,-178.417,-1225.201,4603.765,1883.038,-2845.208,6137.878
357.5385420285947,1,0,1,23.54,-139.334,806.218,325.477,-485.824,1247.021
190.57967639124487,0,0,1,-134.18,-845.508,3090.743,1266.861,-1914.631,4072.652
156.89212434339055,1,0,1,46.128,77.273,-60.225,-28.6,48.44,56.224
613.2933651130407,0,0,1,27.724,43.383,-37.279,-16.026,27.427,31.968
520.8341622739836,0,0,1,28.853,54.46,-37.237,-20.74,32.113,41.952
102.72390108061796,0,0,1,45.527,82.363,-58.336,-31.117,49.169,62.596
158.04235207870795,0,0,1,-46.102,-462.308,1855.334,757.536,-1144.575,2551.952
400.8389869586956,1,0,1,16.362,-76.102,453.835,183.919,-274.035,711.307
661.5618616764847,2,0,1,52.836,82.395,-45.62,-22.717,40.175,98.941
1181.061063706069,1,0,1,-125.424,-967.846,3750.819,1531.153,-2312.695,5066.656
360.96003576480746,0,0,1,-2.8,-84.673,373.524,152.501,-230.807,538.649
67.99788615632177,1,0,1,37.939,63.544,-49.421,-23.483,39.941,46.024
268.3361896592625,1,0,1,18.173,33.738,-22.069,-12.372,21.346,23.222
170.71448587659532,0,0,1,-234.595,-1454.237,5297.797,2171.21,-3281.61,6965.77
168.59215966659107,0,0,1,66.861,118.991,-87.272,-44.848,71.853,90.088
70.80850122812575,0,0,1,24.912,44.648,-31.283,-16.491,27.959,31.72
1567.9766767003568,2,1,1,52.917,95.511,-68.983,-36.118,57.258,72.79
168.85017336285367,0,0,1,71.868,41.38,303.486,114.033,-167.781,678.606
660.8275036276076,1,0,1,-48.46,-441.658,1745.651,714.184,-1076.984,2387.504
257.1268655377568,0,0,1,-90.747,-765.823,3011.181,1229.652,-1856.415,4099.213
51.247413785739376,0,0,1,57.48,88.992,-74.713,-32.635,52.774,71.006
1113.983047234629,1,0,1,-87.6,-647.571,2464.74,1008.732,-1523.633,3311.706
692.7025532713361,1,0,1,34.106,-136.72,894.427,357.111,-536.071,1418.292
269.290244239076,0,1,1,-13.903,-185.7,767.128,314.13,-473.021,1072.671
976.9782893878117,2,0,1,-223.701,-1587.349,6010.893,2458.038,-3712.308,8041.265
25.65324583248234,1,0,1,139.586,227.306,-169.025,-77.502,130.3,206.106
175.34085606300633,0,0,1,32.258,59.315,-40.897,-22.202,36.2,43.634
1056.5161207821682,1,0,1,-0.937,-116.778,529.349,216.34,-324.09,765.607
408.3131616885596,2,0,1,40.362,71.567,-51.547,-26.602,44.341,52.0
755.667748996625,1,0,1,22.89,43.424,-29.833,-16.648,25.264,34.081
51.15194910256984,0,0,1,36.629,61.567,-47.637,-22.754,38.682,44.562
345.1835840212859,0,0,1,-10.854,-69.003,259.685,105.699,-161.564,348.033
2055.916338702891,1,0,1,-56.335,-489.261,1948.969,794.179,-1199.769,2663.341
849.961729501114,2,0,1,-405.959,-2308.653,8199.91,3363.426,-5085.937,10641.47
75.71805657618587,0,0,1,82.804,144.08,-106.496,-54.001,87.45,107.933
1129.270714337121,2,0,1,-363.192,-2035.071,7189.099,2949.878,-4461.684,9307.512
1697.822032433184,2,0,1,-140.745,-1033.086,3963.441,1618.153,-2444.719,5327.416
438.9707870222473,2,0,1,131.587,88.883,463.246,174.955,-254.103,1104.926
187.78046602518728,0,0,1,-33.375,-279.511,1076.24,441.762,-666.031,1459.644
1002.0671689646312,1,0,1,-184.539,-1293.584,4889.546,1999.116,-3020.128,6534.635
395.6232649916032,0,0,1,-3.606,-131.381,607.747,245.577,-371.56,879.455
1149.9735117349046,1,0,1,-198.975,-1304.385,4831.825,1978.401,-2987.718,6398.163
1882.3365823648717,1,0,1,13.256,-15.13,139.141,57.258,-83.411,241.432
142.98382788047735,0,0,1,85.326,148.424,-109.508,-56.14,87.9,114.347
1287.3415451154947,1,0,1,-209.709,-1326.454,4883.386,1998.399,-3021.402,6445.61
975.2855858290687,1,0,1,32.19,58.326,-41.186,-21.848,35.584,43.154
754.7665040360004,2,0,1,20.978,39.35,-25.898,-14.605,24.353,28.07
40.79103825792803,2,0,1,23.192,39.353,-29.526,-14.396,25.152,27.524
183.85635958908745,0,0,1,37.561,69.087,-48.405,-26.098,41.448,52.251
690.5299654537349,2,0,1,-183.64,-1166.757,4275.274,1752.186,-2646.347,5635.931
469.91785603941577,2,0,1,30.177,53.93,-38.158,-19.981,33.594,38.711
840.5708893810646,0,0,1,73.61,128.515,-97.982,-48.737,76.814,99.546
1381.0420469453938,1,0,1,28.265,52.889,-36.531,-20.109,31.303,40.623
662.0254572851945,2,0,1,-125.456,-802.065,2936.449,1204.213,-1819.461,3875.026
1096.6563390626955,2,0,1,-51.222,-685.306,2921.863,1186.78,-1789.242,4097.293
2362.464860882128,2,0,1,-20.519,-310.004,1348.954,546.647,-825.345,1905.217
1343.9189575298249,1,0,1,70.755,125.639,-92.796,-47.456,75.575,95.784
836.8159797383696,1,0,1,37.268,68.277,-47.789,-25.691,41.277,51.078
28.594243969259065,2,0,1,57.18,99.306,-75.82,-35.945,60.846,76.657
2024.2811544404979,2,0,1,78.99,139.837,-103.256,-52.669,84.58,105.79
130.36130951610272,1,0,1,90.498,157.227,-119.314,-58.437,95.795,119.598
19.012679828597015,0,1,1,39.826,67.94,-51.56,-25.157,42.501,49.265
606.168165942633,1,0,1,71.116,114.093,-74.571,-36.111,61.124,117.053
238.32551033428607,2,0,1,-0.475,1.048,2.387,-0.071,1.525,-1.499
222.80197296873538,0,0,1,-117.08,-730.763,2665.886,1092.644,-1652.355,3510.716
715.6175238081642,2,0,1,-188.055,-1226.027,4530.739,1855.672,-2803.78,5997.809
246.49810524591436,2,0,1,70.624,119.64,-92.687,-44.579,74.041,88.593
324.34533015966383,0,0,1,101.286,108.924,142.619,49.408,-66.167,529.842
781.7945675013799,2,0,1,-338.679,-1982.796,7104.794,2913.41,-4404.552,9262.567
134.1316941684972,0,0,1,38.127,67.936,-46.942,-25.691,39.722,52.066
489.464648176469,1,0,1,36.082,65.433,-46.143,-24.508,39.921,48.396
1921.4639790114973,1,0,1,69.606,50.611,248.769,91.661,-134.085,591.008
605.512263373181,1,0,1,48.382,-29.006,441.548,176.178,-261.098,799.341
1863.0028686354565,1,0,1,-121.834,-718.522,2603.23,1064.934,-1612.001,3406.493
172.44602301677023,1,1,1,62.765,109.621,-81.418,-40.935,67.428,81.077
1283.3580615030096,1,0,1,71.849,126.659,-94.726,-47.889,76.081,97.021
175.77389199401227,2,0,1,33.052,55.053,-42.969,-20.283,34.802,39.562
300.5045830675695,0,0,1,-97.071,-720.829,2768.408,1130.615,-1708.369,3725.866
704.0802222514701,1,0,1,-17.212,-390.408,1728.01,702.346,-1058.271,2466.154
1410.0521597552595,2,0,1,-280.016,-1749.707,6400.477,2621.622,-3961.932,8426.214
295.1141591336662,0,0,1,-119.794,-779.331,2876.211,1178.275,-1780.813,3807.4
2127.0412524692115,1,0,1,-19.213,-385.07,1711.774,693.655,-1045.711,2437.022
1527.226895272153,1,0,1,49.537,88.681,-65.103,-33.615,52.956,68.193
2332.1208166926567,2,0,1,57.557,103.136,-75.21,-38.975,61.943,78.571
626.0408673788829,2,0,1,40.318,60.675,-26.329,-13.7,25.503,87.101
58.989886105084715,0,0,1,56.853,96.25,-74.532,-35.832,59.663,71.094
404.9762760742117,0,0,1,38.755,71.024,-50.265,-26.898,42.415,54.175
176.478532856897,2,0,1,43.596,74.525,-56.321,-27.577,46.668,53.901
491.05273009971717,0,0,1,98.713,171.833,-130.678,-64.893,103.54,131.564
1675.779939140423,2,0,1,-30.541,-596.227,2629.99,1067.378,-1608.686,3739.685
284.0406249045805,0,0,1,-56.967,-360.903,1307.331,537.328,-811.869,1721.389
1601.6928841834101,2,0,1,-362.984,-2041.028,7233.117,2966.209,-4487.323,9375.105
178.36966544469874,0,0,1,7.324,-118.237,586.273,239.022,-359.406,878.441
989.7806442634642,1,0,1,-13.798,-176.403,731.916,299.021,-451.705,1025.124
747.1894688159991,2,0,1,-303.213,-1725.377,6146.337,2519.249,-3811.195,7984.436
520.5119754881794,2,0,1,7.552,15.978,-8.297,-5.831,10.113,10.489
720.7945460379706,2,0,1,-36.677,-557.5,2388.338,971.842,-1464.748,3365.637
738.3375103109205,1,0,1,-167.848,-1122.52,4175.291,1709.744,-2581.308,5541.039
568.1139856510796,2,0,1,-334.909,-1957.859,7021.965,2878.453,-4353.12,9157.435
335.3860963040899,0,0,1,-51.793,-463.314,1845.004,752.797,-1137.087,2526.055
1329.9049600606827,2,0,1,-66.393,-498.875,1934.027,788.405,-1191.961,2609.437
531.7190088644652,1,0,1,70.91,125.999,-92.129,-47.339,76.546,94.524
480.2164768783299,2,0,1,68.172,120.146,-88.303,-44.949,73.604,89.167
15.099338513426524,1,0,1,13.935,20.143,-18.543,-7.187,13.576,13.66
2567.394044744157,2,0,1,33.804,-7.021,282.001,108.631,-162.086,523.465
1874.6564898159909,2,0,1,22.325,42.888,-28.701,-16.379,25.121,33.186
150.93080631948584,1,0,1,23.787,38.894,-30.617,-14.151,25.155,27.018
164.1647084134824,0,0,1,-107.113,-647.327,2322.558,954.107,-1441.832,3038.65
26.244851747117853,0,0,1,67.858,117.107,-88.302,-43.654,72.321,86.418
838.487361933813,2,0,1,-41.824,-455.294,1853.456,757.333,-1141.497,2566.405
366.15449547059677,0,0,1,-51.629,-464.198,1833.356,749.802,-1130.796,2505.211
1112.7934908423504,2,0,1,30.031,-13.873,254.16,101.323,-148.533,463.609
346.70810272968663,2,0,1,52.231,-283.782,1681.488,677.363,-1014.52,2619.975
218.00700940608775,0,0,1,44.258,77.825,-57.447,-29.59,45.75,60.702
308.4429197198479,0,0,1,42.865,72.205,-34.441,-20.261,31.798,92.752
56.052517402108386,1,0,1,189.95,323.201,-250.838,-121.058,198.07,242.833
1307.4394728731502,1,0,1,-355.755,-2133.609,7723.801,3163.899,-4783.953,10113.697
492.2044014242569,1,0,1,-112.222,-705.542,2571.233,1054.617,-1594.008,3386.396
58.166346282710784,1,0,1,113.912,95.687,324.405,118.833,-171.757,845.051
745.2256381104929,1,0,1,-259.193,-1488.665,5296.707,2173.12,-3285.824,6883.609
1398.9228208605614,2,0,1,41.577,76.02,-53.623,-28.68,45.735,57.356
206.32947222590366,1,0,1,45.903,79.684,-59.321,-29.633,49.401,58.291
1454.5282803834293,1,0,1,68.884,121.541,-90.779,-45.954,73.002,93.081
550.8385900970762,2,0,1,-107.138,-786.863,2990.42,1223.942,-1847.245,4011.615
1506.6294713971079,1,0,1,-269.643,-1591.955,5731.844,2348.794,-3552.242,7488.022
292.54553524836456,2,0,1,31.417,54.791,-40.182,-20.279,34.248,39.453
1290.7107540483858,2,0,1,-25.902,-265.535,1062.42,435.191,-654.975,1462.134
1269.6289751889979,2,0,1,90.747,160.67,-118.15,-60.375,97.603,120.701
186.56000326708732,0,0,1,-119.341,-781.223,2895.415,1185.27,-1792.048,3838.719
2045.5580503187443,2,0,1,38.959,71.495,-50.102,-26.958,43.048,53.805
102.53030792193192,0,0,1,10.794,21.917,-12.367,-8.039,13.784,14.772
442.39867830363664,0,0,1,-125.267,-767.292,2801.878,1146.71,-1734.538,3683.357
327.65207718489165,1,0,1,-32.654,-244.948,936.593,383.141,-579.981,1263.661
909.6227114388363,1,0,1,62.367,89.204,15.182,-2.023,6.241,227.05
2176.95922152668,1,0,1,-0.032,-129.877,627.892,253.044,-381.951,919.003
155.7923129207503,1,0,1,65.791,114.794,-85.451,-42.887,70.554,85.046
76.7467935639805,0,1,1,72.116,127.607,-93.602,-47.856,77.808,95.302
650.3381577894118,0,0,1,34.172,53.674,-45.77,-19.796,34.014,39.327
1512.899351947604,2,0,1,3.578,-50.238,280.998,111.526,-169.102,425.417
233.4036264497624,0,0,1,52.257,93.952,-67.987,-35.448,56.581,71.184
108.55240944208747,0,0,1,57.649,100.632,-74.704,-37.549,61.989,74.263
88.29775327075768,0,0,1,89.879,155.898,-117.277,-58.301,95.685,116.014
591.3347087897055,0,0,1,81.145,142.564,-107.511,-54.009,85.337,109.933
599.4793789021359,0,0,1,94.357,156.655,-125.594,-58.538,96.593,117.606
341.02494070668473,0,0,1,-32.328,-233.412,877.25,359.776,-544.362,1177.031
1910.8592732056252,2,0,1,31.461,41.119,43.013,11.557,-16.455,167.857
206.62717387794757,1,0,1,49.561,-26.991,442.255,176.106,-259.913,801.807
2275.443086060777,2,0,1,109.879,145.383,35.829,4.916,2.244,403.318
379.4294137271935,1,0,1,43.065,71.036,-56.647,-26.289,44.588,51.884
145.8742145818481,1,0,1,11.042,20.697,-13.203,-7.334,13.345,14.052
233.24994250479693,2,0,1,-59.833,-628.572,2566.514,1047.097,-1579.088,3551.874
208.46830168637592,0,0,1,-2.052,-197.637,908.836,369.781,-556.794,1319.932
323.5518935758383,0,0,1,52.294,94.261,-67.958,-35.568,56.748,71.392
1105.3523565775693,1,0,1,121.444,212.066,-159.185,-79.683,128.967,159.816
1242.649054932715,1,0,1,53.446,55.698,76.687,27.619,-36.0,280.476
1436.9960414374916,2,0,1,45.25,82.367,-58.436,-31.057,49.622,62.103
2421.440283715468,2,0,1,107.739,155.774,14.081,-7.982,18.596,371.916
1978.6531533386724,1,0,1,-255.486,-1663.486,6176.335,2526.361,-3818.585,8182.847
225.6802275028592,0,1,1,-102.357,-695.304,2587.522,1060.38,-1601.957,3442.019
1968.3050521155544,2,0,1,74.779,111.038,-39.96,-21.996,40.097,179.501
60.97318899136193,0,0,1,28.102,48.712,-35.7,-17.921,30.785,34.481
925.4436149553443,1,0,1,84.703,149.574,-110.468,-56.218,90.841,112.512
1228.080114719568,1,0,1,-211.718,-1232.72,4412.434,1809.194,-2736.773,5751.683
214.0074241039042,1,0,1,49.369,84.064,-64.188,-31.191,52.402,61.371
509.1978516731213,1,0,1,-167.793,-1133.982,4227.65,1731.187,-2614.203,5619.13
557.577719547443,2,0,1,64.997,112.761,-84.579,-42.101,69.41,83.505
468.54148300220703,2,0,1,95.277,162.947,-124.788,-60.817,100.472,120.97
208.38633049686868,0,0,1,27.618,51.034,-36.071,-19.448,30.098,39.578
2360.6463823209688,2,0,1,-216.755,-1350.817,4956.775,2028.288,-3066.762,6529.643
185.3728671111399,0,0,1,-143.986,-888.069,3225.424,1322.512,-1999.039,4237.366
727.304558932866,1,0,1,52.708,93.932,-68.658,-35.375,56.801,70.922
219.74434346423726,1,0,1,42.916,54.385,12.53,2.645,0.761,152.961
40.643578725545176,0,0,1,41.713,73.628,-53.567,-27.419,45.482,53.859
488.9337201917794,2,0,1,59.196,102.44,-76.827,-38.158,63.339,75.367
990.4291374330005,2,0,1,-407.737,-2308.232,8199.999,3362.199,-5086.175,10640.654
250.7463747765744,0,0,1,-25.684,-235.131,919.052,377.173,-568.252,1255.078
63.66228995773487,0,0,1,33.372,60.463,-42.33,-22.536,37.223,44.065
1507.520385924928,1,0,1,12.127,-34.353,263.138,103.439,-156.296,426.948
1002.9737870399811,2,0,1,57.203,101.532,-74.111,-38.071,61.913,75.735
1275.0200222959506,2,0,1,-216.433,-1472.788,5519.648,2258.035,-3411.604,7349.853
130.71071079791537,0,0,1,44.43,41.991,69.517,25.408,-36.217,237.44
1969.8947514016677,2,0,1,119.512,208.826,-157.283,-78.67,126.376,158.58
1294.9334713205117,1,0,1,59.042,105.919,-76.842,-39.946,63.848,80.19
1498.7148226046984,2,0,1,92.627,143.679,-33.458,-25.387,43.698,253.667
0.0,1,0,0,-312.564,-1899.28,6909.591,2829.15,-4277.831,9067.035
61.817953757905734,2,0,1,28.036,50.299,-36.364,-18.063,31.006,38.136
310.15187303068444,0,0,1,28.891,53.914,-37.103,-20.412,32.176,40.916
752.3143200744762,1,0,1,-179.32,-1232.198,4640.631,1897.056,-2866.563,6189.278
193.58132529223653,0,0,1,14.988,29.089,-17.932,-10.738,18.141,20.227
686.7826643556717,0,0,1,18.819,27.872,-25.477,-10.162,18.096,20.062
338.286749664643,1,0,1,56.357,100.849,-72.659,-37.799,61.508,74.983
663.8910020217427,2,0,1,-189.639,-1122.64,4042.055,1656.658,-2505.954,5283.379
1623.7297253714064,2,0,1,20.707,40.023,-25.839,-15.075,24.063,29.667
625.6513124560391,1,0,1,68.095,121.37,-89.085,-45.825,73.04,92.341
2000.6084354921552,2,0,1,93.707,164.93,-123.098,-62.197,99.569,125.408
247.82729444096657,2,0,1,43.657,74.603,-56.5,-27.632,46.638,54.123
274.668306141761,0,0,1,70.051,123.642,-92.361,-46.767,74.208,94.791
46.086005367560816,0,0,1,58.803,100.456,-76.651,-37.371,62.314,73.862
113.71080409114218,0,0,1,121.453,197.8,-138.118,-66.6,110.004,186.792
294.97580629916786,0,0,1,-171.905,-1015.592,3637.607,1492.732,-2256.55,4746.956
1310.1481790940866,1,0,1,20.338,-130.813,744.711,300.842,-449.061,1147.102
223.69136525215256,0,0,1,-76.742,-491.602,1792.595,735.996,-1111.827,2364.517
30.16003746476398,1,1,1,62.618,99.503,-43.083,-23.495,39.147,146.967
403.6827644036139,1,0,1,-46.879,-369.911,1417.976,581.119,-876.854,1915.012
794.0723113629512,2,0,1,-84.874,-861.183,3501.045,1427.647,-2153.023,4830.801
218.02213630510988,1,0,1,71.082,123.72,-92.457,-46.226,76.038,91.746
114.8176978707099,0,0,1,27.033,43.81,-35.432,-16.084,27.923,31.374
60.9487333500477,0,0,1,14.715,23.959,-18.648,-8.617,15.802,16.059
932.9547712516301,1,0,1,-95.965,-879.659,3521.138,1436.17,-2167.175,4825.575
274.5695933599636,0,0,1,54.255,95.795,-71.769,-36.308,57.271,73.883
78.78895670131374,1,0,1,81.061,142.239,-106.462,-53.141,86.347,108.047
843.2788759494067,1,0,1,5.09,13.273,-4.753,-4.896,8.156,8.644
882.0925518838988,2,0,1,52.458,84.094,-59.694,-28.022,47.898,77.723
1117.2828825084468,2,0,1,-223.99,-1373.131,4986.985,2044.015,-3090.127,6548.192
1399.5402624871513,1,0,1,18.614,36.05,-24.137,-13.861,20.826,28.405
1940.4807377323748,1,0,1,40.758,23.985,139.678,54.613,-77.477,331.217
1072.4643053705122,2,0,1,-436.733,-2553.603,9166.318,3756.691,-5680.712,11954.079
813.6428789469157,1,0,1,-112.252,-804.181,3047.278,1246.546,-1883.261,4082.045
685.9584100462355,1,0,1,45.072,-46.348,503.301,201.337,-299.091,878.507
88.79253617395979,1,0,1,27.994,47.949,-35.738,-17.625,30.375,33.954
1035.488747969197,1,0,1,39.849,60.791,-35.413,-16.779,29.8,73.029
385.2934404074266,1,0,1,63.87,-41.885,606.93,241.591,-357.784,1089.222
55.82673421305979,0,0,1,44.693,72.151,-58.691,-26.75,44.92,53.335
34.38283924220205,0,1,1,28.392,48.603,-36.29,-17.876,30.76,34.484
226.38620195293808,0,0,1,-271.832,-1604.36,5764.54,2363.427,-3573.724,7526.911
237.7864863609255,0,0,1,-10.868,-275.959,1221.073,497.108,-749.186,1747.422
47.581974250523494,0,0,1,61.335,103.431,-76.793,-38.672,62.171,77.661
159.04213240897545,1,0,1,15.893,28.657,-19.519,-10.473,18.273,19.657
682.9441692441717,1,0,1,57.9,90.051,-54.183,-26.043,45.514,102.859
66.23696513225661,0,1,1,39.336,64.809,-51.73,-23.972,40.72,47.275
1184.8259504378834,1,0,1,0.462,-269.691,1281.225,518.929,-781.421,1872.423
744.7294836726123,1,0,1,55.304,99.259,-71.573,-37.318,60.181,74.44
2243.325601507329,2,0,1,58.784,104.975,-76.978,-39.679,63.033,80.096
410.71256718322667,1,0,1,62.924,-60.367,692.21,275.813,-408.154,1207.742
1354.5657498398052,2,0,1,-7.529,-192.187,858.566,348.696,-526.18,1230.681
1058.8834402764305,1,0,1,46.762,84.652,-60.255,-31.827,51.293,63.358
917.3445562107972,1,0,1,133.415,128.955,297.874,106.033,-150.926,868.476
1083.8830435389457,1,0,1,-2.592,-370.126,1747.943,707.127,-1064.779,2543.499
503.5220251255527,1,0,1,-158.859,-1102.165,4139.302,1694.26,-2558.009,5519.155
240.87548016835325,0,0,1,43.62,78.347,-56.111,-29.359,47.788,58.167
2839.5850264026844,2,0,1,61.858,29.766,295.842,111.467,-164.446,634.644
2121.679679604104,2,0,1,44.715,81.132,-58.188,-30.696,48.575,61.847
3070.9176837296586,2,0,1,-20.678,-368.67,1623.653,658.164,-992.456,2303.807
913.850442119577,2,0,1,-414.269,-2381.061,8484.819,3479.91,-5262.258,11031.377
363.7659606837387,1,0,1,21.756,-31.332,270.457,109.867,-163.407,464.002
82.58015368399872,0,0,1,112.064,191.583,-147.272,-71.646,117.708,143.092
275.31673017534433,0,1,1,-96.226,-737.079,2838.564,1160.236,-1752.366,3829.652
1411.2690331277772,1,0,1,-32.996,-378.271,1581.673,642.876,-970.696,2203.562
343.8619219341751,0,0,1,-155.644,-972.743,3542.959,1452.855,-2195.448,4661.604
754.0606357379354,2,0,1,115.633,54.539,524.474,200.275,-293.815,1141.095
828.4944632102323,1,0,1,60.618,107.25,-78.685,-40.221,65.395,80.103
927.2635952587508,1,0,1,-133.672,-1123.421,4440.725,1810.607,-2733.433,6045.827
909.1971846436952,0,0,1,24.658,31.871,-5.529,-2.632,7.261,67.862
692.489981371406,1,0,1,6.886,16.465,-7.076,-6.093,10.103,11.023
62.268071823017515,0,0,1,53.198,72.674,-24.191,-12.177,19.937,133.887
1882.444086835874,2,0,1,-6.684,-108.536,487.799,196.373,-297.209,693.246
1485.7501943937823,2,0,1,81.162,142.872,-106.035,-53.705,86.772,107.59
2132.399399450931,2,0,1,4.422,-116.918,596.855,239.982,-362.029,888.256
1545.447765968765,2,0,1,-39.825,-319.319,1246.509,508.813,-769.426,1692.296
74.71388015465135,1,0,1,36.085,60.022,-47.487,-21.875,37.722,44.262
1705.087626788304,1,0,1,90.027,158.198,-118.637,-59.743,95.263,120.843
234.67649938313374,0,0,1,61.706,92.596,-46.848,-22.817,39.533,129.21
1605.1364014037854,2,0,1,76.365,-92.533,976.157,385.254,-574.911,1673.113
683.4439623612573,2,0,1,-336.493,-2101.277,7684.971,3147.789,-4756.693,10115.296
923.5764940646028,1,0,1,-132.059,-970.323,3700.313,1513.173,-2285.201,4969.189
957.199827973929,1,0,1,-146.81,-898.296,3266.498,1338.242,-2023.821,4290.426
1207.08747303332,2,0,1,50.773,91.433,-65.209,-34.259,55.774,67.813
362.4126674635824,1,1,1,-307.576,-1903.982,6946.445,2845.527,-4301.104,9134.39
165.986526451292,0,0,1,6.097,14.445,-6.323,-5.347,8.862,9.7
2245.456431582768,2,0,1,39.047,71.668,-50.6,-27.14,42.8,54.636
125.48667249440071,0,0,1,32.869,58.469,-41.725,-21.679,36.381,42.121
220.5642673414441,2,0,1,86.99,148.433,-113.965,-55.37,91.627,110.08
0.0,1,0,0,37.491,68.725,-48.625,-26.029,41.036,52.428
2299.8742487766995,2,0,1,43.948,29.166,181.374,66.578,-98.276,409.931
588.0798550767956,1,0,1,-26.726,-417.772,1781.575,726.244,-1091.818,2505.994
1123.2467979849919,1,0,1,-337.075,-1989.319,7157.958,2933.606,-4436.116,9348.507
2086.9526515285975,2,0,1,77.151,137.168,-100.731,-51.692,82.855,103.834
397.9171129416899,1,0,1,80.885,134.253,-107.211,-50.027,83.2,99.956
179.39285779853748,1,0,1,50.554,62.612,12.995,4.544,-1.706,185.595
1346.3370934411064,2,0,1,77.838,137.862,-101.632,-51.897,83.467,104.116
1698.0159773271487,1,0,1,-231.61,-1386.921,5029.792,2059.172,-3114.63,6588.95
27.573047119761245,2,0,1,36.508,64.983,-48.15,-23.44,39.581,50.491
33.38379887777744,0,0,1,36.19,57.493,-43.762,-21.296,34.517,42.747
145.0055726530898,0,0,1,110.867,193.491,-145.412,-72.719,117.629,145.929
914.0995275940306,2,0,1,-166.79,-1029.453,3737.819,1532.797,-2315.333,4906.979
1074.4107398804179,1,0,1,48.658,87.883,-63.205,-33.172,52.867,66.596
449.89140841879714,1,1,1,-9.468,-163.712,698.626,285.331,-428.072,983.966
1226.6686432813572,2,0,1,-47.468,-508.11,2085.421,849.845,-1282.473,2890.027
1684.013073562951,1,1,1,-182.707,-1108.546,4010.363,1644.307,-2485.653,5256.547
141.96117113570926,0,0,1,47.794,83.04,-61.795,-30.899,51.427,60.837
349.4120437358464,0,0,1,28.294,32.639,13.388,4.86,-4.018,107.857
1057.4983132651564,1,0,1,13.624,-80.889,461.315,186.894,-278.327,712.464
1188.7598646062643,2,0,1,35.519,64.893,-45.213,-24.297,39.598,47.857
606.664668674129,1,0,1,127.269,221.132,-168.569,-83.493,133.318,169.278
101.97900385465188,0,1,1,90.668,156.311,-118.399,-58.375,96.221,116.018
328.22032652891926,1,0,1,41.508,71.961,-53.332,-26.657,44.93,52.032
576.4707648075677,2,0,1,-7.709,-98.651,400.161,164.459,-246.122,554.281
744.1291784718788,0,0,1,117.676,155.79,70.434,14.915,-15.289,486.567
174.1644914016449,1,0,1,25.413,42.141,-32.662,-15.391,27.054,29.507
2037.454176843582,1,0,1,-28.84,-485.773,2119.62,860.305,-1296.971,3000.49
974.0299049313348,1,0,1,-212.475,-1210.091,4288.117,1760.144,-2660.496,5561.677
164.32355510659337,0,0,1,0.009,-112.158,505.079,206.217,-311.094,730.643
247.12084703698173,0,0,1,-222.258,-1237.313,4351.562,1786.805,-2702.877,5626.382
365.3766824347839,1,0,1,52.035,91.509,-67.037,-34.104,56.463,67.159
1302.0232233527531,2,0,1,-158.472,-1122.765,4248.455,1737.518,-2624.962,5684.283
259.04722261031424,2,0,1,41.595,68.828,-54.749,-25.508,43.084,50.445
248.48635249078188,1,0,1,121.679,61.588,524.338,200.371,-293.226,1159.682
120.18156249345266,1,0,1,62.876,105.944,-82.457,-39.393,65.841,78.058
395.2297605885636,2,0,1,34.159,-49.62,451.507,180.827,-267.444,763.89
133.05172231664005,1,0,1,51.979,84.864,-69.797,-30.732,52.986,64.443
1017.3130721698964,2,0,1,-461.714,-2649.229,9451.987,3874.866,-5860.287,12290.019
819.2111427982671,1,0,1,-251.802,-1546.77,5623.039,2304.432,-3482.204,7382.039
405.41832467897746,0,0,1,59.113,105.424,-77.24,-39.784,63.505,80.07
732.0682407368294,2,0,1,-31.547,-411.233,1735.453,706.272,-1065.32,2430.952
1589.796384089365,1,0,1,19.937,38.795,-25.197,-14.737,22.94,29.464
174.31610587265556,0,0,1,68.772,122.038,-90.303,-46.119,73.342,93.194
7.98894332323342,1,0,1,122.378,207.59,-161.305,-77.593,127.733,155.118
686.93101659487,2,0,1,-176.749,-1217.881,4565.74,1868.962,-2822.45,6084.183
365.96060725600387,2,0,1,10.578,19.394,-12.33,-6.927,12.834,12.282
186.73173443866645,2,0,1,101.075,172.443,-132.614,-64.383,106.279,128.233
889.8862185546068,2,0,1,143.399,229.078,-132.961,-67.074,113.549,264.072
149.73763079388183,2,0,1,53.379,90.861,-69.574,-33.761,56.495,66.629
280.4617322835986,2,0,1,23.245,25.332,25.909,9.221,-10.273,108.252
85.03733452852192,1,0,1,25.697,42.75,-33.15,-15.667,27.277,30.23
75.08505147859685,0,0,1,59.836,88.107,-42.511,-22.186,34.053,127.01
86.80127107096179,1,1,1,40.782,4.107,253.647,99.111,-147.385,506.762
1450.8059295363926,2,0,1,-174.915,-1236.016,4687.786,1915.772,-2894.399,6272.303
305.4704615312913,0,0,1,-14.969,-156.686,629.537,257.778,-389.794,872.105
998.2256848846304,2,0,1,59.615,-201.142,1348.433,540.795,-809.538,2160.461
846.5537747744601,0,0,1,48.93,86.05,-65.232,-32.73,51.113,67.124
115.51009338574343,0,1,1,28.043,43.48,-38.035,-16.113,27.354,32.431
2360.8251114927493,2,0,1,28.798,-189.418,1074.37,434.036,-648.847,1655.384
448.39709677486127,1,0,1,123.087,214.177,-161.335,-80.391,130.539,161.034
447.97584799438005,1,0,1,-231.527,-1530.81,5685.317,2327.46,-3516.18,7540.375
320.26559322388334,1,0,1,15.788,-320.669,1620.767,655.45,-985.233,2416.151
847.8310823070527,2,0,1,52.216,52.873,114.753,40.262,-57.45,340.565
28.412292165365027,0,0,1,64.79,115.602,-84.445,-43.566,69.809,87.44
188.88386543459046,0,0,1,-62.076,-467.253,1798.283,734.519,-1110.247,2424.47
845.5618319589684,2,0,1,-223.326,-1276.266,4555.063,1866.663,-2824.59,5923.565
548.6026178055623,1,0,1,15.608,30.665,-18.933,-11.442,18.743,21.995
918.201320535164,2,0,1,-149.432,-961.515,3538.535,1449.717,-2189.434,4673.236
1949.2026379816184,2,0,1,-20.703,-464.199,2071.48,840.052,-1265.916,2956.574
88.46817808631876,0,0,1,80.715,142.765,-105.529,-53.765,86.38,107.981
216.67695281603065,0,0,1,108.14,176.171,-123.768,-59.351,98.579,165.402
0.0,1,0,0,-195.466,-1403.389,5323.793,2177.412,-3287.414,7128.535
461.8659996112641,0,0,1,33.999,46.75,-17.95,-9.108,15.889,76.886
377.5819662927827,2,0,1,-17.899,-253.317,1065.347,434.85,-653.165,1490.583
54.130363964692556,0,0,1,44.139,77.514,-55.479,-28.904,47.282,57.07
612.5805003998,1,0,1,93.151,111.641,118.906,36.586,-49.561,477.769
1308.3083784690552,2,0,1,119.843,209.226,-157.512,-78.739,126.872,158.424
286.94374724198303,0,0,1,-108.173,-767.298,2893.683,1184.56,-1788.987,3869.372
153.51547808536282,1,0,1,126.332,195.168,-116.556,-51.752,90.338,251.8
266.03664083808854,2,0,1,17.39,28.445,-22.206,-10.297,18.553,19.444
262.17205661742014,0,0,1,4.977,13.243,-6.032,-5.334,6.785,11.286
762.3512128586455,1,0,1,-232.264,-1291.17,4541.073,1864.413,-2819.345,5868.069
111.34299299923164,0,0,1,83.219,147.006,-106.572,-55.323,88.336,111.082
218.15119449666963,0,0,1,35.327,63.647,-44.91,-23.712,39.229,46.386
431.81147521131726,0,0,1,75.09,39.668,310.054,118.756,-174.248,697.49
547.7989953201358,0,0,1,55.486,90.175,-74.202,-33.58,56.036,67.382
179.51322511057649,0,0,1,41.835,76.369,-53.701,-28.722,46.221,57.099
988.9788616625101,2,0,1,-72.394,-612.415,2400.869,981.282,-1480.726,3266.461
976.0915649677992,2,0,1,26.827,-51.771,445.746,175.805,-263.856,740.276
1184.7540861225953,1,0,1,-230.09,-1325.853,4742.279,1943.413,-2940.035,6173.572
198.5206102388998,1,0,1,51.319,90.814,-66.206,-33.937,55.735,67.097
291.9760916802841,1,0,1,19.303,35.506,-23.762,-13.077,22.306,24.84
1519.7401052282746,2,0,1,-180.472,-1160.582,4276.073,1751.293,-2646.682,5651.999
1652.9007580544942,2,0,1,-93.535,-788.853,3117.547,1271.376,-1919.804,4246.47
29.494349138277627,1,0,1,50.494,84.567,-66.632,-31.045,52.689,62.946
497.82105722740437,1,0,1,35.942,-263.397,1479.92,596.966,-895.214,2274.88
95.49633660852734,0,0,1,65.88,117.477,-85.513,-44.159,71.286,88.186
2283.4091188818616,2,0,1,93.034,163.5,-122.221,-61.633,98.791,124.217
191.9751094525149,2,0,1,25.608,44.804,-32.346,-16.477,28.316,31.6
77.22126841741898,0,0,1,28.363,46.208,-37.214,-17.005,29.316,33.288
55.91219013852455,0,0,1,86.878,146.878,-114.136,-54.73,90.907,108.827
699.2009354616034,2,0,1,-416.717,-2462.18,8863.268,3632.376,-5492.333,11576.886
1044.4215532306528,2,0,1,-4.674,-156.219,693.759,283.042,-423.981,991.63
851.1874283024439,2,0,1,-350.53,-2073.9,7476.066,3063.016,-4631.97,9769.589
936.3420272493678,1,0,1,-254.989,-1606.453,5885.059,2410.825,-3643.272,7755.855
1458.4220169772516,1,0,1,17.481,-122.733,680.928,275.939,-411.927,1045.082
1195.5498723418107,1,0,1,-166.231,-1155.62,4350.409,1779.758,-2688.479,5806.5
2318.4433792475356,2,0,1,-4.35,-243.377,1144.389,461.906,-696.138,1657.742
173.44052757803016,0,0,1,-161.916,-1127.393,4247.598,1737.479,-2625.062,5671.682
128.7691346552447,0,1,1,78.576,139.062,-101.978,-52.151,84.792,103.85
1761.1863784951163,2,0,1,-122.592,-924.917,3570.246,1457.331,-2201.433,4812.413
139.41480261912668,1,0,1,50.043,85.732,-64.962,-31.839,53.332,62.665
1172.1570910875844,1,0,1,-82.948,-667.851,2611.533,1065.731,-1609.761,3542.727
2130.1677565753616,2,0,1,-43.972,-551.877,2333.601,948.249,-1430.538,3264.152
1556.6046702761869,2,0,1,-21.39,-243.292,997.166,407.296,-612.547,1381.257
267.0354978549841,0,0,1,14.943,-8.936,116.566,47.413,-70.88,212.308
364.6210637304893,1,0,1,29.51,-12.994,239.119,96.042,-142.512,444.494
137.39156140087078,1,0,1,43.758,78.822,-55.864,-29.435,48.376,57.862
704.2347452611224,2,0,1,-47.194,-365.381,1396.331,572.183,-862.096,1879.203
500.62950232770964,0,1,1,26.87,49.296,-35.477,-18.864,28.854,38.76
1204.8925341616011,2,0,1,24.593,-289.377,1535.77,619.716,-931.117,2321.322
731.514343541513,2,0,1,-236.83,-1491.251,5463.139,2237.899,-3381.936,7199.387
69.17609634570809,1,0,1,33.394,52.337,-43.029,-18.776,32.082,41.643
348.23231763116365,2,0,1,78.248,133.592,-102.433,-49.819,82.507,98.97
975.6403221285378,1,0,1,-308.747,-1995.734,7370.665,3017.76,-4559.057,9746.447
983.4634501271032,2,0,1,-162.083,-1019.474,3735.314,1529.96,-2313.196,4924.58
2003.1053830923706,1,0,1,-90.409,-631.751,2370.232,970.797,-1464.68,3159.713
203.51551241899745,0,0,1,45.865,79.629,-57.792,-30.41,45.58,63.218
717.0989000612652,2,0,1,-339.504,-2015.454,7267.184,2977.919,-4502.849,9499.75
146.61202190936672,0,1,1,46.118,83.187,-60.597,-31.596,49.459,64.236
1045.3097323532816,2,0,1,46.798,82.181,-60.587,-30.703,50.486,60.789
308.31876408982635,0,0,1,15.063,-44.073,288.533,117.582,-174.492,466.32
846.0552529977373,2,0,1,-221.754,-1440.047,5340.266,2184.721,-3302.333,7072.578
332.21505313203403,0,0,1,-34.381,-233.892,879.696,359.537,-544.662,1175.28
347.8522383024565,1,0,1,-5.385,-317.815,1487.456,601.257,-906.035,2155.292
1101.915400100588,1,0,1,-251.542,-1471.315,5270.1,2161.146,-3268.125,6871.647
210.5009739236493,0,0,1,47.125,85.401,-61.405,-32.325,51.095,65.2
1736.8872367292388,2,0,1,85.161,148.605,-113.407,-55.959,89.07,115.292
34.761344142638556,0,0,1,20.181,34.002,-24.809,-12.43,21.449,23.813
984.1229380885515,1,0,1,-245.912,-1724.946,6515.92,2664.602,-4024.43,8705.631
187.2249291282319,0,0,1,28.052,50.85,-34.192,-19.095,30.25,37.989
1164.6480797117817,1,0,1,-63.042,-599.287,2421.176,986.55,-1489.231,3329.464
108.6893288237829,0,0,1,49.764,88.922,-64.214,-33.331,54.233,66.153
317.9508269012336,2,0,1,29.865,49.56,-38.691,-18.197,31.525,35.277
694.7951988461803,1,0,1,-109.702,-817.25,3116.724,1275.408,-1925.188,4188.378
284.874226284289,0,0,1,12.874,-77.738,433.442,176.491,-263.312,670.731
318.7707961508019,0,0,1,91.98,104.032,105.954,35.684,-45.685,448.561
127.99691921785563,0,1,1,61.308,109.53,-79.813,-41.265,66.175,82.744
204.6347778021491,0,0,1,47.821,85.255,-61.399,-31.842,52.349,62.77
621.0529883256614,0,0,1,-263.165,-1524.061,5453.469,2235.402,-3381.497,7103.619
502.3893158720459,2,0,1,33.161,58.693,-42.219,-21.766,36.524,42.356
1698.5732771196408,2,0,1,61.178,109.653,-79.872,-41.419,65.911,83.42
2274.1527981915888,2,0,1,76.646,135.339,-100.576,-51.053,81.641,102.918
1603.5136995588048,1,0,1,39.256,71.991,-51.066,-27.315,42.839,55.208
1335.997073535078,1,0,1,-280.444,-1761.302,6465.366,2646.632,-4000.64,8522.101
599.5607179575363,1,0,1,-13.549,-689.277,3163.295,1283.946,-1930.775,4566.47
355.56841573620017,2,0,1,-2.073,-15.494,49.661,21.333,-30.661,61.864
1032.3924080002676,2,0,1,-152.067,-1059.774,4011.579,1639.016,-2476.71,5360.507
141.91946447947015,1,0,1,24.104,42.62,-30.296,-15.682,26.893,30.024
185.51650528702044,0,0,1,126.384,219.411,-167.309,-82.797,132.427,167.715
439.1241419719608,0,0,1,41.9,24.428,160.151,61.262,-90.544,372.457
1001.9398336172153,2,0,1,-122.019,-815.094,3024.201,1239.115,-1870.527,4011.292
38.15426628221924,0,0,1,44.97,73.148,-59.663,-27.104,45.859,53.831
926.6892656375072,1,0,1,16.506,-123.383,690.874,278.688,-419.048,1063.555
1042.7979363663003,2,0,1,-28.48,-458.688,1963.942,800.266,-1204.823,2770.032
742.5654682427719,2,0,1,16.917,-211.444,1097.129,444.628,-666.816,1653.003
26.954097858853615,1,0,1,60.016,106.641,-78.97,-40.365,63.888,81.8
794.669294272497,2,0,1,4.731,-349.348,1668.744,677.39,-1016.712,2444.699
1035.1284062839065,2,0,1,-111.102,-735.635,2726.472,1116.862,-1687.866,3617.225
741.6024818549168,1,0,1,-48.975,-442.9,1750.858,716.059,-1080.838,2395.854
1507.4282859378584,2,0,1,-31.013,-254.033,1006.875,409.78,-619.724,1371.072
110.37404406035527,0,1,1,48.928,85.621,-63.161,-31.899,52.879,62.854
37.647962516431996,0,0,1,14.057,26.672,-16.181,-9.774,16.654,18.248
32.5933231521275,0,0,1,45.639,77.851,-58.53,-28.739,47.883,57.787
88.49392959489712,1,0,1,46.794,79.813,-60.61,-29.56,49.908,57.918
176.55294360692236,0,0,1,-193.199,-1258.241,4644.113,1902.595,-2874.265,6145.385
63.09720152665385,0,0,1,119.418,208.067,-156.057,-77.986,127.136,155.723
35.26276145360494,0,0,1,136.73,230.792,-176.708,-86.436,140.019,173.895
695.3696864720162,1,0,1,-132.698,-1222.732,4903.17,1999.344,-3016.44,6721.429
0.0,1,0,0,-373.886,-2191.92,7879.337,3228.608,-4882.671,10282.127
357.68622186852485,0,0,1,-131.11,-783.431,2815.142,1155.128,-1746.482,3680.915
141.14177130313925,1,0,1,41.034,67.867,-54.005,-25.146,42.5,49.714
39.215900905203675,0,0,1,69.39,116.554,-89.88,-43.467,71.49,86.797
688.4913712940562,2,0,1,-252.593,-1782.677,6745.54,2758.186,-4165.651,9018.889
244.43044168508902,0,0,1,-134.288,-1030.914,3972.727,1623.715,-2450.981,5357.738
278.82400840396485,0,0,1,51.782,89.946,-66.378,-34.253,52.271,70.755
916.4944095398782,1,0,1,-277.542,-1623.228,5827.692,2388.335,-3612.287,7602.288
453.908704426704,2,0,1,37.668,66.573,-48.095,-24.718,41.34,48.242
232.7095152028597,0,0,1,56.272,100.441,-74.004,-38.055,60.043,77.185
194.74313660932688,2,0,1,34.31,58.032,-44.325,-21.402,36.584,41.655
13.716246460269653,1,0,1,119.119,176.847,-50.683,-30.023,53.893,316.778
1686.1742671345041,1,0,1,-86.533,-649.97,2501.288,1021.579,-1543.727,3370.618
147.4429475126613,0,0,1,42.676,76.576,-54.578,-28.591,47.026,56.236
555.565656721534,2,0,1,65.879,114.707,-85.5,-42.807,70.652,84.743
68.54425978375461,0,0,1,48.419,83.347,-62.822,-30.989,51.722,61.064
17.170168912648503,1,0,1,76.144,114.397,-53.797,-26.187,47.38,166.115
890.7183888540189,1,0,1,-229.534,-1619.79,6129.834,2506.349,-3785.872,8197.064
170.27852680702884,0,0,1,79.809,133.796,-105.33,-49.871,82.813,99.445
552.713385092898,2,0,1,-388.789,-2259.357,8084.364,3314.629,-5012.32,10530.932
1010.4661215619981,2,0,1,68.509,121.443,-89.175,-45.644,73.738,91.263
2404.1069381692546,2,0,1,-61.522,-493.963,1935.204,789.245,-1192.54,2626.05
1378.7729090365733,2,1,1,42.78,78.435,-55.116,-29.597,47.162,59.175
419.8118381246544,2,0,1,-3.337,-441.705,2054.421,834.194,-1253.128,2981.102
1838.2634390451385,1,0,1,-105.736,-733.52,2775.397,1133.791,-1713.882,3708.341
239.97383437931913,0,0,1,26.355,49.192,-33.456,-18.508,29.707,36.63
70.41472472817614,2,0,1,56.338,95.884,-73.462,-35.635,59.597,70.36
57.17635391089248,2,0,1,181.558,307.846,-240.703,-114.725,188.706,232.727
279.08187982906117,2,0,1,46.911,80.184,-60.825,-29.736,50.015,58.389
853.4073082146332,2,0,1,-321.838,-1930.43,6981.1,2860.461,-4325.016,9139.867
2985.1063742235265,2,0,1,-1.777,-326.766,1557.818,629.017,-947.098,2268.565
461.04523582857763,0,0,1,54.011,-38.265,556.256,218.688,-326.588,989.767
229.99849167188532,2,0,1,0.434,-0.73,0.303,0.702,0.903,-2.846
1002.4854190787848,1,0,1,54.637,66.93,70.481,20.977,-29.02,282.982
151.7414633724416,0,0,1,-56.099,-439.34,1706.662,696.407,-1053.406,2309.774
247.47068432350005,0,0,1,62.87,108.899,-81.618,-40.582,67.273,80.21
539.3053303648952,1,0,1,128.962,225.067,-169.774,-84.775,136.259,170.88
787.5693337788491,1,0,1,18.921,-249.58,1315.211,530.31,-797.446,1982.285
1362.7325499218346,2,0,1,-13.573,-216.365,918.478,375.011,-562.863,1290.39
293.3820637552655,0,0,1,-66.325,-451.39,1694.392,692.879,-1048.216,2259.915
696.4417898872675,2,0,1,-396.144,-2319.239,8324.642,3412.085,-5159.257,10857.208
107.76150190678177,1,0,1,-24.562,-234.284,945.629,385.458,-582.771,1302.769
314.232464034205,0,0,1,44.445,72.22,-58.912,-26.735,45.357,53.009
252.6796353414796,0,0,1,-52.889,-556.43,2263.75,923.779,-1393.354,3128.523
280.7097356493172,2,0,1,4.719,8.074,-5.012,-2.662,6.033,3.879
695.9522365232503,1,0,1,34.757,62.442,-44.304,-23.279,38.448,45.632
0.0,1,0,0,60.579,108.614,-78.383,-40.818,65.912,81.369
871.6530171901779,2,0,1,70.967,125.213,-92.269,-46.965,76.342,93.622
494.3052968535285,1,0,1,-300.663,-1773.829,6371.246,2612.34,-3949.613,8317.157
1237.5365996439043,2,0,1,93.232,163.856,-121.995,-61.621,99.443,123.609
258.800128949779,0,0,1,22.857,43.279,-29.634,-16.538,25.348,33.651
447.337060842576,0,0,1,26.219,48.163,-34.718,-18.467,28.079,38.077
254.75109210868314,0,0,1,7.676,-34.717,193.367,79.895,-118.853,304.865
574.7471646400551,2,0,1,27.423,44.587,-35.966,-16.393,28.337,32.048
338.1194303699286,0,0,1,56.603,91.311,-74.812,-34.023,56.305,68.538
452.9136611226162,1,0,1,-143.999,-996.546,3744.906,1532.373,-2314.957,4995.664
487.6895385054335,1,0,1,-287.024,-1664.299,5950.72,2439.928,-3690.326,7750.423
75.62686831117031,0,0,1,12.596,23.805,-14.151,-8.671,14.955,15.993
870.8508802833742,2,0,1,-35.12,-418.921,1750.015,712.308,-1074.772,2440.929
564.0206848531393,1,0,1,72.212,128.105,-94.285,-48.247,77.483,96.845
251.1530935978503,0,1,1,-374.56,-2118.179,7516.815,3082.708,-4663.121,9750.793
1135.3625587701115,2,0,1,28.808,15.658,104.928,41.106,-57.882,241.591
197.78191512313063,1,0,1,23.831,41.916,-29.896,-15.38,26.588,29.31
1069.0926723802538,2,1,1,-35.814,-606.181,2616.712,1065.097,-1602.955,3696.648
547.7907197467647,0,0,1,27.381,20.739,93.213,34.249,-51.314,228.816
281.36211866251244,0,0,1,-313.617,-1776.857,6299.647,2584.521,-3909.165,8171.962
1125.551723692602,1,0,1,-178.733,-1057.306,3793.528,1556.15,-2352.852,4953.336
1860.569004925621,2,0,1,44.696,80.634,-58.154,-30.455,48.455,61.232
1009.7838879942136,2,0,1,-189.473,-1345.762,5093.536,2083.28,-3145.935,6813.393
241.37958409671393,0,0,1,114.828,191.272,-150.764,-71.519,117.095,143.836
253.0808976180303,0,0,1,132.529,133.548,242.601,86.563,-119.305,779.034
85.17476881393178,1,0,1,67.445,115.096,-87.959,-42.815,71.406,84.637
144.7905233209633,1,0,1,126.228,218.11,-166.104,-81.37,133.271,164.596
386.5944630838366,0,0,1,-259.13,-1451.63,5132.892,2105.6,-3185.609,6648.2
1151.8459434470146,1,0,1,-368.327,-2286.426,8354.823,3421.655,-5171.599,10991.047
740.1833321060179,2,0,1,18.171,15.176,40.241,15.503,-20.181,112.975
10.799398927075664,1,1,1,161.612,274.251,-213.213,-102.579,168.534,205.332
96.08077381894007,1,0,1,35.228,57.375,-46.218,-21.112,36.411,41.319
273.8333719190287,0,0,1,-50.612,-328.022,1193.441,490.639,-742.112,1578.058
229.6681593709961,1,0,1,76.921,128.513,-101.446,-47.83,79.778,95.171
57.3630488367316,0,1,1,73.725,125.801,-96.419,-46.877,77.806,92.995
522.5166691844397,1,0,1,-244.761,-1548.585,5681.977,2327.292,-3516.897,7492.76
2339.639161278224,2,0,1,21.208,-174.368,989.507,396.571,-595.89,1514.165
622.1422507769329,1,0,1,-64.7,-621.353,2490.336,1017.223,-1532.593,3417.844
334.70699959084595,0,0,1,-98.867,-581.962,2084.164,855.079,-1294.09,2722.059
448.1193315945801,2,0,1,9.18,15.943,-10.839,-5.621,10.807,9.812
21.659468231799945,1,0,1,127.564,218.813,-170.339,-80.445,133.226,169.398
181.87577512417465,0,0,1,149.366,195.51,72.716,14.273,-12.697,588.613
785.7595303700972,1,0,1,-84.255,-644.935,2468.677,1010.613,-1525.252,3325.888
2342.549424013788,2,0,1,-19.362,-260.021,1116.889,452.834,-683.915,1569.882
400.0945644383123,1,1,1,-0.487,1.065,2.345,-0.099,1.468,-1.361
379.6303930793427,1,0,1,8.264,11.679,-10.553,-3.998,8.391,6.967
1220.5567161723286,2,0,1,47.75,86.469,-62.077,-32.679,51.887,65.725
541.1726601879511,0,0,1,29.296,53.396,-38.74,-20.414,31.323,41.935
1122.043084280061,1,0,1,48.816,88.181,-62.89,-33.129,53.512,65.886
813.1325941274556,2,0,1,-296.927,-1856.011,6807.763,2786.529,-4212.373,8968.526
424.16632708597984,0,0,1,62.775,81.857,41.737,9.825,-11.567,267.077
256.7683436307344,0,0,1,9.281,-31.925,192.698,79.281,-117.772,308.991
1172.4659931115443,1,0,1,-5.279,-177.559,820.449,331.378,-500.306,1183.274
1144.2096783708034,2,0,1,-99.023,-660.335,2452.054,1004.368,-1518.344,3257.382
2172.307888724188,2,0,1,-40.93,-318.048,1212.928,497.388,-748.859,1631.262
1221.385009199797,1,0,1,13.355,-18.887,159.394,65.269,-95.623,271.714
802.3193518568786,1,0,1,-229.933,-1351.136,4838.967,1985.046,-3000.332,6309.374
2326.329169003103,1,0,1,-21.134,-327.334,1391.394,567.551,-853.313,1956.416
1453.9368864475236,2,0,1,-335.179,-1918.373,6842.844,2804.916,-4242.975,8896.442
1129.0389608060168,1,0,1,59.836,-6.309,422.862,166.241,-246.597,812.267
239.077486971069,0,0,1,20.048,29.55,-24.31,-10.955,17.468,22.541
991.5550788391146,2,0,1,-218.348,-1376.534,5041.593,2065.511,-3120.32,6641.903
932.8664179590074,2,0,1,144.538,234.63,-114.491,-63.52,104.426,304.234
1476.0555195025477,2,0,1,42.945,78.246,-55.48,-29.518,47.093,59.07
290.49778982851626,0,0,1,-81.596,-583.165,2210.918,904.181,-1366.9,2963.288
209.71910961984972,2,0,1,20.445,36.122,-25.522,-13.235,22.962,25.115
3442.958894016529,2,0,1,-114.126,-808.097,3079.752,1257.163,-1900.028,4125.11
687.6718857522119,1,0,1,-139.323,-851.462,3077.893,1262.839,-1907.981,4034.897
266.9994730505487,0,0,1,-121.494,-856.904,3239.149,1324.767,-2001.551,4331.962
107.20703149697184,0,0,1,34.056,58.474,-41.03,-21.784,35.029,43.271
672.5869175512422,1,0,1,31.19,57.874,-39.317,-21.653,35.328,42.424
1920.9407455168123,2,0,1,-36.432,-275.331,1040.236,427.036,-643.048,1394.728
362.062395468641,0,0,1,-64.456,-537.259,2091.651,855.892,-1291.759,2841.584
27.996242264425494,0,0,1,73.046,78.213,106.303,37.184,-51.19,392.429
1466.1033219624019,1,0,1,-146.917,-959.454,3562.281,1457.379,-2203.41,4722.46
106.2064362466814,0,0,1,21.077,36.941,-26.394,-13.524,23.528,25.674
35.346826700743655,2,0,1,37.153,60.177,-49.24,-21.901,38.107,44.176
244.39221113558676,0,0,1,24.569,46.063,-29.982,-17.505,26.708,35.386
714.9615560035862,2,0,1,14.542,29.207,-17.751,-11.003,17.512,21.477
1817.8288482776152,1,0,1,11.272,-160.969,854.935,343.498,-517.405,1287.25
191.27453226274744,0,1,1,55.677,99.694,-72.662,-37.638,59.985,75.748
1241.705784191337,1,0,1,-56.236,-606.593,2494.182,1016.198,-1533.027,3457.17
578.9847090409215,2,0,1,20.435,36.996,-25.315,-13.604,23.333,25.852
436.61102082336873,1,0,1,55.158,98.246,-72.508,-37.192,58.834,75.347
3071.3530408113734,2,0,1,30.367,-63.307,518.072,205.378,-308.027,857.043
807.8975239514925,2,0,1,66.201,63.271,124.745,46.492,-62.985,393.411
379.76233881875345,1,0,1,1.299,-139.066,649.028,264.694,-396.235,946.363
239.0401659789013,1,0,1,83.477,147.043,-108.64,-55.157,89.649,110.017
421.27482818281294,0,0,1,54.817,98.348,-71.953,-37.275,58.732,75.562
237.8882782944228,1,1,1,78.727,134.864,-88.567,-45.961,73.218,129.344
30.949499226217476,0,0,1,35.79,58.499,-46.99,-21.56,37.009,42.298
551.6268139372287,2,0,1,-29.662,-403.783,1699.11,692.769,-1042.867,2379.113
883.9969112850351,1,0,1,-212.193,-1227.033,4370.978,1793.61,-2710.782,5683.373
202.71170421374887,0,0,1,4.689,-79.241,383.921,157.42,-235.108,571.769
109.05759060598405,0,0,1,30.084,56.464,-38.061,-21.24,34.099,41.966
101.70010552282005,0,0,1,14.108,26.54,-16.794,-9.672,16.957,17.847
162.7560285214627,0,0,1,-121.752,-797.315,2950.569,1208.356,-1826.615,3910.537
419.36758794395325,1,0,1,72.422,120.58,-75.216,-38.692,61.764,128.519
61.829276816785246,0,0,1,58.369,100.988,-72.195,-38.18,58.912,77.923
1415.2424452771395,1,0,1,-12.19,-216.881,933.31,380.563,-571.445,1317.312
967.4685273502434,2,0,1,44.75,80.294,-57.194,-29.968,49.342,58.901
55.37275435686546,0,0,1,133.968,229.985,-171.958,-86.416,138.307,174.273
182.01472567758304,1,0,1,166.055,285.948,-218.285,-107.081,174.914,214.72
62.344636979451955,0,0,1,69.908,118.053,-91.799,-43.961,73.157,87.326
593.1764433699004,1,0,1,31.114,38.18,8.17,2.25,0.092,109.424
147.21032245960967,1,0,1,175.863,285.984,-174.353,-88.127,144.353,316.461
20.332535913571324,0,0,1,61.916,99.289,-78.273,-37.143,59.363,75.711
2761.3719340963135,1,0,1,46.297,-181.96,1196.593,477.687,-715.991,1897.11
101.6143797924873,0,0,1,22.099,42.606,-27.544,-16.026,25.686,31.469
2968.8499082067824,1,0,1,-80.958,-688.512,2736.632,1114.785,-1683.553,3732.073
121.68246420552529,0,0,1,31.858,57.116,-40.28,-21.18,35.512,41.083
414.920109116743,0,0,1,66.972,94.551,-17.728,-11.856,23.887,187.616
1032.7708824555586,1,0,1,-365.114,-2159.737,7767.244,3184.228,-4812.919,10141.173
115.96675031376459,0,0,1,46.827,77.013,-61.558,-28.463,48.463,56.067
1450.2185777647242,2,0,1,99.913,166.127,-88.07,-48.526,79.255,197.039
213.78923906566763,0,0,1,33.664,61.913,-44.026,-23.581,36.565,47.987
2105.8982308609875,2,0,1,57.209,64.884,102.515,33.176,-46.83,337.201
942.5788695415175,1,0,1,-324.727,-1789.451,6290.302,2581.269,-3905.116,8122.546
82.8124559664753,0,0,1,15.659,26.849,-19.421,-9.701,17.512,17.996
43.930253125285944,1,1,1,13.982,20.479,6.941,1.272,-1.526,61.818
869.3308509073979,1,0,1,-119.95,-749.658,2757.637,1127.888,-1706.551,3637.748
920.4192603075771,1,0,1,4.719,-251.238,1211.681,491.434,-739.173,1783.283
201.41915318860686,0,0,1,-18.69,-399.409,1750.326,712.601,-1071.837,2489.112
1088.9880705265,2,0,1,17.666,35.215,-21.617,-13.254,21.162,25.862
929.1409891100027,2,0,1,-170.996,-1014.987,3641.485,1494.145,-2257.686,4753.321
729.629176772357,0,0,1,41.469,54.897,31.844,7.381,-9.681,184.398
563.0445962043176,1,0,1,74.985,-6.168,527.366,206.71,-306.176,1013.213
815.7362136809522,1,0,1,-96.281,-632.784,2337.902,958.061,-1448.147,3098.899
1239.6303333756823,2,0,1,65.805,116.295,-85.858,-43.732,70.562,87.591
102.26091956751067,0,0,1,-49.073,-455.33,1805.391,738.061,-1113.154,2469.617
250.64459925336658,0,0,1,20.557,-194.559,1069.533,429.629,-647.416,1628.63
87.22053313022695,0,0,1,90.494,157.806,-117.3,-59.381,95.153,119.551
321.6732304079105,0,0,1,-32.989,-247.153,932.19,382.686,-578.019,1252.941
1202.850572320597,2,0,1,80.928,142.709,-105.255,-53.528,87.008,106.727
127.71520277376824,1,0,1,202.442,349.162,-268.058,-131.527,211.535,265.927
69.58540270031621,1,1,1,84.198,146.546,-111.147,-54.211,89.278,111.957
654.3768115670306,1,0,1,41.535,-14.891,328.993,131.235,-192.886,610.372
1268.128525369179,2,0,1,-195.344,-1266.183,4701.471,1922.536,-2906.39,6227.086
315.5530117772358,0,0,1,50.736,90.567,-65.821,-34.043,54.953,67.968
179.65407146750653,0,0,1,52.218,83.888,-67.18,-31.252,51.1,63.085
165.47006113745195,2,0,1,127.851,220.351,-168.073,-82.22,134.92,165.672
190.78704463573266,1,0,1,30.178,43.142,-16.508,-8.18,16.343,68.915
218.04405967913874,0,0,1,40.579,65.714,-53.755,-24.29,41.389,48.062
610.0917006501513,2,0,1,53.638,94.108,-69.218,-35.082,58.048,69.164
819.2702076373099,1,0,1,55.492,99.895,-71.733,-37.566,60.53,74.911
18.616058512356695,1,1,1,58.736,102.586,-78.332,-37.507,62.12,80.214
784.243964073131,2,0,1,-500.181,-2787.303,9845.948,4038.488,-6109.077,12740.016
92.55249709464822,1,0,1,64.781,107.929,-85.683,-40.02,67.019,80.286
230.7955038354065,0,0,1,-73.464,-556.526,2141.869,875.137,-1322.449,2888.461
498.77939868974363,1,0,1,-19.388,-344.022,1486.226,605.379,-912.246,2105.621
1451.4934160171956,2,0,1,150.228,261.076,-198.144,-98.329,158.134,198.368
652.9768441758409,2,0,1,-127.927,-919.569,3478.839,1423.943,-2149.809,4657.341
352.829152186034,0,0,1,16.996,33.201,-21.899,-12.752,19.208,26.034
1204.4429133600315,1,0,1,-292.115,-1750.4,6334.292,2594.808,-3923.837,8293.923
1383.9967697523482,2,0,1,-28.188,-291.864,1204.582,489.64,-740.4,1670.402
2067.6404538438564,2,0,1,68.958,103.758,-4.779,-11.253,20.812,218.762
1189.5731791730223,2,0,1,-334.235,-1974.73,7099.378,2910.469,-4400.243,9270.104
1114.9992281856023,1,0,1,-218.768,-1232.609,4362.619,1789.918,-2708.072,5655.699
31.769997042583054,0,1,1,172.773,293.593,-225.94,-110.035,178.865,221.178
923.4580633057645,2,0,1,-429.433,-2383.051,8399.36,3446.09,-5213.35,10859.836
233.7743037156685,1,0,1,24.819,44.575,-31.184,-16.48,27.86,31.75
417.75704563554154,1,0,1,18.722,36.973,-23.402,-14.025,21.904,27.867
1002.0800444166719,2,0,1,-11.709,-426.514,1926.04,783.042,-1176.677,2766.504
42.143200186297456,0,0,1,56.122,94.251,-73.493,-34.976,58.793,69.092
111.14300164192079,1,0,1,4.56,11.086,-4.188,-3.973,7.182,6.624
1100.490950713935,2,0,1,-145.36,-879.688,3187.312,1306.098,-1975.412,4179.721
25.15304663294398,2,0,1,15.622,-14.706,157.067,64.229,-93.303,276.233
80.03661807166388,1,0,1,152.689,260.619,-201.199,-97.479,159.863,195.454
1594.0196089535732,1,0,1,-37.975,-391.37,1609.865,654.837,-989.01,2228.491
419.7886160105706,0,0,1,98.012,171.137,-129.826,-64.71,102.858,131.415
794.8483343311773,2,0,1,24.799,18.523,69.078,26.505,-36.167,176.262
2245.2567957389797,2,0,1,-127.137,-817.972,3038.369,1241.777,-1877.908,4022.874
256.2561036928187,0,0,1,48.084,86.094,-61.971,-32.268,52.51,63.998
250.44907805204423,1,0,1,77.185,117.876,-46.541,-25.896,46.437,177.011
103.77083112512153,1,0,1,102.96,177.457,-134.708,-66.345,109.021,132.16
1094.933885321374,1,0,1,53.019,95.349,-68.532,-35.844,57.816,71.447
2648.0651814334574,2,0,1,82.103,144.755,-107.817,-54.605,87.332,110.116
303.2495047600499,0,0,1,-224.597,-1542.333,5797.254,2371.003,-3582.004,7728.115
481.1423734398245,0,0,1,39.423,70.028,-52.672,-26.745,41.241,55.15
206.03851644212295,2,0,1,255.953,436.793,-331.036,-160.416,260.269,350.403
2261.4253865610017,1,0,1,16.93,2.876,117.852,44.224,-66.589,229.853
563.6566522781113,1,0,1,56.082,84.164,-30.835,-17.192,31.94,131.393
258.32067647266814,0,0,1,-91.592,-702.768,2694.533,1102.722,-1664.808,3632.759
117.41689564075551,0,0,1,49.317,88.574,-63.839,-33.312,53.667,66.48
933.8070767969335,2,0,1,-149.951,-1014.153,3803.712,1555.21,-2350.886,5065.058
136.05541322265654,1,0,1,60.911,64.235,75.343,28.645,-36.788,308.602
265.1964550533246,0,0,1,22.759,41.27,-30.545,-15.891,23.88,33.128
240.34393615480116,0,0,1,43.543,78.679,-56.938,-29.815,46.978,60.32
203.12987245631282,1,0,1,37.682,8.533,194.834,76.996,-112.673,404.89
159.33059574636243,0,0,1,36.949,65.027,-45.312,-24.939,36.446,52.148
68.21432050913666,0,0,1,32.386,55.041,-41.623,-20.264,34.789,39.253
49.039741781992205,2,0,1,272.774,465.501,-360.557,-174.278,284.663,351.149
1253.8828525153967,1,0,1,21.08,40.478,-27.336,-15.528,23.503,31.74
1012.1475112334177,2,0,1,-87.563,-754.774,2966.036,1212.504,-1828.996,4040.206
922.3968231477298,2,0,1,-257.166,-1674.24,6189.407,2534.557,-3828.92,8191.219
131.24170855675308,1,0,1,41.816,72.631,-53.855,-26.96,45.179,52.819
151.47635754968107,0,0,1,-28.742,-385.155,1605.664,654.956,-987.759,2242.475
49.640992784615456,0,0,1,7.395,11.502,-8.913,-3.93,8.23,6.577
196.08767044299958,0,0,1,-214.062,-1441.637,5379.163,2201.795,-3325.99,7150.508
335.6539874222209,0,0,1,-34.18,-523.111,2252.977,915.65,-1380.446,3177.309
505.8731892457293,1,0,1,118.028,206.349,-155.363,-77.759,124.806,156.811
1541.2723348656473,2,0,1,46.928,84.992,-61.175,-32.172,50.846,64.911
305.58490420087077,1,0,1,16.951,31.634,-20.615,-11.629,19.922,21.916
247.55624052341398,0,0,1,11.639,-3.31,81.499,33.124,-50.124,159.184
488.5460161281214,1,0,1,149.841,259.985,-197.884,-97.947,157.403,197.794
517.2696595945143,2,0,1,74.69,130.315,-97.028,-48.69,80.08,96.574
100.45139662243103,1,0,1,32.669,51.167,-44.542,-18.231,32.342,39.113
1989.4294984246826,1,0,1,66.675,118.888,-87.322,-44.923,71.441,90.65
314.062507063956,0,0,1,75.227,83.057,97.36,33.408,-44.824,385.153
863.4708030995979,2,0,1,10.703,-347.105,1699.969,689.265,-1035.024,2511.69
1200.2661808731377,1,0,1,94.668,166.736,-124.025,-62.789,100.92,126.227
211.89362323424183,1,0,1,78.28,139.054,-101.758,-52.255,84.444,104.395
55.72115896914338,1,0,1,90.452,152.769,-119.524,-56.69,94.267,114.507
710.0709798433472,2,0,1,-120.089,-748.516,2716.275,1114.745,-1683.984,3569.982
2146.403858047907,2,0,1,41.888,76.299,-54.612,-28.93,45.48,58.488
651.6894707871894,2,0,1,-91.478,-662.446,2508.272,1026.844,-1549.027,3357.517
426.80536001338686,0,0,1,51.645,81.474,-66.134,-30.36,49.354,61.656
397.4110739605761,0,0,1,22.095,3.325,140.021,53.758,-81.034,279.98
363.98066630071804,0,0,1,1.424,-2.021,-1.349,1.151,-0.158,-3.003
970.8158645515417,1,0,1,-459.294,-2553.187,8998.94,3692.566,-5584.76,11634.202
709.8320078982606,2,0,1,-188.394,-1151.34,4179.747,1712.994,-2589.756,5486.155
512.5386200771135,2,0,1,44.604,78.374,-57.22,-29.127,48.605,57.044
2262.9212942765907,2,0,1,-48.809,-356.425,1375.765,560.652,-848.28,1852.415
83.3391408516429,0,0,1,24.394,44.265,-30.551,-16.389,27.578,31.586
1795.1405106427908,2,0,1,-1.512,-288.823,1381.829,557.493,-839.976,2013.9
206.54793948879347,0,1,1,40.465,66.862,-30.925,-18.014,28.259,90.053
987.9388368995457,2,0,1,-13.411,-64.004,231.358,93.191,-143.17,299.094
769.5014154526237,2,0,1,3.123,-172.888,824.097,335.166,-502.622,1208.873
866.52779116432,2,0,1,-71.138,-646.88,2576.282,1051.836,-1587.17,3527.381
62.61230258933011,1,0,1,25.344,43.423,-32.485,-15.79,27.524,31.061
104.96078993742735,0,0,1,29.725,48.815,-39.065,-18.029,30.758,35.48
212.20572969621034,1,0,1,163.175,234.275,-38.075,-27.887,55.268,475.673
753.7923536809204,2,0,1,-187.341,-1482.541,5777.965,2358.054,-3560.296,7821.623
350.3390561560323,0,0,1,9.499,21.07,-11.504,-8.13,11.983,16.327
22.149295095407435,1,0,1,92.319,156.712,-121.91,-57.945,96.651,117.788
2548.2277023735405,2,0,1,54.297,17.501,302.178,114.891,-170.227,619.638
218.5991928989231,0,0,1,35.381,63.245,-44.855,-23.468,39.286,45.614
771.2413122470166,2,0,1,78.433,137.536,-101.887,-51.466,84.256,102.263
952.0246925000396,1,0,1,-319.286,-1791.444,6350.262,2603.578,-3939.235,8229.982
372.74676537798126,0,0,1,63.183,112.671,-82.396,-42.468,68.021,85.275
651.3783269443242,0,0,1,36.853,58.629,-49.355,-21.71,36.861,43.321
1574.861163072409,2,0,1,117.447,191.282,-91.03,-51.316,84.731,249.371
208.71305247279363,2,0,1,39.66,70.342,-50.623,-26.141,43.6,51.069
2433.3994031599054,1,0,1,-158.178,-1023.459,3798.927,1553.437,-2348.673,5031.178
2315.7392422695893,2,0,1,9.971,-236.505,1174.682,476.174,-713.787,1741.326
193.78302180759303,1,1,1,107.145,187.508,-140.401,-70.488,113.915,141.431
237.56327969322962,0,1,1,-78.445,-521.382,1952.518,797.838,-1206.834,2596.945
2149.251536585295,2,1,1,42.195,-116.019,853.28,339.367,-508.238,1383.094
1727.02485205671,1,0,1,-120.284,-789.903,2925.244,1197.958,-1810.862,3878.332
288.29898522546904,0,0,1,-128.876,-757.713,2709.815,1112.083,-1682.099,3535.788
799.5037082702418,2,0,1,-358.652,-2052.307,7313.995,2998.709,-4535.389,9505.844
184.96721196082294,1,0,1,12.501,-166.267,867.46,351.032,-527.853,1309.893
22.38724843460182,0,0,1,65.453,110.708,-84.501,-41.274,67.934,82.211
43.02991573942034,0,1,1,118.831,205.518,-154.638,-77.064,125.093,154.357
276.2443429832075,0,0,1,8.053,-77.762,400.248,163.622,-245.247,609.004
396.1998138404051,1,0,1,98.355,172.508,-128.686,-64.832,104.836,129.945
314.6403772833783,0,0,1,-62.183,-451.304,1723.041,703.943,-1064.475,2314.896
24.430177409367026,1,0,1,34.92,63.921,-45.917,-23.934,37.935,49.999
200.26997059025592,1,0,1,50.141,87.456,-64.878,-32.596,53.986,64.332
1535.667634557813,2,0,1,-408.69,-2318.082,8226.659,3374.492,-5103.33,10672.986
418.2181822119819,1,0,1,261.524,434.632,-295.317,-146.115,238.285,417.904
1028.1569099154256,2,0,1,-167.963,-1166.992,4386.285,1795.118,-2711.244,5852.068
337.43954139427234,1,0,1,-31.704,-176.875,608.504,251.367,-378.592,780.613
123.9469756148298,2,0,1,211.62,360.85,-279.048,-135.124,221.213,270.763
62.74855704223237,0,0,1,39.57,69.804,-50.5,-25.843,41.93,53.337
2343.2908785063382,1,0,1,-36.885,-357.437,1461.436,594.085,-897.592,2015.651
1037.2447351023566,1,0,1,42.676,46.678,84.304,27.955,-40.368,264.434
802.8159447477448,1,0,1,-51.607,-521.96,2140.36,870.754,-1314.859,2958.418
1109.6926642884878,2,0,1,-235.965,-1427.654,5162.643,2116.596,-3198.343,6761.269
70.06063851196033,0,0,1,66.436,110.076,-86.496,-41.016,67.678,82.054
2100.6528797026026,2,0,1,13.94,28.317,-17.451,-10.835,16.466,21.774
777.7533663837752,2,0,1,36.036,47.326,43.174,11.284,-15.599,182.596
1902.5450126911799,1,0,1,41.687,54.54,44.53,11.518,-15.496,202.718
1712.677160339095,2,0,1,25.614,48.91,-32.466,-18.508,29.172,36.871
1853.1554091469277,2,0,1,-53.173,-395.313,1496.429,613.489,-924.565,2005.636
440.0317945139047,0,0,1,-199.13,-1139.508,4057.575,1663.959,-2517.672,5275.448
146.87053449154618,0,0,1,35.692,64.407,-45.437,-24.026,39.602,47.105
378.05480833182463,2,0,1,40.702,72.038,-51.955,-26.754,44.708,52.226
207.27632372309859,1,0,1,76.215,129.513,-99.753,-48.223,80.241,95.611
2028.028189253537,1,0,1,26.619,50.392,-34.302,-19.191,29.707,38.794
351.43376788009823,1,0,1,21.08,37.457,-26.209,-13.718,23.82,25.967
66.10452829720892,0,0,1,35.782,64.945,-44.859,-24.35,39.223,48.211
36.93121499959713,0,0,1,21.809,34.836,-28.502,-12.704,22.484,24.534
808.7607172586462,2,0,1,136.076,235.431,-178.519,-88.266,143.858,176.65
1474.3696153122576,1,0,1,7.766,-240.811,1202.831,485.479,-730.781,1782.239
86.98614706015194,0,1,1,37.047,58.82,-49.801,-21.823,36.858,43.743
238.55308348014734,0,0,1,33.241,5.735,164.865,65.63,-96.579,340.633
1241.7586298796662,2,0,1,-361.636,-2127.501,7638.107,3131.546,-4734.635,9966.986
1943.0856021258683,1,0,1,-15.382,-234.552,1021.868,414.056,-625.183,1443.871
215.4119178220154,0,0,1,43.006,-24.529,380.588,151.726,-224.616,687.857
144.22753327115788,0,0,1,-102.612,-736.188,2780.241,1138.399,-1718.612,3720.566
1308.142364809402,2,0,1,14.976,-72.419,429.639,173.992,-258.891,670.795
1774.567538298382,1,0,1,-34.61,-265.666,1007.455,413.496,-622.594,1352.918
1014.4214452020334,1,0,1,25.981,49.067,-32.745,-18.453,29.631,36.392
373.8537992722186,2,0,1,147.609,253.153,-194.021,-94.772,155.198,189.534
459.53393547275573,1,0,1,-108.628,-905.301,3555.244,1451.49,-2191.075,4834.225
714.0233016287937,1,0,1,-72.137,-714.981,2923.811,1189.469,-1795.339,4033.829
2256.9587919869077,2,0,1,-102.252,-745.754,2853.537,1165.429,-1761.525,3834.299
267.3025265618769,2,0,1,31.978,53.706,-41.141,-19.71,34.163,38.044
32.88695819930156,0,0,1,69.806,116.415,-87.583,-43.545,69.835,87.791
278.75034896268426,0,1,1,-31.277,-337.723,1394.627,567.6,-857.297,1936.144
676.4313279254225,2,0,1,-242.293,-1367.699,4837.157,1985.267,-3001.756,6267.272
1271.0410371604512,2,0,1,-307.119,-1768.577,6303.281,2585.424,-3909.142,8196.065
743.0844517399539,2,0,1,36.187,-345.921,1869.327,754.934,-1131.881,2840.931
611.7345288903178,2,0,1,40.868,71.372,-52.573,-26.519,44.3,51.991
123.94367765779478,0,0,1,44.26,79.322,-56.641,-29.617,48.715,58.273
382.37324050805506,1,0,1,27.282,44.264,-35.766,-16.259,28.184,31.74
1032.3054531245073,1,0,1,-420.485,-2366.838,8386.086,3439.466,-5202.659,10869.232
131.36692223448108,1,0,1,30.041,49.731,-39.06,-18.288,31.556,35.588
281.73460883664075,0,0,1,-58.458,-373.915,1366.526,560.679,-847.963,1805.037
88.96261070808839,1,0,1,14.687,24.064,-18.484,-8.635,15.924,15.982
345.5884478273814,2,0,1,57.868,101.598,-74.711,-37.892,62.61,74.766
242.76567138808454,0,0,1,-76.964,-549.155,2061.931,845.313,-1275.738,2755.338
245.76814111563755,0,0,1,97.046,28.893,499.541,194.251,-284.979,1041.81
94.95223760543273,0,0,1,22.105,38.055,-27.988,-13.941,24.239,26.63
1677.2365566913145,2,0,1,55.782,100.324,-72.437,-37.815,60.529,75.781
1014.0849850347521,2,0,1,-107.933,-844.83,3260.487,1333.345,-2012.126,4403.599
185.95632885486583,0,0,1,78.419,1.61,529.846,205.699,-304.815,1029.012
1242.0101610246236,2,0,1,16.335,-58.09,368.926,149.462,-221.538,585.757
225.5519323226204,0,0,1,15.036,29.087,-19.812,-11.275,16.532,23.472
644.3091294255383,2,0,1,-102.873,-722.186,2709.645,1110.084,-1675.635,3615.757
533.114837917302,1,0,1,35.121,64.247,-46.034,-24.464,37.975,49.823
103.68402048961364,0,0,1,29.742,40.015,-15.587,-6.776,13.195,69.77
347.7826732311455,2,1,1,45.417,74.845,-59.73,-27.687,47.017,54.609
2267.0068798534076,2,0,1,52.28,94.647,-68.048,-35.791,56.73,72.078
107.37809273459469,0,0,1,49.554,86.676,-63.896,-32.266,53.612,63.477
356.54476874106984,1,0,1,64.618,113.923,-83.663,-42.615,69.809,84.503
1037.0911339371444,1,0,1,-69.141,-556.367,2154.817,881.525,-1329.042,2914.704
438.9748798362371,1,0,1,-200.729,-1245.139,4534.759,1858.71,-2808.771,5961.494
485.3666950107002,1,0,1,18.813,35.931,-22.927,-13.321,22.258,25.428
228.6739026473804,2,0,1,55.545,93.576,-72.791,-34.777,58.207,68.845
178.34501366662283,0,0,1,33.375,62.11,-42.395,-23.356,37.552,46.208
457.33726971359863,0,0,1,-139.791,-840.944,3031.368,1243.376,-1880.303,3969.337
58.728861469214564,1,0,1,38.308,64.115,-49.868,-23.679,40.348,46.354
329.15791399931265,2,0,1,37.51,65.302,-48.15,-24.208,40.706,47.276
640.3896629339315,1,0,1,35.705,64.164,-45.524,-23.926,39.492,46.919
1774.9470795804555,2,0,1,-6.094,-383.654,1789.202,724.12,-1090.615,2592.414
1662.7219505246549,2,0,1,159.85,278.259,-210.361,-104.708,168.798,210.786
34.393046221782036,0,0,1,57.929,96.64,-74.803,-35.921,59.632,71.379
378.19019128336373,0,0,1,-15.559,-135.376,538.015,219.384,-332.739,738.361
704.4082273728462,2,0,1,-375.849,-2213.863,7948.724,3259.111,-4927.057,10372.908
49.21935766440801,0,0,1,25.779,46.756,-32.224,-17.29,29.194,33.241
176.16483584360202,1,0,1,39.008,66.731,-50.413,-24.704,41.75,48.325
1133.9485606249282,1,0,1,-317.564,-1914.458,6938.548,2842.343,-4297.548,9091.87
2750.651331988093,2,0,1,63.598,-77.104,803.766,318.087,-475.186,1381.234
274.6148559632737,0,0,1,82.846,138.311,-109.925,-51.665,85.301,103.578
159.0631770808618,1,0,1,76.218,113.423,-46.173,-23.966,42.947,176.805
358.95738011536156,0,0,1,-2.113,-119.353,548.176,222.594,-336.679,796.83
108.45804733734528,0,0,1,74.377,128.07,-94.904,-47.935,77.63,95.843
191.20806146532874,0,0,1,51.811,92.246,-68.267,-34.965,55.111,71.016
73.16519395628038,1,0,1,33.705,61.877,-43.484,-23.376,37.122,46.83
0.0,1,0,0,35.985,64.016,-46.113,-23.867,39.439,46.904
211.82148890741652,0,0,1,54.703,97.894,-71.528,-36.994,58.8,74.601
194.13435052805778,0,0,1,81.211,140.177,-106.149,-52.399,86.134,104.308
2670.081924441495,2,0,1,31.518,-183.109,1103.112,441.259,-662.647,1713.9
1509.46550867548,2,0,1,-75.459,-822.57,3393.478,1381.885,-2084.465,4706.725
27.080952028066243,2,0,1,6.521,9.004,-9.503,-1.886,6.512,7.852
174.6626306636286,0,0,1,26.127,47.922,-32.787,-17.822,29.597,34.582
1018.7608608704763,2,0,1,33.151,61.73,-42.84,-23.436,36.65,47.263
110.78736182162324,1,0,1,29.884,51.031,-38.417,-18.82,32.148,36.539
125.94962756992547,0,0,1,60.48,106.489,-80.094,-40.357,63.69,82.157
1623.5440900627118,1,0,1,-44.175,-578.056,2454.703,997.488,-1504.341,3439.46
1070.637717780975,2,0,1,34.968,63.886,-44.512,-23.92,38.984,47.114
479.9720994316713,0,0,1,19.142,-105.778,636.23,255.152,-383.47,992.477
14.40758061819429,0,1,1,49.065,82.922,-64.16,-30.806,51.603,60.886
260.7067612308306,0,0,1,63.77,113.114,-83.77,-42.752,67.963,86.423
1778.5471297709157,2,0,1,36.656,66.894,-47.723,-25.357,39.89,51.214
260.3547450990112,0,0,1,-200.873,-1197.294,4314.075,1768.612,-2674.575,5642.362
418.4804624020513,1,0,1,6.615,14.186,-7.078,-5.143,9.074,9.081
510.1061532722376,0,0,1,-163.144,-967.132,3484.827,1428.121,-2160.5,4556.818
477.46803811663057,2,0,1,4.412,10.479,-4.225,-3.681,6.8,6.446
884.5132070129606,2,0,1,98.064,170.935,-128.035,-64.042,104.524,127.757
76.98625980160601,0,0,1,47.211,80.627,-61.343,-29.932,50.202,58.912
968.5288116470782,2,0,1,18.276,-301.881,1542.906,624.232,-937.605,2309.412
371.8178668003942,0,0,1,3.71,-25.441,145.679,58.621,-89.532,228.402
707.5649983047489,2,0,1,-246.495,-1479.998,5338.145,2188.924,-3307.885,6983.168
680.0369080404365,1,0,1,-77.052,-568.033,2178.201,889.605,-1344.732,2930.518
432.94972184445066,0,0,1,21.504,-194.066,1075.104,432.216,-649.929,1640.988
572.4254872139937,2,0,1,-253.57,-1585.894,5798.411,2375.457,-3589.979,7634.092
1786.6937697860456,2,0,1,76.328,135.231,-100.012,-51.017,81.541,102.783
11.75636167200232,1,0,1,45.411,77.037,-60.211,-27.706,47.867,58.597
1074.3261883258344,1,0,1,107.433,41.965,542.153,206.9,-304.609,1141.021
42.39231046888971,2,0,1,37.082,-49.55,482.209,192.43,-287.764,829.093
34.300267809401184,0,0,1,193.599,330.998,-254.482,-123.951,202.693,248.248
301.02105117187176,0,0,1,1.545,-60.133,271.261,112.2,-167.192,396.975
313.1446283224344,0,0,1,-69.715,-493.603,1849.373,758.285,-1145.434,2471.472
198.62941787445584,0,0,1,15.642,30.968,-19.238,-11.661,18.601,22.811
1342.8836768047354,1,0,1,28.512,53.477,-36.442,-20.223,31.975,40.396
210.49988376286635,0,1,1,28.593,53.277,-37.353,-20.353,31.253,41.539
50.772211361086214,1,0,1,31.356,52.26,-40.68,-19.233,33.099,37.421
523.4639912486901,1,0,1,126.869,222.195,-166.621,-83.659,134.587,168.352
874.3726209751544,1,0,1,73.902,131.55,-96.406,-49.568,79.479,99.507
1190.5463977578033,1,0,1,-384.241,-2242.632,8042.207,3296.426,-4984.954,10485.015
946.2111326730213,2,0,1,-18.731,-540.928,2431.859,987.526,-1487.02,3487.088
1196.0144455006848,1,0,1,4.228,-233.451,1121.802,455.309,-682.404,1644.633
1606.8023082526379,2,0,1,-152.105,-1111.796,4255.479,1738.06,-2625.869,5716.545
194.35232268185277,1,0,1,-41.645,-503.998,2098.391,855.202,-1289.289,2925.75
26.54743504357321,1,0,1,27.992,49.901,-35.435,-18.485,31.097,35.827
569.876206412656,1,0,1,33.403,53.347,-44.28,-19.641,33.869,38.698
310.58120170918437,1,0,1,54.239,95.089,-69.918,-35.417,58.749,69.713
1476.9396343887897,1,0,1,60.76,-13.302,476.108,186.289,-277.331,894.557
160.78966740137486,0,0,1,82.547,145.453,-107.751,-54.664,88.369,109.435
305.0291843389385,1,0,1,67.151,119.09,-87.419,-44.77,72.277,89.545
212.528624828834,0,0,1,154.333,267.598,-202.703,-100.461,163.085,201.487
678.7187690950988,2,0,1,-165.384,-1375.456,5410.613,2207.819,-3332.45,7356.08
948.125694430008,1,0,1,-187.518,-1128.476,4066.414,1668.116,-2521.385,5321.679
749.7774045740443,2,0,1,25.32,46.372,-31.79,-17.243,28.652,33.457
400.2362676952132,1,0,1,68.216,120.325,-88.708,-45.132,73.362,89.978
140.05049150839665,0,0,1,-14.522,-339.919,1487.195,605.374,-912.776,2116.148
985.0929734157013,2,0,1,17.86,-240.359,1240.513,502.611,-753.497,1864.061
779.0024406734321,1,0,1,-99.148,-589.968,2118.506,869.193,-1315.343,2771.237
200.47525035680712,0,1,1,23.896,-338.153,1777.741,716.207,-1076.707,2673.062
973.230932755903,2,0,1,-80.686,-626.301,2407.69,985.21,-1486.8,3248.536
53.23615137377634,0,0,1,15.126,23.87,-8.278,-5.699,7.156,39.159
328.3640129010828,0,0,1,23.975,45.005,-31.303,-17.222,26.299,35.208
848.872678797242,1,0,1,-9.945,-228.654,1026.384,415.76,-627.493,1468.348
193.5828577676464,0,0,1,-12.469,-167.922,692.952,283.895,-427.15,968.42
247.55752416971652,0,0,1,22.075,-42.007,324.924,131.719,-195.666,543.071
146.0310353985284,0,0,1,173.14,298.974,-226.437,-112.524,180.604,227.153
150.37009047977708,2,0,1,37.0,62.972,-47.699,-23.239,39.636,45.218
720.9897388170468,2,0,1,-61.963,-564.688,2241.754,916.097,-1380.834,3065.452
313.3037420350945,0,0,1,-57.556,-479.297,1885.978,769.564,-1162.715,2567.19
228.9917785446089,1,0,1,105.073,182.777,-137.412,-68.505,111.703,136.836
277.0435096980704,0,0,1,20.756,3.837,97.934,39.995,-58.967,210.549
633.5588901160247,1,0,1,-112.142,-759.122,2842.366,1162.722,-1757.831,3785.169
1833.967974382522,2,0,1,93.086,104.553,149.209,49.16,-68.975,522.939
273.5324688940852,0,0,1,-85.348,-649.978,2498.433,1021.419,-1542.83,3368.839
433.9899827857977,1,0,1,73.536,129.692,-96.601,-48.937,78.197,98.741
2423.0079594184576,2,0,1,41.214,70.597,-32.632,-19.907,31.584,89.029
459.89724590888534,0,0,1,19.095,23.053,-0.306,-0.043,3.018,57.376
386.7431449952242,1,0,1,44.396,78.533,-57.217,-29.326,48.261,57.903
427.48886879788927,0,0,1,91.135,149.865,-119.697,-56.049,91.543,113.182
138.02028751353757,0,1,1,-54.487,-358.845,1314.43,539.935,-815.26,1738.911
10.198860192996877,1,0,1,111.949,149.224,16.985,-0.433,10.229,388.453
604.857722240389,1,0,1,6.071,-63.429,317.936,130.587,-194.703,480.121
574.3058163379621,0,0,1,20.809,-2.105,163.059,62.607,-94.337,309.218
654.8316414265215,2,0,1,-85.163,-723.89,2841.919,1161.358,-1751.434,3865.863
808.5973258902135,1,0,1,-251.279,-1513.756,5469.422,2242.225,-3389.11,7160.905
1509.7235333171545,1,0,1,53.211,94.937,-69.616,-35.857,57.094,72.281
1384.3642516494158,2,0,1,54.301,96.941,-70.467,-36.447,58.797,72.794
282.1346891560371,0,0,1,22.791,35.607,-30.245,-13.025,22.896,25.482
649.0664933920913,2,0,1,48.549,86.252,-62.429,-32.209,52.989,63.526
124.04857347648151,0,0,1,42.861,76.688,-54.872,-28.626,47.125,56.314
37.175985266257776,1,0,1,123.679,206.325,-165.261,-76.438,126.898,156.838
44.10801755739059,2,0,1,40.093,69.861,-52.358,-25.49,43.17,52.442
232.16665273478088,0,0,1,1.758,-23.318,116.159,47.51,-72.787,178.574
224.3067424073926,2,0,1,87.546,147.804,-115.109,-55.081,91.472,109.585
90.9895863276738,0,0,1,79.257,133.372,-104.684,-49.795,82.283,99.524
800.5283559866084,1,0,1,96.499,169.263,-126.831,-63.787,102.342,128.543
661.7901667952233,1,0,1,-85.179,-725.882,2851.15,1165.111,-1758.039,3881.593
776.223519335864,2,1,1,-21.551,-268.266,1108.892,453.138,-681.376,1543.332
4.115580625122647,1,0,1,135.908,232.181,-178.743,-86.85,142.593,173.577
176.13283076826,0,0,1,-8.434,-170.006,727.412,297.71,-447.109,1030.436
312.80672248932933,0,0,1,54.567,96.79,-70.724,-36.294,59.02,72.217
227.35715039482403,0,0,1,-119.772,-951.031,3710.806,1514.205,-2286.597,5026.097
209.8290060375303,0,0,1,-215.478,-1476.079,5548.851,2269.03,-3428.41,7396.392
592.6257507584949,1,0,1,-297.241,-1653.208,5823.02,2389.889,-3614.968,7529.09
655.6848964544201,2,0,1,29.12,52.827,-36.851,-19.672,32.574,38.379
1381.806255433888,2,0,1,-184.159,-1145.697,4196.872,1717.923,-2597.673,5526.867
234.36226619855717,0,0,1,31.453,31.778,38.817,14.833,-18.923,155.484
409.0315670246051,0,0,1,42.417,-182.78,1141.226,459.058,-688.042,1803.105
2049.2897879636425,2,0,1,111.764,194.989,-147.6,-73.579,117.65,148.86
1111.4398096596735,2,0,1,-31.126,-435.236,1838.831,749.461,-1129.641,2581.541
90.4302524735966,0,0,1,39.557,70.137,-50.408,-26.037,43.557,50.757
2034.2959069549427,2,0,1,-5.102,-378.168,1774.686,717.645,-1080.668,2574.148
2036.2521718524526,1,0,1,-33.894,-417.923,1764.099,716.804,-1081.871,2466.527
120.83763617528597,0,0,1,80.252,141.814,-104.247,-53.187,86.467,105.969
362.69765583744663,2,0,1,35.429,43.698,15.444,4.309,-1.887,132.066
1843.2169117530568,1,0,1,-30.512,-300.442,1201.983,491.658,-740.138,1650.569
758.9008314123975,2,0,1,8.981,19.328,-9.775,-7.066,12.185,12.712
790.9883795362094,1,0,1,82.392,145.77,-106.949,-54.668,88.882,108.873
1191.0561566135293,2,0,1,-42.391,-641.804,2757.905,1121.245,-1690.193,3886.992
262.87599609917254,0,0,1,50.827,-271.772,1611.322,649.072,-972.339,2510.749
229.06289464152,0,0,1,80.189,141.373,-104.96,-53.224,85.604,106.918
52.3714667610228,1,0,1,66.864,117.811,-87.317,-43.883,71.811,88.83
470.4812817960001,2,0,1,-15.741,-428.212,1910.336,776.741,-1168.114,2732.087
719.3025997925873,2,0,1,44.092,79.098,-56.39,-29.531,48.58,58.082
770.1044626652941,2,0,1,-125.756,-893.693,3371.028,1380.032,-2082.83,4505.247
637.4063653019899,2,0,1,-187.759,-1179.098,4306.888,1765.321,-2666.922,5669.986
1427.477279956873,1,0,1,43.445,-277.55,1622.199,651.217,-977.52,2509.353
81.24531408914739,0,0,1,30.187,53.648,-38.257,-19.867,33.457,38.509
1083.6858225933358,1,0,1,55.027,98.872,-71.168,-37.17,59.948,74.116
1111.2651391012862,1,1,1,-111.336,-810.987,3076.149,1259.127,-1900.443,4123.009
319.8312411446164,0,0,1,20.27,-11.744,165.144,66.966,-99.494,302.01
17.567929496829116,2,0,1,39.248,69.614,-53.015,-25.075,41.615,56.363
262.8810742909783,0,0,1,47.303,82.961,-60.789,-31.636,48.156,65.356
125.60207532457277,0,0,1,33.379,60.192,-42.439,-22.433,37.074,43.905
593.2690382400759,1,0,1,98.225,172.301,-128.862,-64.861,104.39,130.425
500.9170548097312,1,0,1,-87.367,-676.393,2607.571,1066.084,-1609.773,3520.552
319.4202122185262,2,1,1,30.642,52.069,-39.356,-19.162,32.936,37.084
791.8608606971734,2,0,1,-88.033,-699.478,2710.356,1108.005,-1672.924,3668.418
100.54065445774371,0,0,1,18.066,31.896,-22.376,-11.631,20.444,21.845
160.80213903084325,1,0,1,82.701,141.25,-108.347,-52.706,87.14,104.821
220.83115445168363,0,0,1,38.289,60.426,-48.758,-22.485,36.645,45.539
962.1452273119736,2,0,1,-105.723,-840.399,3254.858,1330.79,-2007.691,4401.495
212.38160155065728,2,0,1,53.624,91.144,-69.756,-33.81,56.849,66.52
1029.5891661811033,1,0,1,-373.487,-2123.448,7535.447,3091.539,-4674.891,9777.889
1632.4941295895337,2,0,1,56.563,44.142,157.316,59.461,-83.285,407.256
1181.6170269054203,2,0,1,-191.205,-1254.064,4651.375,1903.935,-2877.393,6165.543
38.99529622270967,1,0,1,41.99,74.974,-53.803,-27.982,46.091,55.059
1823.9685963991546,2,0,1,39.074,71.559,-50.489,-27.039,42.923,54.218
588.1331186438866,2,0,1,-154.074,-995.047,3661.11,1500.361,-2266.548,4838.433
214.5494095572436,2,0,1,35.447,59.987,-45.795,-22.127,37.802,43.077
176.25638249728777,0,0,1,-252.193,-1499.978,5414.926,2218.502,-3355.195,7082.674
844.4898158931182,2,0,1,-216.661,-1272.345,4585.705,1877.952,-2840.959,5989.52
820.2069007471008,1,0,1,61.462,109.568,-79.908,-41.221,66.382,82.467
220.9875670059328,0,0,1,-47.088,-483.415,1981.938,806.76,-1217.763,2740.687
477.4025625434304,1,0,1,17.8,-42.095,297.309,120.889,-179.684,488.972
465.0753768012636,2,0,1,57.801,100.087,-75.15,-37.328,61.739,73.909
65.66882576864687,0,0,1,130.362,218.632,-172.247,-81.828,134.014,164.536
520.5274776120452,1,0,1,50.108,90.363,-65.08,-34.091,54.419,68.394
157.57167978029958,1,0,1,52.24,87.806,-68.348,-32.575,54.798,64.295
243.047171403106,0,0,1,44.019,78.735,-58.192,-29.941,46.733,61.131
368.83628812986984,1,0,1,70.481,117.422,-92.899,-43.648,73.071,86.696
354.34356519099407,0,0,1,-32.412,-309.725,1251.004,509.877,-770.55,1722.96
1072.7393231577457,1,0,1,-188.166,-1357.314,5154.465,2108.096,-3183.185,6906.511
1132.1176858986657,2,0,1,-217.931,-1312.859,4740.522,1943.734,-2937.491,6205.008
10.978612012338072,2,0,1,74.781,114.872,-87.805,-35.159,61.757,122.583
278.6143564454956,0,0,1,-56.7,-487.132,1904.685,778.359,-1176.985,2591.008
1106.4201208986422,1,1,1,-28.643,-291.835,1170.706,479.115,-722.177,1613.483
302.86361860730017,1,0,1,42.405,75.761,-54.341,-28.283,46.552,55.672
201.98575014967452,1,0,1,31.662,48.864,-34.927,-15.659,27.642,46.978
106.93017482561521,0,0,1,31.582,51.341,-41.419,-18.875,32.634,36.896
2595.465698315571,1,0,1,46.587,-59.591,612.004,241.542,-361.362,1046.768
472.84400467642234,1,0,1,34.55,63.64,-44.341,-23.994,38.313,47.841
78.99078248656402,0,0,1,27.196,47.053,-34.46,-17.273,29.853,33.098
250.11809335228924,2,0,1,15.093,24.294,-19.089,-8.69,16.177,16.058
784.4916035204801,1,0,1,147.859,233.639,-102.062,-57.319,95.685,332.174
1663.8775686780086,1,0,1,65.648,-63.385,753.965,297.561,-444.265,1315.476
207.86706064706047,0,0,1,101.127,168.839,-134.068,-63.036,104.228,126.239
1325.4223910124008,2,0,1,28.442,53.926,-35.699,-20.259,32.62,39.833
1810.2825960017753,1,0,1,62.075,-34.409,598.519,234.349,-349.532,1077.449
196.40338484311835,2,0,1,43.093,77.399,-56.421,-28.518,46.835,59.5
214.67904565242102,0,1,1,-10.978,-126.198,535.496,216.857,-328.316,748.854
148.45940589475725,1,0,1,38.493,62.252,-51.146,-23.047,39.103,45.767
2521.5344011545917,2,0,1,31.53,25.931,110.256,39.322,-57.966,265.531
231.46770076572977,2,0,1,60.956,105.616,-79.122,-39.359,65.243,77.789
921.7874046316321,1,0,1,-365.29,-2190.585,7920.175,3245.38,-4906.909,10368.528
1039.772327271408,2,0,1,-10.803,-261.292,1144.61,466.887,-701.544,1630.796
911.8342154032855,1,0,1,89.952,143.999,-57.418,-34.365,56.968,210.142
959.6740863819052,2,0,1,-277.281,-1646.315,5922.896,2428.512,-3671.007,7737.809
697.0027592054583,2,0,1,-333.631,-1955.277,7023.279,2878.348,-4353.121,9164.121
1537.0747994217757,1,0,1,14.188,28.309,-18.336,-10.95,16.123,22.565
369.5307313626468,0,0,1,-53.231,-425.43,1645.963,673.328,-1017.245,2230.04
185.24559574608872,0,0,1,-134.315,-938.521,3548.465,1450.45,-2191.796,4742.379
302.759429731278,2,0,1,45.046,76.745,-58.444,-28.443,47.935,55.826
160.36424048079968,0,0,1,49.178,88.473,-64.399,-33.513,52.883,67.816
1007.9170424694748,2,0,1,-187.842,-1168.932,4273.074,1750.101,-2646.345,5626.067
1585.8849576651528,1,0,1,-221.01,-1389.103,5095.582,2086.382,-3154.13,6717.485
253.1627625403864,1,0,1,24.817,44.591,-31.111,-16.467,27.926,31.644
1056.3150981166878,2,0,1,124.367,217.159,-163.023,-81.597,132.063,163.659
730.8733033915539,2,0,1,-426.969,-2495.576,8950.669,3669.006,-5547.308,11669.122
1063.7475680644304,2,0,1,-1.249,2.48,3.269,-0.958,1.229,1.164
2392.133290550306,2,0,1,79.47,132.662,-69.223,-38.603,62.838,158.456
1619.5754082197027,1,0,1,-13.418,-149.484,636.808,257.384,-389.595,889.13
380.31855534159956,0,0,1,45.856,83.395,-59.651,-31.567,49.879,63.624
60.00793128488057,0,0,1,38.951,65.485,-48.724,-24.321,40.001,48.209
1373.2145037728171,2,0,1,53.214,-118.218,928.515,369.689,-553.313,1529.032
660.476413629113,2,0,1,67.99,118.258,-88.337,-44.147,72.801,87.478
476.76324129933573,0,0,1,24.204,44.761,-31.966,-17.169,26.064,35.373
324.4448886573886,0,1,1,0.29,-145.87,678.471,276.314,-416.12,991.702
106.50055284405396,0,1,1,119.298,198.513,-127.39,-64.735,104.34,203.949
228.02401517844106,1,0,1,7.263,16.402,-7.475,-5.96,10.423,10.454
54.465480724072215,0,0,1,8.248,15.515,-9.217,-5.474,10.456,9.346
2326.423978885352,2,0,1,-32.765,-377.673,1574.117,640.437,-966.941,2193.081
1536.8800976199364,2,0,1,61.876,63.238,102.325,36.675,-48.701,344.403
1059.652231324239,1,0,1,2.778,-93.863,440.197,180.424,-269.959,647.938
1394.9292389169912,1,0,1,95.372,158.068,-83.126,-45.787,74.653,189.927
189.17510907440646,0,0,1,50.503,90.134,-65.215,-33.788,54.97,67.087
1733.922358524156,2,0,1,18.298,-46.223,323.783,131.196,-194.321,527.214
275.8560198897501,1,0,1,46.08,82.673,-59.316,-30.982,50.426,61.406
1741.9765889125936,1,0,1,90.797,3.867,609.22,235.904,-349.3,1184.713
229.9322853946887,0,0,1,56.091,99.765,-72.58,-37.404,60.838,74.356
1102.5302763412221,1,0,1,28.224,-27.213,302.17,121.266,-178.797,528.104
61.81841250271865,2,0,1,108.42,185.872,-143.002,-68.853,114.108,140.298
244.96750010072628,2,0,1,10.561,18.036,-12.78,-6.411,12.082,11.471
1531.9402427128944,2,0,1,-19.374,-338.639,1462.462,595.58,-895.198,2065.444
61.7574813898673,1,0,1,32.366,53.76,-42.033,-19.776,34.085,38.476
967.8386114803603,2,0,1,-85.983,-589.33,2195.815,900.027,-1359.167,2922.641
116.48012754035473,0,0,1,34.319,54.297,-45.888,-20.049,34.322,39.839
1022.1953761669157,1,0,1,-400.358,-2288.89,8142.259,3339.681,-5049.868,10575.606
1237.0181029012758,2,0,1,74.272,-213.415,1511.386,604.688,-904.795,2446.07
2224.687189792573,2,0,1,27.962,11.15,159.626,59.338,-88.631,326.749
213.7505527447427,1,0,1,50.555,91.276,-65.213,-34.312,55.332,68.328
1005.5522816399142,1,1,1,19.943,38.807,-24.355,-14.486,23.714,27.936
652.8413974968714,1,0,1,-78.527,-520.299,1920.307,787.525,-1189.075,2544.108
123.50602606976896,0,0,1,57.376,99.975,-72.546,-37.597,59.748,75.699
244.2244038231243,0,1,1,98.399,173.432,-128.506,-65.202,105.294,130.621
30.987313435458788,2,0,1,21.525,5.041,85.693,38.59,-54.76,203.638
901.4200741363803,2,0,1,-288.943,-1713.529,6162.008,2526.642,-3818.935,8047.61
635.2794355779198,1,0,1,80.93,-32.08,714.856,279.518,-415.871,1307.518
344.5857443618746,1,0,1,50.378,68.305,-1.39,-3.935,11.137,156.941
2412.5103823881354,2,0,1,-111.272,-861.009,3350.568,1366.484,-2064.08,4528.913
1489.3129011545875,2,0,1,-26.942,-370.692,1595.493,646.937,-976.01,2242.484
576.7634879113941,1,0,1,-220.074,-1389.804,5089.37,2085.398,-3151.101,6707.782
154.9335085434825,1,0,1,57.851,99.852,-75.134,-37.18,61.792,73.428
942.285559948767,1,0,1,-316.634,-1803.844,6407.014,2628.339,-3974.846,8317.732
120.655932739767,0,1,1,152.431,264.92,-200.705,-99.675,160.767,200.674
1442.4641456340878,2,0,1,36.096,66.026,-46.262,-24.825,39.976,49.3
1575.3053611354208,1,0,1,4.515,-39.932,239.277,94.448,-143.468,367.893
397.71052216407435,1,0,1,69.034,120.76,-89.52,-45.107,74.233,89.357
2243.586528772176,2,0,1,62.485,111.745,-81.733,-42.228,67.121,85.173
547.8242619764752,1,0,1,51.135,91.159,-66.076,-34.174,55.594,67.88
109.2750376424233,1,0,1,52.091,89.986,-67.498,-33.468,55.797,65.931
62.01823314426444,0,0,1,35.383,59.244,-45.968,-21.854,37.358,42.675
292.09484780494597,1,0,1,74.656,116.098,-64.99,-32.1,55.409,142.295
1847.9116090542532,1,0,1,11.191,-214.06,1099.327,443.185,-667.1,1642.79
676.5482849337852,1,0,1,-95.766,-719.636,2746.821,1124.277,-1695.977,3691.777
22.536391114990977,1,0,1,62.649,104.406,-84.753,-36.948,64.655,81.851
358.1066774642731,0,0,1,-130.579,-812.521,2960.876,1213.665,-1834.967,3896.366
147.96755069307542,0,0,1,102.048,177.312,-133.133,-66.988,106.045,136.069
1863.466314659403,2,0,1,22.54,44.152,-28.595,-16.836,25.906,33.866
30.160319527325985,0,1,1,121.902,177.736,-30.617,-23.824,43.758,351.552
1230.9216297713215,1,0,1,-10.108,-447.615,2036.52,827.663,-1245.169,2936.418
204.4178936642996,0,0,1,-7.384,-245.212,1120.542,453.404,-684.763,1613.029
0.0,1,0,0,21.108,40.906,-26.536,-15.479,24.376,30.731
235.3772673651131,0,0,1,28.005,52.276,-35.531,-19.663,31.585,38.894
142.37092747738782,0,0,1,-67.594,-696.825,2833.266,1155.279,-1743.45,3911.032
239.04745989654927,2,0,1,209.474,360.335,-275.719,-135.134,220.151,270.998
66.25790444607283,0,1,1,10.68,-8.55,93.82,38.832,-55.942,167.166
1818.964319138637,2,0,1,90.767,159.445,-119.339,-60.126,96.28,121.276
2138.828523762515,2,0,1,-238.505,-1466.752,5359.971,2193.79,-3317.115,7047.025
108.53328924474147,0,0,1,-86.008,-707.803,2756.364,1127.162,-1700.52,3739.436
417.5629473215135,2,0,1,91.848,154.568,-121.315,-57.71,95.355,115.348
1190.1006883046407,2,0,1,-45.831,-331.81,1260.772,515.662,-780.335,1694.073
138.19667956218723,0,0,1,25.587,40.83,-33.433,-14.882,26.375,28.721
631.8967809273912,2,0,1,28.513,46.539,-37.426,-17.141,29.48,33.596
943.3585086302808,2,0,1,37.17,67.583,-47.458,-25.31,41.235,49.935
210.37745790089028,2,0,1,34.704,59.475,-44.634,-21.965,37.366,42.729
2718.8194624373104,2,0,1,-0.782,-268.922,1294.083,521.707,-786.292,1888.761
931.2841225574248,2,0,1,1.966,-159.957,753.305,306.785,-460.112,1102.098
144.83715950988545,0,0,1,292.508,502.195,-386.077,-188.421,304.122,383.277
1643.6720497149686,2,0,1,6.16,-48.804,258.445,105.532,-156.62,392.75
968.6636675422382,1,0,1,-186.785,-1194.371,4396.873,1800.538,-2721.714,5809.015
298.4659670625396,2,0,1,-46.636,-520.164,2140.418,873.049,-1316.636,2972.449
959.3562652731077,1,0,1,-237.22,-1484.456,5425.697,2223.04,-3359.171,7142.426
214.46708962075593,0,0,1,35.271,-74.308,600.974,238.693,-358.161,994.712
2069.042612798907,1,0,1,-43.224,-714.328,3080.902,1253.713,-1886.261,4347.489
111.8122557668442,1,0,1,29.086,48.462,-37.667,-17.813,30.761,34.57
405.44522194384905,1,0,1,53.078,-84.632,741.725,296.785,-442.413,1252.967
172.88933571417607,0,0,1,180.571,312.181,-236.158,-117.503,188.581,237.161
468.1870336593261,1,0,1,73.274,127.364,-95.359,-47.584,78.297,94.457
50.67371688969304,1,0,1,41.714,-21.636,357.566,143.706,-212.356,656.796
40.79777054581155,2,0,1,32.234,59.25,-41.858,-21.661,35.808,45.632
396.01888816291466,1,0,1,24.272,38.659,-31.703,-14.078,25.014,27.132
834.0216357815945,1,0,1,-126.519,-757.455,2727.626,1118.733,-1691.854,3569.219
506.094540126359,1,0,1,12.386,25.708,-14.428,-9.569,15.732,18.072
14.830596384699419,2,0,1,46.216,82.225,-61.71,-29.939,49.377,65.219
421.61722424721233,1,0,1,36.183,63.213,-46.458,-23.463,39.308,45.896
1755.4034666296063,1,0,1,204.535,249.702,214.268,63.954,-82.411,976.331
81.45461408682475,1,0,1,17.576,31.555,-21.659,-11.538,20.11,21.702
3581.8985773747636,2,0,1,-116.358,-892.451,3467.356,1414.098,-2136.314,4683.423
267.73426264210724,0,0,1,-37.403,-320.637,1249.695,511.848,-772.522,1701.533
292.9957937072592,2,0,1,43.465,74.161,-56.205,-27.441,46.447,53.662
1371.8547590995522,1,0,1,21.772,41.556,-28.204,-15.906,24.243,32.418
475.7799949339038,1,0,1,-53.844,-476.232,1871.22,766.783,-1155.956,2557.379
154.95835050316197,2,0,1,150.526,255.822,-198.556,-95.72,157.091,191.664
1908.299047412678,1,0,1,-238.246,-1403.874,5045.349,2068.212,-3127.93,6588.19
1788.8541119978706,1,0,1,-115.071,-794.68,2996.659,1224.951,-1851.716,4000.947
0.0,1,0,0,-94.656,-640.853,2418.047,987.178,-1492.991,3224.049
1757.2330281852041,2,0,1,-15.434,-386.616,1711.88,696.671,-1046.884,2441.739
135.70964400718768,1,0,1,24.111,38.314,-28.356,-12.994,22.931,32.57
184.09173119227745,1,0,1,12.606,22.588,-15.246,-8.167,14.673,14.99
126.33949640087737,0,1,1,60.264,106.126,-78.08,-39.701,65.028,78.758
1798.4868250761724,1,0,1,66.463,67.934,146.665,50.502,-72.525,432.224
1924.2678552737161,1,0,1,-191.509,-1223.711,4524.292,1850.556,-2797.757,5980.84
244.59166990505767,0,0,1,-69.709,-596.415,2340.797,956.916,-1443.938,3187.643
276.14434822799944,0,0,1,-99.409,-603.961,2180.261,894.522,-1352.322,2857.704
604.5992116714433,2,0,1,29.975,55.523,-37.397,-20.645,34.28,39.951
590.9986459144355,1,0,1,-27.309,-389.277,1658.072,674.69,-1017.693,2332.221
1062.8975524430034,2,0,1,-229.267,-1482.633,5498.305,2248.798,-3398.979,7278.163
270.71148876229415,0,0,1,17.996,-100.203,578.784,234.395,-351.822,903.616
728.3906329817152,2,0,1,-96.696,-711.026,2704.753,1106.819,-1671.84,3632.402
916.6449370962691,2,0,1,-278.556,-1612.745,5752.021,2359.755,-3567.287,7483.494
1044.1327869768097,1,0,1,-80.561,-550.455,2066.318,845.15,-1278.113,2755.942
387.5947484450711,0,0,1,0.358,-0.805,-1.973,0.008,-1.31,1.425
254.83044041339073,0,0,1,-26.705,-309.458,1267.352,518.058,-779.466,1757.945
474.97593035542764,2,0,1,-303.531,-1821.921,6578.976,2696.864,-4075.782,8608.033
505.6278443021259,2,0,1,-6.339,-114.944,487.218,199.52,-298.855,685.921
106.18098039204904,0,0,1,106.051,178.41,-140.065,-66.602,110.095,133.093
1789.3785561911059,1,0,1,55.362,-51.713,637.045,250.457,-373.722,1110.682
1376.7815413408937,2,0,1,15.017,30.506,-18.997,-11.731,17.561,23.812
976.7435748725889,2,0,1,76.54,135.164,-99.463,-50.695,82.411,101.027
178.29039133932963,1,0,1,39.001,68.121,-49.985,-25.256,42.448,49.288
121.75694119812695,0,0,1,19.749,31.219,-25.756,-11.329,20.332,21.716
123.4093467552876,2,0,1,13.883,-46.15,287.687,119.488,-178.049,472.932
149.1389636380759,0,0,1,65.527,106.007,-85.196,-39.671,64.205,80.622
415.1750641230445,1,0,1,33.724,61.073,-44.604,-23.311,35.959,47.802
444.7223646357681,2,0,1,-108.602,-700.568,2573.985,1055.163,-1593.138,3398.673
271.4090500644779,1,0,1,48.475,83.979,-62.669,-31.218,52.109,61.39
599.4976037264746,1,0,1,-17.306,-249.434,1045.194,427.219,-643.366,1467.229
316.36149892772295,2,0,1,13.946,22.535,-17.688,-8.088,14.922,15.037
587.5677890702817,2,0,1,-32.864,-436.23,1832.373,746.967,-1126.158,2566.853
1934.2414242222549,1,0,1,64.322,93.419,9.183,-4.734,10.374,224.834
1017.6798028671461,2,1,1,22.35,40.965,-28.003,-15.218,25.351,29.468
983.5014890218526,2,0,1,121.671,212.301,-159.572,-79.78,129.09,160.075
212.58585548674043,0,0,1,32.888,60.683,-43.0,-23.129,35.779,47.102
112.16391452990356,0,1,1,24.628,38.027,-33.114,-13.986,24.247,27.762
161.56632159707317,1,0,1,37.042,63.078,-47.896,-23.324,39.559,45.57
948.6893127645253,1,0,1,41.199,74.66,-52.709,-27.965,45.549,55.235
73.66618318163277,2,0,1,73.601,130.186,-96.803,-48.755,78.542,99.65
986.6866648077677,2,0,1,-296.094,-1758.932,6324.569,2593.672,-3920.16,8261.289
577.0104774918589,1,0,1,57.172,101.61,-74.012,-38.098,61.963,75.754
47.826510875937224,1,0,1,78.192,135.275,-102.408,-50.23,83.103,101.324
58.334394262610104,0,1,1,74.379,129.632,-96.628,-48.42,79.711,96.005
234.05955743128675,2,0,1,39.123,64.184,-51.405,-23.695,40.477,46.599
268.64176159245113,0,0,1,27.492,51.573,-34.41,-19.285,31.49,37.646
106.7480810691186,0,0,1,78.883,138.827,-103.961,-52.453,83.513,106.161
1985.9766798419641,1,1,1,87.553,77.346,233.122,84.509,-122.171,626.491
762.9985062851438,0,0,1,76.847,133.687,-102.212,-50.623,80.151,103.189
208.21062905321804,0,0,1,51.513,92.92,-66.892,-35.054,55.961,70.317
1292.3634041073751,2,0,1,48.036,86.636,-62.009,-32.572,52.513,64.892
1919.406462719089,2,0,1,116.742,203.979,-153.595,-76.831,123.484,154.819
461.7368960576571,0,0,1,70.905,-19.254,578.792,226.219,-336.324,1076.355
1356.5694914760134,2,0,1,78.111,114.631,6.486,-7.737,16.131,264.923
168.98606020274352,0,0,1,13.84,-167.954,894.829,360.023,-542.673,1351.762
940.8586333356146,1,0,1,-187.929,-1151.59,4175.639,1712.148,-2587.04,5478.211
55.4997219351361,0,0,1,24.687,40.561,-31.812,-14.793,26.119,28.349
1227.0356016771273,2,0,1,-155.651,-1169.687,4488.642,1834.644,-2770.167,6042.077
122.06466101550923,0,0,1,62.423,107.05,-81.767,-39.452,66.241,79.805
160.45026039190395,0,1,1,-252.686,-1473.74,5270.175,2161.674,-3268.064,6865.776
197.85024631622676,0,0,1,-110.045,-689.312,2523.864,1033.679,-1563.488,3327.162
245.32460028095664,0,0,1,-22.336,-216.77,868.293,353.943,-536.851,1194.251
230.00559059590358,0,0,1,2.912,-107.42,507.09,207.328,-311.805,749.299
16.246233044606647,1,0,1,148.134,253.984,-199.205,-93.741,153.447,199.119
1061.93158048972,1,0,1,13.364,-62.546,372.667,151.009,-224.346,582.267
992.9539369665986,1,0,1,17.94,-7.351,139.765,56.425,-81.761,257.384
133.3593719236376,0,0,1,31.679,58.831,-39.911,-22.01,35.913,43.112
488.47250272364306,2,0,1,83.171,144.234,-108.473,-53.92,88.583,107.229
254.61323978587515,0,1,1,3.902,-99.887,507.126,204.255,-308.512,756.109
621.5566082066814,2,0,1,-262.319,-1540.515,5519.182,2263.779,-3422.336,7197.788
1409.079419049447,1,0,1,74.971,124.182,-57.587,-33.612,54.804,161.38
525.8797069901448,2,0,1,54.652,97.17,-70.35,-36.317,59.601,71.74
1337.44849841625,1,0,1,50.427,90.845,-65.985,-34.41,54.301,69.6
1873.946957103199,2,0,1,43.157,78.33,-55.915,-29.565,47.11,59.279
553.4687924396826,1,0,1,61.098,106.914,-79.063,-39.889,65.859,78.828
1060.4788496052583,2,0,1,55.042,98.267,-71.063,-36.836,59.93,73.131
331.50792032896345,0,0,1,9.448,21.546,-10.981,-8.233,12.472,16.132
490.3904283046786,2,0,1,2.96,7.417,-2.086,-2.496,5.285,3.428
552.3109453156667,1,0,1,77.819,128.656,-67.325,-37.053,60.137,156.453
216.74895862050337,1,0,1,63.447,105.924,-83.664,-39.41,65.797,78.382
44.882426614548876,0,0,1,64.788,112.999,-84.011,-42.17,69.593,83.445
895.625626799761,1,0,1,-208.995,-1517.019,5768.62,2359.231,-3561.265,7732.109
71.01539137113184,1,0,1,36.456,64.044,-46.625,-23.758,39.85,46.352
2326.4828398482614,1,0,1,-30.876,-405.528,1729.064,701.958,-1058.96,2424.326
256.8126071443432,0,1,1,28.587,52.907,-36.094,-19.797,32.294,38.822
31.086000424394957,0,0,1,7.134,12.005,-8.198,-4.113,8.513,6.741
2076.6939171883905,2,0,1,56.945,102.307,-74.021,-38.573,61.698,77.362
378.04027403687314,1,0,1,64.681,115.168,-83.641,-43.177,70.233,85.799
811.1542727936785,2,1,1,15.368,29.631,-18.525,-10.957,18.43,20.751
69.40177582593294,0,0,1,62.893,105.537,-82.325,-39.145,65.897,77.26
1340.1058161691135,2,0,1,-5.319,-137.063,597.525,244.24,-365.743,849.367
224.77725623136004,0,0,1,-135.777,-875.265,3217.406,1318.701,-1992.738,4252.253
459.9464859344231,0,0,1,-8.777,-322.947,1474.7,597.897,-901.031,2125.162
61.22897651887799,0,0,1,39.862,63.576,-49.344,-23.726,37.858,48.248
205.37153892726613,1,0,1,26.822,44.538,-34.598,-16.311,28.456,31.443
2139.683867055954,1,0,1,-147.545,-903.791,3306.857,1352.684,-2045.995,4347.992
380.4209182337946,0,0,1,26.579,49.397,-34.737,-18.861,29.01,38.48
101.04888969512267,0,0,1,10.207,20.272,-11.592,-7.351,13.02,13.226
1909.3234189539164,2,0,1,18.904,-133.565,781.492,312.456,-470.009,1204.463
399.6505998372225,1,0,1,31.57,56.495,-39.92,-20.94,35.162,40.593
1600.4941507826868,1,0,1,-162.897,-1072.027,3974.999,1627.529,-2459.45,5270.16
72.65108350186362,1,0,1,113.11,193.544,-148.418,-72.33,119.053,144.227
205.9285271793736,1,0,1,155.014,207.491,59.682,8.536,-2.675,590.726
272.61665633463303,0,1,1,-281.211,-1619.792,5786.057,2371.909,-3588.254,7530.682
1632.1213748446103,1,0,1,22.662,43.45,-28.804,-16.485,25.779,32.985
304.79359761677676,2,0,1,13.583,24.637,-16.533,-8.976,15.786,16.709
743.1100330197398,2,0,1,33.689,60.093,-42.785,-22.307,37.309,43.414
110.17117032228626,0,1,1,123.632,215.783,-162.521,-81.208,130.844,163.412
117.52073574641766,1,0,1,38.218,67.76,-48.7,-25.155,42.082,49.036
121.10349471910737,0,0,1,8.006,14.761,-8.949,-5.168,10.078,8.704
383.36816796371227,0,0,1,113.811,188.981,-150.134,-70.751,115.517,142.75
325.96628361979737,0,0,1,-12.59,-97.734,356.811,148.028,-224.265,481.285
712.4262408751246,2,0,1,-83.027,-652.589,2511.843,1028.224,-1551.478,3392.99
330.7707742459719,0,0,1,-241.287,-1455.168,5265.163,2157.846,-3262.932,6898.853
1023.679284125405,1,0,1,27.504,-370.763,1955.594,787.983,-1184.108,2943.405
914.8995826832344,2,0,1,135.188,235.156,-177.23,-88.267,143.324,176.831
396.3861270017456,0,0,1,-1.913,-104.816,461.314,189.372,-283.764,663.596
1102.7789141841438,2,0,1,-78.123,-586.609,2242.496,917.455,-1385.776,3018.503
219.1243901384019,0,0,1,34.803,64.465,-44.327,-24.243,38.982,48.025
118.28674381625648,0,1,1,26.957,48.833,-35.683,-18.649,28.72,38.281
66.42059394043116,1,0,1,60.769,103.829,-79.214,-38.627,64.401,76.347
68.66889522494029,0,0,1,27.084,45.141,-35.06,-16.589,28.661,32.182
43.55157781302621,0,0,1,21.943,37.409,-27.9,-13.696,23.87,26.195
172.49113755808315,0,0,1,8.424,11.964,-10.766,-4.107,8.558,7.192
902.9560835412741,2,0,1,57.737,102.695,-74.71,-38.503,62.625,76.539
969.262215016403,2,0,1,15.632,-89.026,507.676,206.059,-307.876,788.636
287.08340549566844,0,0,1,43.456,79.242,-56.118,-29.894,47.688,59.813
72.58011216472632,0,0,1,3.098,3.987,-3.218,-1.086,3.721,0.793
56.64702829677612,1,0,1,104.526,182.595,-137.798,-68.854,110.306,139.066
554.032138516375,2,0,1,43.713,-13.681,330.789,133.117,-195.486,623.366
77.72800638584516,0,0,1,141.255,238.611,-186.719,-89.235,146.724,178.771
739.1737978738079,2,0,1,-110.966,-747.283,2787.714,1141.129,-1724.75,3707.971
1396.6725312346778,2,0,1,2.78,9.093,-2.13,-3.432,5.302,6.16
265.0399059015743,1,0,1,20.79,38.332,-25.615,-14.136,24.025,26.907
2387.084423646658,2,0,1,-64.242,-473.721,1797.536,736.162,-1109.921,2409.147
2654.4638249502746,2,0,1,59.607,-13.968,489.198,189.888,-282.497,909.229
58.8178030751905,1,0,1,46.302,77.283,-60.443,-28.567,48.567,56.069
383.1095896936014,0,0,1,-95.095,-640.382,2385.822,976.949,-1477.026,3173.992
101.06846655936141,2,0,1,10.508,-37.5,220.144,92.158,-134.983,354.268
279.0383921496722,0,1,1,-297.349,-1734.638,6221.779,2550.028,-3856.823,8112.792
1035.6006172636799,1,0,1,99.709,175.454,-130.617,-66.051,106.269,132.727
306.126756201396,0,0,1,20.167,-34.57,281.077,113.716,-169.738,475.419
206.35222935003844,0,0,1,-27.283,-354.6,1494.288,607.302,-918.437,2091.069
493.6505848259211,1,0,1,167.872,291.827,-220.576,-109.668,177.484,220.258
142.01104945091964,0,0,1,26.017,-22.433,261.632,105.38,-155.197,462.149
300.04769576396654,0,0,1,64.482,114.725,-84.171,-43.238,69.285,86.851
1667.0123083116919,1,0,1,27.283,4.471,182.727,69.173,-103.767,358.93
165.2026327144139,0,0,1,108.579,186.6,-142.354,-69.79,114.581,139.233
101.32713296385042,0,0,1,3.527,-337.445,1603.058,651.026,-977.701,2346.339
455.38430179476245,0,0,1,-295.051,-1662.753,5891.105,2416.414,-3655.709,7637.948
146.93058544645,0,0,1,101.138,169.197,-134.0,-63.182,104.393,126.521
250.6793990050172,1,0,1,41.718,69.077,-54.918,-25.607,43.215,50.663
774.9228664472289,2,0,1,30.877,55.071,-39.146,-20.421,34.255,39.658
1581.4246095285002,2,0,1,-140.624,-833.474,3006.138,1231.62,-1863.33,3931.509
1252.883638502061,1,0,1,-243.626,-1429.233,5130.763,2103.205,-3181.166,6695.898
55.04444741464782,0,0,1,51.389,87.029,-64.036,-32.501,52.4,65.048
46.16754065663261,0,0,1,47.776,77.362,-61.702,-28.495,47.272,58.52
501.20098584036083,2,0,1,15.087,28.576,-18.061,-10.469,18.087,19.51
0.0,1,0,0,47.203,-11.078,349.821,139.021,-204.135,658.952
658.8488364731478,1,0,1,58.228,103.825,-76.253,-39.229,62.396,79.152
271.3909391721955,1,0,1,60.763,107.463,-78.453,-40.17,65.92,79.481
104.31924023958624,0,0,1,-3.972,-126.614,548.361,224.64,-338.024,783.145
22.502591395991793,1,0,1,126.54,214.835,-166.785,-80.32,132.126,160.611
1733.7244657744013,2,0,1,-10.393,-283.889,1284.577,520.447,-784.869,1843.194
2144.5763525592342,2,0,1,-207.124,-1366.143,5094.641,2083.116,-3148.316,6761.34
247.7300489945242,0,0,1,40.622,65.658,-53.919,-24.288,41.307,48.154
756.4031261510114,2,0,1,10.394,-9.558,105.024,42.541,-61.409,182.315
1645.3176818747008,1,0,1,-314.944,-1803.866,6431.485,2636.746,-3988.444,8361.563
275.7934848097847,0,1,1,-186.999,-1115.535,4034.867,1652.584,-2499.957,5282.262
198.71512613677447,0,0,1,29.105,53.708,-38.003,-20.457,31.71,41.6
1911.3976420794284,2,0,1,106.174,179.499,-110.671,-58.172,94.165,184.435
935.1621274631793,1,0,1,26.929,-68.177,514.034,204.499,-307.338,840.943
931.0996501784127,2,0,1,54.378,96.453,-70.097,-36.053,59.159,71.276
145.83012177247645,1,0,1,43.628,78.786,-57.235,-29.907,46.891,60.716
1185.4023492288145,2,0,1,104.993,184.184,-137.331,-69.212,111.956,138.683
403.6478934874382,1,0,1,20.042,31.847,-26.165,-11.585,20.648,22.29
565.0089168763767,2,0,1,66.924,116.689,-86.915,-43.583,71.759,86.394
1242.8718030229782,2,0,1,-118.682,-991.507,3887.146,1587.869,-2395.99,5283.481
913.4850756247262,2,0,1,7.251,-141.185,694.709,283.05,-423.641,1032.751
640.3309934900351,1,0,1,30.49,56.148,-38.62,-21.015,34.269,41.28
151.8631671836094,0,0,1,-163.995,-1147.481,4316.551,1766.879,-2668.061,5762.149
871.3268504230371,2,0,1,75.737,-45.114,701.638,278.802,-411.959,1263.462
157.95612152041386,1,0,1,33.611,53.902,-44.62,-19.891,34.072,39.332
199.88654292470534,0,0,1,60.468,107.907,-79.328,-40.823,64.69,82.561
1165.046362721614,2,0,1,-201.375,-1256.808,4583.433,1878.726,-2838.979,6030.518
225.93241467683967,0,0,1,48.926,-10.423,360.413,142.921,-210.054,680.411
820.7911198506315,2,0,1,26.141,38.198,-20.405,-9.334,17.595,50.641
2144.052917695887,1,0,1,-113.454,-774.229,2924.458,1194.119,-1805.418,3901.418
206.34012044140135,0,0,1,53.479,96.091,-69.47,-36.216,57.987,72.581
21.65263089013345,0,0,1,28.353,47.131,-36.625,-17.283,30.044,33.398
1876.6742691506754,2,0,1,-21.914,-279.891,1160.568,474.207,-712.979,1617.253
181.21730850827146,0,0,1,99.214,174.083,-130.523,-65.647,105.123,132.456
43.75717650027458,0,0,1,91.364,153.715,-118.808,-57.429,94.039,115.03
163.47974521343548,0,0,1,51.966,92.15,-68.735,-34.967,54.953,71.243
181.6702837456852,2,0,1,80.53,138.046,-105.214,-51.481,85.231,102.17
416.11214698990557,0,0,1,-251.652,-1476.691,5310.593,2175.941,-3291.258,6932.554
169.36031211084153,0,0,1,18.51,34.709,-22.813,-12.87,21.519,24.685
681.8918417386865,1,0,1,81.437,135.549,-107.891,-50.538,83.903,101.014
849.4221807990995,1,0,1,-9.004,-259.975,1160.571,472.135,-711.578,1665.435
1103.6048920411451,1,0,1,-28.27,-386.179,1645.424,668.79,-1009.219,2311.514
248.76652799291625,0,0,1,-152.999,-958.41,3498.677,1434.051,-2167.9,4607.842
340.0243841213276,0,0,1,24.748,-177.225,987.714,399.511,-598.996,1520.201
350.15154902526126,0,0,1,84.062,37.167,400.642,152.657,-224.955,859.613
1292.2578096937602,2,0,1,21.79,-264.488,1382.293,559.542,-838.427,2082.554
390.6531525927416,0,0,1,-90.68,-594.357,2200.287,901.054,-1362.686,2918.0
494.43753149861755,0,0,1,26.886,32.202,7.243,2.384,-0.291,94.1
759.095384693262,2,0,1,48.586,85.108,-62.677,-31.705,52.568,62.443
669.2615755584753,2,0,1,28.673,51.109,-36.256,-18.92,31.89,36.615
51.2056637180387,1,0,1,56.361,100.376,-73.265,-37.749,60.86,75.481
103.17822878710331,0,0,1,9.236,13.337,-11.839,-4.621,9.402,8.222
570.253198636726,2,0,1,75.713,131.52,-98.518,-49.123,80.897,97.472
672.7391953050123,2,0,1,-33.574,-620.104,2703.545,1099.45,-1655.878,3833.985
820.8454137884266,1,0,1,32.566,-170.749,1009.566,407.581,-610.539,1577.278
928.5283013927184,2,0,1,-71.134,-560.306,2158.745,883.454,-1332.261,2914.4
361.02762135625045,0,0,1,-6.294,-270.932,1221.578,497.513,-748.667,1760.982
2079.261569151627,2,0,1,-41.993,-361.426,1412.002,578.066,-870.491,1918.682
152.61505666510988,1,0,1,18.312,-27.148,213.91,91.347,-132.097,376.028
1174.4274324462524,1,0,1,-41.62,-465.141,1918.999,782.063,-1179.864,2665.626
47.948107541073405,0,1,1,-73.445,-453.968,1634.886,671.939,-1014.374,2143.056
201.8101790338349,0,1,1,31.641,58.908,-40.782,-22.332,35.075,44.903
146.31563317041602,0,0,1,-289.127,-1781.444,6495.815,2660.52,-4022.109,8538.291
1442.355869897342,1,0,1,30.898,-93.366,652.888,261.086,-391.949,1055.734
411.78504373514033,0,0,1,36.254,65.661,-47.934,-25.057,38.673,51.365
224.58315431908434,0,0,1,61.097,108.796,-80.091,-41.115,65.365,83.018
1017.3656635318868,2,0,1,-149.639,-1195.637,4656.285,1901.511,-2870.379,6306.223
237.36813812729193,0,0,1,95.65,146.537,-69.261,-35.817,62.328,204.392
1870.3793571089839,2,0,1,107.608,78.009,370.028,137.88,-200.663,892.801
81.10121136702975,1,0,1,120.782,202.749,-160.113,-75.816,124.75,152.105
42.69106244815793,0,0,1,43.789,74.777,-55.378,-27.691,45.535,55.764
202.1246400118137,0,0,1,-34.601,-450.121,1906.191,774.875,-1169.294,2670.43
335.3140516125488,0,0,1,74.126,123.374,-98.414,-46.061,76.18,92.316
473.17754848689407,1,0,1,-82.281,-537.518,1973.334,809.724,-1223.235,2610.494
620.1844012909327,1,0,1,95.337,157.562,-82.551,-45.387,73.431,192.134
30.81854763252575,1,0,1,17.86,33.86,-24.074,-12.56,19.421,28.219
1586.2695512796374,2,0,1,-126.297,-784.464,2851.865,1169.574,-1766.068,3745.701
2223.728591689282,2,0,1,-81.689,-745.692,2995.23,1220.375,-1842.176,4106.236
80.81389180881362,2,0,1,16.093,30.445,-21.853,-10.576,17.84,25.881
838.6799686834775,1,0,1,26.187,48.266,-32.785,-17.954,29.788,34.813
990.280579550619,1,0,1,-52.658,-464.329,1826.536,747.197,-1126.963,2491.963
1608.9342418639803,2,0,1,-187.693,-1300.219,4902.478,2004.395,-3028.593,6544.035
581.2336720365549,2,0,1,-264.193,-1517.41,5411.967,2219.01,-3356.442,7038.602
1041.1936162145962,2,0,1,-232.495,-1461.983,5350.147,2192.046,-3311.344,7045.412
2718.345258597648,2,0,1,-44.486,-454.566,1870.331,760.508,-1148.077,2586.534
193.07035658141982,0,0,1,25.142,-76.719,511.733,206.398,-308.103,822.494
1440.8799976493124,2,0,1,-237.564,-1399.497,5022.741,2059.648,-3114.061,6555.114
235.10513045503367,0,0,1,21.351,41.456,-27.282,-15.828,24.278,31.979
181.3704348315935,1,0,1,105.107,184.869,-137.705,-69.591,111.986,139.841
79.53415552595379,0,0,1,11.018,21.291,-12.666,-7.693,13.78,13.822
888.4675590738293,2,0,1,-324.095,-2152.918,8010.651,3278.714,-4952.559,10629.984
109.86688416954335,0,0,1,62.769,111.829,-82.144,-42.226,67.291,85.109
91.93873907622444,0,0,1,68.989,121.619,-89.372,-45.507,74.484,90.294
157.29554738167624,1,0,1,73.702,126.931,-96.032,-47.324,78.376,93.764
357.7148109962378,0,0,1,57.97,-52.86,627.763,249.751,-371.846,1103.873
1924.786728712421,1,0,1,23.067,44.333,-29.462,-16.875,26.135,33.965
262.82973655416913,0,0,1,-27.268,-430.86,1838.209,749.42,-1127.87,2589.621
573.1759877267039,2,0,1,-364.697,-2059.384,7291.982,2991.931,-4524.077,9450.354
197.01166146047714,0,0,1,39.302,64.229,-28.352,-16.641,26.427,89.265
129.53235134588564,1,0,1,56.797,97.277,-73.878,-36.169,60.388,71.363
1532.4907325181177,2,0,1,-33.146,-270.11,1044.978,427.867,-644.251,1412.77
701.3593403292655,2,0,1,3.795,-2.045,22.955,10.175,-13.033,40.855
809.16638100899,2,0,1,-246.302,-1533.42,5598.649,2293.806,-3466.135,7365.011
700.6501217040891,2,0,1,29.263,40.071,-3.597,-3.323,9.086,84.534
38.200007150938625,0,0,1,54.92,91.191,-72.338,-33.847,56.912,67.086
335.349892371553,2,0,1,18.366,30.049,-23.463,-10.882,19.586,20.565
108.26827107782712,0,0,1,51.235,90.031,-66.156,-33.589,55.445,66.307
2009.1095091602876,2,0,1,38.729,-133.772,916.412,365.051,-547.436,1464.746
272.44767312178243,2,0,1,29.234,21.749,82.702,31.672,-43.41,209.965
457.87883809534424,1,0,1,63.087,113.269,-81.999,-42.696,68.342,85.604
718.4880170411506,2,0,1,21.934,41.452,-26.913,-15.372,25.683,29.434
195.96490292799152,0,0,1,26.25,48.228,-31.454,-18.344,27.604,37.365
2046.4342204489237,2,0,1,9.304,20.736,-10.946,-7.914,12.05,15.532
302.31464331809093,1,1,1,31.35,51.403,-41.187,-18.972,32.432,37.297
702.9262918074744,1,0,1,-102.701,-655.322,2397.278,983.195,-1485.933,3163.557
901.3174954352763,2,0,1,39.769,71.234,-50.875,-26.587,43.778,52.28
126.32431488400786,1,0,1,22.849,37.91,-29.381,-13.853,24.317,26.581
136.6009806837017,2,0,1,43.012,71.967,-56.105,-26.61,45.195,52.225
279.42215988644324,0,0,1,-14.618,-305.87,1333.361,543.404,-817.696,1895.678
700.0731426645684,2,0,1,-326.136,-1895.453,6774.543,2778.445,-4200.729,8821.642
170.84392350413867,1,0,1,41.333,66.573,-55.782,-23.805,41.851,50.712
334.82714512241284,2,0,1,54.255,91.574,-71.005,-34.023,56.982,67.282
2826.2086175870077,2,0,1,95.989,34.473,506.901,193.133,-284.797,1052.803
298.9021882505556,2,0,1,37.72,64.077,-48.75,-23.67,40.265,46.175
411.87281377825855,0,0,1,34.483,-189.132,1132.877,454.942,-682.924,1766.572
648.7164218627033,0,0,1,79.053,126.015,-81.662,-39.373,66.453,132.712
303.4582683896648,0,0,1,-44.379,-374.767,1458.359,597.169,-900.85,1982.084
492.28473760446275,1,0,1,-353.462,-1953.815,6885.34,2824.226,-4273.391,8899.42
2593.1938026427138,2,0,1,-33.489,-311.792,1272.611,516.779,-780.902,1750.848
35.639381360975385,0,0,1,60.484,101.137,-77.947,-37.752,61.718,75.64
866.2111787897318,1,0,1,-22.197,-241.612,981.95,401.403,-605.708,1361.192
2014.209511415236,2,0,1,42.318,77.638,-54.532,-29.306,46.653,58.619
207.48065921612186,2,0,1,11.432,18.162,-14.318,-6.424,12.324,11.613
86.74982531521239,0,1,1,74.184,121.13,-97.487,-45.332,73.811,91.844
1197.9502006300968,2,0,1,-150.957,-1095.696,4178.701,1707.687,-2579.639,5607.108
437.5375823313676,2,0,1,18.46,23.525,1.926,0.026,3.193,57.846
207.27520661711026,0,0,1,-22.832,-297.972,1248.556,507.977,-768.704,1746.301
506.48694974666495,0,0,1,36.085,57.578,-48.197,-21.302,36.248,42.396
90.98172300780848,1,0,1,52.543,89.838,-68.22,-33.347,55.943,65.601
2.058394144844456,1,0,1,121.776,206.129,-161.703,-76.028,126.803,156.392
372.9901964075631,2,0,1,2.251,-55.182,265.913,108.591,-164.213,397.573
51.48742287681922,0,0,1,61.826,107.003,-78.639,-40.027,64.92,79.834
110.40017715234495,0,1,1,58.673,9.746,322.533,126.785,-186.514,655.501
0.0,1,0,0,-133.511,-1043.556,4034.45,1648.99,-2488.44,5449.048
334.65873904645485,2,0,1,73.041,125.859,-95.179,-46.934,77.681,93.02
1837.2013376124712,2,0,1,61.983,71.287,103.141,33.066,-46.421,353.786
573.7128517334199,2,0,1,231.167,398.969,-304.828,-149.937,242.754,301.696
427.16700506478185,1,0,1,42.973,29.479,134.462,51.67,-75.222,336.436
122.62390477651847,0,0,1,104.673,182.207,-135.695,-68.651,109.477,138.648
1325.4830943440859,2,0,1,-57.979,-535.782,2129.975,870.581,-1311.559,2914.022
962.199667956292,1,0,1,-195.603,-1343.733,5036.353,2061.385,-3113.079,6709.248
1979.2816695227102,2,0,1,66.359,97.431,7.497,-5.995,12.939,227.725
1638.036405327601,2,0,1,-266.84,-1524.147,5441.804,2229.747,-3373.573,7075.564
191.40533192456357,1,0,1,38.985,71.654,-49.858,-26.947,43.352,53.477
679.4419895324615,1,0,1,-194.02,-1305.255,4870.48,1993.438,-3011.793,6474.954
61.617597674150815,0,0,1,29.915,53.097,-36.542,-19.717,32.419,38.521
49.60574088372254,0,0,1,15.47,24.039,-20.108,-8.651,15.891,16.374
591.8735166631936,2,0,1,44.647,-62.389,580.612,232.269,-344.504,987.162
142.53194741055032,0,1,1,127.226,222.026,-167.572,-83.653,134.345,168.717
282.4310701869991,0,0,1,51.002,83.44,-67.692,-30.981,52.099,61.691
350.6942546436091,0,0,1,47.185,85.472,-61.22,-32.268,51.39,64.759
147.48609224844037,0,0,1,28.911,-200.443,1123.004,453.746,-679.792,1726.636
1545.8147147407687,2,0,1,15.932,-87.528,508.724,205.822,-306.588,788.974
45.62944949936901,0,0,1,41.475,71.752,-53.385,-26.591,44.772,51.978
109.06740926916507,0,0,1,64.086,114.093,-83.916,-43.087,68.64,86.882
38.02396540969976,0,1,1,95.297,151.281,-94.029,-43.961,73.723,179.43
695.1385884127046,1,0,1,-9.357,-262.76,1180.889,479.425,-723.208,1695.529
3201.164744645258,2,0,1,-114.646,-825.591,3160.011,1289.637,-1948.969,4240.632
746.1296071757539,1,0,1,28.892,45.057,-33.841,-15.112,26.506,39.888
162.26038957828666,1,0,1,47.406,85.918,-60.647,-32.182,52.418,63.562
771.5860233747776,2,0,1,-0.972,2.0,3.309,-0.549,1.664,-0.393
1332.8161536120324,2,0,1,81.46,143.43,-106.423,-53.918,87.1,108.022
33.39529389213918,0,0,1,66.487,113.071,-86.923,-42.081,70.107,83.341
3118.8002885356104,2,0,1,-70.165,-658.503,2667.931,1085.776,-1639.238,3667.009
299.5632906607842,1,0,1,104.409,182.229,-138.291,-68.893,109.56,139.881
238.754365451343,2,0,1,103.082,179.716,-135.317,-67.098,109.522,135.806
539.0833282332748,0,0,1,45.925,66.817,-0.793,-5.658,10.181,151.344
822.7014724165285,2,0,1,34.317,61.819,-43.694,-23.051,38.045,45.17
60.25529615386554,0,0,1,21.312,34.791,-27.281,-12.606,22.66,23.867
1200.8983066616672,2,0,1,54.483,97.193,-70.374,-36.434,59.274,72.353
91.76415343449919,0,0,1,13.286,8.062,29.819,12.934,-17.056,82.848
1162.32967654141,1,0,1,37.652,-53.313,494.18,197.588,-292.683,838.109
411.7860317328844,1,0,1,78.514,139.303,-102.48,-52.456,84.281,105.256
828.4114139236885,2,0,1,74.914,131.487,-97.299,-49.21,80.52,97.793
0.0,1,0,0,164.603,283.353,-216.32,-106.185,173.344,212.592
304.219432487064,2,0,1,73.131,126.158,-95.277,-47.057,77.827,93.278
206.67566908764252,1,0,1,23.584,40.518,-29.867,-14.836,25.836,28.322
1146.464481190883,2,0,1,5.511,-120.351,620.424,249.421,-376.109,926.056
457.6068438193392,0,0,1,26.558,-8.902,229.717,89.464,-134.374,425.14
684.9750605548553,2,0,1,41.332,74.412,-52.767,-27.784,45.684,54.607
209.90048236772594,0,0,1,-1.689,-255.811,1179.57,480.168,-721.177,1712.01
547.2944066490664,2,0,1,-78.656,-883.651,3655.583,1488.978,-2245.051,5076.89
763.1489039209874,0,0,1,23.477,35.564,-31.624,-13.016,22.903,25.721
115.90293385130144,0,0,1,-122.259,-728.742,2608.162,1070.916,-1619.161,3405.817
436.9130737609989,2,0,1,0.624,-1.133,-0.468,0.778,0.463,-2.558
839.34152308755,2,0,1,-210.456,-1354.588,4985.718,2042.592,-3085.037,6585.311
569.533758673435,1,0,1,25.925,47.492,-32.572,-17.667,29.32,34.31
70.18128494045831,0,0,1,30.493,54.451,-38.72,-20.217,33.791,39.353
117.98346731364624,0,0,1,-0.196,1.224,2.609,-0.214,1.088,-0.801
236.61092701306436,0,0,1,98.786,170.851,-129.178,-63.92,104.802,127.402
262.5547914451365,2,0,1,20.778,36.151,-26.036,-13.208,23.117,25.01
160.4123078880679,0,0,1,111.75,194.145,-144.115,-73.252,115.936,148.478
828.9905658589158,2,0,1,-214.037,-1291.399,4660.669,1911.442,-2888.112,6099.831
1264.5516036698154,2,1,1,33.779,61.545,-43.073,-23.047,37.553,45.437
182.43733112476014,0,0,1,-76.293,-523.577,1948.146,798.856,-1206.341,2592.842
797.8968994658823,1,0,1,48.933,80.143,-64.88,-29.747,50.065,59.178
1216.1353124925968,1,0,1,76.345,117.804,-29.943,-21.337,36.075,206.951
1016.3678523536248,2,0,1,-119.903,-911.579,3502.185,1431.848,-2161.947,4719.376
283.1100497860387,1,0,1,47.919,79.214,-63.06,-29.344,49.627,57.995
443.0006350977472,0,0,1,54.552,88.777,-72.774,-33.02,55.281,66.073
3083.2980653449604,1,0,1,-65.362,-577.336,2312.87,941.749,-1422.144,3164.382
374.0798438439739,0,0,1,-29.129,-545.577,2372.931,965.835,-1453.722,3364.021
280.39140914278363,2,0,1,40.927,69.866,-52.842,-25.832,43.817,50.425
773.2650070290704,2,0,1,57.021,101.014,-73.559,-37.76,61.955,74.684
187.84670768855375,0,0,1,89.267,156.375,-116.212,-58.572,95.632,116.643
68.10565877308805,1,0,1,35.99,66.049,-46.804,-25.062,39.297,50.651
33.825296034944785,1,0,1,144.582,249.357,-191.817,-92.31,151.879,191.142
99.12176611123799,1,0,1,11.265,19.09,-13.544,-6.741,12.932,11.895
107.716862873372,0,0,1,38.156,61.329,-50.685,-22.658,38.685,44.876
152.79378553853124,1,0,1,20.228,33.084,-25.91,-12.0,21.508,22.758
1421.738950347892,1,0,1,10.058,21.3,-12.797,-8.302,11.896,17.156
610.3193720268725,1,0,1,-136.433,-1087.244,4221.33,1725.035,-2603.511,5713.324
280.9896869208024,2,0,1,9.398,4.995,28.0,11.581,-14.789,66.446
185.2545320500177,0,0,1,-100.318,-778.035,2993.738,1224.028,-1848.797,4038.338
58.07215831135636,0,0,1,61.868,102.205,-82.124,-38.065,63.419,76.072
123.99321101857643,1,0,1,50.381,86.065,-65.32,-31.91,53.706,62.64
168.78437901122086,0,0,1,46.351,84.239,-59.944,-31.774,50.721,63.606
477.39623239691076,1,0,1,23.737,44.789,-29.598,-16.743,27.351,32.621
61.397091496233614,0,0,1,34.491,58.692,-44.332,-21.618,37.063,41.903
620.9067160195962,2,0,1,-49.669,-531.303,2180.476,888.576,-1340.8,3021.342
774.5083291701317,1,0,1,-63.504,-557.914,2199.177,899.017,-1354.858,2997.413
169.74903652825012,0,0,1,109.2,191.289,-143.674,-72.105,115.62,145.421
935.361011294668,2,0,1,119.953,209.025,-157.096,-78.451,127.404,157.069
190.6485584147778,0,0,1,89.445,156.99,-117.04,-59.016,95.354,118.33
1074.514756147299,2,0,1,52.618,93.966,-67.922,-35.223,57.308,69.922
164.51266527944992,0,0,1,15.463,27.978,-18.879,-10.203,17.902,19.042
140.55283845666494,1,0,1,42.501,72.536,-54.931,-26.834,45.447,52.445
554.0546038660839,2,0,1,-83.049,-673.712,2616.91,1070.15,-1614.175,3544.708
5.062773363495212,1,0,1,145.977,243.69,-195.972,-89.489,149.704,187.331
71.32253873688549,2,0,1,180.906,305.863,-240.542,-113.968,187.275,232.122
992.8316461067016,2,0,1,-136.816,-956.823,3593.582,1471.524,-2221.986,4795.869
1400.44354247213,2,0,1,-147.581,-1008.485,3786.298,1548.585,-2340.272,5046.128
244.7772943593812,0,1,1,20.184,37.779,-24.931,-14.017,23.4,26.931
0.0,1,0,0,40.512,67.91,-52.774,-25.103,42.661,49.217
41.90199400726226,1,0,1,125.635,217.768,-164.716,-81.553,133.077,163.436
1691.0517011196782,2,0,1,49.646,90.06,-64.289,-33.977,54.212,68.074
171.14576902304134,0,0,1,32.127,57.649,-41.003,-21.5,35.477,42.187
685.8500235613344,1,0,1,21.215,40.802,-26.453,-15.34,24.625,30.108
998.7816856527656,1,0,1,33.635,62.358,-43.126,-23.544,37.427,47.003
773.835738365615,1,0,1,15.713,-166.145,896.766,361.287,-543.561,1361.87
2062.5947075503614,1,0,1,55.764,93.971,-49.082,-27.671,44.597,111.369
2515.5109019147562,2,0,1,18.772,-21.27,248.879,96.68,-145.191,426.544
108.28313739898793,1,0,1,60.171,102.808,-78.287,-38.203,63.9,75.331
679.376150274432,2,0,1,-400.502,-2412.092,8738.928,3579.97,-5412.43,11448.203
201.52189108646573,0,0,1,-12.864,-251.125,1081.135,441.53,-663.959,1532.522
1222.2074621703473,2,0,1,14.591,-192.404,1021.187,411.025,-618.633,1540.189
640.8827607037449,2,0,1,-166.313,-1005.239,3627.585,1487.963,-2248.964,4750.406
646.9120357308607,1,0,1,15.902,16.464,16.201,6.269,-6.083,69.662
1932.1700475880436,2,0,1,132.438,230.91,-174.105,-86.877,140.099,174.768
107.88156332565251,1,0,1,28.627,50.117,-36.338,-18.488,31.501,35.685
937.2656243629706,2,0,1,-220.31,-1435.473,5302.267,2171.859,-3281.035,7017.207
293.7472813835711,1,0,1,153.648,267.33,-202.269,-100.603,162.153,202.572
664.8139380371131,1,0,1,-97.788,-724.107,2757.577,1128.513,-1703.98,3704.532
424.41002508970195,0,0,1,94.761,157.715,-125.496,-58.787,97.67,117.443
32.550382440483325,0,0,1,74.799,122.93,-96.352,-44.464,73.508,97.034
597.8634093386667,1,0,1,-8.108,-86.029,335.236,138.45,-207.315,458.971
128.23121698971207,0,0,1,28.527,52.782,-36.026,-19.75,32.217,38.734
661.2531309542438,1,0,1,-106.183,-780.183,2988.579,1220.697,-1844.604,4017.73
583.8242607650699,1,0,1,75.98,134.492,-99.026,-50.565,81.62,101.204
386.05869286925804,2,0,1,98.051,168.735,-128.259,-63.046,103.788,125.486
81.14419097880328,0,0,1,64.152,109.27,-80.95,-40.882,65.89,81.953
315.98007247333686,1,0,1,28.399,53.042,-35.646,-19.839,32.383,38.783
772.4614629369199,2,0,1,54.858,97.834,-71.604,-36.896,59.002,74.166
561.8124728210054,2,1,1,79.126,136.188,-103.339,-50.839,83.908,100.996
2179.099237785943,2,0,1,-87.739,-571.684,2102.841,862.288,-1301.186,2778.125
189.23721806232237,1,0,1,52.49,90.902,-67.943,-33.813,56.342,66.585
1629.1663076068546,1,0,1,28.013,52.649,-36.081,-20.005,31.19,40.322
117.77710425103866,1,0,1,63.69,95.116,-33.605,-18.868,31.918,159.404
5.885143841551207,1,0,1,116.177,195.514,-154.632,-72.188,120.313,148.424
591.6715262985592,1,0,1,69.642,5.634,445.482,173.054,-256.822,878.7
53.12547773929986,0,0,1,31.694,54.51,-40.716,-20.14,34.211,39.18
1283.4387989248125,2,0,1,-39.481,-255.001,927.656,381.302,-574.615,1221.023
67.12686846162518,0,1,1,79.028,138.356,-102.799,-51.789,84.719,103.012
1242.8602324722858,1,0,1,44.211,79.939,-57.049,-30.069,48.399,59.931
785.0744740397288,1,0,1,-272.578,-1775.744,6586.014,2694.783,-4072.529,8723.578
2260.8308848020606,1,0,1,-122.512,-772.363,2851.865,1165.917,-1763.381,3765.582
144.76994390989304,0,0,1,38.698,70.054,-49.611,-26.691,40.909,54.611
499.99529871528256,2,0,1,201.374,348.273,-264.874,-130.765,212.237,262.501
1742.7192978699672,1,0,1,-238.39,-1476.999,5389.379,2207.739,-3337.577,7088.939
374.51973700091156,0,0,1,-80.122,-515.149,1912.502,781.716,-1182.933,2533.717
96.77831454103142,0,0,1,40.028,69.128,-51.523,-25.604,43.182,50.014
33.641909731657364,0,0,1,77.202,128.304,-102.356,-47.837,79.426,95.656
959.6579422761243,1,0,1,79.075,140.176,-103.622,-52.895,84.484,106.6
173.41061150956875,0,0,1,-9.363,-285.717,1272.8,517.244,-780.836,1822.8
1081.9140751877087,1,0,1,6.262,-66.582,342.86,139.77,-207.979,515.886
668.8899002912729,2,0,1,-306.096,-1780.022,6378.438,2614.323,-3953.968,8312.536
711.4537309494698,2,0,1,-2.13,-33.978,136.497,56.552,-83.489,187.973
330.3964680631967,0,0,1,11.95,-3.873,77.864,32.481,-46.783,149.159
267.73132404098527,2,0,1,84.387,143.928,-110.49,-53.663,88.929,106.592
29.525670609528575,1,0,1,146.506,254.516,-193.997,-96.078,153.505,194.722
2256.541859835421,1,0,1,-11.012,-234.471,1057.309,427.311,-644.825,1509.779
204.81550315325453,0,0,1,60.49,19.668,286.755,111.669,-164.247,606.628
122.05136794824591,0,0,1,214.248,368.246,-282.094,-138.095,225.015,276.969
435.68631622441194,2,1,1,6.635,-67.874,352.052,143.398,-213.417,530.52
1424.5152082575687,2,0,1,-215.393,-1510.177,5719.647,2337.317,-3531.252,7646.156
338.59085284188166,1,0,1,46.171,63.026,-6.131,-5.282,12.785,136.594
564.32101582304,1,0,1,25.746,47.467,-32.174,-17.64,29.345,34.134
259.315184625796,0,0,1,-146.893,-1063.561,4035.844,1651.251,-2492.91,5408.041
212.97624666390286,1,0,1,5.967,14.148,-6.184,-5.237,8.68,9.498
519.6782420067859,1,0,1,80.233,41.854,362.11,136.465,-200.489,790.153
269.7618792901605,0,0,1,11.781,23.957,-13.662,-8.841,14.904,16.465
211.71416582003258,0,0,1,127.274,222.102,-166.883,-83.455,135.073,167.412
1264.8844222073326,1,0,1,47.953,86.729,-62.546,-32.827,51.897,66.243
637.6585241345547,1,0,1,95.793,168.236,-126.191,-63.509,101.383,128.384
37.48219525575277,2,0,1,23.809,37.215,-32.577,-12.505,23.963,28.871
948.9471302888464,2,0,1,-104.94,-774.259,2943.677,1204.971,-1818.141,3949.544
99.53763803564713,0,0,1,92.488,161.958,-120.379,-60.649,99.091,120.733
67.00624690633461,1,0,1,40.419,69.231,-52.24,-25.641,43.278,50.184
2276.719074810071,2,0,1,23.16,-118.837,741.412,295.681,-444.591,1160.064
675.2316159187302,0,0,1,30.27,49.245,-16.352,-11.049,17.005,78.446
124.60614178867868,0,0,1,76.162,133.58,-98.709,-50.501,79.631,102.497
641.0151782592368,2,0,1,-24.33,-182.162,684.723,281.338,-423.147,915.652
310.28481060719156,1,0,1,37.149,29.851,94.034,35.826,-49.478,253.009
2161.385103363174,2,0,1,54.028,64.338,82.384,25.478,-35.415,297.387
134.51826050497587,0,0,1,71.611,122.094,-90.14,-45.72,73.39,91.807
1384.5011126745687,1,0,1,1.991,-170.642,836.741,337.227,-508.511,1230.374
596.22638314055,2,0,1,-334.023,-2013.211,7282.987,2984.84,-4511.472,9537.098
10.82407282405645,1,0,1,41.925,59.427,-26.874,-11.187,20.754,100.214
0.0,1,0,0,148.053,186.994,134.334,36.973,-46.051,677.488
441.1336820408881,0,0,1,-129.124,-802.592,2926.397,1199.266,-1813.69,3851.971
738.347176833071,2,0,1,-94.086,-621.948,2292.558,940.372,-1419.506,3035.281
312.1301466099252,2,0,1,38.536,64.423,-50.176,-23.787,40.561,46.558
899.5147427713814,2,0,1,-266.438,-1589.785,5749.921,2355.095,-3561.84,7525.646
233.51476041100995,1,0,1,76.375,128.018,-100.794,-47.714,79.247,95.134
70.70359750771716,1,0,1,50.265,83.228,-66.169,-30.853,52.069,61.041
167.32238507351283,1,0,1,46.127,77.515,-60.251,-28.725,48.472,56.57
36.42309726668802,0,0,1,65.155,110.009,-85.456,-40.933,68.271,81.182
328.5989740991382,0,0,1,-0.242,-125.487,587.427,238.551,-360.076,858.979
1101.949136389756,1,0,1,-44.28,-468.591,1905.164,777.99,-1173.086,2634.738
781.7054680181554,1,0,1,-374.168,-2125.083,7549.451,3096.167,-4683.419,9799.84
685.4800741544849,1,0,1,61.311,109.593,-80.589,-41.527,65.494,84.216
1063.9721060021784,2,0,1,14.031,27.367,-16.713,-10.096,17.081,18.969
379.2647749099841,0,0,1,-96.845,-766.703,2969.686,1213.935,-1832.734,4017.786
119.08553473144576,1,0,1,81.479,140.141,-106.317,-52.274,86.467,103.706
147.10987275523206,1,0,1,14.958,25.518,-18.429,-9.167,16.808,16.81
845.8372042475644,1,0,1,-226.619,-1456.353,5362.665,2196.559,-3318.087,7083.582
256.683515256303,2,0,1,14.343,23.09,-18.038,-8.23,15.465,15.08
108.76999759768793,1,0,1,30.493,50.469,-39.441,-18.496,32.214,35.739
655.2140338784219,1,0,1,89.118,156.695,-116.477,-58.895,95.192,117.997
1532.7512312263648,2,0,1,16.031,32.022,-19.806,-12.116,19.049,23.891
283.34958393870414,0,0,1,-20.629,-363.293,1562.471,637.079,-959.033,2210.398
66.00391923434212,1,0,1,55.457,91.724,-73.165,-33.926,57.353,67.55
945.0282219541014,1,0,1,-4.679,-450.945,2111.623,855.194,-1287.388,3066.546
36.60193994271828,0,0,1,51.372,74.424,-44.958,-21.133,33.449,93.121
769.0427373172816,2,0,1,-191.851,-1300.789,4859.491,1989.222,-3004.289,6463.488
1985.7572139461445,1,0,1,22.18,12.621,70.11,28.146,-39.125,169.973
1832.680375192569,1,0,1,-110.811,-908.369,3551.731,1450.633,-2189.56,4821.099
311.3061111906317,1,0,1,34.971,-13.986,282.992,113.011,-165.604,521.237
352.6874931066148,0,0,1,79.742,141.559,-104.098,-53.319,85.602,107.028
195.36573065822657,0,0,1,30.521,56.33,-36.929,-21.247,33.126,42.477
212.9073084568051,0,0,1,47.644,84.665,-61.273,-31.621,51.999,62.384
913.8295924306589,2,0,1,29.288,53.21,-37.003,-19.806,32.833,38.589
561.067987942851,1,0,1,32.359,59.833,-40.881,-22.389,36.521,43.92
559.8667540275503,2,0,1,31.125,54.918,-39.282,-20.241,34.555,38.916
491.7157293886244,2,0,1,-342.92,-2050.441,7398.245,3032.559,-4583.896,9676.444
301.7770025468462,2,0,1,38.946,61.961,-42.833,-20.126,35.224,58.215
232.74908170435748,1,0,1,-16.019,-408.308,1809.443,736.384,-1107.42,2583.978
546.8998011001571,0,0,1,51.843,85.767,-42.173,-23.902,37.764,110.862
207.58628091378256,0,0,1,74.693,131.773,-98.382,-49.806,79.201,100.816
438.7388733505735,1,0,1,-12.856,-129.621,506.004,208.5,-313.655,694.197
47.99836412398743,0,0,1,82.771,138.716,-109.231,-51.698,85.882,103.067
282.22064855254297,0,0,1,88.063,-25.43,696.32,274.888,-406.309,1298.308
62.1709806678429,0,1,1,25.421,41.565,-32.761,-15.135,26.847,28.946
977.6547377424844,2,0,1,-241.267,-1457.973,5283.907,2164.89,-3273.41,6926.011
252.84206861293728,0,0,1,93.851,164.94,-123.779,-62.322,99.222,126.189
587.9227155757627,2,0,1,47.004,72.961,-39.104,-19.597,34.841,90.125
58.39086634787861,2,0,1,51.266,89.435,-68.826,-32.368,54.084,70.855
353.016256775678,0,0,1,91.207,126.833,14.289,-3.586,10.56,319.172
1666.8808934138256,2,0,1,60.512,108.88,-79.053,-41.188,65.245,83.124
281.744301050801,2,0,1,44.275,74.44,-57.84,-27.593,46.527,54.36
182.2677488689924,0,0,1,51.214,90.393,-66.158,-33.779,55.486,66.829
174.62331180104172,0,0,1,38.822,69.042,-49.552,-25.679,42.723,50.218
173.61402878145097,0,0,1,72.079,125.828,-93.885,-47.096,77.073,93.731
96.64142027476292,0,0,1,11.458,-70.531,389.602,158.618,-236.81,600.855
238.85009292638395,1,0,1,108.069,188.367,-141.511,-70.697,114.813,141.531
1196.4967106567299,1,0,1,-3.667,-214.011,988.966,401.025,-604.664,1433.496
845.3077022271003,2,0,1,-286.488,-1816.931,6671.646,2732.513,-4128.644,8799.446
1419.0846036107093,2,0,1,55.187,98.845,-71.506,-37.165,59.931,74.182
42.79402620085561,0,0,1,60.19,103.016,-78.328,-38.305,63.946,75.602
274.8070124333409,0,0,1,34.209,58.66,-42.78,-22.605,32.56,47.985
454.61264008473046,2,0,1,-52.745,-660.436,2758.852,1124.49,-1694.547,3851.711
218.60724246967632,0,0,1,-86.084,-553.062,2021.02,829.464,-1253.115,2667.541
54.05714082041695,0,0,1,-0.301,0.705,1.972,0.073,1.391,-1.73
1874.5712392728283,1,0,1,50.256,91.227,-65.511,-34.554,54.501,69.768
249.1084832208871,0,0,1,-5.852,-137.648,580.875,238.16,-360.135,824.157
182.03255234857002,1,0,1,29.328,48.364,-37.94,-17.705,30.937,34.166
138.14569730145894,1,0,1,296.136,510.413,-391.9,-191.718,309.849,388.321
1122.1783093767783,1,0,1,-391.619,-2254.526,8056.744,3302.256,-4994.788,10483.693
2356.5993243302337,2,0,1,52.972,95.591,-69.026,-36.138,57.339,72.792
1467.6690223141834,1,1,1,69.962,-145.466,1147.47,459.04,-685.539,1900.083
1142.459180073459,1,0,1,-227.525,-1479.017,5475.577,2241.196,-3387.164,7249.929
96.82825159515308,0,0,1,16.395,30.868,-19.78,-11.332,19.475,21.247
212.8485594405335,0,0,1,27.334,-74.468,515.053,208.109,-309.984,836.899
56.08374600359569,0,0,1,0.384,0.108,1.421,0.31,0.812,-1.877
359.464137276128,0,0,1,-50.081,-375.631,1422.125,583.268,-879.467,1908.65
46.05211603101936,0,0,1,20.21,34.278,-25.529,-12.478,22.095,23.605
1698.6265431208394,1,0,1,31.709,-91.927,670.849,266.292,-399.532,1084.209
262.369268104136,2,0,1,45.342,77.736,-58.762,-28.847,48.422,56.675
23.629169292347616,0,0,1,39.216,65.975,-49.516,-24.521,40.386,48.652
1810.5518172137522,2,0,1,84.93,138.476,-62.09,-36.054,59.287,186.768
42.52423751336545,0,0,1,136.718,236.528,-179.034,-88.552,143.647,179.124
14.736307687626503,1,0,1,96.317,162.445,-128.267,-59.659,100.018,123.735
156.34346882073905,0,0,1,-158.756,-1114.176,4200.199,1718.58,-2595.971,5611.68
852.7822235928072,1,0,1,-245.806,-1444.943,5177.419,2123.671,-3209.6,6750.766
1303.7812491070256,1,0,1,-287.962,-1720.66,6202.518,2542.941,-3844.378,8112.277
371.3203209460088,0,0,1,24.264,45.431,-32.131,-17.509,26.183,36.305
218.78286627988342,0,0,1,21.502,39.195,-25.228,-14.613,23.442,28.63
333.41276381202783,0,0,1,-3.549,-98.919,425.617,174.743,-263.27,609.617
965.664533183474,2,0,1,-99.842,-696.428,2611.734,1069.733,-1616.363,3486.734
227.8057615760538,0,0,1,-232.801,-1510.775,5600.185,2291.216,-3462.848,7414.835
1076.2846623085964,2,0,1,-279.903,-1582.718,5625.002,2305.939,-3489.038,7300.299
1199.2740523583373,1,0,1,-53.553,-783.193,3340.403,1359.6,-2047.926,4696.589
565.6662963697044,1,0,1,-168.849,-1189.571,4491.016,1837.251,-2775.098,6002.984
202.35639559350562,0,0,1,-66.836,-425.125,1546.643,635.12,-959.475,2038.057
1249.1291329795267,1,0,1,-362.024,-2094.083,7479.196,3067.003,-4637.61,9734.032
935.6518197160732,2,0,1,-45.467,-552.354,2295.206,935.991,-1409.709,3197.102
304.7876949118411,0,0,1,22.222,34.475,-29.511,-12.588,22.248,24.586
926.1293556222765,1,0,1,20.307,-159.143,866.748,351.514,-526.109,1326.929
397.3437560940847,2,0,1,50.98,87.832,-66.102,-32.653,54.512,64.314
155.5794622362074,1,0,1,81.755,143.394,-106.665,-53.8,87.414,107.47
266.84442279010557,0,0,1,18.796,-157.997,884.862,355.54,-534.923,1355.058
190.23620644430625,0,0,1,0.482,-395.005,1876.816,760.018,-1144.105,2741.331
952.7861936966918,2,1,1,-31.311,-468.406,2026.645,822.381,-1240.236,2857.789
202.59470636526316,1,0,1,16.089,27.256,-20.106,-9.852,17.779,18.356
1027.565397533528,1,0,1,-389.767,-2198.539,7788.663,3195.043,-4832.142,10095.569
193.97564112770885,0,0,1,51.655,92.794,-66.843,-34.894,56.238,69.616
237.42907164925347,1,0,1,30.841,-9.43,230.051,92.351,-135.904,433.248
674.3809136309638,1,0,1,12.151,-267.376,1331.101,539.782,-809.753,1977.576
514.5943758609191,2,0,1,12.963,24.502,-15.33,-8.914,15.699,16.36
369.6485153117651,0,0,1,31.543,-18.692,315.77,123.189,-184.709,566.728
68.39200815142632,0,0,1,34.478,54.173,-45.718,-19.996,34.111,39.804
486.14576454545397,2,0,1,79.301,12.904,449.553,179.059,-262.162,922.936
40.11293113196506,0,1,1,99.481,164.917,-130.018,-61.676,100.644,124.281
439.0637414773267,1,0,1,74.182,130.849,-97.735,-49.462,78.63,100.147
190.25317787393072,1,0,1,29.038,54.187,-36.47,-20.268,33.082,39.634
1831.8351479073472,2,0,1,-140.738,-1159.651,4567.565,1862.422,-2812.088,6208.497
557.5196861765796,1,0,1,61.449,109.157,-79.969,-41.048,66.205,82.115
312.98366477217127,0,0,1,41.194,-45.278,475.312,189.569,-283.358,825.562
854.110655904469,2,0,1,-164.496,-1132.339,4267.147,1744.274,-2636.064,5693.372
280.8446364074575,1,0,1,27.417,47.93,-34.749,-17.658,30.2,33.999
409.6187663792538,1,0,1,-13.014,-269.626,1169.329,477.113,-718.042,1662.013
823.2238268375575,2,0,1,37.441,68.001,-47.836,-25.468,41.489,50.265
94.00985131777564,0,0,1,44.471,4.432,248.264,97.913,-145.289,499.468
709.9444584245617,2,0,1,47.569,84.802,-61.124,-31.687,52.027,62.524
1294.909087298666,2,0,1,87.775,79.437,225.261,81.246,-117.391,616.095
601.4743496761921,0,0,1,-46.096,-482.047,1974.791,804.519,-1214.178,2733.083
262.3287610544491,0,0,1,72.979,93.321,29.431,6.547,-4.167,277.777
2445.7864257470433,1,0,1,9.023,-289.488,1455.971,586.452,-882.618,2155.728
1173.0008523484075,1,0,1,-133.655,-1115.602,4383.418,1789.484,-2700.937,5960.424
439.4545879174969,0,0,1,2.434,-207.763,1008.547,407.505,-613.982,1481.861
94.76825307362756,0,0,1,74.256,123.103,-98.505,-45.88,76.274,91.729
1303.6797235191298,2,0,1,27.863,51.743,-35.105,-19.358,31.586,37.918
656.0089068865527,2,0,1,30.978,-93.958,627.944,253.88,-378.589,1013.369
409.7893210838468,2,0,1,-41.958,-542.263,2270.316,925.625,-1394.33,3173.265
1162.0183673234312,2,0,1,-81.616,-579.729,2197.803,898.531,-1358.242,2943.727
256.85002896740104,0,0,1,91.156,76.171,235.088,87.804,-124.831,635.93
2022.645525107654,2,1,1,117.686,205.772,-154.816,-77.515,124.537,156.208
210.55110596438763,0,0,1,20.028,-244.164,1304.597,525.118,-789.895,1971.249
598.799654095369,2,0,1,38.058,67.105,-48.704,-24.931,41.633,48.747
107.88285909339017,1,0,1,8.567,14.596,-10.11,-5.107,10.024,8.798
338.42420273327934,0,0,1,138.541,188.797,46.422,3.903,3.243,517.843
546.1388415952587,2,0,1,-320.26,-1982.703,7231.222,2962.461,-4476.704,9505.822
1821.5885868593193,2,0,1,55.542,100.156,-72.022,-37.75,60.423,75.593
144.4200054476548,1,0,1,45.361,75.669,-59.199,-27.961,47.583,54.849
128.18048716720912,1,0,1,38.599,66.216,-49.677,-24.472,41.544,47.668
974.8352846865885,2,0,1,105.905,185.141,-138.439,-69.475,112.855,138.942
29.95052596942826,0,1,1,16.14,25.055,-20.975,-9.013,16.577,17.046
519.1534934437735,0,0,1,52.311,92.993,-69.158,-35.302,55.401,71.943
2619.698627031767,2,0,1,88.274,112.631,84.313,22.765,-28.907,411.034
1123.2637234183194,2,0,1,28.602,52.372,-35.943,-19.482,32.335,37.838
64.46454814713385,1,0,1,74.649,125.939,-97.866,-46.836,78.234,92.813
487.506239121196,0,0,1,16.387,15.938,13.143,5.888,-5.805,67.515
403.01831735861674,0,0,1,-61.233,-710.239,2941.436,1198.928,-1807.013,4090.334
606.2526040397352,1,0,1,15.99,30.419,-19.418,-11.243,18.952,21.34
910.2251449740672,1,0,1,132.874,231.733,-174.73,-87.209,140.529,175.513
258.09213986364847,0,0,1,-92.929,-733.23,2833.438,1158.758,-1749.079,3830.786
414.4145419345372,2,0,1,23.05,40.725,-28.914,-14.963,25.762,28.568
49.77961279750925,0,0,1,24.247,40.192,-31.235,-14.699,25.745,28.263
2187.4717437186982,2,0,1,46.932,-160.357,1094.685,436.735,-654.871,1751.766
346.1451055839546,0,0,1,69.726,107.89,-63.617,-31.151,52.545,126.848
1854.648987672906,1,0,1,21.627,21.454,66.854,22.534,-33.625,170.695
1095.270605030705,2,0,1,-351.336,-2122.092,7701.434,3154.138,-4769.064,10095.646
746.0412424937434,1,0,1,-208.549,-1205.767,4292.222,1761.598,-2663.44,5582.859
1167.917604754119,1,0,1,18.639,36.827,-23.345,-13.985,21.768,27.85
1076.7688310592364,2,0,1,43.471,78.643,-56.004,-29.559,47.68,58.817
575.0894964718307,1,0,1,42.531,77.067,-55.757,-29.271,45.807,59.444
151.60589992150554,2,0,1,161.943,278.241,-212.792,-104.2,170.45,208.436
193.87339790568163,0,0,1,-60.611,-555.2,2229.165,908.471,-1372.152,3058.57
718.8256456905326,1,0,1,-59.803,-574.034,2298.145,938.972,-1415.777,3156.341
218.50807467813794,0,0,1,-85.018,-648.125,2483.96,1016.337,-1534.892,3348.102
1114.7986845305943,2,0,1,-218.628,-1400.896,5174.999,2117.54,-3201.027,6841.556
218.42077444188146,0,0,1,28.341,44.625,-37.587,-16.359,28.573,32.075
65.64084784707345,0,0,1,112.234,189.203,-148.295,-70.695,116.547,141.453
287.96616092430247,0,0,1,20.899,39.781,-27.216,-15.259,23.117,31.241
158.49787932732275,0,0,1,-281.042,-1753.641,6408.618,2625.394,-3967.741,8434.898
219.28747105217417,0,0,1,-20.351,-162.588,613.087,252.5,-380.391,826.188
73.58155404411038,0,0,1,91.006,157.383,-116.738,-59.637,92.659,122.103
63.56936674410395,2,0,1,29.12,27.9,45.443,18.887,-26.367,168.989
8.84634762088792,2,0,1,46.576,38.661,91.994,39.103,-52.995,293.086
124.56301458045716,0,0,1,24.747,45.359,-30.863,-17.448,25.559,36.309
615.0872407595207,2,0,1,-215.816,-1327.041,4824.309,1977.218,-2988.544,6336.092
605.6500928860787,1,0,1,28.742,53.443,-37.4,-20.359,31.525,41.347
161.81529024734226,2,0,1,48.101,82.096,-65.88,-30.525,48.719,66.386
186.28782273907999,0,0,1,46.903,-0.067,293.498,116.455,-170.44,576.365
356.6569841235322,2,0,1,9.297,19.518,-11.083,-6.914,11.929,14.444
1893.4007840059649,2,0,1,-243.328,-1522.886,5589.486,2287.663,-3458.889,7366.717
339.72558085147625,2,0,1,20.487,36.273,-25.562,-13.295,23.039,25.237
2424.1913997124775,2,0,1,57.044,38.27,224.526,82.924,-122.178,515.833
155.32560516304514,0,0,1,104.038,138.019,61.925,12.943,-13.31,430.06
1700.8137782716724,2,0,1,-190.974,-1185.878,4342.26,1777.418,-2687.659,5716.907
153.8759203395217,1,0,1,22.932,40.055,-28.84,-14.684,25.456,27.985
742.2619309723275,2,0,1,44.163,78.474,-56.795,-29.308,48.2,57.817
1217.518592402071,2,0,1,-213.343,-1317.428,4787.482,1962.865,-2966.919,6290.675
816.6669911668635,1,0,1,57.364,101.148,-74.239,-37.828,62.005,74.975
748.2148466196224,2,0,1,-240.535,-1393.693,4992.847,2046.03,-3095.106,6505.185
174.12118059497314,0,1,1,57.996,103.815,-75.148,-39.028,62.965,77.886
2594.5023628713716,2,0,1,-31.41,-264.218,1054.813,428.998,-648.982,1440.504
1129.1821245737426,1,0,1,107.987,188.733,-141.871,-71.031,114.422,142.897
718.6396217864338,2,0,1,-313.127,-1806.067,6440.246,2641.539,-3994.44,8377.52
1031.3312619406802,2,0,1,-403.308,-2293.212,8162.845,3346.268,-5061.667,10600.264
1232.2673964667229,2,0,1,-262.17,-1638.215,5991.537,2454.242,-3709.565,7889.102
1139.2058941117164,1,0,1,59.733,106.455,-78.044,-40.163,64.159,80.806
677.6726410285539,1,0,1,61.785,-166.599,1217.399,485.642,-727.01,1977.881
2428.925776195571,2,0,1,33.336,-63.225,545.818,215.479,-323.131,907.464
301.9409585862252,0,0,1,42.36,-36.041,436.593,174.551,-259.527,773.726
925.5531136911989,2,0,1,36.024,66.102,-45.731,-24.745,40.34,48.666
849.3125364657179,1,0,1,40.908,-0.756,298.349,114.717,-170.915,570.718
218.45206747637022,1,0,1,66.176,115.803,-85.697,-43.225,71.277,85.497
237.02810894580568,2,0,1,38.105,65.769,-49.146,-24.386,41.01,47.744
444.9131937026631,2,0,1,36.944,65.529,-47.123,-24.343,40.644,47.517
284.6633068227717,2,0,1,25.056,11.875,91.98,37.221,-54.522,218.103
182.77828861798238,1,0,1,11.577,21.056,-13.678,-7.554,13.842,13.563
696.1221750650304,2,0,1,81.411,142.369,-106.046,-53.317,87.104,106.186
307.77444120775556,2,0,1,24.445,43.23,-30.67,-15.891,27.325,30.359
373.56921251944186,2,0,1,58.341,100.72,-75.616,-37.459,62.459,73.799
276.70428604840066,1,0,1,3.161,10.082,-2.561,-3.819,5.843,6.937
1580.946172153175,1,1,1,54.625,-114.64,903.184,361.123,-539.833,1495.353
148.29610161604452,0,1,1,38.005,69.87,-49.627,-26.585,41.343,54.002
592.7451710321582,0,0,1,-254.262,-1472.767,5265.544,2158.87,-3265.682,6858.143
738.0197288906782,2,0,1,40.556,73.226,-52.004,-27.433,44.671,54.253
1518.5393008880064,2,0,1,61.288,109.518,-79.698,-41.236,66.239,82.586
48.76901727991404,1,0,1,18.915,32.996,-23.708,-12.068,21.058,22.888
1009.6415759948508,1,0,1,-66.997,-448.216,1674.941,685.055,-1036.244,2228.762
167.5754479260908,1,0,1,15.119,22.371,-20.061,-8.032,14.9,15.357
118.19519053152798,1,0,1,80.705,140.947,-105.921,-52.536,85.895,106.622
1217.3079618459562,1,0,1,-162.905,-961.571,3441.029,1412.312,-2133.872,4486.759
22.34961597286035,2,0,1,25.233,42.163,-33.461,-14.757,26.659,31.878
690.8614952499522,2,0,1,-263.832,-1645.647,6017.006,2464.579,-3725.196,7920.797
298.9415670963084,0,0,1,130.053,106.744,357.481,132.884,-190.169,941.061
991.0049407707447,1,0,1,19.55,3.153,136.64,51.317,-77.51,266.812
578.8071302321185,2,0,1,-3.062,-101.273,442.476,181.272,-270.935,630.676
245.0305096937984,0,1,1,36.633,64.526,-48.855,-24.559,38.275,50.412
1683.7259991244234,1,0,1,7.663,-105.855,532.153,216.947,-324.001,796.563
1049.4074661071975,2,0,1,-131.816,-1104.663,4347.687,1774.442,-2678.274,5914.511
741.0451293820139,2,0,1,-175.727,-1057.875,3816.047,1565.01,-2365.952,4995.874
651.8224175578506,0,0,1,24.179,36.93,-32.659,-13.579,23.578,27.025
333.40682951385406,1,0,1,18.778,32.963,-23.472,-12.061,21.013,22.857
564.391650101536,0,0,1,-34.782,-269.613,1046.043,426.983,-646.362,1417.144
122.58569160833005,0,0,1,76.346,133.041,-99.258,-49.714,81.746,98.655
255.58616743577775,1,0,1,124.55,215.098,-163.178,-80.533,131.781,160.805
51.92610574236982,0,0,1,25.219,42.817,-32.19,-15.692,27.28,30.112
13.278033551930418,1,0,1,23.843,0.721,126.527,52.985,-76.351,263.106
159.59252112551994,0,0,1,-143.728,-901.052,3282.986,1346.388,-2034.15,4320.23
185.3665148966806,0,0,1,-227.905,-1459.137,5379.973,2202.389,-3328.879,7109.404
1268.855617636943,2,0,1,-208.856,-1258.238,4564.07,1869.151,-2826.911,5982.561
478.3265038248373,2,0,1,-121.364,-737.358,2660.208,1091.608,-1648.494,3482.229
144.67615654311456,0,0,1,38.863,-35.77,409.522,163.755,-242.726,717.889
702.6695318240054,2,0,1,45.275,65.201,-13.573,-9.121,18.905,121.903
660.9166574801868,2,0,1,-285.739,-1782.459,6523.359,2671.341,-4038.035,8589.161
744.2594562984813,2,0,1,24.409,-191.963,1050.429,425.447,-636.491,1606.83
1352.4978817872764,1,0,1,70.829,125.347,-92.631,-47.221,75.791,94.888
348.0191970383419,0,0,1,29.552,54.663,-38.668,-20.859,32.153,42.548
2127.968112832644,2,0,1,35.85,66.272,-46.103,-25.042,39.724,50.108
613.197803789983,0,0,1,25.715,47.903,-34.04,-18.433,27.702,38.151
973.3460269999034,2,1,1,28.476,-377.857,1997.384,804.645,-1209.193,3007.733
213.57560297929984,0,0,1,71.33,126.249,-93.29,-47.563,76.328,95.584
128.02500081791493,0,0,1,28.862,54.477,-36.305,-20.462,32.974,40.259
573.2993977658285,0,0,1,85.539,148.889,-113.786,-56.392,89.223,114.986
277.42876359102235,0,0,1,14.027,27.592,-16.645,-10.187,17.188,19.136
111.98546663486304,0,1,1,119.68,208.867,-157.866,-78.767,126.169,159.145
61.986303072165754,0,0,1,44.221,71.679,-58.686,-26.536,45.023,52.654
1633.12520000987,2,0,1,-33.328,-308.219,1221.504,499.685,-754.355,1674.63
102.3032153367874,2,0,1,28.773,42.607,-32.431,-12.382,23.476,45.423
547.9550592504896,2,0,1,43.689,65.873,-29.111,-15.082,27.989,93.542
2001.4678208649211,2,0,1,72.351,87.301,97.521,29.691,-40.388,378.612
758.7465771797334,2,0,1,14.145,27.959,-16.698,-10.312,17.441,19.308
468.7358659053041,2,0,1,74.187,130.096,-96.413,-48.694,79.658,96.808
173.30277166264156,1,0,1,141.302,243.7,-185.385,-91.283,149.195,182.497
249.09794411058164,0,0,1,46.439,81.911,-61.95,-31.194,48.531,64.078
276.4445202975536,0,0,1,-87.717,-644.577,2454.829,1004.209,-1516.732,3296.648
433.4837177206025,1,0,1,58.378,104.119,-75.415,-39.031,63.498,77.516
1418.6899277331465,1,0,1,-415.757,-2376.794,8461.727,3469.973,-5247.862,10994.0
2062.152934754109,2,0,1,-22.702,-329.786,1433.308,580.491,-876.163,2020.627
1472.644522230089,2,0,1,102.587,170.399,-92.309,-50.309,82.075,199.618
2106.0890656869833,2,1,1,-71.008,-614.335,2444.732,996.296,-1504.787,3338.877
2257.611999477756,2,0,1,65.138,84.209,64.264,16.883,-21.755,307.053
518.5684751464618,1,0,1,27.095,34.677,5.966,0.915,2.765,90.96
721.0052381886125,0,0,1,29.623,20.309,85.787,33.536,-46.776,217.112
62.32597594686286,1,0,1,87.143,146.846,-115.132,-54.859,90.487,109.74
739.0295311361212,2,0,1,68.188,-35.524,610.3,242.063,-358.606,1109.15
563.04717680538,1,0,1,130.523,227.623,-171.242,-85.543,138.398,171.681
118.35075919496428,0,0,1,49.748,89.835,-64.166,-33.771,54.459,67.245
1653.7751448345684,2,0,1,-2.781,-83.185,389.411,156.59,-237.548,563.447
88.54502158066008,1,0,1,67.94,115.589,-88.838,-43.028,71.637,85.247
120.38736668717283,0,0,1,121.072,210.868,-157.654,-79.407,127.12,160.142
337.10223911525355,0,0,1,37.302,68.216,-48.636,-25.896,40.56,52.426
315.5146603282313,0,0,1,1.256,-79.227,379.717,154.115,-233.085,561.166
98.84350504040712,0,0,1,35.764,57.266,-47.414,-21.103,36.293,41.624
68.37018573978867,1,0,1,19.779,30.943,-25.742,-11.172,20.335,21.254
1270.5895231171637,2,0,1,-57.697,-511.075,2017.028,824.572,-1242.677,2751.037
293.5336153403258,2,0,1,55.429,92.19,-73.034,-34.244,57.452,67.944
1308.8692110242405,1,0,1,68.458,100.627,2.431,-7.844,15.493,228.009
50.079265986121776,1,0,1,100.507,176.615,-131.355,-66.368,107.34,132.932
55.13767556156776,0,0,1,18.681,31.441,-23.565,-11.405,20.397,21.458
342.52245486183693,0,0,1,-3.794,-151.218,685.426,278.609,-420.626,990.527
422.8604145294393,1,0,1,20.569,39.046,-25.147,-14.473,24.207,27.652
599.6497713034296,1,0,1,-12.474,-101.119,373.006,154.639,-232.341,500.788
1098.270546077682,1,1,1,24.114,8.468,100.735,40.568,-57.831,221.269
11.718686664064826,1,0,1,107.15,185.776,-142.78,-69.358,112.034,143.898
281.59600216014115,0,0,1,95.241,156.442,-124.104,-58.622,94.748,118.921
591.3126755268172,1,0,1,77.677,-160.907,1284.62,513.005,-766.138,2127.477
1346.4800347934613,2,0,1,-6.472,-119.505,506.421,207.468,-310.55,712.842
429.09622127357886,0,0,1,82.482,144.706,-109.23,-54.783,86.742,111.394
556.698043413936,2,0,1,-234.391,-1471.299,5380.192,2204.547,-3330.659,7084.002
1334.6633876199362,1,0,1,25.865,-25.836,307.964,120.955,-181.282,535.814
67.83221857108836,0,0,1,29.654,52.534,-37.569,-19.431,32.84,37.6
99.87114391183276,1,0,1,44.98,77.037,-58.259,-28.568,48.049,56.061
2349.195945080531,2,0,1,-31.337,-408.711,1743.205,707.511,-1067.676,2444.273
39.99190340200042,0,1,1,54.75,91.288,-72.176,-33.945,56.768,67.458
265.1413448263681,0,0,1,48.587,16.593,233.984,91.347,-134.451,499.639
649.2449152890797,1,0,1,48.151,86.135,-61.763,-32.186,52.831,63.456
223.53850232402138,0,0,1,69.786,122.184,-89.819,-46.363,71.905,94.871
296.20804269649915,0,0,1,129.767,225.327,-169.853,-84.452,137.728,168.759
253.1353503962995,0,0,1,-24.889,-453.869,1966.185,800.717,-1205.234,2784.898
1243.8080098190246,1,0,1,56.805,101.486,-74.295,-38.338,61.003,77.291
48.40870721402647,1,0,1,60.308,104.052,-78.285,-38.727,64.443,76.424
164.3691945981228,0,0,1,-151.47,-931.542,3380.848,1386.249,-2095.413,4439.773
90.4565309545024,2,0,1,60.23,106.02,-80.395,-39.179,63.633,83.306
90.09329774555243,0,1,1,69.206,113.842,-92.242,-42.458,70.487,85.18
551.5013766030211,1,0,1,-87.059,-559.512,2048.414,840.309,-1268.152,2701.113
74.92170379639137,0,0,1,26.132,41.587,-34.724,-15.319,26.388,30.241
350.95957353693075,0,0,1,73.728,97.538,42.454,8.873,-9.487,303.887
380.7201739882094,2,0,1,37.256,64.452,-47.822,-23.846,40.337,46.45
104.14053420627852,0,0,1,77.869,137.784,-101.071,-51.672,84.012,102.904
819.6421362065498,2,0,1,80.4,48.57,326.882,122.643,-180.01,740.064
189.8788111574093,0,0,1,32.53,58.948,-40.071,-22.255,34.717,44.756
373.6425618943869,0,0,1,14.015,-44.319,284.55,115.879,-172.113,457.391
289.9540662497883,1,0,1,64.95,112.057,-84.561,-41.781,69.176,82.753
445.9249379702979,1,0,1,32.421,57.687,-41.503,-21.495,35.576,42.193
493.46218763968267,0,0,1,37.3,43.457,27.175,9.078,-9.522,156.654
957.3605476704992,1,0,1,45.588,82.049,-59.713,-31.088,49.017,62.935
148.27969588292223,0,0,1,31.631,51.873,-41.558,-19.147,32.724,37.646
455.38463448932373,1,1,1,-108.357,-930.913,3691.795,1505.402,-2272.817,5035.962
1465.8416706846965,1,0,1,-277.612,-1611.005,5758.021,2361.279,-3570.907,7498.712
368.84277327901765,1,0,1,-4.571,-81.39,338.202,139.176,-207.671,473.58
0.0,1,0,0,219.804,379.623,-289.343,-142.546,231.334,286.29
603.5986906244391,1,0,1,6.412,-79.056,395.257,161.773,-241.054,592.725
154.54389011563407,0,0,1,150.32,262.441,-197.407,-98.717,159.286,198.426
274.1806711102896,0,0,1,66.858,86.084,20.986,3.904,-0.634,245.661
196.32251102053743,2,0,1,51.91,87.225,-67.942,-32.365,54.422,63.905
226.5530762167669,1,0,1,41.487,73.669,-52.967,-27.391,45.617,53.552
58.34375096899148,0,0,1,25.93,42.933,-33.46,-15.712,27.469,30.268
726.1771979202567,1,0,1,141.784,210.654,-27.318,-27.118,49.822,421.585
318.73145109017145,0,0,1,27.608,51.78,-35.633,-19.685,30.648,39.74
280.23194212510487,0,0,1,29.463,47.718,-15.185,-10.429,16.108,77.308
741.4199737828844,2,0,1,103.04,179.234,-134.743,-67.173,109.55,134.16
760.4161875051208,1,0,1,55.219,86.176,-16.534,-14.357,24.092,158.136
42.194423595497604,0,0,1,19.914,31.708,-26.009,-11.545,20.522,22.246
176.0058582228449,0,0,1,15.469,27.401,-18.827,-9.902,17.827,18.214
1237.0521690774613,1,0,1,-243.319,-1559.268,5740.757,2351.115,-3552.626,7583.146
230.3768529168071,1,0,1,42.967,60.646,-8.804,-6.824,15.467,120.946
345.9368852663803,2,0,1,45.322,79.254,-58.728,-29.367,48.915,58.622
435.76873999323067,2,0,1,-15.684,-517.135,2327.468,946.18,-1423.263,3341.359
1231.0614699199166,2,0,1,-145.517,-848.024,3048.551,1248.637,-1889.277,3977.58
1014.6314697217354,1,0,1,9.765,-195.291,992.718,400.974,-603.584,1482.325
885.3380992542825,1,0,1,-114.043,-773.197,2876.164,1178.67,-1780.13,3823.789
1098.0239894654978,1,0,1,33.966,62.617,-44.22,-23.804,37.11,48.237
1205.457310326981,2,0,1,-121.641,-835.322,3129.006,1280.873,-1934.712,4168.802
63.275445108031114,0,0,1,76.272,131.428,-95.585,-49.267,78.775,98.875
303.1516603144575,2,0,1,106.3,180.531,-139.98,-67.463,111.121,134.762
223.95496091965808,1,0,1,45.659,72.079,-45.049,-21.759,38.145,76.738
958.5697538956971,1,0,1,-165.405,-1252.583,4826.264,1971.318,-2977.262,6505.002
775.7005038870584,1,0,1,-138.989,-1175.021,4638.581,1892.409,-2856.681,6316.725
47.63716310480598,1,0,1,41.473,70.718,-53.724,-26.191,44.223,51.32
1091.6818418766554,2,0,1,77.498,137.117,-100.595,-51.422,83.606,102.409
286.86538741864365,0,0,1,-39.07,-500.75,2121.504,862.128,-1300.635,2970.604
271.0194966061413,0,0,1,-105.243,-735.778,2775.814,1135.308,-1715.997,3710.142
15.2526159578392,1,0,1,21.85,35.108,-29.259,-11.983,22.635,26.447
1835.301374397187,2,0,1,-277.517,-1637.065,5898.195,2416.402,-3654.675,7705.651
401.5014608269343,0,0,1,115.461,201.732,-151.959,-75.998,122.084,153.196
346.66394904241656,0,0,1,-37.699,-369.926,1490.953,608.61,-918.861,2054.386
1034.9565054948657,1,0,1,101.659,177.738,-134.158,-67.082,107.189,135.692
223.5139764073672,1,0,1,28.496,50.041,-36.151,-18.472,31.411,35.674
2104.0055204986543,2,0,1,65.866,89.773,40.803,7.512,-7.548,275.036
612.608360709919,2,0,1,23.369,-64.897,461.285,184.854,-277.757,751.72
2952.2590541288964,1,0,1,-10.619,-303.233,1379.799,558.519,-841.772,1980.463
23.96252645163554,2,0,1,58.868,62.564,71.609,27.224,-35.539,298.904
184.03991416748588,1,0,1,35.889,62.897,-45.966,-23.334,39.138,45.56
2319.60193544729,2,0,1,33.294,45.27,34.138,7.935,-10.819,160.695
1772.4422549335422,1,0,1,19.825,-132.627,781.698,312.606,-470.079,1207.519
1136.1403948920183,2,0,1,62.484,110.867,-81.32,-41.677,67.289,83.344
272.61250438888425,0,0,1,-45.822,-555.775,2322.242,945.621,-1426.208,3240.263
678.7553745840034,2,0,1,-97.86,-737.01,2820.007,1153.628,-1741.706,3795.237
464.5921821288977,0,0,1,43.526,77.522,-57.572,-29.453,46.105,60.093
164.19400288364213,0,1,1,35.496,64.17,-46.949,-24.481,37.821,50.177
165.35090261057053,0,0,1,61.002,109.084,-78.681,-40.887,66.53,81.128
896.7793756240104,1,0,1,4.451,-220.648,1053.291,428.496,-643.206,1548.144
158.55729072620503,1,0,1,72.26,123.576,-94.339,-46.03,76.473,91.189
248.16368846032884,0,0,1,-79.394,-572.427,2159.364,884.667,-1335.566,2890.722
369.44564957740926,0,0,1,-90.267,-583.145,2139.408,877.433,-1326.01,2827.779
251.0315333935065,2,0,1,101.067,172.577,-132.613,-64.452,106.298,128.42
785.4396502977088,2,0,1,42.062,75.658,-53.646,-28.225,46.524,55.39
471.3341515106157,1,0,1,107.409,187.689,-141.637,-70.793,113.327,143.042
1266.6179999987096,1,0,1,50.417,61.286,32.994,9.9,-9.295,206.317
123.43207773927887,0,0,1,-0.56,-93.767,418.792,171.936,-257.467,606.019
356.60409761718495,1,0,1,64.793,113.077,-84.077,-42.225,69.56,83.645
669.6459118671439,2,0,1,87.855,144.127,-101.256,-48.92,82.226,130.759
1909.268973600008,2,0,1,-35.965,-482.1,2041.329,830.642,-1252.66,2862.682
108.2769605520622,0,1,1,38.76,70.374,-49.531,-26.358,42.936,52.026
759.2895731567739,0,0,1,13.947,-56.566,377.025,149.76,-226.094,599.538
178.53989241278384,1,0,1,108.396,162.375,-57.78,-32.533,58.685,261.442
164.6721149614496,1,0,1,33.394,58.53,-42.701,-21.694,36.481,42.274
852.0004411689729,1,0,1,-118.875,-745.656,2714.188,1113.438,-1682.095,3571.279
705.225990166815,2,0,1,67.122,112.286,-88.547,-41.814,69.628,83.268
267.25777888675304,0,0,1,78.718,-27.512,664.025,260.621,-387.454,1225.771
990.3538210152236,1,0,1,-125.493,-779.979,2831.582,1161.733,-1754.295,3718.881
222.40917033945914,0,1,1,-87.454,-668.19,2561.79,1048.198,-1582.481,3452.507
1501.5845641809863,2,0,1,187.742,265.704,25.068,-10.951,28.728,646.84
712.1491995356546,2,0,1,-130.146,-886.187,3318.276,1357.839,-2051.921,4419.393
1173.5277023830201,2,0,1,-299.998,-1818.169,6601.454,2703.919,-4088.451,8657.919
39.05282190185448,1,0,1,48.781,82.228,-64.08,-30.059,51.355,60.974
752.0881665096924,1,1,1,59.868,105.36,-77.543,-39.399,64.607,78.111
283.91736621867864,0,0,1,-185.15,-1234.308,4595.78,1881.083,-2842.58,6104.008
1669.2340636618358,2,0,1,36.597,67.094,-47.561,-25.441,39.973,51.361
122.21174186088565,0,0,1,52.907,87.468,-69.625,-32.403,54.794,64.044
146.01682045754345,1,0,1,20.3,33.688,-26.0,-12.279,21.698,23.438
261.9445555099702,0,0,1,45.219,81.33,-58.461,-30.578,49.301,60.968
220.49129294671096,2,0,1,62.346,111.095,-81.637,-41.86,66.869,84.679
26.069646312401684,0,0,1,64.393,109.791,-83.931,-40.816,68.193,80.605
102.30550322568335,0,0,1,28.711,51.001,-36.294,-18.856,31.9,36.429
1869.0057299287844,1,0,1,-116.062,-810.647,3081.744,1257.863,-1901.704,4122.935
352.4524685311068,2,0,1,-5.185,-162.309,722.277,294.327,-441.293,1032.317
78.57060048242158,0,0,1,70.602,118.862,-92.573,-44.179,73.923,87.495
1207.6037649039122,2,0,1,-220.643,-1421.438,5255.24,2150.611,-3250.655,6951.426
368.3752841340056,1,0,1,17.232,2.9,85.243,34.532,-48.814,175.398
1371.0525521288994,2,0,1,86.765,-100.144,1082.76,427.328,-637.441,1862.214
1260.379389028549,1,0,1,97.022,169.801,-127.659,-63.99,102.683,129.025
1179.7821700479244,1,0,1,49.778,89.786,-64.632,-33.869,54.081,67.932
403.4904558779897,0,0,1,29.186,21.219,105.117,37.859,-58.039,249.386
611.6955373499925,1,0,1,-1.682,-91.534,402.942,165.393,-247.217,578.101
8.854489171010721,1,0,1,125.135,213.802,-164.4,-79.925,131.455,159.532
721.4328609282328,2,0,1,54.856,-19.87,446.737,177.12,-260.546,824.25
891.8293642711271,1,0,1,-302.52,-1792.72,6444.363,2642.547,-3994.161,8415.314
274.0504035441969,0,0,1,-120.379,-680.25,2392.418,983.426,-1487.209,3098.445
208.39926707332594,1,0,1,32.544,53.206,-42.73,-19.611,33.654,38.481
67.37185067072933,1,0,1,87.0,148.564,-113.874,-55.4,91.759,110.044
84.9640985805475,0,0,1,83.941,139.009,-111.914,-51.959,85.682,104.521
1248.8513483731592,1,0,1,43.036,78.426,-55.926,-29.686,46.899,59.808
2701.0773312127217,2,0,1,50.036,-108.115,874.001,346.412,-518.579,1439.452
2321.4718921090953,1,0,1,-56.59,-521.318,2107.891,857.683,-1295.416,2894.632
259.60318158077905,0,1,1,16.17,-42.128,282.843,115.153,-171.849,461.124
186.55643310663268,0,0,1,-191.322,-1276.737,4758.756,1947.368,-2942.65,6321.591
302.5843681376583,0,0,1,16.344,-29.534,256.454,101.562,-153.064,430.506
2724.509438608844,2,0,1,-200.325,-1197.417,4347.893,1779.219,-2691.582,5696.273
134.10593191759222,0,0,1,25.365,39.807,-31.729,-14.661,24.549,29.142
1675.2755473527911,2,0,1,-18.344,-297.154,1267.164,516.947,-777.045,1784.365
680.1673115358717,0,0,1,21.17,38.475,-28.427,-14.828,22.22,30.946
660.4281982188478,2,0,1,-60.243,-571.415,2286.323,933.862,-1406.774,3134.442
698.3123002397696,1,0,1,75.089,132.085,-97.475,-49.451,80.821,98.288
228.30003640042497,0,0,1,33.434,62.894,-42.156,-23.631,38.058,46.556
141.1528741558516,0,1,1,39.848,69.425,-51.124,-25.735,43.279,50.241
330.31003419243206,0,0,1,52.41,86.253,-69.589,-32.093,53.631,64.073
301.6547790217677,0,0,1,23.148,-98.102,610.577,246.025,-369.204,967.319
346.1892692986997,0,0,1,22.921,30.046,13.34,2.937,-4.621,98.058
1836.8190610609847,2,0,1,-157.159,-1078.153,4065.364,1661.218,-2510.405,5422.331
946.0662107717748,2,0,1,-102.801,-722.886,2716.457,1112.526,-1678.792,3624.71
1264.8642903387306,2,0,1,9.154,-126.964,657.27,265.932,-400.367,990.705
388.9805991190253,1,0,1,-135.975,-872.07,3199.601,1311.645,-1981.014,4222.924
2807.19708355653,2,0,1,-37.575,-387.322,1604.468,651.469,-983.686,2221.423
1578.482794464988,1,0,1,-147.92,-893.856,3226.13,1323.221,-2000.883,4226.864
1609.2208612061054,2,0,1,70.86,126.189,-92.572,-47.594,76.098,95.72
159.65569287343342,2,0,1,79.694,134.58,-104.781,-50.156,83.278,99.791
1259.8363370657153,2,0,1,-294.976,-1865.58,6861.428,2808.565,-4245.032,9052.246
18.796175785510727,0,0,1,103.461,180.248,-137.006,-68.1,108.515,138.157
1393.8823842333236,1,0,1,22.494,3.568,114.077,46.031,-66.151,235.463
693.219793564688,0,0,1,77.155,118.239,-55.731,-28.868,50.563,164.295
735.5050379564977,2,0,1,-16.129,-395.427,1755.97,713.882,-1075.446,2510.178
668.658963651038,2,0,1,11.031,22.008,-12.835,-8.085,13.819,14.97
369.5469957522847,2,0,1,15.722,25.339,-19.94,-9.085,16.808,16.868
439.1624551831516,1,0,1,67.317,117.504,-87.144,-43.817,72.465,86.55
199.84298546594098,0,1,1,-272.512,-1587.403,5683.124,2330.155,-3524.198,7407.12
1155.206102693106,2,0,1,57.856,102.634,-74.981,-38.485,62.584,76.574
1100.807846187305,2,0,1,-283.785,-1618.853,5767.023,2364.177,-3576.507,7493.883
844.6174521015364,2,0,1,16.027,-8.582,129.016,52.645,-76.579,236.379
494.00523750778507,0,0,1,20.301,-113.039,679.683,272.508,-409.663,1060.022
1600.2790674254634,1,0,1,-466.784,-2676.76,9543.73,3913.015,-5917.904,12407.101
644.4401903295882,2,0,1,-172.316,-1080.599,3965.937,1623.403,-2454.864,5228.841
103.52384133211955,0,0,1,54.892,96.856,-70.917,-36.194,59.458,71.608
1594.1174820214126,1,1,1,58.162,104.339,-76.173,-39.494,62.466,79.856
46.527643559625396,2,0,1,35.605,57.355,-47.679,-20.637,36.232,42.944
21.829873024892603,2,0,1,35.736,63.064,-49.412,-22.316,37.25,53.213
775.855605311648,1,0,1,-225.595,-1332.215,4779.489,1960.413,-2963.004,6236.741
623.2091640790302,2,0,1,-3.779,-277.778,1274.241,518.252,-779.595,1845.738
114.38917349633546,1,0,1,112.664,195.904,-147.321,-73.411,119.771,146.592
2178.920702270278,1,0,1,-43.44,-475.976,1972.291,802.375,-1210.993,2738.632
485.7114647541682,1,0,1,47.715,-19.244,419.198,164.274,-244.965,768.919
41.63095726066701,1,0,1,21.179,39.699,-26.121,-14.725,24.601,28.262
1212.8739561617465,2,0,1,-118.239,-879.74,3393.718,1384.535,-2091.964,4569.881
62.174120927015124,1,0,1,22.814,40.437,-28.57,-14.859,25.571,28.348
588.951356177938,1,0,1,-241.746,-1401.723,5002.035,2052.002,-3101.708,6508.587
535.6743204345166,1,0,1,116.84,195.912,-121.712,-63.204,102.292,203.299
210.06691877235357,2,0,1,128.556,218.997,-168.819,-81.771,134.966,162.954
1449.647339332028,2,0,1,107.417,148.046,47.062,5.562,-1.502,418.254
301.75711974669275,0,0,1,25.209,-5.685,176.674,71.065,-104.833,338.502
935.8876426056761,2,0,1,47.401,84.948,-61.058,-31.837,51.812,63.123
58.855055966957146,0,0,1,29.337,46.247,-38.953,-16.974,29.547,33.354
316.313405820294,0,0,1,-0.097,-42.063,175.908,73.605,-109.655,253.552
183.5452296725842,0,1,1,-57.112,-517.146,2050.061,837.86,-1263.531,2803.302
926.5045917651838,2,0,1,56.309,99.902,-72.971,-37.46,60.918,74.532
1166.4138915654412,2,0,1,31.209,57.986,-39.673,-21.803,35.067,43.146
840.7682829367488,2,0,1,-198.932,-1254.553,4607.478,1886.34,-2851.785,6077.29
341.9271864326912,0,0,1,22.489,43.067,-28.892,-16.427,25.292,33.226
440.2657797821384,1,0,1,32.147,59.502,-40.96,-22.377,35.982,44.337
480.1783985598657,1,0,1,82.063,144.425,-106.854,-54.178,88.05,108.096
348.6995536718657,0,0,1,29.489,54.792,-37.815,-20.701,32.838,41.365
2418.2363855466933,2,0,1,29.501,48.895,-12.721,-10.236,16.534,79.348
611.017983995711,2,0,1,49.837,39.17,140.49,52.824,-73.731,360.86
528.4515041146293,2,0,1,66.282,116.094,-85.793,-43.333,71.452,85.69
259.4759510890685,2,0,1,30.898,51.365,-40.037,-18.873,32.629,36.622
981.9239170249357,2,0,1,99.038,45.926,428.658,165.703,-240.318,941.034
62.15101716780663,0,0,1,36.72,59.461,-47.284,-21.992,36.937,43.63
129.35805074707406,0,0,1,-39.483,-310.428,1183.534,485.647,-732.01,1595.265
252.9331554585033,1,1,1,114.117,199.119,-150.695,-75.136,120.145,151.999
346.09666653088215,1,0,1,10.513,20.243,-12.245,-7.353,12.988,13.386
141.4394537455732,0,0,1,-1.095,2.524,3.587,-0.791,1.461,0.802
124.95369225507531,0,0,1,36.973,66.425,-48.967,-25.317,39.241,51.867
157.64954460593808,2,0,1,36.532,62.697,-47.052,-23.186,39.294,45.213
1196.9453844407724,1,0,1,-198.367,-1325.692,4940.792,2022.078,-3055.017,6563.058
902.9490958900801,1,1,1,38.968,71.613,-49.835,-26.93,43.331,53.44
2654.601491188798,1,0,1,30.927,-162.139,994.308,397.807,-597.57,1553.839
283.14597326592417,0,0,1,-180.227,-1283.401,4857.845,1987.12,-3000.736,6499.762
189.9819763857256,0,0,1,50.915,49.63,83.729,30.003,-44.067,283.968
1180.3419363307394,2,0,1,-363.3,-2029.63,7159.806,2938.308,-4443.31,9262.058
174.32100431619,0,1,1,-278.839,-1644.821,5905.218,2421.52,-3661.163,7708.336
1092.2819918193356,1,0,1,-473.563,-2706.129,9632.056,3950.014,-5973.266,12512.094
2294.376355665367,2,0,1,69.082,86.399,76.813,21.94,-28.999,337.902
592.4368203406614,2,0,1,37.712,54.132,-14.979,-5.045,11.886,116.003
124.20769252916493,0,0,1,-94.571,-756.298,2938.394,1200.215,-1813.341,3978.934
45.3027913855837,0,0,1,111.843,189.875,-145.58,-71.004,116.088,142.129
262.2387663603177,0,0,1,41.228,75.122,-52.946,-28.245,45.496,56.142
2496.517649445087,2,0,1,61.471,110.374,-80.258,-41.714,66.268,84.071
84.67665054638174,0,0,1,33.369,52.011,-44.287,-19.239,32.558,38.56
275.5605758966987,0,0,1,26.162,49.485,-33.22,-18.693,29.632,37.187
871.6692040822767,1,0,1,7.91,-153.236,786.871,317.171,-477.936,1176.782
47.718084667830745,0,0,1,51.58,87.975,-67.076,-32.663,54.772,64.322
1529.6711079166084,2,0,1,2.549,-222.474,1057.121,429.418,-643.324,1544.233
164.46006930892986,1,0,1,23.286,38.331,-29.922,-13.963,24.731,26.675
327.56051653827666,0,0,1,88.614,155.992,-116.539,-58.868,94.046,118.86
336.31103569707034,0,0,1,-105.594,-838.153,3257.592,1330.599,-2009.187,4410.296
1304.1872121619788,2,0,1,39.843,73.05,-51.667,-27.666,43.622,55.718
567.6561978199242,2,0,1,50.061,71.36,-10.133,-8.254,17.934,142.427
1281.7611566106755,2,0,1,55.934,100.719,-72.271,-37.868,61.05,75.481
931.2888047900398,2,0,1,-19.664,-454.213,2026.697,822.264,-1239.175,2894.803
219.05263560455214,2,0,1,80.127,137.473,-104.898,-51.235,84.712,102.221
653.3500490395834,2,0,1,-21.2,-430.005,1875.557,763.877,-1149.252,2663.896
177.97604135515132,1,0,1,74.611,129.565,-97.079,-48.387,79.714,95.995
330.5203237021573,2,0,1,120.952,207.669,-158.774,-77.708,127.414,155.216
235.2097433197154,2,0,1,35.19,58.317,-45.745,-21.45,36.987,41.749
52.523658964630535,2,0,1,52.932,80.6,-61.392,-24.749,44.602,82.797
191.94586628746995,1,0,1,14.022,-9.513,130.438,52.344,-76.019,231.425
55.82126593956228,0,0,1,69.47,120.681,-90.315,-45.051,74.3,89.297
1549.1495459083396,2,0,1,-36.567,-349.521,1393.612,569.913,-858.108,1910.071
92.11456463442613,0,0,1,18.302,34.369,-21.725,-12.747,21.018,24.49
268.7348060869107,2,0,1,29.224,50.399,-37.37,-18.585,31.732,35.984
2842.987157777981,1,0,1,-115.792,-765.363,2866.111,1170.783,-1770.477,3808.732
373.73076934517746,0,0,1,-93.59,-618.302,2297.765,940.464,-1422.149,3050.726
283.04243127763255,2,0,1,38.081,63.888,-49.519,-23.596,40.194,46.17
511.94158111336236,0,0,1,66.271,116.941,-87.77,-44.347,69.843,90.351
1454.887367742786,1,0,1,45.985,54.212,35.065,11.354,-12.108,195.737
537.9279014544986,2,0,1,4.567,8.946,-4.5,-3.022,6.418,4.52
276.9633670844744,2,0,1,49.171,82.814,-64.343,-30.746,51.608,60.742
163.0729358850265,2,0,1,16.145,31.078,-20.682,-11.318,18.602,24.113
1788.1664159626516,2,0,1,116.549,204.087,-152.958,-76.804,123.73,154.417
216.0732244629872,2,0,1,76.055,127.464,-100.37,-47.505,78.914,94.709
322.39868716462047,0,0,1,27.155,5.721,157.894,60.983,-91.377,321.997
77.00352906008611,1,0,1,14.025,22.747,-17.795,-8.176,15.021,15.237
174.6916480069567,0,0,1,28.357,53.277,-35.84,-20.036,32.187,39.558
266.30096852834936,0,0,1,19.111,37.181,-24.845,-14.332,21.364,29.487
772.1847020153987,1,0,1,-2.582,-168.363,760.021,310.224,-465.878,1097.816
145.0922349213578,0,0,1,-92.303,-693.842,2650.823,1084.26,-1637.805,3564.885
1017.5556444634365,2,1,1,33.706,61.712,-42.848,-23.104,37.659,45.473
309.0523178649242,0,0,1,-76.66,-606.205,2347.866,959.716,-1449.529,3177.643
799.7456959092599,2,0,1,-5.952,-202.61,895.855,365.975,-549.78,1284.538
168.0233122289574,0,0,1,24.263,45.285,-32.116,-17.434,26.16,36.1
225.5742184484356,0,0,1,20.255,37.984,-25.357,-14.204,23.192,27.73
2152.8258103750054,2,0,1,-243.085,-1418.533,5093.877,2087.163,-3157.047,6644.027
1903.003097683877,2,0,1,-56.142,-478.922,1908.655,777.071,-1174.125,2605.459
252.33837540471418,0,0,1,9.608,-124.649,649.53,262.733,-395.555,980.965
1150.2141702849485,1,0,1,195.521,332.428,-235.949,-117.759,190.223,290.622
229.83425449044398,0,0,1,45.152,81.715,-58.2,-30.727,49.502,61.188
208.93784119885484,1,0,1,131.64,193.554,-43.726,-29.743,56.548,356.205
1708.5904313238996,2,0,1,7.604,-115.019,577.288,235.019,-351.27,862.413
536.2255427314434,2,0,1,-309.06,-1749.784,6200.113,2543.938,-3846.423,8038.205
230.03782895280312,0,0,1,100.539,113.261,118.809,39.66,-51.833,493.392
1676.3253237653007,1,0,1,-307.407,-1809.252,6499.196,2664.289,-4028.674,8483.061
849.6769732974197,2,0,1,-288.021,-1616.416,5722.041,2346.89,-3550.669,7414.204
121.75636001457814,0,0,1,-84.986,-653.159,2503.115,1024.15,-1546.442,3372.318
1489.7637108586257,1,0,1,73.651,130.674,-97.121,-49.504,78.167,100.525
1061.079364746115,1,0,1,86.298,142.917,-75.294,-41.399,67.1,172.712
33.9001230500562,0,1,1,27.835,44.155,-36.971,-16.243,28.089,32.007
1156.5481470917618,1,0,1,-522.319,-2900.942,10229.459,4196.692,-6348.232,13226.791
420.55286432105413,0,0,1,-107.544,-694.677,2556.242,1047.556,-1583.445,3380.637
220.1527169576456,1,0,1,53.498,91.244,-69.69,-33.912,56.7,66.927
1818.4993732617156,2,0,1,70.407,5.407,434.705,170.356,-249.684,858.047
1310.9432520014116,2,0,1,-39.888,-374.064,1514.752,616.527,-931.507,2083.535
352.86913325011136,1,0,1,-176.798,-1023.529,3642.037,1495.047,-2259.924,4736.482
891.0196543826593,1,0,1,-74.096,-774.859,3181.044,1295.236,-1953.97,4401.161
247.11043206555934,2,0,1,-0.026,0.173,1.4,0.322,1.257,-2.238
168.43905641268924,0,0,1,29.289,53.621,-36.854,-19.96,33.066,38.821
680.4078059913281,2,0,1,-167.209,-1034.214,3764.318,1542.879,-2332.541,4949.17
560.8391493196912,1,0,1,-38.785,-372.23,1481.124,606.119,-913.821,2033.15
393.14793947068915,0,0,1,24.545,-3.517,165.468,66.23,-98.529,322.254
1191.1191633725648,1,0,1,72.465,128.778,-94.995,-48.639,77.464,98.147
2276.4499333506715,2,0,1,-20.356,-333.953,1429.477,582.747,-876.035,2014.302
59.9871032903989,0,0,1,50.777,88.008,-65.433,-32.657,54.783,63.974
395.69683405912104,0,0,1,22.081,41.698,-29.19,-16.091,23.954,33.386
2953.8013165771176,2,0,1,-68.751,-714.271,2943.303,1197.016,-1806.401,4073.102
2232.292509220616,2,0,1,-147.347,-859.336,3065.949,1258.324,-1901.042,3989.808
423.07859964120644,1,0,1,19.598,37.134,-24.015,-13.772,22.999,26.36
326.3271844851098,2,0,1,45.97,76.998,-60.052,-28.506,48.243,56.077
316.71723679953595,2,0,1,11.48,18.192,-14.355,-6.421,12.386,11.562
280.87143682712747,2,0,1,48.083,81.034,-62.819,-30.06,50.57,59.28
252.18323587281162,1,0,1,16.726,29.376,-20.687,-10.684,18.918,19.982
409.1450938895828,0,0,1,-71.091,-750.676,3068.876,1251.324,-1886.991,4245.446
399.7486482616946,1,0,1,101.554,178.379,-133.315,-67.201,107.906,135.295
1340.8372686658913,2,0,1,78.433,139.277,-101.972,-52.338,84.584,104.566
167.29420583577038,0,0,1,160.822,278.617,-212.504,-104.956,168.734,211.983
1221.7235889876865,1,0,1,15.787,31.526,-19.328,-11.874,18.916,23.197
151.44564559638587,0,0,1,24.756,46.478,-30.97,-17.379,28.379,33.916
1066.6721968908207,1,0,1,-454.814,-2550.426,9013.966,3698.41,-5593.115,11670.32
132.23193084344558,2,0,1,29.293,50.174,-37.598,-18.503,31.602,35.895
354.29199542201854,0,0,1,25.811,40.47,-34.264,-14.825,25.953,29.06
1033.5048045900514,2,0,1,24.858,-388.81,2006.766,810.679,-1217.883,3008.051
145.3743762579871,1,1,1,142.725,227.311,-129.262,-65.493,110.315,269.235
133.93979941981885,1,0,1,67.331,110.07,-83.487,-39.082,65.597,91.128
958.6992985084767,2,0,1,15.779,-39.99,272.35,111.125,-165.252,446.286
331.8515029944116,0,0,1,17.032,31.763,-23.002,-12.363,17.945,26.136
198.0677179236265,2,0,1,27.664,47.19,-35.37,-17.339,29.923,33.412
785.2749553341667,0,0,1,20.243,37.444,-27.288,-14.529,21.302,30.593
1109.8763555857224,2,0,1,-383.222,-2213.499,7908.653,3242.466,-4903.346,10292.604
26.041967346908613,0,1,1,136.149,228.462,-178.026,-85.539,139.29,172.179
374.92864175534817,1,0,1,3.91,-35.922,186.271,76.114,-115.38,287.105
955.7528071746557,2,0,1,-79.521,-650.895,2556.102,1042.74,-1575.217,3473.659
1061.2932724112336,1,0,1,87.1,152.877,-114.824,-57.727,92.084,116.775
20.115384126041537,0,0,1,102.66,173.948,-135.045,-64.915,107.351,129.396
2363.9320450332784,1,0,1,-42.278,-446.205,1846.226,750.453,-1132.899,2558.774
811.6112719704021,2,0,1,-428.576,-2449.846,8719.702,3575.966,-5408.17,11328.701
1510.6813867369688,1,0,1,124.563,218.115,-163.83,-82.19,131.917,165.671
623.3182455732197,1,0,1,33.736,-9.021,277.724,108.273,-162.071,518.178
1730.5926753742792,2,0,1,74.747,132.951,-97.53,-50.09,80.344,100.555
94.24440964878433,1,0,1,35.885,59.885,-46.663,-22.08,37.801,43.114
348.46153275415634,0,0,1,22.645,43.42,-29.077,-16.563,25.494,33.497
2103.0306432017333,2,0,1,37.669,-64.567,581.162,229.375,-343.681,972.924
157.59292198896466,0,0,1,48.835,51.993,97.07,32.863,-47.632,303.733
358.49635125802615,2,0,1,45.553,78.7,-58.788,-29.2,49.01,57.236
522.7883208205924,1,0,1,32.403,58.166,-41.389,-21.705,35.757,42.636
240.33285469571996,1,0,1,38.83,67.356,-49.994,-24.986,41.947,48.908
20.517203354288494,2,0,1,20.217,-1.049,117.022,48.526,-69.421,234.693
1202.5208830600636,2,0,1,-86.618,-605.914,2267.866,929.508,-1402.633,3023.433
10.215598901605157,1,0,1,95.582,105.333,111.402,40.873,-52.51,477.681
105.48072057694203,2,0,1,33.556,-86.775,640.754,256.485,-384.037,1048.626
169.13639065475093,0,0,1,37.543,68.696,-48.12,-25.832,41.581,51.312
402.7810650253657,0,0,1,43.126,77.166,-57.066,-29.363,45.743,60.023
434.03155430627953,0,0,1,-64.177,-485.795,1856.434,759.887,-1147.843,2500.678
372.0963154678851,1,0,1,21.694,39.54,-26.883,-14.574,24.824,27.789
2717.059134062929,2,0,1,27.799,-116.184,758.456,302.281,-453.824,1199.047
0.0,1,0,0,41.082,74.877,-53.812,-28.472,44.389,57.874
102.2065723063586,0,0,1,36.449,57.234,-45.397,-21.126,35.041,42.19
762.4612500159192,2,0,1,27.559,50.321,-34.701,-18.724,31.06,36.409
2262.621381913874,2,0,1,-28.498,-241.071,968.785,393.438,-595.154,1324.152
115.73115859114996,1,0,1,18.807,32.073,-23.576,-11.642,20.766,21.853
899.2541318309096,2,0,1,-52.866,-591.407,2430.977,991.684,-1494.443,3372.246
1182.8894056969527,1,0,1,-385.206,-2359.176,8585.118,3516.735,-5315.28,11271.036
171.75106003270943,0,0,1,4.554,-114.717,542.483,221.461,-333.831,800.238
951.5736311508309,1,0,1,-135.188,-907.626,3374.454,1382.283,-2086.661,4479.187
1538.215792496832,1,0,1,-210.273,-1255.208,4526.986,1855.628,-2805.725,5921.525
216.70727603033362,2,0,1,11.078,17.621,-13.707,-6.185,12.099,10.977
110.08208516042359,0,0,1,64.848,116.052,-84.312,-43.711,70.14,87.568
1101.2822629790683,1,0,1,15.651,30.95,-19.601,-11.756,18.285,23.417
376.0071241529371,0,0,1,23.483,36.304,-31.162,-13.234,23.503,25.781
442.3342726700124,1,0,1,11.54,17.045,-14.855,-5.978,11.779,10.857
605.5550182402069,1,0,1,40.937,-304.968,1711.143,689.976,-1034.238,2626.576
1359.7350846849188,1,0,1,78.68,139.143,-103.206,-52.499,83.893,105.839
590.6146263200118,2,0,1,36.551,65.862,-46.541,-24.561,40.523,48.14
912.0341434905793,2,0,1,-162.682,-1121.271,4226.357,1727.624,-2610.777,5639.47
1425.8274990735965,2,0,1,-110.068,-844.851,3271.817,1335.52,-2017.619,4418.366
57.243174498627845,0,0,1,33.901,58.315,-43.613,-21.565,36.541,42.028
1739.0232033297711,2,0,1,65.875,116.924,-85.705,-43.95,70.975,87.865
659.5865014980759,1,0,1,76.511,134.75,-99.583,-50.547,82.154,100.826
151.95350972008853,0,0,1,105.647,177.927,-139.563,-66.454,109.692,132.888
792.5043059066559,2,0,1,-33.461,-347.334,1397.536,571.87,-861.982,1928.585
444.4296822265637,1,0,1,22.707,44.234,-28.085,-16.624,26.694,32.506
64.94137724781257,1,0,1,50.766,51.282,107.111,37.839,-54.043,324.846
758.2661877673628,1,0,1,-355.325,-1954.498,6862.975,2816.697,-4261.388,8858.734
2038.1575536228577,1,0,1,98.737,173.049,-129.826,-65.214,104.635,131.449
343.90898180722036,0,0,1,-87.161,-559.564,2074.243,848.084,-1283.14,2746.549
41.241240920580445,1,0,1,18.612,-249.676,1317.835,530.968,-798.225,1984.579
202.75577928130514,1,0,1,66.242,115.277,-85.945,-43.005,71.052,85.085
234.1860355833666,1,0,1,60.613,108.194,-78.696,-40.688,65.593,81.309
489.70299857256714,1,0,1,64.006,113.909,-82.793,-42.706,69.465,84.878
399.56181401929916,1,0,1,16.011,23.797,-21.327,-8.582,15.73,16.542
41.4919155238061,0,0,1,77.711,131.363,-102.087,-48.945,81.316,97.312
407.09048945664375,0,0,1,-28.517,-396.612,1690.806,687.444,-1037.136,2376.512
94.69317403756791,0,1,1,-171.42,-1016.416,3641.672,1494.648,-2259.379,4754.389
260.7223187766009,1,0,1,50.707,-142.747,1015.523,406.457,-608.595,1647.266
355.65603406408184,1,0,1,1.529,-27.606,155.729,61.425,-94.406,237.298
334.4792424715272,1,0,1,64.702,114.827,-83.833,-43.056,70.02,85.657
706.5791090932981,2,0,1,63.944,101.172,-60.511,-29.804,51.841,112.639
248.56950800685138,1,0,1,11.011,17.205,-13.752,-6.035,11.839,10.759
299.3199307484284,2,0,1,16.516,26.527,-20.991,-9.512,17.597,17.684
617.6279146235471,0,0,1,-110.756,-711.422,2618.418,1072.61,-1621.848,3462.138
1344.2588936287655,2,0,1,-411.345,-2337.603,8305.181,3406.168,-5151.592,10779.98
346.51574263072007,0,0,1,80.66,141.624,-106.321,-53.479,85.3,108.178
420.94906934054643,0,0,1,40.762,12.208,203.99,79.794,-118.061,431.621
287.1177065450734,0,0,1,55.743,100.295,-72.407,-37.815,60.478,75.814
7.799663668276585,1,0,1,107.725,185.312,-141.576,-69.002,113.695,139.117
948.1670916077425,1,0,1,43.062,78.511,-55.721,-29.651,47.151,59.459
437.48512619519227,1,0,1,60.155,99.997,-79.253,-37.134,62.347,73.653
457.40067790338395,1,0,1,64.557,105.292,-60.186,-30.323,49.985,127.338
205.50396713884925,0,0,1,-95.4,-636.444,2350.948,963.4,-1456.648,3115.282
108.64135662017142,0,0,1,19.652,37.248,-24.431,-13.922,22.748,27.082
1873.0632707254654,2,0,1,20.913,40.766,-26.248,-15.439,24.245,30.664
74.22023349003562,0,0,1,61.464,104.697,-80.064,-38.896,65.114,76.723
157.4091117948699,1,1,1,38.393,64.348,-50.03,-23.791,40.411,46.662
163.93649774223937,1,0,1,69.143,119.155,-90.103,-44.437,73.535,88.079
290.0553776467593,0,0,1,8.76,-38.483,221.388,90.842,-136.857,353.163
261.01173582521557,0,0,1,-70.544,-414.187,1470.11,604.468,-914.238,1915.89
1259.3085087792565,1,0,1,-159.243,-1187.575,4549.83,1859.732,-2808.031,6119.398
206.17373292382004,0,0,1,122.101,199.653,-140.017,-67.454,111.97,186.377
1194.3558571533363,2,0,1,-177.799,-1052.293,3787.712,1552.503,-2348.333,4950.441
1604.3073605748004,2,0,1,-123.367,-936.354,3612.629,1475.256,-2228.379,4871.512
376.14309763423785,1,0,1,-67.393,-535.517,2062.597,844.525,-1273.888,2787.325
61.096339031298626,1,0,1,107.607,184.81,-140.991,-69.081,113.606,137.68
134.59075094923972,2,0,1,74.97,82.55,82.111,30.439,-37.426,363.422
181.18567180284637,0,0,1,75.172,132.768,-98.76,-50.122,79.972,101.191
371.07716031077,2,0,1,66.829,114.983,-87.122,-42.871,71.0,84.966
590.4652969683369,1,0,1,21.006,39.556,-26.227,-14.789,24.154,28.832
304.1844382853371,0,0,1,-50.49,-406.516,1572.822,643.624,-972.031,2131.393
561.743281392876,2,0,1,-185.767,-1169.018,4273.607,1751.528,-2646.098,5628.053
130.60901653275653,0,0,1,61.897,61.035,107.007,39.177,-53.743,354.354
493.3496390460244,1,0,1,50.993,-191.899,1234.692,496.817,-742.298,1962.48
231.75876385250743,2,0,1,51.009,86.56,-66.396,-32.106,54.006,63.18
193.25306946591934,0,0,1,-113.419,-714.85,2617.0,1072.107,-1621.598,3450.955
0.0,1,0,0,85.7,148.472,-111.903,-55.527,91.123,110.544
206.91754396647104,0,0,1,-108.976,-897.3,3507.175,1432.856,-2162.229,4760.908
23.625535571830827,2,0,1,17.676,30.358,-26.319,-10.076,17.274,29.048
179.88877865818603,0,0,1,-114.381,-851.594,3256.523,1330.956,-2011.416,4377.83
330.1511527754981,0,0,1,48.364,86.55,-63.426,-32.763,51.817,66.295
1424.4709708677187,1,0,1,-5.557,-231.573,1047.381,426.118,-639.341,1504.78
456.7623238006209,1,0,1,-42.152,-302.35,1128.696,463.559,-699.165,1507.106
2266.797533561736,1,0,1,92.006,133.047,14.378,-6.114,14.724,321.296
162.46444810436682,0,0,1,55.589,99.516,-72.008,-37.407,60.373,74.628
1128.5135019110894,2,0,1,-373.864,-2100.58,7444.505,3052.689,-4618.237,9648.385
1018.795051313256,2,0,1,-178.884,-1068.484,3840.655,1575.75,-2381.047,5018.423
531.6000714162603,1,0,1,-230.499,-1377.42,4962.31,2034.801,-3076.802,6491.306
51.56376307161398,0,0,1,19.203,33.357,-24.156,-12.209,21.269,23.217
831.4071731345248,1,0,1,-106.513,-777.972,2954.92,1209.25,-1825.984,3964.003
1206.904910233558,1,0,1,-86.371,-674.096,2614.665,1067.698,-1612.875,3535.988
396.67347252198925,0,0,1,-11.704,-219.793,976.388,395.292,-596.657,1389.337
1421.9583117785626,1,0,1,-90.865,-660.666,2522.467,1030.632,-1557.569,3387.286
15.271179700422776,1,0,1,30.401,43.653,-31.494,-11.233,22.561,52.637
65.55242692706439,0,0,1,43.22,75.109,-51.729,-28.337,43.508,57.594
1026.896553737439,1,0,1,56.413,86.959,-45.868,-22.902,40.18,111.409
476.8279601676154,2,0,1,-323.652,-1926.251,6938.698,2844.535,-4299.791,9068.709
1043.9127679598728,1,0,1,-405.239,-2363.498,8470.68,3472.416,-5250.734,11040.969
1948.4228242884078,1,0,1,-4.213,-375.542,1734.671,704.794,-1058.376,2511.462
288.65902099930935,0,0,1,-55.913,-352.521,1279.741,525.528,-795.163,1687.286
970.1747764003937,1,0,1,35.792,-208.434,1217.403,490.667,-735.059,1890.359
443.9069650992425,0,0,1,17.166,25.595,-22.791,-9.218,16.952,17.7
517.6979931913088,0,0,1,20.497,37.677,-27.592,-14.585,21.549,30.615
381.7049393201744,2,0,1,87.046,150.106,-113.593,-56.039,92.454,111.295
1723.7632417303407,2,0,1,33.948,62.032,-43.573,-23.335,37.525,46.4
303.2602589873234,0,0,1,-52.178,-507.641,2033.732,831.21,-1253.737,2796.777
1014.7710295150583,2,0,1,2.367,0.065,35.426,12.075,-19.249,62.476
1807.5481407263708,1,0,1,20.243,39.164,-25.825,-14.925,23.023,30.07
400.5677652644539,1,0,1,110.629,101.924,239.55,88.48,-123.028,704.01
1269.252776832467,1,0,1,96.768,169.873,-127.556,-64.144,102.324,129.744
1175.2133896334417,1,0,1,38.055,70.129,-49.018,-26.499,42.045,53.06
832.4755975294612,2,0,1,-425.285,-2525.758,9101.568,3730.316,-5639.401,11894.63
166.9545273300887,0,0,1,-108.736,-708.012,2622.168,1073.276,-1622.996,3474.885
391.4442315935895,0,0,1,71.433,126.026,-94.042,-47.62,75.788,96.336
164.2251425150617,0,0,1,-329.809,-1979.033,7156.27,2932.377,-4433.299,9368.457
192.85531687149432,0,0,1,-93.159,-713.671,2733.067,1117.473,-1689.15,3679.307
916.1693705910656,2,0,1,-312.983,-1834.022,6576.206,2696.339,-4076.759,8576.068
82.46943198533705,0,0,1,158.901,268.613,-210.076,-100.486,165.07,201.401
1688.8473941287698,2,0,1,51.815,47.796,145.888,51.424,-74.719,383.138
450.0047598655473,1,0,1,38.352,59.702,-34.161,-16.755,29.804,69.695
31.923391112588337,0,0,1,48.78,82.811,-61.697,-30.822,50.621,61.17
127.19662388754482,0,0,1,-118.765,-786.815,2911.22,1193.11,-1801.819,3858.767
253.32252949619036,2,0,1,25.296,42.455,-32.715,-15.628,26.864,30.365
2202.6087272029913,2,0,1,83.938,147.667,-110.021,-55.606,89.395,111.805
79.37770843368276,0,0,1,61.518,109.604,-78.739,-41.248,65.923,82.642
1491.41433208343,2,0,1,9.92,-150.288,798.374,320.398,-482.41,1199.559
51.96909904922947,1,0,1,126.378,210.504,-170.724,-76.064,129.525,164.01
596.8593788604752,1,0,1,-62.707,-470.451,1786.789,732.229,-1105.741,2402.858
819.3558938756385,1,0,1,82.876,144.844,-108.353,-54.354,88.291,108.712
189.78786741446336,1,1,1,15.56,25.967,-19.404,-9.325,17.14,17.195
1626.6545596583364,2,0,1,-309.938,-1826.985,6578.445,2695.387,-4076.405,8592.403
9.72161865959322,2,0,1,97.208,149.151,-83.705,-38.864,67.073,197.419
755.7275072914912,1,0,1,-227.099,-1274.458,4496.403,1845.82,-2790.96,5819.502
750.0949798742531,1,0,1,-66.23,-914.116,3875.302,1577.572,-2375.547,5432.983
2585.327197020354,2,0,1,-142.934,-941.086,3485.386,1427.538,-2155.258,4615.888
57.894161481853814,0,0,1,52.163,81.646,-61.696,-29.202,45.372,72.296
305.24099247810625,0,0,1,30.159,54.857,-38.16,-20.443,33.775,39.918
52.730451283460496,2,0,1,23.888,39.205,-30.875,-14.218,25.248,27.58
11.086664981191696,0,0,1,115.467,196.388,-156.692,-72.363,118.199,155.926
206.0816747536061,0,0,1,11.482,24.199,-14.18,-9.291,13.942,18.662
694.9090870154291,2,0,1,34.744,35.497,48.06,17.758,-22.116,177.292
544.9515979125888,0,0,1,28.785,44.862,-38.648,-16.533,28.487,32.862
578.4452188475775,2,0,1,-113.641,-808.281,3047.6,1247.818,-1884.064,4075.038
1470.6470616512702,2,0,1,-31.108,-248.818,953.704,391.109,-588.379,1285.157
518.1423571515229,1,0,1,42.849,75.734,-54.911,-28.18,46.847,55.244
2867.3816061494467,1,0,1,-69.798,-584.347,2317.042,943.805,-1425.724,3156.533
336.07239781148155,1,0,1,54.416,96.829,-70.052,-36.199,59.358,71.534
265.1380764086969,0,0,1,58.054,104.208,-75.11,-39.173,63.198,78.115
436.6994982758841,1,0,1,-66.062,-361.224,1250.521,514.938,-777.214,1605.197
387.25594248943867,0,0,1,20.54,15.602,40.636,16.816,-22.52,122.424
161.7208241304512,0,0,1,-153.865,-959.452,3502.068,1434.636,-2170.041,4609.675
330.7785204268675,0,0,1,0.971,-1.996,-3.29,0.552,-1.648,0.366
809.44256272384,2,0,1,-199.342,-1161.761,4148.245,1702.08,-2573.258,5402.658
1041.4940906590618,1,0,1,-232.654,-1395.573,5032.712,2063.651,-3120.215,6586.682
53.094048237999566,0,0,1,20.69,31.976,-27.514,-11.673,20.652,22.808
97.72145480531393,0,0,1,-10.463,-300.743,1332.031,542.495,-816.227,1904.186
1045.5716036551419,2,0,1,-51.347,-542.144,2210.563,901.96,-1360.483,3058.366
878.0543899921336,1,0,1,15.178,-233.581,1202.273,486.167,-730.684,1803.854
195.87502169652845,0,0,1,28.238,23.695,46.797,18.022,-25.815,151.831
116.32997948152263,0,0,1,118.98,205.062,-154.431,-76.947,124.399,154.506
180.040044642995,0,0,1,35.281,-199.591,1164.158,469.962,-702.894,1808.444
34.28569494646837,1,0,1,12.194,20.623,-14.838,-7.33,13.828,13.146
22.749679501325392,1,0,1,173.573,292.649,-229.975,-109.542,179.68,219.957
1575.1160019433632,1,0,1,-104.322,-813.296,3165.291,1291.342,-1950.69,4281.44
91.02412078375819,0,0,1,106.433,186.591,-139.351,-70.145,113.34,140.687
407.051807888745,0,0,1,35.276,57.028,-46.778,-21.083,35.915,41.746
289.5788232356618,1,0,1,31.706,-196.584,1128.067,455.477,-682.027,1745.858
229.7838902652054,0,0,1,17.947,35.44,-22.05,-13.328,21.342,26.018
928.233704432525,2,0,1,-226.859,-1504.722,5607.735,2294.059,-3466.824,7445.346
408.3253532944893,1,0,1,-31.361,-250.457,954.826,392.099,-591.093,1288.862
2308.123623709189,2,0,1,25.556,48.306,-33.007,-18.411,28.436,37.29
214.34816808168745,0,0,1,7.464,-173.228,851.868,346.29,-518.818,1262.857
305.6010534410084,0,0,1,19.91,38.264,-25.273,-14.518,22.698,29.032
24.019981304503233,0,0,1,36.054,60.818,-45.58,-22.515,37.631,44.264
161.1065076160415,0,0,1,48.422,87.273,-62.53,-32.811,52.9,65.381
242.5459316273517,0,1,1,-88.512,-722.477,2818.278,1151.547,-1738.348,3824.04
660.7548663012209,0,0,1,207.445,348.837,-237.864,-119.287,193.277,326.612
1032.9571141613073,2,0,1,69.681,122.567,-90.431,-45.88,75.021,91.159
240.6980897669374,0,0,1,24.37,38.17,-32.424,-14.0,24.429,27.52
689.8222426098732,2,0,1,-304.108,-1822.597,6579.895,2697.131,-4077.315,8610.147
423.74073231352673,0,0,1,-216.574,-1308.476,4744.061,1943.471,-2939.017,6219.52
942.2043021632953,2,0,1,41.98,76.192,-53.658,-28.537,46.486,56.335
397.6131878693647,1,0,1,26.44,50.154,-33.958,-19.077,29.633,38.454
1918.8892304444,2,0,1,-35.325,-324.665,1284.774,525.64,-791.446,1755.395
1952.0333629808347,1,0,1,-51.502,-470.372,1898.416,772.552,-1166.806,2605.07
53.355075252429174,0,0,1,33.144,57.638,-42.249,-21.271,36.222,41.158
410.3337986120041,0,0,1,84.291,147.32,-111.135,-55.565,88.957,112.26
915.1458624506743,2,0,1,-142.369,-949.882,3524.86,1444.089,-2180.135,4675.31
523.3290893842562,0,0,1,56.832,96.207,-59.175,-31.18,49.279,101.686
693.8518154630569,2,0,1,146.54,253.377,-192.373,-95.014,154.77,190.266
234.4010540687176,0,0,1,9.077,20.28,-10.735,-7.762,11.718,15.314
269.4536714287063,2,0,1,18.798,32.075,-23.651,-11.671,20.682,22.019
1616.8624991157092,1,0,1,4.778,-58.098,287.478,118.02,-175.619,430.877
1426.2575529798025,1,0,1,24.178,46.176,-30.791,-17.519,27.407,35.077
1022.1355619428441,2,0,1,28.615,54.177,-35.984,-20.365,32.74,40.102
684.1646696397257,1,0,1,-255.461,-1604.6,5882.603,2408.902,-3641.1,7752.464
45.336633245888635,0,0,1,55.64,95.063,-72.352,-35.312,59.123,69.582
434.1401903208271,0,0,1,61.938,89.91,-25.129,-14.807,28.105,160.226
1015.5223556681021,2,0,1,-202.702,-1390.492,5224.866,2136.953,-3228.577,6964.526
250.42836077661343,0,0,1,32.315,27.738,64.464,25.063,-35.049,197.614
63.84201349173928,1,0,1,39.048,63.338,-51.828,-23.455,39.761,46.559
433.23491261167703,1,0,1,57.837,76.452,39.976,9.008,-10.788,248.801
145.30380661570385,0,0,1,40.803,73.565,-51.937,-27.433,45.265,53.757
1261.6013249653427,2,0,1,3.221,10.428,-2.454,-3.919,6.132,6.976
313.68798536418313,0,0,1,19.763,38.062,-25.132,-14.463,22.509,28.998
176.69776843377304,0,1,1,-125.657,-1001.38,3908.391,1594.981,-2408.475,5295.142
168.4893509326095,0,0,1,31.363,-150.185,902.613,364.311,-544.794,1414.009
420.2398123642003,1,0,1,-71.846,-870.928,3637.983,1481.483,-2232.965,5072.444
192.51577138313445,0,0,1,-126.624,-1053.531,4121.036,1683.889,-2540.863,5597.109
218.9305292598674,2,0,1,35.66,60.839,-46.027,-22.486,38.182,43.866
7.739604709745968,1,0,1,154.459,268.123,-203.591,-100.909,162.637,203.336
142.36494394328784,0,0,1,1.158,-1.453,-0.433,0.984,0.274,-3.048
950.4671718422447,1,0,1,-374.401,-2220.589,7992.5,3276.475,-4952.912,10441.07
1443.3437973086518,1,0,1,18.398,-38.892,293.347,118.484,-175.013,482.734
1574.722659748647,2,0,1,90.281,150.03,-77.781,-43.264,70.463,181.333
383.3413778522716,1,1,1,-159.275,-1256.881,4881.217,1993.643,-3009.871,6603.659
2039.2618258379632,2,0,1,-240.535,-1420.002,5127.157,2099.445,-3175.814,6702.02
97.38666447677159,0,0,1,44.768,71.335,-57.247,-26.584,43.243,53.844
719.342466945018,2,0,1,45.917,82.117,-58.828,-30.661,50.438,60.359
99.3522007366765,0,0,1,44.991,81.947,-58.43,-31.003,49.052,62.406
1313.4330178187806,2,0,1,-86.621,-590.479,2195.797,900.203,-1358.746,2918.776
156.56508464922226,0,0,1,25.374,47.436,-31.49,-17.638,29.27,34.054
15.166293603976023,1,0,1,68.304,115.428,-89.63,-42.975,71.553,85.314
389.7034236318088,1,0,1,-276.775,-1614.917,5775.103,2368.842,-3581.863,7525.423
1130.2589651516698,1,0,1,-25.158,-224.162,868.379,356.822,-537.11,1181.663
92.74919607963265,0,0,1,80.151,122.241,-37.202,-23.445,39.474,208.71
1584.70687809996,1,0,1,68.47,121.077,-90.163,-45.787,72.688,92.726
349.35583799119865,0,0,1,-12.31,-159.996,664.133,271.418,-410.168,931.284
267.85500073821504,2,0,1,59.587,101.844,-77.7,-37.9,63.132,74.953
412.89967473261856,1,0,1,46.378,84.203,-59.268,-31.537,51.374,62.25
1014.8583265563819,2,0,1,-330.123,-1878.955,6668.825,2736.098,-4137.433,8654.825
285.89493688139424,0,0,1,17.661,34.924,-22.124,-13.267,20.629,26.434
2020.0860908761247,1,0,1,1.419,-274.498,1326.72,535.588,-806.671,1942.603
222.6619926477285,0,0,1,86.039,56.579,292.695,111.738,-161.229,703.47
206.29871182943643,1,0,1,49.948,81.301,-66.267,-30.131,50.95,59.856
273.7982266852183,0,0,1,-44.259,-321.317,1204.872,494.581,-747.115,1614.148
1134.3255544385954,1,0,1,48.505,69.562,-23.037,-12.198,23.494,119.139
578.3602530448713,2,0,1,28.489,46.185,-37.343,-16.958,29.428,33.087
83.91397455405854,0,0,1,55.66,99.966,-72.064,-37.6,60.558,75.055
1112.213348644522,1,0,1,-55.431,-748.893,3161.622,1287.74,-1938.552,4426.299
240.2550617342257,1,0,1,37.646,61.482,-49.419,-22.651,38.925,44.414
532.2039113707813,1,0,1,-183.49,-1254.584,4702.598,1924.229,-2906.941,6264.166
877.8303042224563,2,0,1,-448.951,-2521.553,8918.306,3658.893,-5533.891,11551.302
465.00723450100986,0,0,1,59.268,5.822,384.09,148.276,-219.753,754.343
482.55157352242713,1,0,1,118.148,206.774,-155.15,-77.832,125.317,156.567
466.89211904953254,1,0,1,69.28,123.237,-90.677,-46.516,74.217,93.721
779.018121597309,2,0,1,92.286,159.697,-120.542,-59.716,98.048,118.882
397.88512691744126,0,0,1,3.791,-81.618,419.019,168.658,-255.029,627.363
97.12243307530747,0,0,1,33.377,60.073,-42.121,-22.28,37.331,43.187
2.060915717948906,1,0,1,120.081,204.764,-158.865,-75.884,125.68,154.895
227.87221500372206,0,0,1,-304.457,-1892.191,6910.131,2830.649,-4278.476,9091.441
161.060652394517,0,0,1,-52.179,-420.492,1622.55,664.466,-1002.088,2195.023
1133.9144682129127,2,0,1,23.442,-40.509,335.625,135.03,-199.462,560.528
519.7017951811113,0,0,1,73.692,55.419,219.468,82.875,-119.825,559.468
459.44958176445937,2,0,1,10.006,19.805,-11.271,-7.145,12.832,12.713
142.91072672954604,0,0,1,49.091,85.26,-61.199,-31.97,51.019,64.075
247.66405392098045,0,0,1,-28.076,-350.393,1473.767,599.585,-905.118,2061.77
415.6283263997471,1,0,1,-41.727,-436.088,1764.722,721.213,-1086.758,2436.338
672.0569275595102,2,1,1,19.195,34.956,-23.728,-12.863,22.01,24.446
1080.472369811834,1,0,1,36.546,67.107,-46.74,-25.23,40.624,50.053
724.2094865107489,1,0,1,-182.84,-1051.558,3733.982,1532.924,-2317.209,4850.752
111.39987956853074,0,0,1,-112.315,-793.243,2987.676,1222.753,-1847.864,3992.754
172.00392892405193,0,1,1,-316.794,-1821.214,6489.878,2661.754,-4025.531,8439.085
247.91314918136496,1,0,1,39.633,69.973,-50.731,-26.01,43.367,50.896
717.8751210265979,2,0,1,-138.78,-957.22,3581.102,1466.785,-2214.499,4770.104
520.521353754941,0,0,1,61.645,3.136,409.677,158.723,-235.909,800.81
39.0363783072451,0,0,1,19.897,33.159,-25.496,-12.107,21.29,23.167
60.90902498529301,0,0,1,56.425,97.605,-71.936,-36.476,59.418,72.606
1957.0934873274005,1,0,1,-7.921,-255.628,1141.47,464.881,-698.162,1635.181
1120.7556774936768,2,0,1,-9.479,-134.45,557.979,228.556,-342.711,778.863
49.52157444474332,1,0,1,95.156,163.408,-124.598,-61.055,100.529,121.583
832.9691337240267,1,0,1,-111.962,-672.511,2414.758,991.38,-1497.866,3156.567
2406.8067247922013,2,0,1,75.426,104.878,35.086,4.072,-1.753,297.781
1265.3924074410108,1,0,1,8.373,19.126,-10.065,-7.412,10.759,14.939
1240.2942766823912,1,0,1,-210.64,-1197.112,4264.008,1747.62,-2644.684,5540.22
332.08060892402426,0,0,1,97.645,74.479,297.043,111.19,-161.07,751.033
2149.501689604213,1,0,1,-124.507,-842.9,3161.956,1292.832,-1954.685,4211.982
404.297204899652,1,0,1,107.448,186.712,-140.039,-69.81,111.22,147.004
402.43640755588655,2,0,1,45.527,79.66,-58.845,-29.583,49.211,58.645
304.16454957024064,1,0,1,88.789,155.05,-115.781,-58.079,94.834,115.762
241.79176446791874,0,0,1,16.475,-27.43,225.55,90.344,-137.366,381.701
2359.5059026241365,2,0,1,92.813,163.794,-121.734,-61.759,98.892,124.408
2112.1913936667574,2,0,1,42.841,78.3,-55.59,-29.639,46.814,59.671
377.726150764354,0,0,1,28.422,52.119,-37.575,-19.956,30.471,41.057
1576.7210760300754,2,0,1,-458.224,-2571.578,9108.871,3735.387,-5650.719,11802.02
93.4420178421339,2,0,1,64.669,103.72,-89.419,-36.596,64.154,83.03
731.9872229951811,2,0,1,-36.53,-246.824,905.004,372.215,-560.742,1197.524
539.3293655025708,2,0,1,52.423,92.247,-67.517,-34.379,56.916,67.691
761.2502771895893,1,0,1,140.36,237.831,-160.24,-81.377,131.361,223.07
130.29104869329853,0,0,1,-85.339,-749.818,2964.631,1210.978,-1825.974,4044.024
584.8442770995268,2,1,1,-188.934,-1210.396,4449.731,1823.05,-2753.222,5873.053
456.10397539910775,0,0,1,22.316,44.183,-27.694,-16.711,26.314,32.994
1294.7871562534056,1,0,1,-95.427,-548.429,1959.805,803.185,-1216.291,2553.084
1959.5983664024598,2,0,1,45.139,82.156,-58.77,-31.121,49.066,62.805
65.1485629403993,1,0,1,70.982,123.395,-92.33,-45.995,75.955,91.467
235.58215849789988,0,0,1,22.835,43.922,-29.395,-16.792,25.673,34.083
2119.3107326836434,1,0,1,-29.425,-285.873,1176.164,477.4,-721.263,1623.032
18.814814688545532,0,0,1,64.362,108.723,-84.345,-40.44,67.515,80.134
136.80820005685365,1,0,1,87.332,150.3,-114.183,-56.143,92.494,111.682
1122.074015637396,1,0,1,-221.48,-1321.114,4759.632,1951.436,-2950.188,6223.495
1124.742030921674,1,0,1,-224.939,-1384.328,5034.544,2063.283,-3117.216,6609.76
101.39664621593695,0,0,1,12.955,-74.528,418.962,170.598,-254.44,649.869
86.76695839414808,0,0,1,47.361,81.836,-61.336,-30.429,50.766,59.909
1925.0072700607263,2,0,1,145.113,252.831,-191.16,-95.223,153.112,191.983
120.63194261588781,0,0,1,32.519,32.942,38.148,13.016,-21.08,157.488
113.0888857802228,0,0,1,-18.422,-330.448,1424.428,580.656,-873.621,2015.281
198.57770161980662,2,0,1,41.867,71.155,-54.319,-26.351,44.513,51.668
965.2505400189488,2,0,1,-283.659,-1795.335,6611.959,2705.623,-4089.859,8726.182
329.66657798754864,0,0,1,0.211,-125.069,608.283,244.919,-369.971,891.826
729.1036972770863,1,0,1,61.187,107.803,-80.799,-40.792,64.661,82.782
1728.3320412873195,2,0,1,36.62,67.7,-47.124,-25.591,40.551,51.245
1097.3898106812771,1,0,1,-232.014,-1543.067,5761.93,2356.302,-3560.883,7653.777
50.27259000604511,0,0,1,56.503,96.277,-73.568,-35.761,59.896,70.509
563.2151960446831,1,0,1,45.481,69.529,-43.24,-20.075,35.054,80.062
130.75149339713624,0,1,1,-0.178,-310.54,1445.019,587.96,-883.109,2103.822
185.18700222007027,0,0,1,41.753,11.803,191.841,75.323,-112.095,407.278
260.3643242022145,2,0,1,77.281,132.077,-101.203,-49.28,81.488,97.977
119.49578889754065,0,0,1,11.907,-6.74,83.308,34.046,-53.054,155.591
0.0,1,0,0,-169.412,-1275.29,4895.65,2000.985,-3020.704,6589.634
730.1923691501717,2,0,1,-58.478,-608.552,2481.061,1011.959,-1526.671,3430.934
1938.6565079048946,1,0,1,-201.162,-1283.022,4728.115,1935.356,-2925.551,6245.746
41.31696817982564,0,0,1,46.833,76.848,-62.151,-28.558,47.901,56.916
804.0320352630356,1,0,1,-282.787,-1603.434,5679.204,2330.709,-3524.399,7364.8
73.91932668003263,0,0,1,19.071,32.756,-23.759,-11.874,21.245,22.18
271.7418629580805,0,0,1,18.783,36.484,-24.285,-14.017,21.104,28.666
1705.7468183517262,2,0,1,9.557,21.072,-11.66,-8.143,11.95,16.424
1212.5045736779093,1,0,1,-477.026,-2786.537,10000.259,4098.437,-6197.441,13039.636
746.6397858965086,1,0,1,-41.604,-368.274,1445.175,591.659,-891.398,1969.497
898.0803789682533,2,0,1,-48.851,-536.276,2221.452,903.867,-1364.213,3084.96
155.60725062747989,0,0,1,20.013,39.238,-25.102,-14.88,23.268,29.597
379.3034320862634,0,0,1,23.037,41.36,-30.85,-15.863,24.136,32.899
834.8827422584912,2,0,1,91.151,160.08,-118.835,-60.057,97.59,119.915
537.8051095096755,2,0,1,-292.971,-1679.935,5975.044,2451.384,-3706.079,7762.012
822.2774499280127,1,0,1,-116.827,-961.559,3771.218,1539.335,-2324.199,5123.719
228.33393420021844,0,0,1,62.59,109.448,-79.795,-41.482,64.337,84.749
762.2791300885488,1,0,1,-140.646,-973.472,3651.499,1494.878,-2257.043,4867.151
11.646377016025863,2,0,1,88.925,138.764,-107.807,-44.558,76.915,138.745
1333.4841082188882,2,0,1,-301.07,-1736.91,6188.323,2538.822,-3837.709,8045.747
343.53528282631254,0,0,1,78.743,79.216,133.331,48.229,-65.444,445.528
210.77422075655858,0,0,1,11.589,24.222,-14.063,-9.204,14.25,18.136
35.99271227854803,1,0,1,104.896,150.33,-15.257,-15.516,30.271,320.394
90.72578053498387,0,0,1,60.561,101.028,-79.846,-37.576,62.798,74.696
603.479806697031,2,0,1,40.95,-152.618,980.038,395.097,-591.287,1563.411
234.9191430834239,0,0,1,19.76,35.895,-24.414,-13.194,22.65,25.029
923.024488263511,2,0,1,74.801,132.172,-97.17,-49.571,80.588,98.767
170.4490475442172,0,0,1,-38.538,-470.682,1978.833,804.669,-1214.289,2764.496
2146.3549096505694,1,0,1,106.779,144.106,51.616,8.481,-6.396,423.878
338.38030748763833,1,0,1,245.164,423.178,-323.204,-159.017,257.537,319.882
111.27459236053029,0,0,1,75.2,125.035,-99.739,-46.636,77.346,93.313
855.9427672241147,2,0,1,-134.33,-1039.013,4015.39,1640.532,-2477.059,5421.738
176.68970219177118,0,0,1,1.393,6.546,-0.033,-2.377,4.052,3.674
868.744691912695,1,0,1,-130.111,-912.123,3444.696,1408.707,-2128.866,4604.965
182.32628557356378,0,0,1,33.811,58.698,-42.17,-21.366,32.632,52.564
266.3060655895879,0,0,1,-88.176,-548.776,1997.624,819.069,-1239.244,2630.613
212.85245602832654,0,0,1,99.198,124.42,58.289,15.608,-15.331,403.255
866.5130380863915,1,0,1,-300.794,-1737.024,6191.605,2540.033,-3839.951,8052.494
346.0475440408633,0,0,1,-31.24,-304.457,1241.017,504.985,-763.256,1712.588
174.56287633465638,2,0,1,75.42,128.513,-98.644,-47.869,79.548,94.922
184.41419505292197,0,0,1,89.514,148.439,-119.08,-55.427,91.656,111.229
120.65773968393745,1,0,1,64.313,108.25,-84.272,-40.216,67.381,79.573
1273.463142947464,2,0,1,63.316,113.603,-81.916,-42.699,68.916,85.131
256.69052472847227,1,0,1,46.592,80.955,-60.148,-30.095,50.219,59.141
332.9774757343858,0,0,1,-49.713,-412.307,1605.173,656.684,-991.633,2181.128
714.9280013496415,2,0,1,43.745,65.467,-26.522,-14.069,26.427,97.603
1397.45444588285,2,0,1,-304.073,-1854.672,6753.68,2765.308,-4181.194,8867.083
29.74128515819926,1,0,1,37.574,66.319,-51.423,-24.364,38.953,54.663
732.1558051157634,1,0,1,-286.78,-1674.176,5992.073,2457.383,-3715.194,7808.183
617.3182780600746,1,0,1,35.879,49.141,-0.827,-2.995,8.949,110.267
1035.0024584703478,2,0,1,6.964,-90.154,459.821,187.021,-278.87,688.436
122.47610619443064,0,0,1,93.875,162.495,-119.435,-61.123,97.206,123.311
339.3951047582036,1,0,1,-59.362,-431.299,1624.531,666.086,-1004.688,2173.824
71.14837199139771,0,0,1,73.616,111.794,-52.23,-26.761,47.239,157.695
2797.834668579333,2,0,1,46.461,23.26,220.55,82.782,-122.399,474.998
380.86284809708985,0,0,1,28.684,45.545,-38.144,-16.773,28.914,33.12
651.6513109569491,2,0,1,-183.863,-1143.501,4168.205,1708.362,-2580.764,5479.843
368.5030882923531,1,0,1,17.071,32.869,-20.654,-12.172,20.393,23.131
2236.1143526404826,2,0,1,28.995,-130.896,834.38,333.103,-499.904,1313.169
998.2990414546409,2,0,1,-323.251,-1848.046,6569.553,2695.093,-4074.787,8531.116
54.109162343537,0,0,1,56.765,93.493,-75.355,-34.79,58.118,69.459
1678.4538650405975,1,0,1,-4.34,-31.826,139.838,55.21,-85.229,194.553
206.78800961247575,2,0,1,16.624,28.1,-20.726,-10.135,18.399,18.802
34.342808651460736,0,0,1,62.976,107.578,-82.055,-40.008,66.766,79.03
298.0097269111785,1,0,1,38.592,69.426,-49.157,-25.882,42.745,50.717
229.70722860561474,0,0,1,-104.511,-677.212,2488.422,1020.339,-1541.911,3290.582
2080.5157139299886,2,0,1,-145.857,-911.445,3335.848,1366.173,-2065.994,4395.216
41.96812456422432,0,0,1,43.668,75.363,-56.547,-28.01,46.791,55.114
27.23339996833315,2,0,1,33.621,22.493,97.789,39.782,-57.216,258.038
420.7156467939243,0,0,1,-117.565,-710.714,2569.037,1053.316,-1593.191,3367.79
455.3267710087917,2,0,1,38.214,69.023,-49.511,-25.34,42.08,52.295
364.979353085671,2,0,1,59.805,103.62,-77.547,-38.59,64.083,76.172
448.1222272582763,2,0,1,13.854,-75.992,436.379,177.106,-263.12,675.686
530.1061069896442,2,0,1,-206.156,-1230.463,4427.964,1816.073,-2744.379,5786.605
1147.2883086014397,1,0,1,-312.313,-1794.019,6397.818,2623.326,-3967.959,8320.67
1618.001105483924,2,0,1,13.763,28.4,-17.251,-10.918,16.341,22.081
182.30846288340715,0,1,1,56.944,101.77,-74.182,-38.361,61.426,76.992
1281.214297580513,1,0,1,-261.437,-1542.015,5545.252,2272.913,-3437.385,7242.063
660.604096320884,1,0,1,69.64,114.485,-86.136,-40.669,67.868,95.431
1179.555457532612,2,0,1,11.537,24.495,-13.59,-9.225,14.644,17.785
385.01577859628617,0,0,1,74.344,130.412,-98.374,-49.346,78.25,100.242
486.747770473011,2,0,1,32.712,58.025,-41.469,-21.478,36.22,41.614
42.78848311663871,0,0,1,25.136,39.113,-33.334,-14.282,25.235,27.87
71.90247621134893,1,0,1,39.765,65.225,-52.246,-24.077,41.139,47.346
381.3129564092357,0,0,1,63.169,113.267,-82.579,-42.822,67.968,86.389
939.1284512721318,1,0,1,-119.272,-1150.181,4644.195,1893.652,-2856.362,6386.759
887.3183286279552,1,0,1,-443.514,-2471.268,8718.493,3577.211,-5410.223,11276.458
750.9284159459007,1,0,1,91.944,150.927,-74.225,-41.643,67.673,193.016
970.7431396975859,2,0,1,14.79,-268.47,1357.615,549.889,-825.71,2027.083
812.2767393948814,2,0,1,-72.147,-651.563,2593.279,1058.659,-1597.443,3548.771
51.1676482323732,0,0,1,128.503,219.946,-166.984,-82.381,133.987,165.093
1045.007203565184,1,0,1,-229.882,-1335.335,4767.003,1955.627,-2956.169,6204.814
49.206352516415066,1,0,1,10.187,19.528,-12.489,-6.863,12.271,14.122
3082.34052934919,1,0,1,-111.451,-786.942,2995.976,1223.114,-1848.441,4011.122
132.47162187032293,0,1,1,193.086,329.931,-246.854,-120.884,194.713,269.064
2081.3943522661907,1,0,1,-173.365,-1162.47,4355.962,1780.559,-2691.267,5794.236
695.8981301107272,2,0,1,-341.029,-1930.366,6850.551,2809.632,-4249.936,8887.371
995.6943947006176,2,0,1,-195.58,-1223.949,4469.226,1831.62,-2766.799,5880.502
175.6046405686193,0,1,1,18.783,37.201,-23.698,-14.189,21.801,28.489
123.1233610908722,0,0,1,-60.434,-604.232,2441.137,996.532,-1501.73,3361.268
165.91441438476068,0,1,1,22.562,43.346,-28.609,-16.435,25.747,32.824
276.7913541760042,0,0,1,-89.464,-597.073,2228.201,911.533,-1378.569,2963.19
299.57413761386624,0,0,1,56.625,-15.198,449.845,176.831,-262.867,841.545
721.4854182657858,1,0,1,-26.15,-399.618,1708.287,695.59,-1048.684,2408.296
1853.7510533364466,2,0,1,-95.19,-747.326,2890.069,1181.408,-1783.786,3907.253
200.39246078881587,2,0,1,26.388,45.51,-33.652,-16.755,28.737,32.327
1101.3101972711597,1,0,1,63.976,-26.694,573.714,224.215,-333.996,1047.031
45.781602145461974,1,0,1,53.653,91.766,-69.676,-34.071,57.118,67.051
1011.3885526019237,1,0,1,-242.734,-1420.262,5080.432,2084.147,-3150.911,6621.607
590.250513144132,1,0,1,132.708,231.547,-174.44,-87.129,140.443,175.291
336.58166380055616,0,0,1,-87.843,-626.555,2367.755,969.035,-1463.855,3169.283
336.37010065164725,0,0,1,19.945,-35.868,283.457,114.935,-170.3,475.049
219.3283143522337,2,0,1,-1.34,-194.994,890.248,363.294,-545.447,1291.345
561.8888583459184,1,0,1,-60.948,-549.525,2181.594,891.126,-1344.773,2984.811
305.9637608310315,0,0,1,20.37,-289.664,1497.589,605.82,-909.811,2250.199
546.638776251955,1,0,1,121.753,206.716,-143.417,-72.126,115.738,188.295
1879.7022345172477,2,0,1,32.133,-272.553,1519.326,611.004,-917.557,2322.004
36.25794611628614,0,0,1,59.156,99.297,-74.911,-37.034,60.31,74.049
1411.9716125926057,1,0,1,100.699,154.77,-33.749,-26.109,45.036,280.125
203.21963348406692,1,0,1,40.115,64.069,-51.074,-22.454,38.822,52.67
199.65210729367192,0,0,1,-20.148,-255.739,1052.201,429.871,-649.447,1466.429
380.12317230515225,0,0,1,66.016,117.096,-86.87,-44.302,70.221,89.735
2355.7499876265356,1,0,1,-9.517,-210.11,946.617,382.868,-578.041,1353.546
1066.8577591311266,2,0,1,-365.437,-2233.116,8114.922,3324.878,-5025.002,10648.464
1572.73587728626,2,0,1,38.101,-57.364,515.802,206.363,-305.644,870.6
1396.896934819466,1,0,1,-190.554,-1360.361,5173.486,2113.92,-3193.399,6929.75
213.98540461139552,2,0,1,56.244,97.451,-72.752,-36.24,60.427,71.316
16.18567978741998,1,0,1,120.315,199.332,-161.906,-73.115,122.7,153.224
359.19940699748986,2,0,1,18.496,34.495,-22.449,-12.664,21.773,23.807
1935.783891686769,1,1,1,-71.055,-473.168,1744.817,715.934,-1082.355,2315.914
1610.5728457349935,1,0,1,24.486,46.96,-30.888,-17.748,28.068,35.232
1785.5221673344558,2,0,1,17.605,34.576,-22.133,-13.133,20.437,26.199
566.2697635142772,1,0,1,-24.105,-422.149,1831.581,745.042,-1122.876,2594.648
1013.1526052365035,1,0,1,4.412,-113.948,546.435,223.286,-334.063,807.574
218.62579920404852,2,0,1,46.294,79.301,-60.027,-29.429,49.395,57.838
1079.8096017928287,2,0,1,-251.203,-1638.878,6080.569,2487.955,-3760.03,8055.813
675.2988381576466,2,0,1,-255.499,-1574.056,5728.549,2347.433,-3547.027,7523.687
79.18699085152177,0,1,1,36.829,60.738,-46.916,-22.455,37.701,44.288
1018.2533573618898,2,0,1,25.892,48.238,-32.188,-17.934,29.779,34.645
412.78187507148886,2,0,1,31.049,-7.75,231.795,92.181,-134.71,434.283
935.0569788847467,0,0,1,2.219,-97.876,492.337,197.811,-298.977,729.218
347.56161503329133,0,0,1,40.652,73.594,-53.499,-28.006,43.582,57.104
17.606089327211375,1,0,1,87.49,147.651,-115.138,-54.948,91.372,109.663
320.4214602570208,0,0,1,29.727,55.223,-38.795,-21.067,32.491,42.908
677.5538169559433,1,0,1,-213.918,-1397.249,5170.836,2117.286,-3197.935,6844.881
344.93626776505175,2,0,1,68.255,116.148,-89.287,-43.251,71.94,85.74
263.26213697965545,0,0,1,48.04,86.308,-62.444,-32.54,52.052,65.257
88.03754951529561,0,0,1,54.344,97.513,-69.644,-36.695,58.751,73.369
197.69706192975065,2,0,1,232.052,399.309,-307.623,-149.995,242.219,304.469
189.92406367555063,0,1,1,-3.611,-105.403,488.219,196.789,-297.838,704.306
291.50470499781454,1,0,1,176.643,306.373,-232.912,-114.579,186.337,232.599
2412.4214869354837,1,0,1,95.053,-49.482,891.428,349.711,-519.951,1609.556
122.0783837682608,0,0,1,-139.352,-948.469,3537.259,1448.424,-2188.848,4705.199
70.65299137893096,0,0,1,28.3,46.006,-37.115,-16.914,29.243,33.063
310.68601933362623,0,0,1,74.919,132.498,-98.727,-50.129,79.474,101.609
590.6555107799823,2,1,1,-319.512,-1824.364,6480.96,2658.987,-4020.679,8415.115
663.5545185120152,0,0,1,-236.537,-1388.246,4995.386,2046.506,-3095.679,6522.174
273.72939461377354,0,0,1,9.276,-131.161,686.733,275.889,-417.7,1031.932
419.0702129358143,0,0,1,-65.308,-564.727,2234.348,911.904,-1376.987,3049.286
654.8212682789532,2,0,1,-166.499,-1124.286,4203.089,1719.805,-2598.844,5592.042
204.01459791896707,1,0,1,58.124,103.867,-74.999,-38.933,63.347,77.269
275.16115234835087,2,0,1,38.887,66.853,-50.005,-24.712,41.924,48.126
602.6430392231221,1,0,1,62.771,111.289,-81.038,-41.629,68.169,82.435
272.82265401196645,0,0,1,44.665,80.924,-58.268,-30.649,48.362,61.896
602.649628000204,1,0,1,64.099,106.329,-84.981,-39.62,65.901,79.17
866.414448254535,2,0,1,-4.789,-252.187,1143.634,465.709,-699.133,1648.334
318.8586571673138,0,0,1,22.288,41.463,-29.504,-15.95,23.996,32.999
202.34670649296453,1,0,1,0.506,-0.866,0.193,0.777,0.904,-3.045
631.0173810140328,0,0,1,53.101,89.088,-50.253,-27.219,42.976,102.82
1829.8675704656623,1,0,1,39.637,72.539,-51.468,-27.478,43.305,55.387
889.465820513015,2,0,1,67.329,-165.435,1221.477,489.581,-729.758,1994.886
1222.7462074669406,2,0,1,-322.369,-1847.149,6586.064,2700.17,-4084.568,8563.472
218.59955905001038,0,0,1,-79.667,-616.022,2368.526,968.966,-1463.235,3196.994
259.4386826043335,1,1,1,0.068,-0.027,1.009,0.357,1.03,-2.077
1050.719499843048,2,0,1,-130.767,-859.961,3178.832,1302.545,-1967.62,4211.092
1431.4206026860536,2,0,1,23.047,45.063,-28.447,-16.937,27.184,33.096
391.9496093533176,2,0,1,29.793,53.482,-37.689,-19.847,33.207,38.541
46.027692414518896,0,0,1,65.889,112.712,-85.893,-41.948,69.853,82.956
488.4640624518113,2,1,1,12.002,21.877,-14.255,-7.878,14.292,14.259
827.3208813464879,1,0,1,40.549,-20.37,350.758,139.901,-206.112,639.236
89.38802016294036,1,0,1,94.32,161.271,-123.694,-60.234,99.311,119.993
113.93270738573881,1,0,1,100.625,174.886,-132.163,-65.011,106.88,132.102
143.11288944381764,0,0,1,18.495,36.07,-22.967,-13.588,21.668,26.695
789.0249911875941,2,0,1,30.688,56.44,-38.901,-21.125,34.446,41.515
688.6512005800104,2,0,1,-82.222,-709.567,2797.315,1142.637,-1723.973,3812.536
356.4406060335378,0,0,1,30.012,-1.378,214.543,82.615,-125.1,412.521
114.30993155875376,0,0,1,-0.445,0.979,2.199,-0.077,1.393,-1.338
1829.0737158278687,1,0,1,-85.74,-722.258,2859.361,1165.497,-1760.194,3895.632
1960.645623430215,1,0,1,-127.239,-781.033,2841.369,1164.175,-1760.867,3734.3
26.514079360595456,1,0,1,27.789,50.099,-38.016,-17.448,29.777,42.043
437.564216415438,1,0,1,76.237,133.802,-98.976,-50.064,81.977,99.437
802.5126979517983,1,0,1,-153.315,-1133.944,4329.01,1770.359,-2672.307,5814.355
919.9308575071201,1,0,1,-356.235,-1992.801,7033.282,2886.297,-4365.071,9101.579
167.95193634319125,1,0,1,13.495,21.772,-17.042,-7.787,14.5,14.371
1145.6889989520791,1,0,1,-348.907,-1968.031,6968.469,2858.969,-4324.404,9033.092
691.0310028167762,2,0,1,-401.155,-2333.563,8354.756,3425.205,-5179.427,10885.082
1217.671620270963,1,0,1,19.101,37.987,-23.763,-14.404,22.51,28.556
678.5897598628161,2,0,1,53.625,73.567,2.894,-3.286,10.848,172.637
62.36004624930497,0,0,1,25.281,43.418,-31.995,-15.889,27.71,30.302
202.05898209148594,0,0,1,99.137,173.853,-130.689,-65.63,104.778,132.72
316.05407534380953,0,0,1,25.028,39.178,-33.183,-14.332,25.188,28.023
450.405537718397,0,0,1,-35.894,-380.133,1568.01,637.94,-963.269,2173.731
382.92063885608763,0,0,1,-38.388,-276.897,1047.915,428.968,-649.327,1407.49
96.23249324473632,0,0,1,69.407,122.526,-89.819,-45.837,75.06,90.882
97.04031786502472,0,0,1,26.434,41.021,-35.566,-15.119,26.051,30.096
390.9546053465308,0,0,1,69.68,122.499,-92.243,-46.393,73.367,94.358
95.6389718167234,1,0,1,10.518,20.481,-12.049,-7.407,13.229,13.311
197.18181951024513,0,0,1,125.094,192.887,-94.113,-48.514,82.997,264.663
548.3440713681765,2,1,1,-330.797,-1880.266,6673.665,2737.802,-4140.457,8660.721
100.01783157358699,0,0,1,35.804,59.793,-46.573,-22.056,37.713,43.097
114.62057156818969,0,0,1,81.1,141.831,-105.611,-53.107,86.799,105.735
224.25342016241052,1,0,1,60.622,101.03,-79.91,-37.56,62.853,74.62
272.97881088462816,2,0,1,0.401,-0.666,0.365,0.67,0.912,-2.771
165.48304788131867,0,0,1,31.609,58.796,-39.781,-21.995,35.893,43.059
88.65323324017098,1,1,1,121.993,209.298,-160.078,-78.177,128.598,156.278
608.3288014807881,2,0,1,-274.081,-1749.505,6442.522,2637.739,-3986.235,8507.925
793.8480256771111,2,0,1,-206.368,-1307.371,4808.984,1968.586,-2976.029,6347.153
2283.9470981619825,1,0,1,-17.316,-314.026,1387.953,562.286,-848.309,1971.649
278.28195496607407,2,0,1,23.787,39.406,-30.691,-14.423,25.207,27.786
152.74633589766773,0,0,1,52.973,-124.921,928.088,372.682,-555.632,1522.138
525.0111950345733,1,0,1,91.465,160.159,-120.727,-60.48,96.478,122.425
180.18828791066477,0,0,1,-18.314,-224.65,916.407,375.621,-565.237,1274.675
33.142640715145674,0,0,1,77.711,132.738,-101.851,-49.544,81.847,98.587
942.3050910368834,2,0,1,55.502,97.836,-71.82,-36.583,59.992,72.491
683.7493563607818,1,0,1,32.904,60.644,-41.655,-22.696,37.013,44.571
644.1462827449425,0,0,1,14.829,-3.287,95.679,39.281,-56.477,183.67
278.21118366233117,0,0,1,106.984,183.512,-134.015,-66.705,106.559,154.15
1101.838521561952,2,0,1,-74.259,-690.674,2756.225,1125.717,-1697.422,3777.051
326.93253583828823,1,0,1,-137.318,-844.965,3060.554,1255.617,-1896.421,4014.759
81.34047011472485,0,0,1,93.973,158.171,-124.126,-59.06,97.563,118.058
1841.6598126817673,1,0,1,-349.624,-2100.557,7606.254,3115.889,-4711.369,9962.234
253.38170589450175,2,0,1,107.82,184.027,-141.562,-68.746,113.301,137.061
857.6920870836881,1,0,1,73.511,129.677,-96.9,-49.035,77.878,99.342
1689.5420537006478,1,0,1,103.04,176.261,-114.801,-59.695,96.181,168.401
300.9286451478101,0,0,1,31.064,57.797,-40.069,-21.916,34.398,44.098
1318.1713611263035,2,0,1,56.919,101.612,-73.488,-38.09,61.97,75.621
178.74811958764178,1,0,1,39.36,67.783,-50.9,-25.156,42.203,49.373
690.0150001521065,1,0,1,51.076,92.273,-66.653,-34.925,55.222,70.491
535.5334857027798,1,0,1,-284.27,-1672.668,5999.152,2460.271,-3719.846,7827.788
465.3685166980861,2,0,1,32.423,57.765,-41.173,-21.433,35.896,41.685
1673.9773773785532,2,0,1,-122.702,-751.741,2720.907,1116.172,-1685.379,3566.061
248.63277673184692,2,0,1,26.44,48.319,-33.65,-17.6,29.809,35.787
1157.812820347518,2,0,1,42.393,76.948,-54.892,-29.034,46.307,58.176
1928.3491828823105,2,0,1,31.047,-104.897,725.371,288.7,-432.948,1160.766
302.1291053860537,0,1,1,26.45,31.691,2.676,0.525,1.415,85.075
384.96015824658656,2,0,1,147.881,254.906,-194.121,-95.496,156.014,191.01
1553.8821375068478,2,0,1,24.031,46.12,-30.355,-17.446,27.518,34.69
62.192712816872714,2,0,1,1.179,-17.538,83.233,38.046,-54.798,139.703
1481.6672298413648,1,0,1,-56.91,-635.632,2635.114,1072.546,-1618.279,3661.675
314.1199370997135,2,0,1,46.448,79.285,-59.938,-29.304,49.755,57.162
595.6126747126547,2,0,1,-44.301,-391.061,1535.829,628.569,-947.306,2093.477
462.71860305900805,1,0,1,29.249,-68.127,498.739,201.22,-299.178,818.564
301.75859674252484,0,0,1,116.38,201.625,-154.658,-76.218,121.312,154.996
627.1964905238073,1,0,1,-363.04,-2147.158,7738.53,3170.648,-4794.503,10111.316
74.27877917753909,0,0,1,37.325,62.109,-48.571,-22.89,39.245,44.686
1668.7964003206441,1,0,1,61.926,109.953,-80.948,-41.449,66.385,83.335
1027.982160946757,2,0,1,-94.747,-721.598,2765.46,1131.469,-1707.206,3723.442
1321.119802612916,1,0,1,43.752,10.889,223.788,88.185,-127.585,463.171
746.8437829359484,2,0,1,-167.728,-1239.261,4751.246,1940.78,-2931.291,6387.602
3032.5105461413914,2,0,1,37.65,-149.703,981.921,391.976,-588.463,1557.875
291.22667063535073,0,0,1,-57.788,-446.941,1725.743,705.23,-1065.796,2332.289
709.3063234520437,2,0,1,50.706,90.213,-65.233,-33.712,55.347,66.562
334.1284831749911,1,0,1,165.272,286.702,-217.391,-107.744,174.386,216.517
692.0095276863191,2,0,1,-77.693,-764.116,3083.624,1258.428,-1896.74,4242.173
1394.0429852436205,2,0,1,142.692,248.525,-187.302,-93.39,151.141,187.462
359.5698968675078,1,0,1,-104.265,-665.812,2433.057,998.195,-1507.702,3208.472
252.9313267899828,0,0,1,53.052,87.226,-70.274,-32.395,54.42,64.453
339.163057274977,0,0,1,-360.641,-1982.795,6959.048,2856.381,-4321.432,8981.585
565.5387428615188,1,0,1,34.301,51.612,2.047,-4.26,7.739,116.749
707.5223545770858,2,0,1,30.316,37.92,15.586,4.147,-2.341,116.579
957.2553800465613,2,0,1,-85.967,-669.574,2578.461,1054.788,-1590.908,3478.3
64.50137067895727,0,1,1,34.503,58.252,-43.126,-21.522,36.058,42.143
2234.621236324,2,0,1,65.207,108.816,-52.227,-30.275,48.957,137.911
233.23295363887758,0,0,1,77.78,135.88,-101.329,-50.875,83.174,101.302
105.42045837763979,1,0,1,31.425,54.071,-40.463,-20.009,33.842,39.045
254.88486054048,2,0,1,97.521,163.448,-125.33,-59.898,99.128,127.659
372.980723099688,0,0,1,39.145,72.305,-50.422,-27.339,43.288,54.788
1042.1254339699512,2,0,1,-145.194,-955.782,3535.565,1448.531,-2188.603,4685.62
105.41130100095815,0,0,1,48.671,84.604,-62.711,-31.42,52.577,61.608
223.5492592860918,0,0,1,13.151,-4.769,88.791,36.93,-53.896,170.195
1098.3144825555792,1,0,1,-69.162,-825.408,3452.786,1404.914,-2118.468,4813.171
135.0070534146718,0,1,1,182.904,315.807,-242.254,-119.021,191.138,240.808
827.5825174787893,2,0,1,1.191,-105.376,514.522,207.564,-313.775,758.348
220.61911405350443,0,0,1,-289.803,-1723.154,6207.212,2544.488,-3847.249,8114.196
0.0,1,0,0,121.021,212.463,-158.565,-79.938,128.84,160.544
675.0746127194354,2,0,1,46.25,81.313,-59.406,-30.248,50.342,59.343
892.9785540419671,2,0,1,-12.535,-254.691,1101.621,449.654,-676.724,1564.849
129.90105408066444,0,0,1,94.172,165.305,-122.808,-62.019,100.774,123.852
1980.144819716662,1,0,1,-140.597,-924.426,3448.414,1409.63,-2131.411,4577.542
1290.7060869354264,2,0,1,-79.472,-501.793,1835.32,752.264,-1137.899,2421.477
1263.390712703656,2,0,1,178.1,308.882,-234.298,-116.081,187.875,233.292
2093.069180698002,1,0,1,-208.817,-1360.606,5057.511,2068.195,-3126.206,6702.221
1002.1774111218598,2,0,1,72.478,128.323,-94.041,-48.122,78.245,95.815
50.532141275106106,0,0,1,98.389,167.589,-129.136,-62.553,103.351,124.571
102.92375830819962,1,0,1,49.257,82.528,-64.325,-30.55,51.717,60.078
1082.4496249505887,2,0,1,93.956,164.309,-122.795,-61.657,100.157,123.291
758.6757241063943,1,0,1,90.264,25.029,500.679,192.472,-284.474,1025.771
778.9908092879301,2,0,1,-75.03,-656.773,2590.914,1058.779,-1597.457,3535.052
402.785083885874,0,0,1,18.596,36.705,-23.698,-14.058,21.341,28.478
96.07467692747797,0,0,1,77.821,-20.139,602.305,237.841,-350.459,1125.977
2145.37295124269,2,0,1,59.618,63.07,126.644,42.776,-61.065,380.102
1465.746559904094,1,0,1,-196.657,-1212.073,4408.87,1806.955,-2731.159,5792.341
148.54385935738688,0,0,1,34.94,60.941,-43.26,-22.697,37.025,44.811
1128.7923476858318,1,0,1,-471.593,-2694.238,9588.823,3932.318,-5946.519,12455.438
1598.496790871528,2,0,1,-12.29,-239.159,1034.269,421.874,-633.702,1464.492
1868.196106361936,1,0,1,-113.512,-957.161,3787.644,1544.116,-2331.555,5159.459
461.3029897812255,0,0,1,-22.824,-132.61,450.88,187.24,-282.498,580.575
149.29153835789646,0,0,1,19.541,37.408,-24.488,-14.082,22.53,27.738
1358.1716933797804,2,0,1,35.381,65.101,-45.526,-24.574,39.11,49.124
1812.817915312843,1,0,1,105.507,180.636,-121.132,-62.283,99.941,167.88
766.8304966187984,2,0,1,7.522,-195.817,973.711,394.16,-593.208,1446.618
222.9231654671679,0,0,1,-71.097,-483.452,1787.656,732.856,-1109.443,2374.669
18.133713030366177,2,0,1,57.843,97.886,-72.573,-33.31,55.055,91.161
387.8144119053725,1,0,1,62.035,110.937,-80.376,-41.691,67.33,83.166
1837.7219450515574,1,0,1,-2.875,-265.713,1250.685,505.789,-762.448,1818.484
249.6961760286639,0,0,1,-165.085,-983.177,3528.287,1447.201,-2189.291,4608.325
1722.3502187524675,2,0,1,22.037,42.28,-27.917,-16.016,25.159,31.941
673.8944802295521,1,0,1,30.753,55.783,-38.957,-20.784,34.363,40.593
53.95502454019621,0,0,1,96.728,166.483,-126.576,-62.222,102.35,123.909
466.3792539411251,2,0,1,-390.418,-2247.658,8024.154,3289.768,-4975.395,10438.731
462.04728857511185,2,0,1,56.936,99.952,-73.523,-37.282,61.586,73.577
939.7835835356751,1,0,1,-141.432,-939.897,3495.553,1430.921,-2162.567,4641.229
713.3509464484156,1,0,1,-26.225,-392.045,1665.207,678.835,-1022.658,2343.179
1348.710933858925,2,0,1,84.256,148.74,-109.982,-55.93,90.262,112.043
343.0994512125898,0,0,1,-79.755,-486.431,1745.96,717.6,-1084.111,2286.107
390.91030586260484,0,0,1,-64.563,-432.621,1618.712,661.9,-1001.407,2155.03
648.0188906021461,1,0,1,46.715,85.037,-60.24,-32.038,51.308,63.96
145.12937847470747,0,0,1,11.995,24.572,-14.503,-9.268,14.681,18.06
384.66683955495546,0,0,1,82.57,145.487,-108.167,-54.791,88.045,110.152
221.4857575062894,1,0,1,70.141,117.251,-92.515,-43.649,72.752,86.883
131.8443208882981,0,0,1,93.593,163.563,-123.912,-61.843,98.308,125.556
1436.7275909152,2,1,1,-46.131,-590.789,2476.499,1009.123,-1521.126,3462.704
24.2756346608298,0,0,1,21.756,35.593,-27.414,-12.995,22.641,25.018
305.2774146064013,0,0,1,-117.127,-837.652,3171.446,1297.502,-1959.932,4246.587
2135.662242247097,2,0,1,52.71,76.868,11.039,-2.97,6.573,190.751
220.45851433293802,0,0,1,30.811,56.711,-37.64,-21.501,33.001,43.458
392.95337723438627,2,0,1,16.091,29.545,-19.702,-10.844,18.677,20.45
1180.8667076466747,2,0,1,6.762,16.294,-7.645,-6.254,9.322,12.239
1101.1792615386314,2,0,1,59.98,107.464,-77.645,-40.388,65.209,80.536
352.83993953399596,0,0,1,26.247,48.454,-34.746,-18.6,28.172,38.398
112.89991312949088,0,0,1,158.423,274.304,-206.882,-103.157,165.997,207.768
1783.9598992218648,1,0,1,-220.35,-1454.93,5407.793,2213.211,-3344.425,7173.941
626.554454047946,1,0,1,-38.761,-399.992,1625.576,663.322,-1001.275,2247.41
39.134664913219545,0,0,1,23.685,38.149,-31.005,-13.965,24.445,27.127
29.192004957168322,0,0,1,43.207,73.6,-54.521,-27.335,45.21,53.963
254.60553828795992,2,0,1,173.31,298.999,-227.918,-112.065,182.595,224.963
857.5392601746355,1,0,1,-10.167,-526.452,2433.663,986.079,-1484.555,3518.284
1642.1957602658213,2,0,1,67.331,34.927,291.404,110.844,-163.338,646.304
2215.389282799302,1,0,1,1.844,-174.6,853.633,344.174,-518.816,1254.159
771.2449456806384,2,0,1,-215.199,-1405.104,5199.255,2128.946,-3216.555,6884.574
420.59699699924295,0,0,1,31.672,49.749,-42.499,-18.372,31.455,36.593
222.543456167905,0,0,1,-118.25,-723.012,2627.472,1076.566,-1628.524,3451.589
250.0591472996742,0,0,1,22.995,41.294,-28.713,-15.213,25.973,29.086
165.05566109746513,0,0,1,80.046,141.745,-104.656,-53.398,85.702,107.288
395.3576979367519,1,0,1,44.881,17.096,222.95,85.577,-126.942,473.836
152.960516523006,1,0,1,36.759,63.589,-47.136,-23.512,39.841,45.74
1598.0861521793752,1,0,1,111.678,-74.659,1113.759,439.0,-653.243,1987.988
131.31746341023776,0,0,1,38.117,67.96,-48.795,-25.339,41.858,49.777
424.15855510164516,1,0,1,19.876,-43.001,319.576,129.287,-192.08,527.978
3633.0911568298147,2,0,1,-36.961,-405.367,1687.01,685.574,-1034.808,2343.442
389.9266880782396,0,0,1,-34.581,-371.119,1504.767,615.208,-927.15,2081.137
338.7146798998808,0,0,1,-129.909,-756.424,2694.348,1106.169,-1672.297,3507.505
723.259552816394,1,0,1,-315.155,-1926.433,6999.216,2867.937,-4334.869,9185.654
515.9001120168518,2,0,1,-103.043,-709.244,2661.288,1089.064,-1645.84,3549.132
1364.2755005298557,1,0,1,148.041,249.027,-161.475,-82.667,133.867,246.077
41.33089092532894,0,0,1,43.879,74.416,-56.899,-27.531,46.642,53.902
337.5590893030606,1,0,1,-180.827,-1127.512,4109.484,1684.617,-2545.633,5405.931
253.2309366077542,0,0,1,-40.042,-276.646,1024.195,420.697,-636.244,1365.635
672.59372675364,1,0,1,79.697,-94.353,974.692,387.665,-577.487,1679.597
211.67987194236403,2,0,1,16.501,31.906,-20.886,-11.273,19.461,24.461
450.5055158624793,1,0,1,93.699,165.229,-122.233,-62.087,100.405,124.239
269.6270746598023,0,0,1,105.453,184.78,-138.849,-69.689,111.569,140.69
273.2672090568433,0,0,1,44.022,80.103,-57.036,-30.257,48.1,60.721
314.0432155806313,0,0,1,-98.297,-832.844,3293.304,1343.119,-2028.013,4487.31
2203.4252970706534,1,0,1,-130.36,-820.574,3016.163,1234.429,-1867.036,3979.863
855.3357972051219,1,0,1,-238.923,-1431.658,5161.52,2116.46,-3199.132,6751.947
310.7188451852502,1,0,1,41.833,14.968,188.682,74.453,-107.486,406.751
1083.7617330940598,1,0,1,61.137,109.162,-80.196,-41.302,65.429,83.532
2328.7330025651895,2,0,1,-170.221,-1184.97,4485.115,1832.416,-2768.871,5992.377
2633.0157670744884,2,0,1,-168.338,-978.808,3522.051,1441.992,-2181.759,4594.466
329.4138272144695,0,0,1,29.006,53.762,-38.03,-20.549,31.516,42.034
346.5374408342796,2,0,1,57.21,97.535,-74.607,-36.27,60.551,71.67
213.68210711879314,0,0,1,45.09,80.106,-55.859,-30.368,46.622,61.886
1283.22115514917,1,0,1,-367.787,-2318.531,8516.266,3486.414,-5269.214,11228.9
1838.1777436515456,2,0,1,-412.335,-2378.338,8498.972,3484.005,-5269.108,11060.362
320.507743452986,0,0,1,-0.305,-129.959,615.25,249.102,-376.283,900.2
217.19250336054037,2,0,1,88.417,143.165,-99.202,-47.155,79.5,137.704
1205.8329479106383,1,0,1,-190.712,-1149.821,4164.387,1706.242,-2580.497,5458.062
281.4708399121666,0,0,1,-136.875,-887.874,3287.146,1345.276,-2033.988,4353.42
695.2228248801657,2,0,1,-302.389,-1831.06,6627.934,2716.789,-4105.785,8683.397
667.8950807345142,2,0,1,89.961,155.999,-117.378,-58.332,95.768,116.059
368.8230794767019,0,0,1,52.435,-200.028,1300.292,521.46,-781.425,2068.155
50.95496258428504,0,0,1,31.797,54.392,-40.924,-20.085,34.184,39.081
1137.2036204622466,1,0,1,-275.141,-1654.338,5985.543,2452.622,-3708.513,7839.534
225.29685690557935,1,0,1,36.053,64.56,-46.036,-24.068,39.761,47.217
191.2438664221392,0,0,1,37.574,67.044,-47.444,-25.57,38.714,52.647
93.67117156577788,0,0,1,181.247,312.174,-237.217,-117.286,189.422,236.069
77.64882938154051,0,0,1,24.553,42.925,-31.039,-15.79,27.119,30.303
1160.7004405662267,1,0,1,-39.948,-476.374,1992.688,810.797,-1223.303,2779.388
348.13987863248906,0,0,1,100.336,175.256,-132.915,-66.277,105.301,134.626
40.415719828481485,1,0,1,107.561,164.33,-50.558,-31.36,54.32,277.94
31.307905146070382,1,0,1,68.983,113.955,-59.315,-32.245,52.429,141.625
1284.7186563112252,2,0,1,57.966,104.421,-74.771,-39.227,63.391,78.05
95.83682887944506,0,0,1,47.736,82.258,-57.654,-30.913,48.25,62.455
554.9440147748188,1,0,1,-38.941,-445.761,1832.726,748.125,-1126.791,2543.958
131.58989962788831,0,1,1,45.708,83.6,-59.208,-31.62,50.054,63.552
880.5048618903398,1,0,1,-462.412,-2679.073,9580.466,3927.828,-5939.563,12474.056
100.57076565456347,1,0,1,54.472,93.648,-70.776,-34.836,58.069,68.734
1355.0875347933945,1,0,1,-165.055,-1266.517,4894.702,1999.0,-3018.615,6605.332
68.33580848356168,0,0,1,40.601,68.191,-52.913,-25.23,42.763,49.532
1543.9316540952082,2,0,1,25.504,48.671,-32.426,-18.445,28.95,36.857
265.09772428463816,1,0,1,45.179,81.75,-58.212,-30.731,49.551,61.161
1143.1527303578348,1,0,1,19.689,-195.151,1044.043,422.283,-634.007,1586.988
490.3043701019739,0,0,1,24.437,32.609,-10.198,-4.533,9.99,60.619
609.6012402454477,1,0,1,70.843,125.984,-92.848,-47.587,75.77,96.021
185.9348424411057,0,0,1,43.34,69.547,-57.972,-25.801,43.552,51.557
1315.3477775501835,2,0,1,35.942,-54.066,475.041,191.16,-283.603,805.72
352.8166492648642,2,0,1,7.913,14.765,-8.853,-5.195,9.995,8.835
154.6302116243321,2,0,1,210.621,358.722,-268.867,-130.762,211.47,294.555
2234.5768032757537,2,0,1,-47.915,-457.46,1847.569,753.011,-1136.881,2541.76
573.6383322146883,2,0,1,-36.453,-290.841,1114.261,456.955,-688.0,1502.508
0.0,1,0,0,50.322,78.604,-43.563,-21.733,38.332,94.258
978.9969966752401,2,0,1,-50.739,-377.024,1425.882,584.693,-880.948,1910.298
482.186176290463,2,0,1,35.892,-103.104,712.103,286.677,-427.256,1151.307
1540.2792429440058,2,0,1,-357.641,-2062.988,7374.989,3022.947,-4572.27,9599.298
58.7586116612674,0,0,1,53.14,92.182,-68.815,-34.316,57.048,67.654
2307.7983750139933,2,0,1,-92.546,-694.181,2683.315,1094.585,-1653.835,3616.416
1038.5148497130024,1,0,1,94.111,-61.798,926.237,365.675,-544.245,1657.69
408.653654018308,0,0,1,-28.661,-359.09,1504.998,612.916,-925.017,2104.925
276.7395192408153,0,0,1,37.274,69.635,-47.586,-26.287,41.786,52.371
226.23949851006245,1,0,1,34.376,62.768,-43.478,-23.413,38.57,45.762
17.051968200089743,1,0,1,134.026,192.926,-31.475,-22.557,44.524,394.871
21.1986727134997,1,0,1,130.519,220.271,-173.091,-82.141,135.267,166.073
983.3157238612541,1,0,1,-126.121,-730.426,2595.627,1065.901,-1610.897,3374.412
216.25122091459633,0,0,1,-43.801,-372.781,1453.24,594.995,-897.486,1976.363
1298.3313587018074,1,0,1,-406.594,-2344.693,8382.629,3435.84,-5196.479,10909.822
461.3548270286967,0,0,1,30.761,57.009,-40.263,-21.769,33.482,44.448
611.3063836345628,2,0,1,57.632,90.149,-49.908,-24.958,43.908,108.154
293.6991646035871,0,0,1,29.886,47.84,-39.748,-17.666,30.211,34.994
106.97193233445478,0,0,1,27.169,50.171,-33.904,-18.64,31.028,36.032
1106.1342510704776,1,0,1,-217.292,-1351.506,4939.578,2023.108,-3058.572,6501.668
1785.3490262680639,2,0,1,70.511,125.646,-91.885,-47.328,75.951,94.927
1269.0247375087738,1,0,1,93.452,138.255,-4.986,-13.65,25.799,298.581
137.48737713926243,0,0,1,80.607,135.333,-106.416,-50.476,83.658,100.743
219.5237734267118,0,0,1,22.957,43.501,-28.973,-16.388,26.181,32.406
318.63606195904634,2,0,1,5.046,7.037,-5.846,-2.215,5.641,3.056
2521.75079981363,2,0,1,-65.419,-673.42,2771.148,1127.046,-1700.906,3832.747
63.83768929584229,0,0,1,34.906,58.406,-45.403,-21.557,36.794,42.152
1827.0196509610496,1,0,1,70.334,125.155,-91.783,-47.163,75.603,94.705
1792.8516927873252,2,0,1,91.369,161.173,-120.059,-60.829,97.14,122.778
899.1564469863358,2,0,1,-39.88,-348.523,1361.807,557.857,-840.779,1854.306
480.59475334710595,1,0,1,60.975,61.441,98.846,35.968,-48.456,338.201
7.195201508803191,1,0,1,107.842,187.188,-143.758,-69.621,112.956,145.292
479.85068553379085,2,0,1,110.21,192.07,-144.326,-72.087,117.07,144.322
394.1177157888083,0,0,1,68.998,114.584,-91.525,-42.726,70.923,85.47
517.4449965339667,0,0,1,30.369,-98.553,681.556,271.966,-408.335,1095.843
384.43999579643145,2,0,1,5.022,8.067,-5.491,-2.624,6.157,3.763
223.2215991637932,2,0,1,66.815,114.22,-87.173,-42.523,70.752,84.159
914.1780088474572,2,1,1,-41.663,-279.286,1047.986,428.218,-648.874,1398.123
464.1872558523253,1,0,1,64.533,115.033,-84.447,-43.441,69.202,87.566
284.820440465768,2,0,1,23.502,38.567,-30.259,-14.052,24.878,26.884
589.7101242079083,2,0,1,-29.469,-317.473,1291.63,527.668,-793.283,1782.43
277.331360364136,0,0,1,33.479,-82.896,598.675,241.122,-359.721,980.016
31.623170693826,0,0,1,61.594,96.503,-80.624,-35.335,57.36,77.109
617.1086468295163,0,0,1,41.822,-34.92,449.571,177.61,-265.578,794.451
291.87434300546187,0,0,1,59.386,105.654,-77.565,-39.833,63.767,80.064
396.5147479347151,0,0,1,-18.884,-157.801,627.769,255.474,-387.263,858.554
1111.7294203710583,2,0,1,-3.992,-173.395,779.712,317.793,-476.109,1118.976
593.0644405671183,2,0,1,-18.724,-146.702,553.726,227.778,-342.139,742.602
38.11457044886499,1,0,1,32.144,54.115,-42.88,-18.951,33.905,41.607
358.1217328495256,0,0,1,-52.759,-499.521,2003.043,817.635,-1234.17,2752.164
642.5962733404297,0,0,1,35.536,56.544,-47.561,-20.93,35.573,41.731
63.05922460693392,0,1,1,76.721,127.836,-101.657,-47.682,79.063,95.359
526.1031412066959,1,1,1,43.798,77.085,-56.308,-28.7,47.645,56.393
329.8544697731748,0,0,1,42.579,77.914,-55.21,-29.491,46.585,59.349
103.25146116186062,1,0,1,23.226,40.762,-29.162,-14.952,25.87,28.497
1212.552513376457,2,0,1,-421.223,-2354.501,8315.947,3411.819,-5160.832,10763.793
489.76239555976474,2,0,1,29.72,51.826,-37.822,-19.124,32.569,36.971
631.6864104969968,1,0,1,-66.394,-560.296,2189.798,895.635,-1349.953,2974.318
1026.0219861192693,2,0,1,-55.809,-727.45,3086.195,1254.273,-1891.348,4322.738
210.75165978007806,0,0,1,11.079,23.821,-13.415,-9.114,13.804,18.105
239.53533143056893,1,0,1,44.743,77.089,-47.994,-25.628,40.423,78.034
498.3266830102701,0,0,1,13.57,-78.435,471.353,188.703,-284.478,735.332
49.52175262668275,1,1,1,67.575,86.336,49.205,13.476,-16.34,296.668
1245.087151207421,1,0,1,-89.366,-953.657,3929.854,1599.659,-2413.059,5444.21
154.2669942335275,0,0,1,39.353,71.943,-50.814,-27.159,43.232,54.383
17.17542968197101,0,0,1,164.139,267.717,-169.7,-84.748,138.617,284.857
92.61525960935093,1,0,1,20.277,36.309,-25.249,-13.247,23.006,25.422
253.93253035065413,0,0,1,81.701,143.255,-108.13,-54.205,85.961,110.121
1231.541561827597,2,0,1,-325.424,-2114.73,7838.031,3207.148,-4846.372,10377.301
905.7721885057707,2,0,1,-121.393,-794.085,2934.457,1202.122,-1814.652,3881.998
534.0694833570184,0,0,1,54.461,94.223,-71.2,-35.833,55.398,73.831
124.89595499722469,0,0,1,92.881,162.982,-122.483,-61.549,98.153,124.54
408.20374940564835,1,0,1,16.988,26.518,-22.101,-9.564,17.461,18.164
868.912562277941,1,0,1,-184.823,-1263.076,4725.721,1934.566,-2921.189,6290.159
1309.390499418606,2,0,1,63.013,-152.68,1144.817,457.647,-684.218,1874.461
588.780259727449,2,0,1,21.204,38.946,-26.112,-14.341,24.481,27.234
1191.3760160612783,2,0,1,-198.447,-1366.356,5132.452,2099.774,-3171.948,6842.487
1526.7879228929414,1,0,1,-28.37,-223.323,885.309,359.636,-544.151,1202.447
2090.3145348833827,1,0,1,30.135,-17.322,268.116,107.283,-157.82,485.079
1726.7130433547727,2,0,1,47.374,60.158,13.124,2.646,0.944,168.561
127.74873851611386,0,0,1,39.93,71.996,-51.344,-27.306,42.583,55.408
1962.7823565535598,2,0,1,48.456,87.229,-62.947,-32.895,52.578,65.968
980.376361489184,1,0,1,82.509,145.361,-108.128,-54.754,87.939,110.123
52.34947512799761,0,1,1,166.942,279.678,-197.741,-97.394,157.35,254.266
141.18581899796618,0,0,1,58.869,103.174,-74.039,-38.792,61.613,77.967
486.1137140677174,2,0,1,-73.227,-514.444,1926.944,789.808,-1191.122,2568.486
558.698800821116,1,0,1,-151.964,-1244.533,4879.422,1991.405,-3006.246,6625.378
127.05545750051324,0,0,1,21.478,32.926,-28.477,-11.961,21.454,23.191
986.2723341211622,2,0,1,46.087,82.961,-59.204,-31.085,50.606,61.539
1905.2949807649804,2,0,1,37.188,68.267,-48.192,-25.854,40.764,52.051
112.38264146182011,0,0,1,46.723,83.54,-61.338,-31.635,49.985,64.068
186.0069705575005,1,0,1,93.967,163.782,-122.72,-61.371,100.122,122.47
67.79995856501515,0,0,1,81.967,137.716,-108.227,-51.382,85.078,102.597
74.23120979141213,0,0,1,50.266,82.284,-64.88,-30.579,50.648,61.072
699.5089738450604,1,0,1,47.331,85.812,-60.973,-32.273,51.96,64.264
371.4234171905686,1,0,1,25.686,49.166,-32.124,-18.487,29.673,36.337
91.89689482960291,1,0,1,18.643,31.949,-23.522,-11.662,20.484,22.129
192.57538761140302,0,0,1,57.424,102.62,-74.095,-38.465,62.587,76.341
260.3859601916081,1,0,1,-0.678,1.44,2.81,-0.254,1.625,-1.127
187.43899885624504,0,0,1,-162.492,-1054.103,3904.866,1597.839,-2415.422,5170.846
112.74029431827171,1,0,1,15.784,24.156,-20.455,-8.628,16.182,16.14
428.27942150905403,1,0,1,35.585,65.43,-45.515,-24.611,39.572,48.855
28.821423724659205,0,0,1,59.527,100.269,-77.948,-37.244,62.433,73.648
2077.305642404093,2,0,1,33.478,62.079,-43.446,-23.596,36.784,47.741
378.90726851474983,2,0,1,12.377,20.846,-15.305,-7.471,13.795,13.679
905.0927855227227,2,0,1,42.454,76.203,-54.255,-28.444,46.821,55.907
467.5271026914059,1,0,1,23.862,43.014,-29.946,-15.911,26.855,30.656
176.36550926302468,0,1,1,46.026,83.622,-60.471,-31.824,49.504,64.842
1500.3722174916168,2,0,1,79.082,118.853,-44.291,-24.571,44.523,186.532
2159.751063250282,1,0,1,-240.037,-1376.892,4917.461,2015.353,-3049.191,6397.481
924.3366786983812,2,0,1,-138.598,-866.454,3154.103,1293.606,-1953.826,4147.478
125.96985371647337,0,0,1,41.231,71.732,-50.225,-26.922,42.434,54.089
285.5288696587478,0,0,1,11.202,-71.217,420.632,168.456,-254.281,653.9
0.0,1,0,0,114.854,194.109,-151.836,-72.607,119.309,145.504
967.3656278673899,2,0,1,-39.0,-325.029,1260.189,516.216,-779.201,1711.66
2001.867456242843,1,0,1,52.766,18.081,290.253,110.099,-163.257,597.608
131.071872043804,1,0,1,181.412,273.655,-91.048,-53.665,95.44,449.742
166.47074896952336,1,0,1,58.277,99.49,-76.064,-37.033,61.651,73.296
97.5838505043087,0,0,1,25.661,46.591,-32.351,-17.317,28.824,33.647
147.72137610218132,0,0,1,67.807,118.203,-86.083,-44.574,70.264,90.222
605.6350269144618,1,0,1,31.607,-199.974,1165.002,468.236,-703.292,1804.53
402.4312348064486,0,0,1,100.389,155.507,-52.519,-32.325,54.479,251.388
47.03932741154369,0,0,1,53.547,90.272,-70.071,-33.525,56.22,66.26
432.34711199566686,2,0,1,19.397,34.611,-24.07,-12.679,21.995,23.986
485.3357071392264,1,0,1,71.726,80.686,119.594,39.216,-54.883,409.051
556.8659089966825,1,0,1,89.847,52.736,350.666,133.384,-195.248,804.61
2251.210266546294,2,0,1,15.746,-29.21,262.319,102.824,-154.944,437.05
441.3456343192483,0,0,1,62.527,39.427,228.697,86.86,-127.484,538.956
989.5594724472086,2,0,1,15.599,31.203,-18.681,-11.633,19.079,22.232
220.1584829767421,0,0,1,47.327,85.141,-60.418,-31.782,52.298,62.444
133.12919570512955,0,0,1,25.794,-27.903,281.967,113.624,-169.37,492.07
888.2332938984983,1,0,1,-89.737,-551.475,2018.725,825.84,-1249.931,2657.395
1291.3641713697955,2,0,1,-62.333,-457.973,1730.007,709.206,-1069.513,2317.451
309.6528104515378,0,0,1,-32.828,-342.383,1394.544,568.3,-859.432,1928.621
3465.1222443087217,2,0,1,38.998,-136.146,925.817,369.209,-554.019,1480.151
1524.5552416620837,1,0,1,67.685,38.25,289.987,109.007,-160.551,645.461
1053.1933380792773,2,0,1,64.312,48.298,188.895,71.559,-100.869,478.234
163.69465892688092,0,0,1,-87.77,-745.612,2935.247,1198.612,-1808.93,3996.681
468.3758389267488,0,0,1,3.428,-47.653,254.197,102.076,-154.786,385.487
381.3446500252117,1,0,1,12.709,1.202,57.634,24.343,-34.139,121.259
43.488687589109844,0,0,1,22.051,35.88,-28.267,-12.999,23.383,24.622
42.91672277995357,0,0,1,56.0,96.653,-72.422,-35.895,60.092,70.516
871.9428467139212,1,0,1,-140.216,-907.144,3369.756,1377.66,-2083.477,4464.488
1746.7191440733104,2,1,1,-26.122,-517.237,2277.296,924.899,-1393.646,3238.503
170.2261748939689,0,0,1,63.114,110.429,-81.675,-41.2,68.026,81.42
205.8919429778101,1,0,1,10.332,19.0,-12.2,-6.841,12.407,12.35
254.52395553085466,0,0,1,36.124,65.7,-46.113,-24.605,40.087,48.538
144.16176323756875,0,1,1,44.442,-114.322,818.673,328.838,-491.7,1334.126
946.3224157558327,2,0,1,91.254,158.752,-119.176,-59.453,97.163,118.56
210.69063621690566,0,0,1,104.9,174.731,-137.554,-65.375,106.742,131.654
0.0,1,0,0,-70.017,-790.532,3278.516,1334.743,-2012.811,4555.793
957.5582131969244,2,0,1,46.149,83.769,-59.354,-31.487,50.772,62.608
453.7389345817516,0,0,1,13.122,-58.419,379.552,150.939,-227.822,600.299
194.63925317037928,0,0,1,24.648,45.641,-30.757,-16.972,28.178,32.845
61.44828147696347,0,0,1,75.632,128.003,-99.28,-47.688,79.245,94.762
499.08282072005886,0,0,1,97.633,167.71,-123.365,-61.312,97.892,139.152
200.9233723181096,0,0,1,-14.75,-126.44,477.793,197.304,-297.034,647.121
59.82276245812232,1,0,1,67.536,115.198,-88.132,-42.863,71.439,84.786
571.099164980552,2,0,1,-22.107,-326.923,1383.604,564.421,-848.721,1942.025
563.7121225429237,2,0,1,7.687,-230.8,1125.805,457.272,-686.229,1664.324
231.8566044296763,0,0,1,52.661,94.555,-68.166,-35.558,57.303,70.954
2046.7070277863554,2,0,1,11.987,-345.582,1738.528,700.938,-1054.678,2577.586
173.9226954371205,0,0,1,43.403,75.667,-55.968,-28.139,46.898,55.292
449.502322732175,1,0,1,-156.59,-1036.251,3841.166,1573.372,-2375.945,5091.472
127.53550173835717,1,0,1,166.801,286.385,-219.406,-107.202,175.369,214.888
1255.4211181305348,1,1,1,74.801,18.962,395.922,154.627,-227.108,819.044
2120.0570058186386,2,0,1,-1.366,2.655,2.943,-1.211,0.758,2.349
1154.4362308094733,2,0,1,-309.296,-1923.745,7024.334,2877.681,-4349.102,9241.222
2124.9725069467736,2,0,1,-51.061,-483.483,1962.424,798.547,-1205.631,2699.262
53.24679166461878,0,0,1,35.105,56.611,-43.428,-20.942,34.528,41.689
1005.4346735890393,2,0,1,82.181,144.932,-106.878,-54.362,88.364,108.386
287.0722388299802,0,0,1,26.997,50.876,-34.899,-19.384,29.976,39.26
718.6041888126616,1,0,1,128.969,99.33,408.163,151.176,-218.918,1014.408
187.38776026856863,0,0,1,25.126,46.166,-31.541,-17.182,28.472,33.376
123.09647318268163,0,0,1,52.964,92.651,-68.474,-34.545,57.142,68.183
2401.1455516861415,2,0,1,66.92,93.39,30.737,3.33,-1.404,264.301
354.6105816845891,0,0,1,-103.246,-690.406,2567.948,1051.553,-1589.584,3412.683
147.32286080444229,0,0,1,98.824,161.174,-127.661,-57.321,96.138,134.201
1770.5019058087985,2,0,1,72.75,129.346,-94.906,-48.721,78.201,97.772
458.5088328710871,0,0,1,22.641,34.964,-30.107,-12.76,22.594,24.923
1603.18464917174,2,0,1,12.278,-110.143,612.765,246.131,-370.818,937.087
1011.0784613277691,2,1,1,46.828,85.031,-60.223,-31.963,51.53,63.557
1299.3915132001416,2,0,1,-111.901,-917.427,3609.755,1471.941,-2222.869,4905.186
1241.771993116475,2,0,1,29.929,56.18,-37.836,-21.124,33.951,41.704
682.2159583759777,2,0,1,-91.472,-634.72,2374.427,972.884,-1468.203,3163.122
1078.713200804818,2,0,1,31.639,58.786,-40.184,-22.094,35.583,43.678
12.770211459878364,0,0,1,40.187,66.187,-51.166,-24.51,40.896,48.533
329.8453736017501,2,0,1,37.287,42.762,21.069,8.582,-7.61,150.475
2784.8161469547777,1,0,1,7.435,-165.456,849.244,341.696,-514.84,1266.216
457.2725765632257,0,0,1,-237.654,-1356.352,4821.308,1977.691,-2992.06,6264.107
174.87237714226222,0,1,1,18.243,33.386,-22.489,-12.286,21.013,23.324
586.3011787972824,1,0,1,-48.919,-410.615,1596.435,653.686,-985.35,2166.769
277.3066676452303,1,1,1,-6.317,-39.067,130.971,54.887,-81.106,165.929
655.6715409532937,1,0,1,25.185,47.262,-31.902,-17.788,28.51,35.191
0.0,1,0,0,53.992,96.944,-69.854,-36.446,58.782,72.684
57.01742459326188,0,1,1,92.904,155.964,-122.647,-58.169,96.418,116.091
549.6876109803496,2,0,1,42.212,74.769,-54.312,-27.905,45.992,55.014
269.1683003105624,0,0,1,55.996,32.969,199.176,77.223,-110.75,468.142
223.40163960341368,0,0,1,32.48,-17.457,313.531,122.464,-183.119,565.434
634.6013360483803,1,0,1,149.439,260.143,-196.75,-97.919,157.724,197.23
600.8714985115014,1,0,1,-24.467,-190.713,718.161,295.529,-444.476,963.874
455.29635221981084,1,0,1,88.086,155.128,-115.764,-58.525,93.573,118.088
37.60094481047416,1,0,1,51.419,84.847,-68.22,-31.209,52.96,63.164
119.79560744511225,0,0,1,58.162,104.305,-75.958,-39.413,62.652,79.425
584.252528545188,1,0,1,18.676,35.025,-22.95,-12.968,21.774,24.791
240.72192459940746,0,0,1,92.723,160.702,-121.478,-60.78,95.973,123.796
189.47330267942723,1,0,1,44.826,75.183,-58.509,-27.832,47.109,54.719
2507.767395555787,2,0,1,-37.499,-332.569,1343.989,546.107,-825.358,1842.119
205.41890210286962,0,0,1,-49.537,-499.458,2034.594,829.045,-1251.577,2809.814
515.0916625922102,1,0,1,51.286,92.408,-66.594,-34.849,55.694,69.874
289.51230912202254,0,0,1,-112.567,-797.954,3009.978,1232.05,-1860.693,4024.688
741.186621528981,1,0,1,74.461,116.148,-30.755,-21.889,37.007,199.126
942.7384489734279,2,0,1,69.067,123.337,-89.157,-46.232,75.22,91.779
844.1997791342437,2,0,1,-227.377,-1346.607,4836.026,1983.461,-2997.904,6313.697
1130.995131544802,1,0,1,144.877,196.033,65.487,9.884,-5.907,567.676
95.22657895073478,1,0,1,130.534,138.063,203.828,71.466,-96.89,716.371
2595.5653716952816,1,0,1,33.414,-75.673,598.239,237.435,-356.076,983.954
994.86553314614,2,0,1,-76.112,-660.406,2601.178,1063.011,-1603.377,3545.258
210.419537046912,2,0,1,8.249,13.812,-9.656,-4.776,9.667,8.031
532.7801990623649,1,0,1,53.14,96.509,-69.26,-36.557,57.649,73.81
806.1288661859753,0,0,1,24.863,4.41,126.663,50.825,-73.181,261.462
514.8983494784118,1,0,1,33.439,61.366,-43.061,-23.156,36.896,46.287
719.9481755391557,2,0,1,34.713,61.787,-44.049,-22.909,38.446,44.502
161.967528774568,0,0,1,45.268,72.828,-58.817,-27.086,44.755,54.441
170.84706785166583,0,0,1,30.445,45.978,-36.873,-17.158,26.836,35.495
339.3135425462833,1,0,1,-220.955,-1305.659,4684.258,1921.433,-2904.673,6114.378
754.371078374096,2,0,1,-358.769,-2023.34,7159.435,2937.809,-4442.175,9276.024
160.8589455644111,0,0,1,62.369,110.87,-81.709,-41.864,66.727,84.42
166.7568576178869,1,1,1,103.437,128.822,80.925,22.911,-27.992,455.402
1781.5396260486662,1,0,1,-144.974,-944.821,3513.341,1436.604,-2171.844,4656.974
1352.4519306806276,1,0,1,62.015,110.087,-81.476,-41.621,66.103,84.17
2435.3075394133907,2,0,1,-126.225,-857.451,3231.307,1319.868,-1995.044,4306.61
1833.2331281503646,1,0,1,48.752,88.183,-63.581,-33.377,52.77,67.348
2011.1302561646962,2,0,1,-36.28,-264.751,1029.979,418.874,-634.047,1388.426
1357.6934949056936,1,0,1,46.545,78.844,-35.64,-21.684,34.6,101.98
628.2882619986854,1,0,1,-99.014,-726.171,2757.946,1128.906,-1703.76,3698.93
639.6931824658849,2,0,1,-336.887,-1928.959,6873.943,2818.463,-4263.191,8935.544
729.2436905255747,2,0,1,93.544,153.418,-106.636,-51.711,86.831,141.317
104.06722671807637,0,0,1,70.034,119.739,-89.519,-44.73,72.916,89.241
1135.0110324416312,1,0,1,-254.233,-1524.131,5504.964,2256.279,-3411.945,7206.812
927.3791392761091,2,0,1,26.363,49.28,-33.073,-18.431,30.087,36.022
418.59235643637834,2,0,1,77.157,133.027,-100.462,-49.592,82.149,98.211
9.028765450893838,2,0,1,59.284,89.342,-64.044,-25.763,45.992,102.499
130.57032339328427,0,0,1,39.0,67.894,-50.059,-25.168,42.326,49.145
57.82522200915839,0,0,1,14.23,22.623,-17.978,-8.05,15.205,14.753
152.45060263896758,0,0,1,33.977,-43.865,450.017,177.468,-265.786,769.453
2125.4410132784205,2,0,1,58.946,100.56,-55.98,-31.086,49.847,111.896
144.5987968903473,0,0,1,64.265,114.127,-84.597,-43.203,68.364,87.578
1051.2833809988765,1,0,1,11.141,24.287,-13.288,-9.266,14.14,18.253
2179.6261510007885,2,0,1,-74.322,-564.184,2183.124,890.83,-1346.4,2946.604
145.76683689281631,2,0,1,36.125,62.296,-46.582,-23.089,38.875,45.177
304.7988429166871,0,0,1,68.451,115.287,-66.484,-35.82,57.289,128.158
1275.551261738815,2,0,1,-161.875,-1066.69,3959.012,1620.701,-2449.73,5251.668
397.58521169601795,0,0,1,31.99,57.842,-42.121,-22.011,34.261,44.887
185.36816989321656,2,0,1,36.955,61.509,-48.121,-22.68,38.831,44.319
1098.9729844472695,1,0,1,-32.928,-214.067,777.619,319.88,-481.521,1022.809
400.2353203184241,2,0,1,33.739,55.084,-44.287,-20.291,34.883,39.778
14.20797806831489,2,0,1,8.53,-107.386,551.706,224.907,-337.774,836.792
621.7504039766836,2,0,1,-122.709,-787.303,2884.464,1182.931,-1786.673,3806.686
1117.7665409870604,2,0,1,-288.333,-1658.073,5919.594,2426.714,-3670.73,7701.284
293.3457631262258,0,0,1,72.039,127.144,-94.85,-48.051,76.433,97.233
246.84852029473612,0,0,1,15.999,-71.585,447.627,178.538,-270.707,704.536
379.79054311300735,2,0,1,63.738,111.066,-82.725,-41.459,68.373,82.103
110.56068118904373,1,0,1,70.438,121.947,-91.523,-45.461,75.285,89.935
879.4855788229504,2,0,1,28.516,52.366,-35.752,-19.473,32.347,37.764
875.597670221271,1,0,1,-37.628,-313.922,1212.701,497.261,-750.149,1645.742
247.42852226398765,2,0,1,26.583,43.793,-34.407,-16.031,28.016,30.943
239.28558169403075,0,0,1,77.838,137.915,-101.879,-51.997,83.257,104.626
1265.7907950676947,2,0,1,-196.878,-1253.984,4602.398,1885.738,-2848.205,6070.324
1741.3672810562903,1,0,1,-32.44,-238.006,927.968,377.279,-571.23,1252.108
10.963978355230545,1,0,1,17.046,25.826,-23.408,-8.316,17.065,19.897
842.5543521467296,2,0,1,-7.576,-173.236,772.727,313.49,-473.618,1106.297
308.6782203121622,2,0,1,-0.988,-93.858,423.064,173.017,-258.395,609.144
514.1157039322511,1,0,1,20.981,39.921,-26.018,-14.918,24.383,28.983
1270.7155721033348,2,0,1,124.412,217.813,-163.173,-81.934,132.162,164.595
1362.2029007906783,1,0,1,74.531,133.22,-96.525,-50.046,80.916,99.765
298.21757235492817,0,0,1,21.418,41.562,-26.587,-15.631,25.054,30.637
2438.1373520640204,2,0,1,-3.372,-175.584,829.617,334.313,-504.407,1202.417
451.0640286524239,2,0,1,49.778,87.65,-64.421,-32.766,53.777,64.908
264.13736012930303,0,1,1,-287.304,-1673.147,5988.619,2455.529,-3713.803,7804.763
1201.9553492518135,2,0,1,-1.398,-114.891,520.252,212.399,-317.638,749.52
220.49287490578595,0,0,1,20.999,39.299,-25.954,-14.585,24.328,28.044
165.63986871801617,0,0,1,36.835,66.587,-47.197,-24.945,40.622,49.311
1034.2313362334685,2,0,1,16.872,32.507,-20.287,-12.002,20.274,22.659
295.2852449958341,2,0,1,52.593,88.296,-68.826,-32.75,55.13,64.632
1211.4136087939298,2,0,1,55.428,16.671,297.658,114.598,-170.029,617.393
695.001659462354,2,0,1,117.041,202.383,-153.337,-75.8,123.897,151.418
318.88823617018164,0,0,1,48.186,86.099,-63.88,-32.785,50.975,67.13
568.521850516777,2,0,1,-293.356,-1767.691,6392.23,2620.009,-3960.576,8371.286
237.21629213038022,0,0,1,-192.278,-1127.797,4038.421,1656.512,-2504.697,5266.523
476.4420417489382,0,0,1,32.154,59.625,-41.218,-22.511,35.79,44.933
207.0418211635468,0,0,1,41.86,73.404,-53.815,-27.988,42.631,57.804
245.58324902705752,2,0,1,46.924,78.532,-61.345,-29.081,49.185,57.249
443.9087083152608,0,0,1,19.594,38.462,-24.979,-14.711,22.429,29.758
1075.8861460285725,2,0,1,47.022,84.718,-60.721,-31.847,51.366,63.447
336.29317852163825,1,0,1,179.554,310.188,-238.015,-116.095,188.079,237.245
397.6114315188468,2,0,1,47.111,64.3,4.121,-2.249,8.57,153.97
245.08586229496618,0,0,1,-129.347,-892.533,3340.111,1368.001,-2065.95,4450.848
91.3679407681017,0,0,1,38.639,62.314,-51.236,-23.019,39.304,45.539
872.3927554915942,2,0,1,24.921,44.319,-31.486,-16.386,27.716,31.652
236.50925731628848,2,0,1,34.719,58.988,-44.916,-21.804,37.025,42.59
2073.7290631350843,1,0,1,29.398,54.577,-38.259,-20.784,32.22,42.195
708.4788698500464,1,0,1,-147.977,-880.794,3162.256,1297.516,-1960.427,4129.172
193.13736667067724,0,0,1,-22.094,-583.196,2606.185,1058.503,-1593.917,3727.831
572.2082886791196,1,0,1,-211.265,-1222.794,4380.833,1795.075,-2715.792,5707.829
129.57096678978252,0,0,1,166.673,287.573,-216.41,-108.202,173.295,218.414
1892.6033488221633,2,0,1,0.359,-85.504,421.478,169.267,-256.316,620.191
41.568937780858946,0,0,1,41.082,69.822,-53.178,-25.821,43.788,50.482
162.78536673734394,0,0,1,29.32,55.036,-37.057,-20.692,33.268,40.84
223.92910673189638,0,0,1,-47.494,-406.472,1618.385,659.147,-996.548,2211.036
49.40756374511018,0,1,1,26.758,47.83,-33.656,-17.667,29.952,34.012
2019.2279865578496,1,0,1,68.709,100.027,14.244,-3.832,9.468,246.116
926.8555640516227,1,0,1,-280.816,-1632.738,5833.544,2392.801,-3618.161,7597.526
1456.246933978716,1,0,1,-227.712,-1487.013,5505.925,2254.154,-3406.198,7292.415
636.0611163924614,1,0,1,-13.618,-167.806,683.388,280.269,-421.391,949.814
312.21393098433174,0,0,1,-78.679,-558.839,2112.738,864.377,-1306.89,2829.679
1021.758386999603,2,0,1,20.288,38.622,-25.148,-14.432,23.59,28.034
950.0415188756958,2,0,1,-76.158,-471.619,1700.957,698.906,-1055.176,2230.759
56.5656495670064,2,0,1,59.155,99.263,-79.375,-35.764,61.305,76.712
391.80402932460805,1,0,1,-137.595,-992.858,3764.168,1540.18,-2324.389,5039.962
82.06278653835952,0,0,1,83.316,143.262,-108.726,-53.438,88.396,106.019
1013.3960431321374,1,0,1,-115.49,-787.044,2952.796,1207.725,-1825.616,3935.058
11.981245305088008,1,0,1,50.719,87.379,-65.985,-32.263,54.223,64.473
1661.947962685974,2,0,1,-152.479,-1129.906,4339.184,1771.963,-2676.814,5837.24
587.0609666630079,2,0,1,66.452,115.182,-86.48,-42.996,70.932,85.262
2089.008258820524,2,0,1,-49.361,-448.97,1804.219,734.918,-1109.865,2474.127
223.43985249185982,0,0,1,33.582,61.974,-42.844,-23.303,37.496,46.187
538.6939495687641,0,0,1,39.273,25.78,150.863,56.244,-83.502,351.268
199.0206093797363,0,0,1,-81.707,-561.513,2093.205,857.985,-1295.072,2785.48
1270.0756621598712,1,0,1,43.007,78.274,-55.271,-29.432,47.403,58.527
890.4674328820169,1,0,1,105.969,185.2,-139.766,-69.866,111.788,141.211
306.1898020840586,2,0,1,47.261,79.015,-61.749,-29.24,49.553,57.493
78.1795079225578,0,0,1,19.705,35.403,-24.268,-12.943,22.566,24.334
361.1811107588256,0,0,1,116.662,202.396,-154.423,-76.356,122.222,154.617
663.8006973912227,2,0,1,53.002,88.391,-69.875,-32.871,54.957,65.331
472.0045764961311,2,0,1,39.473,-256.674,1485.91,597.504,-896.791,2297.12
175.59183461594708,1,0,1,9.368,18.679,-10.465,-6.73,12.125,11.913
704.9073471155087,2,0,1,-51.632,-490.641,1974.704,805.409,-1215.985,2715.199
954.2835550767735,1,0,1,21.688,0.571,128.47,51.365,-73.995,253.31
41.03944825198194,0,0,1,67.122,114.916,-87.571,-42.8,71.119,84.752
75.55466950585446,1,0,1,17.67,27.681,-23.004,-10.001,18.171,19.044
55.3490273288312,2,0,1,12.407,22.493,-18.033,-8.193,12.351,20.838
438.3322581179122,1,0,1,9.872,20.245,-11.228,-7.425,12.728,13.607
49.261632278292105,0,0,1,65.038,109.814,-85.371,-40.881,68.087,81.164
812.0872344005297,2,0,1,-17.253,-458.735,2036.969,828.994,-1246.664,2911.477
146.0404188312243,0,0,1,139.061,241.267,-181.217,-90.942,145.055,183.948
228.94093207421844,0,0,1,71.241,125.939,-92.519,-47.232,76.788,94.092
666.7441582544079,1,0,1,81.491,-15.955,604.766,238.715,-352.163,1142.995
689.4696980097951,2,0,1,78.615,123.506,-64.792,-33.311,57.876,154.566
1010.5670511671306,2,0,1,-507.044,-2807.883,9894.364,4059.093,-6140.168,12787.466
985.5502583586081,1,0,1,-50.647,-492.577,2003.384,815.603,-1231.382,2760.62
216.48418907142687,0,1,1,14.427,29.305,-17.48,-11.037,17.567,21.478
564.9434273778378,0,0,1,67.893,94.611,14.911,-1.473,5.438,245.359
174.57283678184783,0,0,1,10.45,15.351,-13.438,-5.369,10.66,9.703
1081.8234505818525,2,0,1,-420.502,-2480.647,8922.416,3657.014,-5528.813,11648.841
141.6895684576111,1,0,1,19.293,31.69,-24.67,-11.499,20.583,21.798
286.20913709823174,2,0,1,34.975,58.041,-45.402,-21.339,36.837,41.477
276.3273168838921,2,0,1,11.532,19.978,-13.979,-7.147,13.236,12.923
741.4959203002883,1,0,1,5.632,13.839,-5.626,-5.116,8.495,9.183
1143.7741973232894,1,0,1,27.97,34.925,8.534,2.088,0.529,98.812
735.4341884930203,2,0,1,-86.736,-669.07,2605.027,1062.121,-1604.86,3521.691
279.39362567618974,0,0,1,25.009,46.157,-31.197,-17.746,26.077,36.832
1380.5357488359225,2,0,1,11.415,-290.496,1465.473,591.228,-889.745,2177.531
1754.203822543572,2,0,1,42.666,78.06,-54.949,-29.432,47.015,58.777
197.7562181960513,0,0,1,61.27,108.86,-79.331,-40.816,66.383,81.169
857.9661923948457,2,0,1,-242.292,-1365.828,4827.34,1981.388,-2995.312,6251.479
1064.4326616230921,1,0,1,54.553,98.134,-71.061,-37.058,59.002,74.534
131.05983825506294,1,0,1,0.182,-0.224,1.019,0.523,1.203,-2.706
1514.6522412837778,1,0,1,-186.0,-1116.626,4041.56,1655.728,-2504.491,5294.921
1419.0334880796688,1,0,1,42.689,77.376,-56.077,-29.425,45.88,59.899
0.0,1,0,0,51.6,70.391,-0.488,-3.957,11.47,161.712
390.2394593621253,0,0,1,57.997,30.293,261.826,98.648,-145.693,573.117
1840.0066600418004,1,0,1,19.116,37.039,-24.086,-14.031,22.025,27.923
46.70797944128117,1,0,1,116.828,202.02,-155.749,-75.723,121.739,156.259
233.25167942774175,0,0,1,-88.551,-662.084,2528.098,1034.391,-1562.349,3401.176
135.31512340903527,1,0,1,23.671,41.522,-29.774,-15.245,26.313,29.113
1315.7886091416106,1,0,1,25.43,48.556,-31.786,-18.239,29.365,35.794
354.18349670602646,0,0,1,-8.783,-154.622,680.973,275.974,-417.252,968.531
188.44322843063645,0,0,1,-120.301,-886.065,3370.515,1378.743,-2083.377,4524.328
726.8068789651668,2,0,1,-260.339,-1538.663,5530.168,2267.369,-3428.493,7222.429
2331.180602644732,2,0,1,-6.241,-381.239,1787.98,722.487,-1087.965,2589.731
398.4461384427211,0,0,1,-32.57,-346.641,1427.174,581.018,-877.538,1979.344
199.961403457461,0,0,1,-145.487,-1036.224,3942.043,1610.412,-2433.498,5281.038
1755.0195605124204,1,0,1,85.505,151.103,-111.939,-56.933,91.344,114.486
73.90137561307601,1,0,1,40.875,68.715,-53.301,-25.44,43.04,49.999
121.26987620893543,1,0,1,23.313,39.355,-29.652,-14.365,25.261,27.368
1259.7617372778102,1,0,1,88.936,141.703,-52.287,-32.296,53.67,214.621
283.98341286413347,0,0,1,-112.029,-763.928,2854.587,1168.823,-1766.174,3801.296
122.73650675181976,1,0,1,32.183,56.842,-40.758,-21.0,35.614,40.566
1680.5830631437113,2,0,1,19.703,21.068,54.354,17.807,-26.658,146.244
566.8815505933734,1,0,1,20.854,-161.033,882.011,357.372,-534.951,1351.146
179.65624384376036,0,0,1,11.345,23.12,-12.984,-8.487,14.519,15.606
162.83985606181864,0,0,1,-232.517,-1535.597,5708.1,2336.094,-3529.639,7571.412
172.43516469672647,1,0,1,34.14,52.909,-29.502,-14.526,25.979,63.278
169.79862746699607,0,0,1,40.638,72.754,-51.959,-27.142,44.752,53.326
588.4637931885359,2,0,1,81.451,137.079,-81.266,-43.224,69.412,148.524
1486.8278509095314,1,0,1,-31.378,-174.72,601.506,248.394,-374.129,771.541
236.7861910688392,0,0,1,27.01,51.684,-34.142,-19.542,30.872,38.845
763.5470484901361,2,0,1,-173.936,-1234.374,4669.628,1910.061,-2884.399,6245.65
612.3917368909772,0,0,1,-104.278,-715.493,2677.82,1096.375,-1656.537,3568.283
503.9255031078984,1,0,1,196.14,340.41,-258.272,-128.03,206.741,257.661
1452.548380353745,2,0,1,79.943,141.103,-104.304,-53.04,85.682,106.187
30.26487652716564,0,0,1,76.706,130.149,-99.345,-48.609,79.642,97.092
362.1334988469171,2,0,1,9.081,17.809,-10.164,-6.385,11.666,11.217
1709.4388987961936,1,0,1,-257.467,-1542.938,5592.952,2290.126,-3463.314,7325.354
936.4853306542223,2,0,1,31.387,58.714,-39.785,-22.087,35.462,43.678
1446.084292508193,2,0,1,52.336,39.482,178.76,65.719,-96.493,433.46
77.85688171344725,0,0,1,32.354,60.35,-40.583,-22.715,36.238,45.025
1099.4473505373803,2,0,1,-264.996,-1588.632,5729.06,2349.078,-3550.716,7494.973
317.963954683824,0,0,1,35.386,65.024,-45.529,-24.535,39.098,49.019
154.18054695014231,0,0,1,72.232,120.912,-95.3,-45.039,74.935,89.727
341.1026978577041,0,0,1,22.514,19.831,49.907,18.726,-28.109,149.325
229.62380482129106,0,0,1,59.742,95.188,-69.686,-32.143,53.886,88.44
863.6959899192941,2,0,1,54.153,94.912,-69.995,-35.404,58.48,69.909
698.4173497082382,2,0,1,35.26,39.579,40.108,13.671,-16.094,167.803
81.97420491428505,0,0,1,12.624,22.048,-15.252,-7.895,14.576,14.274
89.57305677507509,1,0,1,31.205,51.945,-40.588,-19.141,32.831,37.35
200.8118159675728,2,0,1,26.555,46.251,-33.631,-17.011,29.235,32.669
1267.1338584967348,2,0,1,106.416,185.981,-139.131,-69.792,113.366,139.589
0.0,1,0,0,-208.691,-1309.731,4817.524,1970.945,-2980.049,6352.91
99.54233817799835,1,0,1,77.598,108.634,-15.486,-11.25,24.534,226.155
1360.420124698505,1,0,1,99.265,168.604,-105.631,-55.423,89.55,169.4
1451.3309187756834,2,0,1,-469.523,-2634.105,9321.95,3823.58,-5783.895,12075.522
857.1034212803229,2,0,1,-19.128,-590.596,2656.814,1079.484,-1624.318,3811.337
491.97896622358513,0,0,1,-108.513,-710.065,2615.58,1072.416,-1620.52,3463.075
466.17671537045226,2,0,1,37.859,67.303,-48.164,-24.981,41.8,48.652
160.72618129258427,0,0,1,64.312,91.908,11.796,-3.214,7.866,229.119
512.3781729819759,1,0,1,38.056,68.891,-48.72,-25.806,42.029,50.989
701.5239862891432,2,0,1,65.54,114.239,-85.029,-42.637,70.345,84.402
30.93107782080917,0,0,1,18.016,32.304,-22.073,-11.767,20.721,21.961
583.0345022047254,2,0,1,70.409,44.017,246.346,94.613,-135.357,582.328
407.4396319978262,1,0,1,97.852,172.828,-128.033,-65.088,104.575,130.775
250.82239739894817,1,0,1,24.108,38.355,-31.481,-13.96,24.841,26.885
2601.5231406550874,1,0,1,-70.895,-554.899,2167.872,883.721,-1335.245,2934.956
218.0589950600977,0,0,1,17.455,5.44,66.893,27.881,-39.873,151.915
214.92717760078543,0,0,1,30.809,48.976,-40.88,-18.016,31.151,35.48
661.0620842122516,2,0,1,51.388,89.563,-66.544,-33.389,55.267,65.941
139.69609321037942,1,0,1,41.714,69.096,-54.917,-25.618,43.213,50.698
61.0600514409371,0,1,1,35.539,60.586,-45.665,-22.325,38.227,43.288
58.93884595209376,0,0,1,113.526,192.502,-149.53,-71.912,118.574,143.613
895.7677949012163,2,0,1,13.711,-262.112,1315.739,533.495,-800.14,1960.098
21.9666367243672,1,0,1,69.856,115.56,-70.643,-35.429,57.707,129.646
230.15136723495718,1,0,1,29.28,54.144,-36.989,-20.26,33.048,39.742
1139.1613052958655,2,0,1,-97.317,-739.888,2836.688,1160.391,-1750.49,3818.058
272.4803759493288,0,0,1,111.743,186.68,-149.84,-70.221,113.663,142.707
1856.5566644049156,2,0,1,107.007,187.319,-140.767,-70.587,113.287,142.302
683.1790643601861,2,0,1,9.688,7.236,19.637,8.132,-9.636,55.318
296.6341277178909,0,0,1,135.897,236.436,-179.547,-89.17,142.834,180.326
49.23982458399034,2,0,1,43.152,69.983,-23.23,-14.971,24.863,111.207
24.33651067909112,1,0,1,162.403,278.905,-215.11,-103.633,170.226,212.397
341.4749894409392,1,0,1,118.658,206.192,-157.187,-77.404,124.583,158.042
697.9739960117413,2,0,1,36.968,60.973,-48.626,-22.564,38.274,44.53
617.090511806669,2,0,1,34.875,63.955,-43.904,-23.826,39.378,46.399
783.7070485254305,2,0,1,20.922,39.671,-26.003,-14.827,24.229,28.84
47.881595436350345,0,0,1,31.931,53.406,-41.399,-19.669,33.775,38.288
3224.5666736590106,2,0,1,-52.008,-428.889,1705.344,693.685,-1048.495,2322.547
91.89902520980728,1,0,1,24.259,44.568,-29.962,-16.438,27.931,31.329
354.8000065425865,1,0,1,55.396,99.453,-71.679,-37.39,60.3,74.574
19.5297218293562,1,0,1,34.689,57.871,-45.081,-21.328,36.562,41.605
587.1476877615581,0,0,1,22.415,27.223,5.091,1.518,0.641,76.645
64.94667268702203,0,0,1,33.79,58.673,-43.176,-21.673,36.814,42.037
294.8914201219068,2,0,1,61.334,103.684,-80.472,-38.602,64.271,76.629
170.07370778169687,0,0,1,82.405,145.183,-108.012,-54.694,87.81,110.029
1043.6251813195504,2,0,1,20.126,-227.852,1217.833,491.106,-738.054,1843.895
2706.5900075540912,2,0,1,-62.751,-433.982,1652.694,674.01,-1019.397,2210.9
270.16590367316974,0,0,1,19.47,-60.018,425.646,169.401,-255.17,688.117
642.7038010343314,0,0,1,45.329,72.785,-60.773,-27.05,45.435,54.235
2283.1254716575017,1,0,1,-70.686,-588.776,2326.659,948.345,-1432.811,3168.125
1664.1839336265941,2,0,1,63.641,113.503,-82.665,-42.685,68.815,85.317
667.4199820577958,1,0,1,2.101,8.496,-1.301,-3.291,4.663,6.102
117.40317303680531,2,0,1,125.503,214.079,-170.457,-77.853,129.241,170.878
120.62162522358966,1,0,1,52.296,88.022,-68.344,-32.646,54.955,64.375
115.3184750938257,1,0,1,44.037,75.235,-57.178,-27.921,46.87,54.912
442.0423082808978,1,0,1,-126.971,-1044.843,4081.331,1667.65,-2515.524,5537.315
36.59574877072183,0,0,1,41.182,66.298,-50.335,-24.695,39.519,49.917
584.4830477988696,2,0,1,59.875,96.441,-64.612,-31.142,53.378,93.945
658.6429715710207,1,0,1,115.404,196.391,-132.492,-67.545,108.608,183.201
241.18214950075912,2,0,1,8.494,16.873,-10.361,-5.651,10.642,12.522
264.9044636443864,0,0,1,16.254,-56.753,370.215,149.156,-224.544,595.781
284.76976390921953,2,0,1,29.703,50.409,-38.111,-18.531,31.948,35.796
382.22167540545126,2,0,1,-0.99,2.032,3.31,-0.575,1.638,-0.295
428.3942008960797,1,0,1,18.296,32.361,-22.819,-11.855,20.575,22.482
82.69673504094852,0,0,1,99.812,174.167,-128.987,-65.41,105.416,131.162
181.26730328117878,0,0,1,38.483,-103.508,758.765,302.511,-453.373,1233.912
761.5256278119117,2,0,1,67.001,119.131,-87.135,-44.792,72.268,89.562
1152.478491154214,2,0,1,55.612,99.029,-72.292,-37.241,60.046,74.465
1150.83542995433,1,0,1,-360.801,-2108.33,7561.393,3099.512,-4686.859,9858.976
144.18915275018844,1,0,1,25.243,42.988,-32.221,-15.771,27.336,30.303
395.0315786004496,1,0,1,-320.838,-1858.009,6638.244,2722.136,-4116.621,8642.353
118.27990261250402,1,0,1,25.364,41.885,-32.665,-15.296,26.903,29.352
710.9276776734349,1,0,1,5.848,-121.186,593.708,241.95,-362.156,881.487
415.5942942430898,0,0,1,49.045,55.456,81.795,26.683,-38.291,282.06
273.0976433787722,1,0,1,131.73,229.534,-172.527,-86.149,139.904,172.485
40.722603831330225,0,0,1,13.563,24.04,-16.602,-8.718,15.548,16.16
1387.569688887338,1,0,1,-383.479,-2221.072,7936.648,3254.465,-4921.011,10331.598
853.0035051345625,1,0,1,71.093,126.881,-92.186,-47.678,77.036,95.129
1594.5694921476563,2,0,1,27.438,51.814,-35.287,-19.698,30.654,39.705
746.7314824620988,2,0,1,62.617,111.022,-80.734,-41.498,68.098,82.049
644.6524122210102,1,0,1,114.507,197.01,-147.511,-72.916,116.533,158.572
96.37193436773971,0,0,1,54.759,96.997,-70.699,-36.275,59.443,71.813
30.53668228401229,1,1,1,64.093,113.102,-84.994,-42.47,67.749,87.731
1315.3244169863708,2,0,1,-17.374,-492.721,2225.476,902.461,-1359.723,3192.347
273.13596075975414,1,0,1,106.695,185.906,-139.375,-69.664,113.641,139.042
662.2706767071194,2,0,1,-122.032,-969.205,3751.459,1534.011,-2314.477,5072.901
407.5300666384848,1,0,1,11.071,22.063,-12.582,-8.012,14.132,14.453
1069.0755014813449,1,0,1,47.488,12.844,238.976,94.03,-136.214,497.654
354.13757586961486,0,0,1,32.362,24.282,90.889,34.763,-51.015,239.698
152.18554070744509,0,0,1,36.993,66.822,-48.955,-25.495,39.379,52.274
1724.653174436397,2,0,1,38.741,71.389,-49.753,-26.93,42.937,53.743
572.6492485881666,2,0,1,38.177,66.592,-49.024,-24.708,41.443,48.312
585.877499160123,2,0,1,47.002,82.884,-60.361,-30.857,51.229,60.594
326.99512750565054,0,0,1,-6.765,-267.548,1202.764,489.898,-736.303,1729.737
772.7021500531131,0,0,1,-10.355,-178.197,788.927,319.162,-482.323,1120.943
571.1826395994507,0,0,1,64.751,81.936,54.997,14.962,-19.23,292.999
993.2957548602203,1,0,1,35.811,-56.868,525.282,207.637,-311.139,885.427
2088.2891879487956,2,0,1,47.993,87.034,-62.436,-32.919,52.141,66.293
407.67435579362404,1,0,1,36.682,66.199,-47.051,-24.801,40.383,49.056
640.8589290280961,2,0,1,-110.856,-908.397,3543.539,1448.142,-2184.543,4805.878
3013.1948153209282,1,0,1,-97.846,-763.401,2976.85,1213.901,-1833.619,4027.259
857.583619261907,1,0,1,39.422,-164.654,1025.353,413.432,-617.272,1618.665
47.869151969403916,0,1,1,8.267,10.579,-11.004,-3.598,7.732,6.418
757.1021025018174,1,0,1,-127.982,-872.484,3259.395,1334.641,-2014.452,4334.613
867.8815215645147,2,0,1,-68.449,-466.986,1732.632,710.778,-1072.787,2302.646
1394.7850119199172,1,0,1,30.058,-54.467,480.501,189.533,-284.346,801.598
0.0,1,0,0,-15.317,-359.292,1577.986,642.957,-966.342,2247.423
210.21442685104915,1,0,1,32.981,60.45,-41.899,-22.63,36.89,44.525
1345.3077822428884,1,0,1,23.972,45.678,-30.929,-17.439,26.787,35.374
1314.8264273161635,1,0,1,42.983,77.978,-55.973,-29.513,46.656,59.507
216.07239196274966,2,0,1,8.542,-19.504,139.637,56.754,-82.896,226.749
1115.6504640877083,2,0,1,-89.937,-701.268,2704.998,1106.133,-1670.199,3654.329
339.0168325106511,0,0,1,19.796,30.062,-26.248,-10.886,19.706,21.024
38.62858443019571,2,0,1,95.42,141.746,-30.737,-20.53,37.588,272.101
991.2220321580902,1,0,1,-170.989,-1041.798,3771.312,1546.455,-2337.711,4945.969
214.48886633258513,0,0,1,49.79,81.271,-66.132,-30.169,50.775,60.082
515.7346016578525,2,0,1,17.759,33.156,-21.527,-12.169,20.937,22.855
769.8399111352169,2,0,1,-260.723,-1728.917,6435.361,2633.437,-3979.224,8541.699
252.75688951118926,0,0,1,76.196,134.138,-100.215,-50.624,80.86,102.226
794.878392392845,1,0,1,16.666,-62.931,390.16,158.435,-236.006,620.177
355.3538895713921,0,0,1,61.731,55.301,157.401,57.107,-83.127,433.267
117.81418091300611,0,0,1,46.107,75.891,-60.622,-28.059,47.723,55.301
129.41902449255136,0,0,1,6.023,13.906,-6.083,-5.056,8.819,8.835
443.88797693318946,2,0,1,55.829,96.561,-72.367,-35.935,59.804,70.855
1321.7066237578654,1,0,1,48.552,9.904,287.995,110.911,-164.798,580.654
520.7338349125927,1,0,1,111.534,190.791,-134.039,-67.57,108.67,167.69
761.0377755038432,2,0,1,-57.134,-532.903,2138.613,872.292,-1316.866,2936.202
1586.1276306864238,2,0,1,116.036,203.228,-152.265,-76.48,123.212,153.752
313.6709632756944,1,1,1,-78.616,-973.939,4076.018,1660.069,-2501.463,5687.951
957.9251413925404,2,0,1,44.597,81.307,-56.843,-30.446,49.612,60.011
1144.683417919975,2,0,1,51.301,93.413,-65.855,-35.107,56.621,69.733
614.1929896329085,2,0,1,-14.506,-158.243,630.322,259.045,-388.777,867.712
583.2501419879621,2,0,1,-68.308,-635.064,2543.504,1037.844,-1566.511,3490.175
36.863120965894595,0,1,1,37.682,65.518,-48.295,-24.256,40.942,47.253
184.0328120309761,1,0,1,95.204,165.72,-124.466,-61.873,101.431,124.122
326.36486114498246,0,0,1,-36.396,-405.869,1682.017,684.642,-1033.63,2338.555
47.81228064198481,1,0,1,42.518,38.524,105.047,38.84,-56.115,296.616
1958.6197951080658,2,0,1,67.105,119.505,-87.568,-45.044,72.156,90.472
289.8039603522318,0,0,1,-78.717,-511.411,1878.816,770.542,-1164.439,2485.148
2554.8518038327597,2,0,1,-35.771,-494.666,2121.325,861.058,-1298.702,2980.838
391.8766110388754,0,0,1,86.504,148.229,-112.803,-56.16,87.805,115.152
78.42440158411867,1,0,1,71.318,123.007,-93.77,-45.386,75.615,92.725
177.56939451721394,0,0,1,183.58,312.439,-244.419,-116.593,188.161,242.783
1057.4836796102986,1,0,1,30.437,56.779,-38.978,-21.461,33.992,42.88
103.89464076518608,0,1,1,98.701,173.47,-129.608,-65.375,104.864,131.69
282.9070098118122,2,0,1,34.94,58.365,-45.493,-21.545,36.765,42.157
571.9366647943001,0,0,1,-84.065,-611.851,2337.277,954.892,-1443.445,3139.869
55.4373028355026,0,1,1,23.484,36.964,-31.227,-13.574,23.599,26.712
1119.5596076522443,1,0,1,-349.892,-1995.158,7090.691,2908.545,-4398.531,9206.934
41.52887101536819,0,0,1,73.629,125.359,-94.459,-46.319,73.349,102.815
164.7513825177891,1,0,1,37.134,64.833,-47.63,-24.045,40.375,46.965
2302.6552677414766,1,0,1,48.65,37.521,168.475,61.387,-90.256,406.599
480.1859454338213,0,0,1,18.019,31.908,-24.786,-12.39,18.183,26.373
1837.8773160013275,2,0,1,110.632,193.982,-145.074,-72.995,117.614,146.682
421.21426684190595,1,1,1,1.419,-416.245,1993.143,806.08,-1213.016,2913.346
408.2408454199514,0,0,1,86.95,145.192,-115.296,-54.217,89.6,108.612
1092.8177432528662,1,0,1,67.153,119.402,-87.914,-45.069,71.908,90.817
846.8542955883678,1,0,1,79.293,140.885,-103.491,-53.072,85.168,106.539
1870.8470631089922,2,0,1,61.167,109.339,-79.682,-41.216,65.989,82.724
565.742239372674,2,0,1,-231.979,-1415.229,5132.345,2103.741,-3179.484,6731.826
1043.3121769857332,1,0,1,-267.711,-1588.252,5719.151,2344.295,-3545.159,7475.284
821.5137398691787,1,0,1,-311.996,-1791.488,6382.784,2617.736,-3959.084,8298.663
72.84623982232097,0,0,1,36.648,68.01,-47.118,-25.723,40.679,51.526
748.5291285395948,1,0,1,-67.613,-513.652,1959.119,802.466,-1210.336,2634.962
952.4027491073203,1,0,1,-190.556,-1224.997,4506.523,1846.372,-2788.483,5950.794
80.0285936966544,0,1,1,37.447,63.179,-48.322,-23.264,39.942,45.167
194.31556704892947,1,0,1,38.881,66.33,-50.334,-24.559,41.496,48.091
95.20053377182793,1,0,1,149.536,239.635,-159.577,-74.769,126.505,253.062
202.398417315131,0,0,1,19.003,37.731,-23.955,-14.395,22.096,28.902
664.034962761257,1,0,1,-33.165,-271.784,1043.019,428.08,-644.876,1410.528
182.4682224929755,0,0,1,34.188,44.756,17.863,2.497,-5.26,136.566
1023.0911763055462,1,0,1,-312.581,-2088.102,7796.69,3189.267,-4818.477,10358.345
226.27203616455446,1,0,1,104.254,183.236,-136.278,-68.868,111.327,137.981
1108.8369318304372,2,0,1,99.063,139.791,-7.499,-11.846,26.982,304.432
206.15919143542632,0,0,1,92.955,155.039,-123.221,-57.861,95.781,115.82
1164.3501393346003,2,0,1,-154.684,-947.267,3469.242,1418.73,-2146.451,4563.225
1868.6662108732803,1,0,1,-13.212,-269.474,1202.711,487.014,-734.671,1714.431
220.81859037728915,0,0,1,65.277,113.969,-83.871,-43.26,66.936,88.649
581.0258632379291,0,0,1,41.209,72.071,-49.993,-25.875,40.029,64.91
169.77380609935852,0,0,1,-45.187,-323.619,1206.616,495.68,-747.91,1611.438
445.71714177054446,1,0,1,24.941,46.044,-31.084,-17.093,28.515,32.992
1381.5198001917076,1,0,1,73.515,130.866,-95.741,-49.262,79.209,98.701
302.68331365157877,0,0,1,68.485,93.452,29.657,3.53,-2.422,266.998
556.914116730692,0,0,1,-85.702,-599.802,2263.8,925.845,-1399.638,3026.808
128.90829676326825,0,0,1,57.898,100.911,-75.02,-37.634,62.227,74.38
1724.8313928058255,1,0,1,119.295,164.708,46.484,4.288,0.688,457.215
134.51993361418613,0,0,1,-15.584,-496.51,2231.633,907.045,-1364.123,3199.938
1077.9537641952772,2,0,1,35.107,64.929,-45.139,-24.535,38.916,49.089
1995.2515389358268,2,0,1,68.953,121.615,-90.806,-45.958,73.122,93.0
28.533957560396033,0,0,1,20.876,34.421,-26.899,-12.568,22.117,24.119
766.229902683644,1,0,1,-259.019,-1872.476,7127.797,2913.68,-4399.787,9555.139
452.69421771564515,0,0,1,-0.036,-0.051,-1.249,-0.372,-1.206,2.313
182.6027921141827,0,0,1,-27.416,-589.982,2605.145,1058.385,-1594.426,3710.106
144.55021891540025,0,0,1,-0.68,2.031,3.39,-0.607,1.294,0.034
2029.1744289183707,1,0,1,67.786,95.529,29.144,2.317,0.421,264.213
328.56811634928357,2,0,1,42.512,77.496,-54.191,-29.019,47.286,57.201
59.85373840140645,2,0,1,14.129,-87.393,506.133,203.91,-306.779,786.514
147.2043900935582,1,0,1,115.048,195.446,-151.657,-73.09,120.137,146.21
25.818074192448282,1,0,1,51.169,88.44,-67.469,-32.139,54.499,67.289
173.32022380852192,2,0,1,36.554,45.768,-0.387,0.23,4.614,117.657
188.50549623228105,0,1,1,-295.853,-1646.088,5797.465,2379.516,-3599.29,7496.36
1211.5375010834637,1,0,1,-68.828,-688.622,2789.445,1137.968,-1716.485,3845.584
419.4519520405456,1,0,1,30.234,31.453,29.704,11.952,-13.992,138.992
268.8267278383379,0,0,1,-6.386,-88.069,353.548,145.998,-219.849,494.382
177.41238922318962,0,0,1,-112.929,-795.124,2995.283,1225.036,-1852.585,4000.656
38.719933697577765,1,0,1,114.536,187.61,-106.965,-55.302,90.59,220.672
131.04209921688542,0,0,1,15.357,27.167,-18.77,-9.838,17.617,18.183
242.0170406190347,0,1,1,-91.571,-602.898,2250.947,920.001,-1391.682,2990.148
492.7240424045868,1,0,1,1.656,-112.584,525.458,214.653,-321.277,768.095
653.3084076768307,1,0,1,-249.433,-1557.953,5694.292,2332.817,-3525.566,7495.658
324.8111735424398,2,0,1,47.015,78.828,-61.446,-29.202,49.332,57.503
914.4515447825938,2,0,1,-345.607,-2080.857,7526.64,3084.6,-4663.38,9857.487
3134.20770262799,1,0,1,-126.909,-848.951,3187.539,1302.093,-1968.587,4241.119
1294.2334937205412,2,0,1,29.918,-183.998,1091.977,437.381,-656.351,1691.065
576.155384012122,0,0,1,19.004,34.77,-25.555,-13.435,19.966,28.137
408.426911094699,2,0,1,13.668,25.882,-16.208,-9.434,16.524,17.386
0.0,1,0,0,-115.614,-867.46,3317.85,1357.17,-2048.081,4461.391
633.577676487789,2,0,1,120.666,190.424,-111.127,-53.919,93.128,226.327
928.2613985211286,1,0,1,-163.792,-1193.987,4565.162,1864.803,-2816.931,6129.421
2295.2619420085452,2,0,1,-36.388,-426.514,1792.543,728.113,-1098.866,2499.505
713.9293258082921,1,0,1,-60.601,-419.815,1560.765,640.485,-966.415,2077.159
0.0,1,0,0,57.418,-123.766,987.758,392.782,-587.362,1628.138
1031.6734528235622,2,0,1,-72.043,-654.703,2604.745,1063.715,-1604.592,3564.721
481.5225190584866,1,0,1,-3.418,-23.078,75.71,32.107,-46.817,95.153
201.82475433007386,0,0,1,41.159,74.859,-52.541,-28.035,45.675,55.304
1087.2686828979965,2,0,1,-170.452,-1087.912,3992.887,1636.211,-2472.074,5269.418
715.9944834626481,1,0,1,40.969,73.181,-52.531,-27.327,44.945,53.824
169.39648260899816,1,0,1,125.046,131.774,198.403,69.648,-94.591,690.819
100.81474678944586,1,0,1,60.304,100.39,-79.473,-37.304,62.514,74.059
638.3767837025787,2,0,1,-88.028,-684.142,2632.644,1077.047,-1625.371,3552.677
24.290722099243002,2,0,1,60.819,85.259,-35.154,-13.319,26.698,155.766
317.76027748406256,0,0,1,52.336,92.885,-69.237,-35.258,55.351,71.871
249.97034085812368,0,1,1,-53.661,-572.582,2336.509,952.969,-1438.166,3232.611
1432.3624589313456,2,0,1,-32.34,-461.518,1982.114,804.858,-1214.136,2789.375
478.6845770254819,2,0,1,53.668,95.569,-69.395,-35.829,58.281,71.195
1425.4311246144202,2,0,1,-328.533,-1927.245,6923.638,2837.585,-4291.042,9034.306
581.9930960863843,0,0,1,10.257,12.971,-14.205,-4.554,9.059,8.769
322.63488857791094,0,0,1,139.394,243.187,-183.614,-91.622,147.164,184.79
35.227685483449264,1,0,1,138.545,236.754,-184.108,-87.528,144.726,180.978
648.3539926032449,2,0,1,-250.663,-1447.192,5165.385,2118.262,-3204.117,6723.128
250.28362119809552,1,0,1,41.798,72.916,-53.872,-27.114,45.197,53.261
233.3556998272025,1,0,1,27.224,48.015,-34.352,-17.693,30.224,34.004
404.58984314467045,0,0,1,17.547,-25.634,240.107,95.432,-143.949,410.983
592.6168235391144,1,0,1,-83.608,-637.786,2442.948,999.735,-1508.846,3290.481
171.58112076383483,2,0,1,31.796,54.6,-40.706,-20.121,34.429,38.945
225.6515507109593,1,0,1,45.168,80.801,-59.493,-30.276,48.407,62.47
1170.9388637863249,2,0,1,-385.353,-2293.471,8275.833,3391.154,-5127.448,10822.008
50.73825788386822,0,0,1,40.544,70.977,-52.114,-26.379,44.026,51.712
762.4327596291383,1,0,1,-21.542,-273.632,1133.212,463.11,-698.075,1582.933
1004.5544163351755,2,0,1,21.414,40.378,-26.714,-15.095,24.657,29.416
206.19616714567826,0,0,1,85.385,149.979,-112.052,-56.491,90.759,113.688
109.0385302397021,0,0,1,11.939,25.115,-13.762,-9.342,15.373,17.57
183.11666273430916,0,0,1,-30.44,-345.82,1438.553,585.317,-883.819,2002.76
342.4749457271738,1,0,1,-50.304,-561.552,2304.074,940.296,-1417.532,3196.796
529.8586537030945,2,0,1,-341.766,-1997.132,7152.792,2933.079,-4434.325,9322.517
180.38994667840447,0,0,1,-0.424,-363.557,1704.915,692.2,-1039.909,2482.132
896.0794917356945,1,0,1,55.785,100.381,-72.854,-37.967,60.171,76.598
33.884238298995804,1,1,1,137.75,231.639,-182.491,-86.262,142.717,173.886
97.54022084150984,0,1,1,-54.6,-426.966,1639.109,671.194,-1012.074,2210.613
1122.1409181556885,2,0,1,-405.154,-2378.043,8536.707,3499.509,-5291.423,11137.387
1058.8434433578193,1,0,1,-390.347,-2286.873,8219.778,3368.046,-5093.92,10726.251
738.445855576799,1,0,1,-48.143,-618.108,2595.184,1057.117,-1593.247,3628.805
177.46848031285114,0,0,1,-148.012,-838.567,2961.333,1216.192,-1839.012,3838.183
11.29452872811753,0,1,1,63.317,105.396,-83.603,-39.108,65.559,78.069
220.70835295976084,1,0,1,100.236,174.802,-130.77,-65.47,106.948,130.507
627.872598084274,1,0,1,22.15,42.306,-27.396,-15.806,25.842,30.67
827.4201489706164,2,0,1,75.264,132.613,-97.934,-49.744,80.852,99.209
991.7399725332074,2,0,1,-164.151,-1069.624,3957.154,1620.225,-2448.924,5240.988
916.3195665613096,1,0,1,-12.589,-272.057,1199.373,487.631,-735.566,1711.487
419.3137746456839,0,0,1,30.606,55.742,-40.472,-21.306,32.716,43.756
1292.2582130911799,2,0,1,-350.071,-2081.039,7499.792,3073.936,-4647.097,9802.548
1749.6650917050474,2,0,1,56.002,100.692,-72.778,-37.967,60.711,76.145
2843.7337125324634,1,0,1,25.91,-64.421,493.737,195.932,-294.272,807.459
1036.1649324705634,1,0,1,27.979,-146.735,883.182,354.971,-533.032,1381.343
1179.8667099500594,2,0,1,39.817,71.727,-51.128,-26.875,43.754,53.19
953.1626977305534,2,0,1,-270.525,-1551.704,5516.97,2263.714,-3422.37,7166.92
206.63215235774464,0,0,1,-131.798,-845.501,3099.153,1270.806,-1919.361,4090.082
562.3893859180106,2,0,1,10.859,20.666,-12.679,-7.486,13.33,13.584
1419.8853393782194,1,0,1,-121.213,-789.061,2927.745,1197.754,-1810.917,3879.758
1061.0366019253422,1,0,1,6.529,-53.055,280.318,114.433,-169.886,425.612
1964.576721857849,1,0,1,-112.5,-794.536,2994.18,1225.648,-1849.455,3997.987
93.81465818661886,1,0,1,88.477,155.437,-116.765,-58.748,93.46,119.026
189.1662648671524,0,0,1,61.452,99.582,-77.587,-35.662,59.58,81.784
966.4901839296883,1,0,1,51.924,93.844,-66.922,-35.271,56.905,70.193
0.0,1,0,0,45.96,-0.46,296.682,117.051,-170.726,576.366
673.033498645073,1,0,1,78.103,128.727,-99.309,-46.59,77.685,102.838
186.29701832827783,0,0,1,26.261,40.999,-34.847,-14.994,26.376,29.324
142.32602810022388,0,0,1,35.913,63.428,-45.934,-23.569,39.333,46.083
540.3870586402669,1,0,1,-202.918,-1235.377,4483.119,1837.053,-2777.331,5881.514
86.51419236046027,0,0,1,103.977,177.047,-136.499,-66.086,109.181,131.623
2401.3395584014684,2,0,1,-65.17,-615.49,2495.045,1015.515,-1532.903,3430.276
373.39042609596567,0,0,1,13.621,-97.134,554.543,222.989,-336.177,857.119
236.18509685229097,0,0,1,34.149,63.249,-43.488,-23.783,38.255,47.104
3077.3885931314167,2,0,1,-16.25,-286.767,1264.104,512.201,-772.724,1794.031
727.5104619797081,1,0,1,-70.102,-455.207,1669.862,685.089,-1033.688,2204.372
711.0021276073765,2,0,1,-138.619,-1013.628,3864.6,1580.053,-2386.244,5187.554
415.0894899017744,1,0,1,33.892,-253.961,1416.12,571.789,-856.744,2172.894
466.08216848908523,0,0,1,-2.501,-236.603,1107.558,448.566,-676.19,1610.504
542.105639538668,2,0,1,-318.545,-1895.199,6844.144,2803.846,-4239.884,8951.435
983.3523214865222,1,0,1,49.143,88.755,-64.217,-33.616,53.049,67.947
199.82311473441425,0,1,1,12.527,-403.642,1981.424,802.269,-1206.358,2926.594
1033.9126868151898,2,0,1,-194.868,-1312.789,4904.125,2006.777,-3031.838,6521.114
1123.626707151515,2,0,1,-286.842,-1619.67,5760.667,2360.848,-3572.133,7475.786
200.54220401611371,0,0,1,13.68,26.826,-16.616,-10.01,16.396,19.255
186.72784876963487,1,0,1,69.909,109.062,-48.982,-26.197,43.502,159.297
834.5961624824397,1,0,1,-154.319,-994.35,3658.296,1499.026,-2264.311,4832.955
501.2476010292949,0,0,1,-25.98,-176.854,640.233,264.329,-398.162,846.531
1419.8779057986649,1,0,1,-283.931,-1620.75,5780.041,2368.95,-3584.044,7513.265
72.52274282983952,0,1,1,96.582,165.104,-126.653,-61.66,101.691,122.814
2001.6857982164026,1,0,1,-126.884,-956.45,3693.865,1507.524,-2277.488,4979.459
1616.8881522306497,2,0,1,-102.604,-798.507,3104.571,1266.799,-1913.568,4198.22
2015.0584439141503,2,0,1,-29.906,-286.349,1164.499,473.822,-716.252,1605.212
612.8952103152424,2,0,1,45.849,75.601,-60.304,-27.974,47.467,55.197
81.75464857161136,0,0,1,26.065,24.066,42.721,16.587,-21.615,142.97
166.11103932451718,0,1,1,-233.049,-1356.052,4839.682,1985.817,-3002.301,6301.745
83.72759151360383,2,0,1,132.814,226.706,-175.738,-84.056,139.031,171.654
1514.9714897550414,2,0,1,81.466,57.091,288.402,107.491,-157.332,687.814
39.87259355805683,0,0,1,47.906,79.691,-59.705,-29.635,48.368,59.085
1948.302299353067,2,0,1,-66.672,-545.811,2155.325,877.996,-1326.63,2931.048
250.79399680343178,2,0,1,39.071,66.713,-50.635,-24.725,41.662,48.499
1635.8961348821683,2,0,1,-6.733,-82.56,325.607,134.776,-201.816,450.292
981.1537527638034,2,0,1,-44.773,-403.025,1588.663,650.088,-979.467,2168.424
130.25346999610855,1,0,1,147.178,254.153,-193.013,-95.209,155.548,190.33
190.01410603096258,0,0,1,30.055,-165.644,963.613,389.301,-583.079,1498.65
209.7193160277009,0,0,1,10.341,-43.872,254.395,104.377,-155.662,402.922
2916.081206524179,2,0,1,-121.022,-873.672,3345.568,1365.382,-2063.328,4490.588
571.0655023207335,1,0,1,-4.485,-185.634,826.987,337.755,-507.894,1190.452
0.0,1,0,0,-39.239,-721.543,3165.36,1285.113,-1936.456,4491.55
754.0722213380021,2,0,1,-278.619,-1656.786,5987.81,2452.445,-3708.991,7832.868
2006.8842939101628,1,0,1,-283.972,-1616.984,5766.506,2363.0,-3575.127,7493.491
70.06292410761917,0,0,1,15.162,27.557,-18.423,-10.038,17.662,18.664
182.9382740570489,2,0,1,214.991,368.585,-283.153,-138.141,225.507,276.912
286.6218931478315,2,0,1,16.041,28.259,-19.81,-10.28,18.19,19.217
151.65732363940154,0,0,1,53.606,96.382,-69.298,-36.232,58.444,72.223
190.40021151330868,0,0,1,136.32,236.017,-178.123,-88.991,141.902,180.199
2082.9603353175057,1,0,1,-36.426,-312.582,1257.005,510.712,-772.034,1718.705
469.0669839116556,0,0,1,163.834,255.284,-95.826,-56.542,95.719,392.807
167.92737758010435,0,0,1,18.508,36.814,-23.378,-14.066,21.494,28.316
130.0347177902036,1,0,1,37.513,66.219,-47.941,-24.59,41.112,48.023
1666.664228119269,1,1,1,48.736,60.7,60.597,17.538,-24.392,249.775
777.783290825281,1,1,1,49.953,88.981,-64.241,-33.257,54.57,65.668
545.7981854393215,0,0,1,48.103,84.653,-64.139,-32.208,50.254,66.078
1725.1782749935755,1,0,1,-85.805,-543.226,2012.082,822.136,-1243.986,2660.236
121.56884848549683,0,0,1,82.295,121.561,-44.241,-23.977,43.209,198.516
1887.3653499139293,2,0,1,-365.42,-2098.407,7490.276,3070.453,-4644.104,9741.851
315.47808514621926,0,1,1,-30.156,-298.169,1212.084,493.816,-746.317,1673.704
1002.0118697598543,1,0,1,-124.679,-776.683,2823.354,1158.122,-1749.109,3710.261
772.8909940537035,2,0,1,-121.074,-973.376,3801.607,1551.768,-2343.21,5154.337
164.09627173989213,0,0,1,-119.56,-680.127,2399.643,986.034,-1490.462,3110.174
435.83381108252956,0,0,1,51.688,83.768,-68.999,-31.131,52.257,62.257
196.86082791929795,0,0,1,81.967,142.058,-106.561,-53.866,83.994,110.313
700.7502063531263,1,0,1,74.029,130.869,-97.489,-49.488,78.576,100.217
1805.7554464738155,2,0,1,-309.996,-1790.329,6391.822,2621.085,-3963.932,8318.214
181.27401669021742,0,0,1,51.039,91.589,-65.692,-34.324,55.865,68.023
228.71392141174437,0,0,1,50.26,89.496,-64.62,-33.441,54.913,66.002
60.73792114602831,0,0,1,60.223,103.794,-76.231,-39.547,59.836,81.979
951.1634856082549,1,0,1,49.175,83.936,-49.046,-26.663,42.296,90.848
835.0948878810314,2,0,1,-150.341,-1106.173,4221.332,1726.041,-2606.524,5669.578
1493.7856086202446,2,0,1,53.463,96.55,-68.968,-36.299,58.517,72.294
613.1804206852848,1,0,1,43.339,72.372,-32.284,-19.411,30.592,97.337
167.1426088099956,1,0,1,26.673,48.692,-33.604,-18.122,30.042,35.26
259.1248081669502,2,0,1,12.46,21.0,-15.19,-7.463,14.086,13.395
109.3590201425376,0,0,1,-118.586,-836.041,3145.762,1287.724,-1945.482,4202.0
258.40431599811353,0,0,1,-53.742,-409.327,1558.765,638.823,-963.754,2097.23
39.171670782844146,0,0,1,66.685,112.34,-87.37,-41.744,69.898,82.611
620.6724635694513,2,0,1,35.098,62.097,-44.766,-23.049,38.579,44.945
226.06268711208122,0,0,1,67.727,119.819,-88.853,-45.218,72.212,91.189
1139.3071456149526,2,0,1,-331.505,-1908.627,6813.821,2793.566,-4225.164,8864.802
41.27684311877503,0,0,1,19.394,33.776,-23.481,-12.342,21.318,23.406
445.5629388114482,0,0,1,58.726,85.21,-30.881,-16.154,30.462,140.055
1837.806322829541,1,0,1,9.824,21.352,-11.704,-8.136,12.466,15.992
964.382247440116,2,0,1,-332.624,-1858.429,6553.961,2689.902,-4068.191,8479.353
1314.3821880902153,1,0,1,-232.367,-1366.397,4920.243,2015.612,-3049.049,6426.396
1889.1916473404406,2,0,1,76.729,135.894,-100.292,-51.189,82.179,102.823
241.6310326104398,2,0,1,51.805,88.798,-67.267,-32.989,55.204,64.963
792.1758264608686,1,0,1,-99.968,-857.915,3375.861,1379.298,-2080.623,4597.513
448.9250631119654,2,0,1,37.286,65.243,-47.704,-24.177,40.682,47.117
1460.1400401225046,2,0,1,-341.296,-2052.1,7442.435,3047.685,-4608.444,9750.918
536.4937195898121,1,0,1,26.9,49.372,-33.767,-18.368,30.471,35.662
82.30680150458763,0,0,1,57.821,97.375,-72.758,-36.335,58.943,72.677
288.5889165001305,2,0,1,38.651,67.664,-49.569,-25.114,42.071,49.098
159.0072298921932,1,0,1,30.286,52.86,-38.617,-19.534,33.131,37.869
404.47361824634845,2,0,1,63.567,112.864,-82.34,-42.319,68.823,84.177
1375.0251449514883,2,0,1,-105.84,-840.428,3276.707,1337.341,-2019.932,4438.861
508.72909301959817,2,0,1,32.416,37.007,34.225,11.466,-13.186,150.525
158.24984651159994,1,0,1,72.98,124.476,-95.356,-46.35,77.088,91.827
1268.3259058720614,1,0,1,15.698,31.382,-19.583,-11.934,18.488,23.768
800.8980811503716,2,0,1,65.213,115.695,-84.512,-43.382,70.548,86.316
258.59765974316684,0,0,1,59.336,105.165,-78.547,-39.92,62.675,81.398
58.38477778611684,0,0,1,61.107,105.546,-79.316,-39.294,65.329,77.566
186.40795116348693,0,0,1,-86.294,-691.61,2696.342,1100.351,-1663.025,3653.327
324.4001771853623,1,0,1,58.232,26.798,285.09,107.521,-158.904,607.552
67.97186690690144,0,0,1,53.189,93.018,-67.556,-34.834,56.328,69.448
230.67810177224163,0,0,1,16.243,32.906,-20.368,-12.59,19.137,25.318
63.52133433930849,0,0,1,154.197,263.241,-202.909,-98.482,161.637,196.912
332.3741174065567,0,1,1,120.287,210.05,-158.181,-79.08,127.278,159.224
1101.0449425004008,1,0,1,-95.147,-663.444,2484.114,1017.86,-1535.849,3310.562
57.49698813672467,0,0,1,17.204,27.739,-21.902,-9.972,18.321,18.62
308.6486614444078,0,0,1,26.736,-73.4,520.108,208.765,-313.151,847.584
159.62273028933373,1,0,1,97.234,168.491,-127.002,-63.03,103.361,125.538
944.153924840912,1,0,1,-342.713,-1984.96,7099.699,2910.543,-4401.956,9245.607
706.5692605079641,1,0,1,-30.277,-298.608,1189.746,487.205,-734.089,1635.056
372.6715309112982,1,0,1,63.824,111.782,-82.934,-41.82,68.509,83.089
196.57021325717713,0,0,1,22.02,41.768,-27.361,-15.61,25.509,30.359
1686.3819791221263,2,0,1,-285.232,-1639.591,5845.297,2397.084,-3625.906,7602.818
428.9398600771523,1,0,1,46.241,-60.231,580.254,232.051,-345.109,994.315
313.4416410678397,0,0,1,22.157,-172.536,944.569,382.655,-573.364,1447.75
749.5786244285188,2,0,1,16.775,15.692,28.223,10.795,-13.198,90.928
1059.3528346570647,2,0,1,-124.346,-1158.479,4658.298,1898.96,-2865.2,6392.154
142.16354173527785,1,0,1,47.624,79.984,-62.175,-29.625,50.063,58.292
246.4564243546498,2,0,1,64.581,114.386,-85.55,-43.064,68.385,88.726
357.9896200286838,0,0,1,27.678,41.815,-35.961,-15.446,25.884,31.201
183.0424071132868,0,0,1,-70.071,-615.426,2429.349,992.73,-1497.785,3315.52
182.70789103046982,2,0,1,85.585,150.871,-112.61,-56.871,90.899,115.192
275.37558302787926,0,0,1,-62.276,-411.4,1509.108,619.782,-936.264,1998.488
118.23773456716741,0,0,1,35.44,63.999,-46.089,-24.377,37.61,49.85
731.6531281160142,2,0,1,6.679,-13.587,96.671,39.784,-57.192,157.289
707.0826005034136,2,0,1,-247.832,-1592.865,5887.755,2409.25,-3641.586,7785.941
1108.7725733109803,2,0,1,18.702,-52.299,353.666,143.428,-213.389,573.783
1421.4703726132996,1,0,1,-238.091,-1597.316,5979.238,2444.825,-3694.342,7950.774
909.448483067135,2,0,1,-126.174,-921.697,3498.009,1431.811,-2161.494,4690.903
1803.2948886355555,1,1,1,69.651,-26.558,598.672,235.046,-349.864,1101.677
592.484753511739,1,0,1,129.187,205.868,-122.84,-61.103,103.016,234.129
803.4468988766258,1,0,1,52.692,-88.887,755.991,302.942,-450.65,1269.971
0.0,1,0,0,115.32,202.078,-151.634,-76.151,122.199,153.487
302.90378699673033,0,0,1,-62.885,-347.596,1199.282,494.512,-747.638,1542.701
181.76238259193056,0,0,1,20.749,38.903,-23.567,-14.886,21.539,30.592
1945.2178996069701,1,0,1,-91.765,-643.211,2441.896,997.243,-1507.728,3267.672
103.73753466705573,0,0,1,55.158,99.555,-71.633,-37.566,59.928,75.381
190.23557199576254,0,0,1,-172.906,-1284.701,4927.197,2013.042,-3040.217,6627.129
143.42007408764823,0,0,1,33.576,61.219,-42.794,-22.924,37.355,45.183
3451.595834379701,2,0,1,10.798,-304.972,1538.381,619.954,-933.222,2282.471
81.74205380430061,2,0,1,53.364,91.0,-71.505,-32.496,56.024,70.96
1837.3133823178678,1,0,1,-137.236,-868.339,3208.166,1311.672,-1983.55,4237.346
261.01230405303215,1,0,1,90.788,152.303,-119.836,-56.786,94.213,113.281
135.22961918810068,2,0,1,-59.443,-646.439,2645.37,1080.173,-1627.614,3666.909
227.52378505510936,0,1,1,-267.518,-1577.985,5668.229,2324.015,-3514.212,7400.578
328.67906415031564,1,0,1,61.437,109.308,-79.852,-41.093,66.324,82.128
314.6028419694996,0,0,1,-69.323,-498.08,1877.112,769.082,-1161.081,2511.859
667.7649151766476,2,0,1,-52.638,-617.319,2555.077,1041.954,-1569.95,3553.774
2344.4529167531273,2,0,1,-87.051,-600.492,2277.867,929.636,-1405.945,3044.306
46.555201659328,1,0,1,73.991,115.645,-46.501,-26.05,43.536,177.31
1426.6787268357239,1,1,1,-203.063,-1268.784,4632.166,1898.293,-2868.526,6096.142
23.442134450768116,1,0,1,154.564,266.958,-203.053,-100.118,163.046,200.585
242.6787516627007,1,0,1,90.505,158.087,-117.93,-59.194,96.756,117.889
789.6812555350646,2,0,1,64.757,114.236,-83.886,-42.752,69.936,84.845
213.96228659799976,0,0,1,-95.494,-694.496,2635.475,1078.536,-1628.634,3533.859
135.44317609465293,1,0,1,90.26,154.881,-118.307,-57.7,95.347,115.458
1643.753686135367,2,0,1,53.307,95.407,-69.786,-36.08,57.226,72.863
1967.925301817153,1,0,1,-22.854,-215.58,849.955,348.433,-524.077,1161.679
254.02326023479756,1,0,1,15.455,28.495,-18.798,-10.434,18.081,19.559
2108.5450969511517,2,0,1,99.903,174.994,-131.418,-65.954,105.794,132.986
1263.121076951326,1,0,1,17.126,-156.066,841.229,340.421,-508.581,1276.896
21.466269980434934,0,0,1,53.785,93.345,-69.537,-34.72,57.853,68.327
719.9153190154311,1,0,1,47.613,72.119,-35.323,-17.684,31.706,98.309
164.3531069629084,0,1,1,14.024,28.238,-18.023,-10.918,16.087,22.438
2305.277098919512,2,0,1,60.022,107.673,-78.244,-40.646,64.792,81.746
322.96440506792226,0,0,1,30.518,56.422,-39.939,-21.529,33.192,43.916
177.027794022655,0,0,1,-210.489,-1309.983,4775.595,1957.331,-2958.313,6282.405
555.1862491953981,1,0,1,51.358,91.419,-66.04,-34.158,56.096,67.42
82.91108312472569,1,0,1,71.745,120.998,-94.182,-45.031,75.069,89.375
737.7121814789792,2,0,1,-131.404,-807.482,2926.959,1200.469,-1812.867,3838.625
2272.6051926718105,2,0,1,50.499,61.787,70.176,20.946,-29.138,268.856
105.5628888431258,1,0,1,13.443,23.143,-16.449,-8.307,15.256,15.163
1083.4243850816868,1,0,1,67.588,120.277,-87.429,-45.093,73.348,89.625
521.7671223039342,0,0,1,62.146,64.769,113.817,39.565,-56.527,370.582
295.03464823481295,0,0,1,-0.376,-122.153,553.402,226.56,-339.511,802.685
1494.9678724730652,1,0,1,-243.869,-1532.494,5619.738,2301.168,-3478.487,7407.203
507.60534588152314,2,0,1,80.222,138.15,-104.656,-51.545,85.191,102.281
177.93341566288393,0,0,1,21.243,41.304,-26.765,-15.662,24.51,31.204
38.87167138229559,0,0,1,18.16,28.376,-23.63,-10.239,18.668,19.461
353.0355646996455,0,0,1,-7.827,-104.402,421.897,173.763,-262.135,590.428
291.5315271345117,0,0,1,49.776,90.41,-64.913,-34.259,53.968,69.218
1706.6625379930454,2,0,1,-14.919,-367.252,1664.489,673.219,-1015.0,2382.8
140.2800810048117,0,0,1,49.501,82.538,-66.599,-31.353,49.053,65.004
1136.6324458645515,2,0,1,-137.348,-953.562,3579.145,1465.256,-2211.619,4770.76
549.4129346398881,1,0,1,-251.471,-1522.454,5519.699,2261.547,-3419.517,7236.888
261.0700614081612,2,0,1,74.418,131.276,-98.17,-49.563,78.836,100.734
279.93258647355924,1,0,1,-8.327,-81.476,315.052,130.001,-194.627,428.848
181.75801476899548,0,0,1,-65.555,-602.45,2395.185,978.067,-1476.056,3276.79
35.73361643165732,1,0,1,107.123,185.625,-142.188,-68.796,112.698,142.837
220.40269191171774,0,0,1,62.749,110.69,-81.281,-41.424,67.77,82.203
281.66237717206883,0,0,1,-98.197,-649.707,2410.076,986.989,-1492.254,3199.104
578.3882025199256,2,0,1,-55.767,-588.766,2400.758,979.549,-1475.544,3316.736
780.0513695412714,2,1,1,-197.089,-1156.092,4155.76,1702.922,-2576.139,5425.309
187.14171414521442,0,0,1,40.024,64.174,-53.649,-23.836,40.106,47.753
2091.623389744082,1,0,1,-188.645,-1192.715,4397.757,1798.9,-2720.046,5806.016
1967.7044211801676,2,0,1,-251.918,-1493.466,5398.972,2210.67,-3343.951,7061.713
106.08473426107291,1,0,1,117.932,198.646,-155.796,-74.197,122.449,148.385
697.7964273753967,1,0,1,75.809,134.097,-99.392,-50.584,80.883,101.929
782.996472348212,1,0,1,46.319,83.523,-59.441,-31.293,50.951,61.914
566.9596401725939,2,0,1,-338.722,-1956.03,6978.726,2862.239,-4327.556,9078.484
2080.3986625816806,1,0,1,-196.618,-1223.816,4489.226,1836.989,-2777.746,5913.233
256.57008658230603,1,0,1,35.218,61.092,-45.109,-22.593,38.258,43.937
2215.13099821284,2,0,1,23.868,-51.411,424.257,167.386,-251.516,699.631
2164.9869933449377,1,0,1,9.447,-104.842,578.852,231.625,-349.168,878.449
532.0018251873888,2,1,1,-4.89,-128.18,559.834,228.773,-342.547,796.027
503.0009261540758,0,0,1,114.053,140.106,107.421,31.596,-40.614,528.663
33.63070443601905,0,0,1,21.734,37.117,-27.378,-13.519,23.889,25.559
404.2595502411744,1,0,1,47.58,86.158,-61.813,-32.548,51.741,65.41
1229.014274430121,2,1,1,12.438,-37.503,273.943,109.195,-164.085,445.908
49.676626839779395,0,0,1,71.595,118.578,-91.127,-44.272,71.834,89.031
626.6037855252433,2,0,1,-275.339,-1621.182,5832.092,2389.97,-3614.823,7616.393
981.8809105916616,1,0,1,-147.895,-853.919,3032.153,1245.146,-1881.747,3939.89
193.6495484824859,1,1,1,74.872,-159.127,1241.381,496.981,-740.63,2048.993
955.4425152560713,2,0,1,71.437,-169.513,1271.168,509.015,-759.13,2081.717
281.25873115834645,2,0,1,47.441,81.315,-61.535,-30.189,50.611,59.369
307.3856487203558,1,0,1,25.424,45.758,-31.953,-16.931,28.555,32.656
2159.8175122890566,2,0,1,-42.835,-580.355,2481.105,1007.379,-1519.192,3482.504
0.0,1,0,0,144.819,247.396,-190.766,-92.632,151.666,185.499
73.56414678575894,0,0,1,152.114,260.787,-198.588,-97.788,158.761,196.3
53.310514186793384,0,0,1,17.426,29.578,-21.728,-10.684,19.312,19.867
155.2474479646169,1,1,1,215.676,348.822,-218.819,-108.662,180.868,373.597
2306.416448608381,1,0,1,-174.85,-1008.037,3618.25,1481.462,-2241.803,4714.226
364.07139161649417,2,0,1,31.332,51.071,-41.114,-18.799,32.388,36.813
285.5742716600306,2,0,1,30.637,53.396,-39.067,-19.723,33.497,38.216
81.43325608811902,1,0,1,89.674,144.699,-109.569,-49.854,83.117,130.294
364.97887545339404,0,0,1,35.909,64.257,-46.209,-24.608,37.0,51.005
525.1362813002042,2,0,1,43.089,77.829,-54.877,-29.048,47.806,57.0
216.14595237324636,1,0,1,67.873,117.779,-88.373,-43.993,72.442,87.327
242.68912820921858,0,0,1,89.232,110.822,82.098,23.543,-29.986,410.747
958.1340100415836,1,0,1,91.789,161.133,-120.34,-60.647,97.649,121.889
75.80740613316307,1,0,1,24.322,41.582,-30.994,-15.259,26.422,29.305
164.88836314257549,0,0,1,21.791,41.455,-27.364,-15.594,25.013,30.714
148.36832673300358,0,0,1,40.49,66.612,-53.231,-24.623,41.906,48.513
165.61858637741932,0,0,1,60.389,107.773,-78.633,-40.595,65.141,81.391
2405.737682096762,2,0,1,-36.919,-564.947,2449.748,993.89,-1498.738,3456.544
686.0915799213072,2,0,1,-9.817,-197.084,848.557,346.848,-520.509,1202.005
261.40698484955993,0,0,1,-168.459,-1244.909,4760.981,1946.042,-2938.501,6397.538
34.24657250330015,1,0,1,82.167,139.707,-108.072,-51.69,86.374,104.295
1124.5234073801291,1,0,1,-51.416,-353.57,1324.979,542.37,-820.563,1768.814
3218.4947506330245,2,0,1,-3.988,-187.826,877.038,354.247,-534.42,1269.519
635.2325476198166,1,0,1,-277.563,-1577.217,5608.531,2299.662,-3478.988,7282.74
1497.9425861154116,1,0,1,34.052,26.83,120.467,43.461,-64.357,289.405
1487.100829385029,1,0,1,-163.993,-1118.652,4206.64,1719.615,-2598.883,5606.626
291.89961046343916,2,0,1,28.398,48.794,-36.26,-17.956,30.842,34.647
1001.7651455774558,1,0,1,-114.739,-928.962,3611.785,1476.496,-2228.376,4895.03
228.0744588816247,1,0,1,52.663,93.393,-67.919,-34.917,57.26,69.064
3.0841382192097306,0,1,1,53.629,84.726,-74.294,-30.251,52.456,67.36
462.43049426962216,2,0,1,4.457,-124.195,604.59,245.883,-367.566,891.432
277.54565790505114,0,0,1,20.185,38.267,-26.563,-14.745,22.042,30.484
269.4040317479452,0,0,1,17.845,-70.02,432.783,175.469,-261.684,686.508
1838.4203191950835,1,0,1,-393.426,-2271.848,8114.621,3327.121,-5031.405,10559.99
2016.5292645757709,2,0,1,-179.171,-1193.234,4463.729,1824.691,-2757.988,5932.466
193.47077699013457,0,0,1,-231.222,-1523.386,5662.551,2317.142,-3501.449,7510.171
814.0714749564605,1,0,1,-234.193,-1448.802,5276.326,2162.309,-3268.173,6935.714
287.23150329066243,2,0,1,70.593,118.314,-93.162,-44.096,73.247,87.914
77.25121174772848,1,0,1,26.853,46.038,-34.254,-16.92,29.17,32.577
279.336163428042,0,0,1,24.444,46.923,-30.905,-17.76,27.967,35.351
78.07474495161334,1,0,1,43.496,73.075,-56.749,-27.058,45.762,53.202
926.9816857010052,1,0,1,71.25,-49.557,720.287,283.955,-423.146,1283.834
2021.4115932409861,1,0,1,35.955,20.996,123.993,48.49,-68.781,293.226
316.24804691155634,2,0,1,12.48,16.39,-18.885,-4.306,11.046,14.965
2196.116314065657,2,1,1,-16.028,-371.614,1669.567,676.224,-1019.293,2385.834
1135.9563888571959,1,0,1,67.067,118.975,-87.271,-44.719,72.23,89.403
206.2368404990644,0,0,1,109.562,189.494,-145.546,-71.581,114.179,145.426
264.44234909765976,0,0,1,-110.298,-694.305,2528.891,1037.479,-1566.941,3328.067
958.7747016805971,2,0,1,-128.324,-958.327,3686.011,1505.213,-2273.821,4962.592
0.0,1,0,0,-56.283,-641.616,2677.021,1088.498,-1642.343,3725.157
3189.570886360336,1,0,1,-87.86,-675.79,2628.188,1071.731,-1619.208,3551.374
18.499786559976958,1,0,1,35.286,53.819,-40.349,-16.474,30.06,54.573
2405.5508178701557,2,0,1,13.528,27.883,-16.922,-10.706,16.086,21.6
447.4266698402232,1,0,1,-18.532,-175.479,689.474,282.943,-425.295,941.676
148.94071515360338,2,0,1,32.864,-69.293,531.121,214.192,-319.725,883.282
335.1529348865041,2,0,1,20.894,34.424,-26.814,-12.533,22.228,23.91
54.38266096371238,2,0,1,188.77,311.862,-208.083,-102.663,167.674,311.292
152.1412887829366,0,0,1,-64.461,-516.48,2017.224,822.936,-1244.417,2736.056
275.62315509425594,0,0,1,9.622,-95.274,493.092,200.052,-302.098,746.634
642.4341396496889,2,0,1,-65.112,-485.391,1841.899,754.743,-1138.641,2472.718
1667.8600162042994,2,0,1,46.383,35.36,166.793,60.592,-88.705,395.583
346.86407774926664,1,0,1,129.043,225.383,-169.101,-84.678,137.089,169.791
318.606794319223,0,0,1,47.947,87.111,-61.649,-32.747,52.785,65.113
315.52794765432014,1,0,1,186.28,311.179,-212.097,-105.233,170.918,297.3
1006.3922866897823,1,0,1,36.958,-4.398,253.624,100.637,-146.422,483.816
63.8237550282422,0,0,1,61.676,70.113,76.065,25.272,-34.648,312.945
1187.0564874977679,1,0,1,0.504,-171.206,790.263,322.572,-483.44,1149.972
55.02285272613595,1,0,1,19.28,31.788,-24.779,-11.587,20.484,22.157
3.9873545457060757,0,1,1,84.094,139.64,-111.99,-52.2,86.04,104.949
193.9086316092434,0,0,1,16.794,24.159,-22.806,-8.742,15.921,17.148
343.3818191467282,1,0,1,-132.7,-968.004,3679.414,1505.347,-2272.455,4934.138
1165.6687713107049,2,0,1,-198.314,-1315.482,4884.189,2000.027,-3021.566,6479.951
646.1940627918303,2,0,1,-273.845,-1733.119,6357.323,2604.142,-3934.305,8381.039
1431.4655716905224,1,0,1,40.983,-98.532,757.827,301.28,-451.368,1240.726
86.61979543438422,2,0,1,56.447,96.85,-77.785,-35.106,57.593,79.745
696.9342750760076,2,0,1,-141.022,-1190.905,4692.507,1915.245,-2890.651,6387.489
1193.9388058566888,1,0,1,-143.428,-957.267,3556.85,1456.731,-2200.756,4722.259
19.50029145232547,1,0,1,173.892,293.288,-231.556,-108.554,180.034,223.094
1060.6421559426062,2,0,1,46.6,85.031,-59.842,-31.983,51.456,63.6
26.92103766628358,1,1,1,65.484,111.19,-85.478,-41.321,69.13,81.625
1792.179044042191,2,0,1,120.752,210.956,-158.574,-79.366,127.988,159.562
1751.9219144914548,1,0,1,-177.588,-1070.35,3889.169,1592.091,-2408.212,5100.03
576.6192162117452,1,0,1,66.212,117.087,-85.972,-43.912,71.392,87.468
1993.6506695010708,2,0,1,-320.544,-1961.005,7146.754,2926.192,-4423.978,9386.187
246.23341836209545,0,0,1,-81.615,-818.154,3319.642,1353.778,-2041.833,4577.129
43.12946997585555,0,1,1,92.851,162.596,-120.901,-60.874,98.877,122.388
73.41002777360191,0,0,1,29.504,52.83,-37.265,-19.572,32.907,37.896
663.6415470556911,0,0,1,33.063,52.022,-44.246,-19.186,32.965,38.094
226.5963869882358,2,0,1,20.524,35.058,-25.846,-12.768,22.568,24.133
1330.8182806981517,2,0,1,67.989,120.491,-88.166,-45.183,73.471,89.933
916.0833589866602,0,0,1,138.416,229.308,-170.151,-81.371,134.133,195.054
971.3591882847204,2,0,1,-351.184,-2129.472,7720.199,3163.495,-4782.361,10121.557
1288.5764507896627,2,0,1,24.824,-4.341,171.968,68.759,-99.77,326.5
693.4782853101854,2,0,1,-255.14,-1520.621,5483.371,2247.506,-3398.253,7171.035
345.7969404228641,0,0,1,-216.216,-1234.463,4378.993,1797.277,-2718.159,5685.849
237.6525505012939,0,0,1,7.919,18.389,-9.571,-7.173,10.199,14.594
249.1628477647712,0,0,1,11.798,25.371,-14.615,-9.807,14.401,19.885
1039.9962094997773,1,0,1,25.672,48.87,-32.599,-18.495,29.15,36.875
1198.7474738040562,2,0,1,57.672,103.664,-74.567,-38.97,62.86,77.687
188.68992319788984,0,0,1,78.147,111.871,-25.694,-16.099,30.718,212.991
2044.871947979055,2,1,1,54.647,74.444,38.107,7.537,-8.478,235.029
1044.122341724302,2,0,1,-344.785,-1994.338,7118.796,2919.658,-4413.792,9261.806
916.6431272518333,2,0,1,17.206,34.246,-21.094,-12.895,20.563,25.196
1040.7847997113927,2,0,1,-235.316,-1439.653,5223.01,2141.072,-3235.105,6851.395
1900.7045945846842,1,0,1,-14.729,-270.278,1163.947,474.79,-713.405,1645.579
324.9656461970118,0,0,1,113.453,198.208,-149.792,-74.812,119.527,151.373
1330.1463040765348,2,0,1,-27.215,-220.028,860.559,351.232,-531.842,1170.984
1205.0882685746792,1,0,1,47.562,68.008,-17.49,-10.321,20.66,124.068
829.3385547495784,2,0,1,-245.858,-1415.016,5036.161,2066.364,-3123.369,6544.485
1874.9145363630662,1,0,1,-56.494,-397.323,1481.867,608.104,-916.65,1973.515
170.49395412652814,0,0,1,83.951,147.361,-109.48,-55.286,89.834,110.409
99.28163675581254,1,0,1,87.112,152.439,-115.494,-56.876,91.949,117.675
261.391136521523,0,0,1,-28.312,-320.222,1329.535,541.151,-817.436,1851.109
659.1970800910957,2,0,1,-160.998,-1131.181,4273.933,1747.827,-2640.573,5713.105
65.67346974129936,2,0,1,11.014,-180.261,924.762,374.628,-563.213,1389.953
495.75734315220285,1,0,1,-108.503,-783.962,2966.878,1214.606,-1832.775,3971.591
147.00990241487295,0,0,1,17.302,33.53,-21.191,-12.519,20.488,24.175
629.5607408327965,1,0,1,98.569,172.557,-130.038,-65.138,104.02,131.765
39.55691663986419,0,0,1,66.801,111.841,-84.672,-41.755,67.752,83.724
735.0018451182809,1,0,1,-206.999,-1409.59,5274.703,2158.781,-3260.311,7019.851
496.6015281394028,2,0,1,38.407,67.299,-49.079,-24.933,41.981,48.543
66.9622868299975,0,0,1,61.253,109.051,-80.423,-41.052,65.54,83.496
320.686929222825,2,0,1,57.188,99.198,-73.963,-36.899,61.477,72.632
326.2766703357452,2,0,1,109.79,186.518,-144.615,-69.718,114.748,139.33
446.8236923596647,0,0,1,39.318,-158.941,1001.334,403.055,-603.615,1585.985
576.196525282232,0,0,1,93.313,122.23,63.785,14.862,-16.954,398.057
2212.316794916684,2,0,1,67.888,14.607,395.337,152.488,-225.639,799.004
67.74896890664728,1,0,1,73.24,111.238,-54.911,-27.521,47.01,155.803
147.68612007273703,1,0,1,83.03,145.013,-108.96,-54.061,88.373,109.675
377.6132851694864,1,0,1,33.567,-124.985,797.945,321.91,-480.231,1268.525
96.61670501589202,1,0,1,14.699,27.178,-17.771,-9.929,17.311,18.503
10.30212881993643,1,0,1,119.545,150.178,74.161,21.227,-22.339,499.725
103.18090872152607,0,0,1,21.05,34.888,-26.839,-12.896,18.013,32.257
970.9758028524628,1,0,1,-342.58,-1929.221,6822.974,2799.82,-4233.639,8838.076
120.68834224558528,0,1,1,67.277,119.697,-87.461,-45.004,72.613,89.964
290.89762485927815,0,0,1,46.056,75.165,-61.051,-27.864,47.073,55.343
1043.4572463852073,2,0,1,-381.241,-2240.213,8039.413,3296.174,-4983.087,10487.498
1294.2294145830488,1,0,1,33.303,-169.948,1030.339,413.905,-621.18,1612.925
268.25039135180714,0,0,1,-264.725,-1531.01,5466.002,2241.654,-3390.135,7114.679
129.88089024343722,0,0,1,39.516,71.493,-50.608,-26.781,43.616,52.927
232.0182763712123,2,0,1,34.034,56.478,-44.26,-20.787,35.775,40.502
1204.957297043461,1,0,1,-275.197,-1578.196,5628.887,2307.69,-3491.006,7320.353
108.56124363470204,0,0,1,38.783,63.82,-50.989,-23.593,40.141,46.492
168.57652163312122,2,0,1,26.043,44.064,-33.294,-16.147,28.088,31.003
192.8433765089017,0,0,1,36.075,65.153,-45.833,-24.283,40.122,47.513
323.76513732032555,1,0,1,55.433,-47.159,605.847,238.851,-356.491,1065.906
118.03031853745884,1,0,1,44.666,-20.754,384.779,153.22,-227.745,709.071
2156.052183251069,1,0,1,77.941,123.204,-35.512,-24.709,41.682,203.03
645.7563234998221,1,0,1,-111.647,-867.853,3344.515,1367.765,-2064.156,4514.121
1637.7966116568266,1,0,1,-30.861,-258.642,1036.682,421.125,-636.854,1415.266
403.54906212720675,1,0,1,30.249,49.287,-39.69,-18.139,31.267,35.511
95.10585684104217,0,0,1,40.059,65.771,-52.643,-24.289,41.449,47.793
175.7046979520404,2,0,1,12.995,-128.945,677.007,275.392,-412.618,1029.159
900.8880734385655,2,0,1,-313.522,-1753.568,6188.604,2539.666,-3840.382,8007.144
72.30256649185179,1,0,1,94.525,163.657,-124.004,-60.868,100.291,123.004
133.6658541420617,0,0,1,41.155,74.322,-52.705,-28.214,43.791,57.344
1706.097321080554,1,0,1,-156.994,-931.501,3341.721,1371.137,-2071.295,4360.521
733.0246683651269,2,0,1,7.397,15.913,-7.94,-5.783,10.136,10.261
376.05113056719273,0,0,1,26.644,40.8,-33.985,-15.047,25.194,30.196
846.8847348091527,2,0,1,10.409,21.439,-12.197,-7.982,13.117,15.113
8.823522156695859,1,0,1,125.372,216.682,-164.303,-81.159,132.646,162.155
305.3109362998089,0,0,1,26.161,-297.202,1567.813,634.139,-950.533,2367.81
299.7123081145151,0,0,1,16.121,31.636,-19.161,-11.681,19.708,21.957
238.5119981887456,0,0,1,24.999,47.48,-31.037,-17.744,28.998,34.494
1331.6561997528436,1,0,1,79.846,0.025,541.461,210.825,-312.583,1050.921
1338.0051476477536,1,0,1,-433.326,-2530.727,9085.234,3723.05,-5630.229,11847.732
363.9097783783719,2,0,1,19.554,33.26,-24.59,-12.085,21.5,22.755
221.9084325948268,2,0,1,31.831,-60.822,483.532,194.591,-290.437,808.163
0.0,1,0,0,-366.667,-2193.906,7932.678,3249.964,-4913.709,10381.882
852.0251110468504,2,0,1,180.272,283.411,-162.06,-78.01,133.13,353.688
347.3955300092182,0,0,1,-118.613,-734.903,2666.539,1093.952,-1653.632,3504.725
1355.2770788355547,2,0,1,39.091,71.183,-50.234,-26.768,43.098,53.235
851.8550680796322,2,0,1,-128.307,-908.752,3426.651,1402.674,-2117.238,4578.539
1194.713232715002,2,0,1,61.961,-15.256,470.147,186.146,-274.048,882.412
1010.0636848793463,1,1,1,-2.402,-167.937,757.448,309.344,-464.038,1093.417
2168.515900249627,1,0,1,18.543,36.201,-23.615,-13.819,21.201,27.876
197.2055388124233,2,0,1,11.197,17.929,-13.971,-6.344,12.152,11.45
490.1279614363521,1,0,1,-35.262,-410.717,1690.387,690.202,-1039.384,2348.197
309.15266283943885,0,0,1,33.972,62.042,-44.468,-23.595,36.763,47.955
669.8443490005202,2,0,1,104.654,183.237,-136.682,-68.755,111.698,137.428
623.2107563743053,1,1,1,35.038,48.715,-11.432,-6.49,14.099,92.15
635.9053478901905,1,0,1,-67.904,-601.111,2372.646,969.897,-1463.36,3239.982
22.302546526354575,1,0,1,33.392,60.688,-42.182,-22.59,37.445,44.011
247.22871758643763,0,0,1,40.82,67.51,-44.449,-23.428,34.314,67.456
296.35810303050107,1,0,1,48.997,85.082,-63.386,-31.664,52.677,62.374
9.072700727965517,1,0,1,146.471,254.048,-192.704,-95.481,154.5,191.917
225.82857763698178,0,0,1,49.605,89.692,-64.633,-33.925,53.741,68.372
182.72696870633743,0,0,1,-138.702,-937.519,3490.098,1429.726,-2159.391,4639.173
690.79526164923,2,0,1,15.659,23.968,-20.295,-8.561,16.055,16.016
1383.4822032649142,2,0,1,39.472,72.195,-50.604,-27.148,43.7,53.931
1071.9064643809324,2,0,1,-278.162,-1572.138,5560.484,2282.309,-3450.883,7205.662
627.3681183481149,2,1,1,-256.986,-1439.976,5090.342,2088.328,-3159.589,6593.339
1805.6863384566789,2,0,1,-73.548,-643.27,2564.82,1045.19,-1578.259,3505.206
332.55452103200685,0,1,1,59.434,105.842,-78.072,-40.049,63.441,81.061
404.4059573724652,0,0,1,-1.254,2.434,2.672,-1.119,0.669,2.205
108.1225249016788,0,0,1,13.567,24.777,-16.232,-8.963,16.06,16.39
1869.1860519244062,2,0,1,-111.271,-745.721,2767.426,1134.053,-1711.405,3670.752
591.1900107881613,2,0,1,37.217,61.252,-48.932,-22.645,38.521,44.629
2314.833118432704,1,0,1,-217.989,-1318.204,4794.718,1962.687,-2968.325,6289.648
704.4163331499997,1,0,1,8.165,-355.064,1722.388,698.418,-1048.358,2534.703
1748.467118944079,1,0,1,-42.353,-338.609,1302.216,533.553,-803.781,1757.923
407.81026002631864,0,0,1,47.298,84.483,-62.65,-32.151,50.076,65.764
1139.6069916060305,2,0,1,-28.023,-465.635,2023.068,821.793,-1239.027,2862.369
531.5889100403766,1,0,1,33.835,54.186,-40.414,-18.627,32.554,45.328
1483.7040774800585,2,0,1,94.074,165.344,-122.966,-62.143,100.46,124.5
615.5335918273622,2,0,1,69.531,4.963,440.577,171.832,-254.541,870.051
128.54831630315314,1,0,1,30.588,51.715,-39.402,-19.035,32.713,36.902
598.4064687898413,2,0,1,58.433,101.911,-75.74,-38.022,62.793,75.2
1151.5204730997696,1,0,1,22.398,43.05,-27.929,-16.182,25.992,31.754
1139.902158173321,2,0,1,-97.452,-674.61,2534.41,1037.143,-1567.592,3382.756
822.1755300861397,2,0,1,-133.238,-794.106,2846.551,1168.564,-1765.534,3716.65
760.3515684364721,2,0,1,-321.028,-1859.13,6642.881,2723.972,-4119.421,8648.567
863.559556169778,1,0,1,-2.147,-326.538,1520.804,617.498,-929.067,2211.414
131.0610826578975,2,0,1,23.395,35.728,-31.613,-12.731,23.07,26.299
765.4195482543611,0,0,1,42.851,67.308,-53.934,-24.309,40.178,54.556
949.938619085451,1,0,1,-152.747,-922.892,3333.548,1366.984,-2067.022,4367.861
782.9441548965108,2,0,1,-484.026,-2762.293,9826.859,4030.076,-6093.871,12761.002
1095.3017449029257,2,0,1,-88.337,-868.297,3507.579,1431.042,-2157.968,4828.119
252.0920285702535,2,0,1,89.787,157.958,-117.694,-59.023,95.921,119.758
1323.362190100994,2,0,1,163.853,284.541,-216.154,-107.155,172.391,216.167
385.26174984667006,0,0,1,28.147,51.8,-37.229,-19.859,30.202,40.921
1257.6288705508598,2,0,1,43.951,39.35,95.452,35.646,-48.615,276.83
1409.596459347003,2,0,1,-443.338,-2569.039,9189.897,3767.436,-5696.96,11966.14
245.968516453268,1,0,1,45.996,82.678,-59.139,-30.981,50.431,61.364
219.36293490905823,1,0,1,67.725,119.238,-87.809,-44.622,73.017,88.587
149.96291739056068,0,1,1,35.302,65.842,-45.172,-24.875,39.457,49.652
254.81387452076643,0,0,1,23.386,14.797,62.823,25.597,-36.592,166.566
62.33559072717401,0,0,1,133.25,228.17,-175.057,-85.353,140.098,170.496
2267.2626416898265,2,0,1,89.614,10.198,567.957,219.649,-325.32,1121.613
143.83745731186502,0,0,1,12.603,26.019,-15.199,-9.824,15.507,19.153
244.05200850192546,1,0,1,0.388,-0.654,0.257,0.624,0.794,-2.521
255.2780917941424,1,1,1,-5.915,-532.924,2472.355,1003.437,-1508.475,3583.796
94.50968187411252,0,0,1,39.735,73.123,-50.767,-27.494,44.253,54.524
1447.4772925065738,1,0,1,-307.647,-1746.397,6215.679,2547.829,-3854.753,8071.835
371.66195783182064,2,0,1,41.509,69.221,-54.117,-25.559,43.586,50.066
1019.7621330471281,2,0,1,-126.254,-884.147,3326.167,1361.528,-2056.353,4441.413
239.65335911635927,1,0,1,86.752,150.11,-113.235,-56.106,92.238,111.596
352.7448146008463,0,0,1,48.169,30.364,155.473,60.659,-87.458,381.627
1141.3520563978532,2,0,1,34.146,63.134,-43.551,-23.749,38.164,47.088
1730.3819199455074,2,0,1,55.454,99.651,-72.409,-37.672,59.794,75.953
293.28827966962126,0,0,1,3.635,-65.935,322.454,131.737,-199.133,484.987
1262.779898204529,2,0,1,-85.063,-617.528,2334.654,956.273,-1442.546,3125.32
1083.4852220084308,2,0,1,-171.248,-1098.804,4067.875,1663.716,-2515.523,5381.272
368.91060162998866,0,0,1,9.803,-78.022,442.666,177.606,-268.084,681.364
189.93057997656643,1,0,1,16.102,27.277,-20.125,-9.861,17.79,18.377
588.7873482117869,2,0,1,-75.428,-556.196,2126.823,869.268,-1314.124,2861.033
352.25140424702175,1,0,1,190.678,330.461,-252.007,-124.515,200.039,251.58
1436.314389699876,1,0,1,31.611,58.989,-40.778,-22.388,35.041,45.094
121.89941046140663,0,0,1,38.084,67.496,-48.635,-25.084,41.834,49.019
1957.783877451079,2,0,1,-45.681,-386.584,1509.889,617.731,-930.77,2050.399
17.29417367941039,2,0,1,45.818,79.342,-60.333,-28.706,48.988,60.33
110.05142190761254,1,0,1,0.121,-0.095,1.263,0.498,1.34,-2.79
41.49061501704898,1,0,1,64.053,100.269,-60.203,-29.108,50.62,114.393
388.23687150572056,2,0,1,28.537,53.178,-36.29,-20.017,32.088,39.672
947.4941253855875,2,0,1,-120.176,-914.027,3509.811,1435.184,-2166.097,4727.461
245.4068861675858,1,0,1,84.443,148.08,-109.744,-55.426,90.669,110.194
341.21600971052084,2,0,1,28.151,49.571,-35.666,-18.301,31.104,35.326
264.45493962566115,0,0,1,25.737,48.756,-33.171,-18.573,28.726,37.56
1429.8509300622327,1,0,1,-183.638,-1245.888,4678.944,1912.756,-2890.744,6231.831
796.4355576146872,1,0,1,35.013,64.435,-44.366,-24.117,39.326,47.385
153.61244478821988,0,0,1,63.572,112.576,-83.415,-42.5,67.795,85.75
433.38653798515327,0,0,1,-111.26,-677.297,2443.251,1002.741,-1515.968,3202.975
315.6794998568832,0,0,1,46.961,-34.624,471.622,187.167,-278.84,841.372
228.07690918206475,1,0,1,60.14,85.754,-20.359,-12.403,24.799,160.292
605.1982939845798,1,0,1,26.64,50.062,-33.705,-18.838,30.209,37.239
2288.9051583311034,1,0,1,27.538,-125.37,800.711,319.374,-479.531,1259.784
80.55850668078553,0,0,1,25.699,46.474,-32.104,-17.163,29.09,32.932
224.76328460779087,0,0,1,19.452,-39.523,296.672,120.419,-178.638,492.855
116.64817261644546,0,1,1,40.402,65.799,-52.044,-24.407,40.623,48.634
183.47015905889072,1,0,1,25.303,44.223,-31.892,-16.237,28.031,31.038
1625.7318450324708,2,0,1,-69.857,-498.105,1873.008,767.537,-1157.345,2500.639
9.742828160819387,1,0,1,40.729,63.535,-56.682,-21.658,40.074,50.947
99.73020819443389,0,1,1,82.074,114.486,-17.244,-13.181,25.768,234.963
1388.4588693801118,2,0,1,63.187,111.948,-82.329,-42.094,67.921,84.248
1527.5182507985953,2,0,1,-222.372,-1353.755,4934.007,2019.519,-3054.049,6478.453
264.0212274352079,1,0,1,71.188,124.246,-92.529,-46.442,76.289,92.188
801.591733288438,1,0,1,61.362,109.57,-80.621,-41.496,65.553,84.082
1205.5907317927197,1,0,1,53.633,36.267,168.97,65.09,-92.722,416.578
2024.831404369661,1,1,1,62.924,74.582,84.443,26.365,-36.646,330.398
104.81259248179747,0,1,1,-164.415,-947.486,3364.449,1381.411,-2088.278,4372.055
966.2070249243448,1,0,1,-10.937,-270.244,1182.19,482.529,-726.103,1687.62
321.85766365806984,2,0,1,59.491,102.242,-77.365,-38.05,63.35,75.149
494.0444782023486,2,0,1,88.01,118.354,17.447,-0.392,9.029,304.889
346.82958361397294,0,1,1,-52.669,-454.089,1793.35,732.172,-1106.083,2447.765
372.67538775053515,1,0,1,19.729,-404.14,2030.93,822.421,-1235.051,3024.545
286.5942434767141,2,0,1,18.586,-260.201,1338.994,542.474,-813.302,2009.797
1186.7461747086145,2,0,1,-192.424,-1309.507,4919.923,2011.397,-3039.484,6554.252
1086.3087925138825,2,0,1,-504.926,-2784.323,9793.629,4018.418,-6078.941,12647.625
220.55583287096437,0,0,1,40.646,73.868,-52.598,-27.872,44.449,55.832
288.9156261416694,0,0,1,30.74,57.03,-39.763,-21.641,33.902,43.633
62.42593105866372,0,0,1,42.584,74.172,-54.843,-27.555,46.06,54.04
334.59343813144744,2,0,1,32.883,57.383,-41.857,-21.182,36.037,40.972
65.83845916851229,0,0,1,25.918,42.693,-33.601,-15.645,27.263,30.267
234.3430153600293,0,0,1,19.919,38.034,-23.398,-14.651,20.993,30.343
177.27460052790957,1,0,1,74.365,129.778,-96.897,-48.58,79.476,96.717
2207.244039344668,2,0,1,97.284,133.631,47.663,6.78,-4.293,386.919
1836.6820292383218,2,0,1,33.406,55.698,-17.263,-12.616,20.284,85.627
36.56280235482959,0,0,1,21.775,36.015,-28.069,-13.167,23.085,25.318
216.07017660329578,0,0,1,-154.594,-949.856,3440.948,1411.491,-2133.196,4516.306
296.47942183797704,0,1,1,-84.189,-577.73,2170.128,887.672,-1342.164,2895.207
163.9551409534303,2,0,1,159.661,273.286,-210.179,-102.232,167.534,204.954
307.00192911937165,0,0,1,78.04,47.997,283.913,108.539,-158.081,667.444
270.95656407037467,0,0,1,81.123,140.857,-105.821,-52.683,86.427,104.836
434.66813238302996,2,0,1,24.551,7.155,113.941,45.457,-64.535,240.476
653.30546072882,0,0,1,46.244,43.068,120.24,42.684,-62.327,328.504
2641.355945339827,1,0,1,-116.897,-897.718,3487.794,1422.523,-2148.869,4711.105
1510.363025443561,2,0,1,130.216,162.883,117.362,33.053,-41.93,596.175
33.97478272589228,0,1,1,49.886,86.747,-64.521,-32.293,53.675,63.629
776.3006432091765,1,0,1,29.916,55.645,-38.036,-20.932,33.621,41.449
1238.0463607453817,1,0,1,46.425,-100.735,772.97,310.143,-461.097,1272.471
138.43969087549,0,1,1,-254.393,-1419.674,5004.855,2054.129,-3107.036,6474.76
1527.3498133772548,1,0,1,-270.63,-1687.308,6186.556,2532.109,-3828.094,8148.232
105.0497273169748,0,0,1,92.19,162.222,-120.797,-61.079,98.227,122.773
467.67158510517635,2,0,1,32.824,58.183,-41.666,-21.549,36.284,41.807
202.30343737989477,0,1,1,11.972,24.506,-14.095,-9.127,14.992,17.314
220.23735168050501,0,0,1,63.8,113.997,-83.051,-42.948,68.873,86.115
136.89008133986627,1,0,1,63.619,109.651,-82.751,-40.849,67.803,80.783
1456.9272965547498,2,0,1,67.113,119.09,-87.982,-44.962,71.7,90.684
985.8890382910394,2,0,1,25.87,47.459,-32.498,-17.661,29.277,34.314
374.29401103087446,1,0,1,28.395,51.937,-35.72,-19.325,32.055,37.561
180.03159923054136,0,0,1,31.68,57.957,-40.294,-21.699,35.367,42.72
641.5630674482054,2,0,1,-98.819,-671.785,2502.855,1025.419,-1547.416,3325.884
1985.7624126455487,1,0,1,4.127,-451.408,2162.262,875.929,-1317.474,3167.689
2059.519481271195,2,0,1,77.03,136.657,-100.651,-51.491,82.587,103.446
438.1162902151343,1,0,1,-281.72,-1613.584,5738.086,2354.082,-3559.507,7454.224
1403.7907603076599,1,0,1,-246.847,-1484.838,5384.841,2205.191,-3335.107,7056.883
800.8157658823471,0,0,1,12.496,-27.064,193.034,78.914,-116.421,318.519
412.6385727490625,0,0,1,178.578,308.132,-236.548,-116.113,186.548,234.901
1903.9125762412373,2,0,1,50.602,90.609,-66.228,-34.266,54.347,69.189
255.1459853454651,0,0,1,9.666,13.027,-12.927,-4.545,9.139,8.425
1200.5361998855656,1,0,1,-418.582,-2506.787,9062.533,3713.236,-5613.631,11860.381
7.89270861968642,1,0,1,66.131,112.858,-86.428,-42.038,69.849,83.328
255.4352385407123,0,0,1,93.012,163.925,-121.397,-61.605,99.592,123.323
1074.9398414832467,1,0,1,-320.572,-1829.21,6497.319,2665.666,-4030.853,8435.674
1617.32531879787,2,0,1,-84.5,-722.586,2861.762,1167.115,-1762.365,3902.681
240.09712408363453,1,0,1,-2.326,-233.344,1085.834,440.716,-663.868,1579.242
145.4114969207924,2,0,1,9.779,15.962,-11.827,-5.575,11.022,9.698
1434.5042730344971,2,0,1,-377.065,-2164.378,7716.863,3164.202,-4785.743,10034.129
215.419034217545,0,0,1,-88.916,-616.462,2302.262,943.687,-1425.074,3068.46
190.50732754797983,0,0,1,13.648,26.683,-16.212,-9.837,16.669,18.449
1335.8224833437348,1,0,1,20.121,39.118,-25.612,-14.911,22.98,30.021
329.4127459918033,0,0,1,42.98,77.621,-56.346,-29.454,46.23,59.752
192.39327596135246,0,0,1,-205.082,-1250.603,4534.277,1858.655,-2809.516,5947.974
897.4078382025064,2,0,1,-30.52,-341.105,1390.341,568.398,-856.526,1927.563
1914.2100722136581,2,0,1,92.628,-40.887,801.772,316.989,-468.13,1464.047
368.43316861916213,2,0,1,20.794,1.953,115.578,46.267,-66.167,231.076
427.2919712990288,0,0,1,-100.624,-618.662,2236.802,918.056,-1387.875,2936.373
1001.0204491624418,2,0,1,11.86,23.908,-13.743,-8.795,14.965,16.297
95.08743568682604,0,0,1,65.14,115.15,-84.597,-43.186,70.21,86.033
365.685964703656,0,0,1,17.392,-45.222,331.86,132.616,-199.501,543.366
67.08542692720746,0,0,1,34.924,58.42,-45.411,-21.556,36.823,42.127
2196.452899089077,1,0,1,95.144,134.776,25.352,-1.787,8.664,346.895
323.83191672073957,2,0,1,60.818,50.906,146.765,55.974,-77.757,408.316
17.63676698816504,1,0,1,62.813,93.251,-54.731,-23.112,41.309,127.9
365.7069509463209,1,0,1,62.503,38.412,220.087,84.736,-121.079,518.487
1616.2365148920553,1,0,1,-48.327,-305.656,1130.264,461.998,-699.88,1495.911
59.94914506217912,1,1,1,222.197,375.882,-294.508,-140.871,230.208,283.317
151.57755792981848,0,0,1,13.305,-20.035,162.409,66.71,-98.194,276.901
299.2726620502272,0,0,1,50.54,18.739,232.488,91.002,-133.316,502.597
80.34325290897903,0,0,1,61.366,100.698,-78.689,-37.576,61.195,75.656
2116.735329267945,2,0,1,-4.879,-378.872,1774.742,718.138,-1081.671,2575.595
385.924631092989,0,0,1,-101.522,-755.9,2892.289,1182.516,-1786.384,3891.188
712.5205911248826,0,1,1,24.49,44.041,-32.808,-16.903,25.665,35.084
908.2579496194403,1,0,1,41.149,65.254,-46.879,-21.651,37.192,60.589
931.6339855519368,1,0,1,-247.285,-1448.498,5185.051,2126.838,-3215.868,6760.498
747.4956964779956,1,0,1,-242.774,-1392.248,4971.295,2037.489,-3082.775,6467.367
1353.314625818782,1,0,1,15.621,3.682,72.108,29.229,-41.033,151.231
1450.343339614985,2,0,1,-60.239,-471.767,1839.934,750.393,-1134.293,2491.934
881.4846838710033,2,0,1,-395.806,-2343.073,8428.566,3455.308,-5223.308,11007.547
1643.5631228244347,1,1,1,26.266,-195.551,1098.848,442.929,-665.331,1690.034
2042.839924500313,2,0,1,49.354,89.045,-64.43,-33.697,53.312,68.013
247.3192560057453,0,0,1,33.107,60.857,-42.601,-22.965,36.582,45.893
117.07348996036926,0,0,1,86.5,152.106,-113.545,-57.32,91.956,115.437
1022.6015621561288,2,0,1,-86.689,-589.795,2193.341,899.088,-1356.996,2914.797
430.68443691649946,2,0,1,98.138,-39.291,839.389,330.936,-491.081,1543.039
1093.6786544087797,2,0,1,20.68,37.256,-14.027,-10.172,15.452,49.781
2455.202464451634,1,0,1,-367.325,-2075.608,7374.947,3023.362,-4573.849,9568.575
76.65145427753211,1,0,1,50.465,84.941,-65.905,-31.49,53.073,62.038
57.9673641946393,0,0,1,69.505,118.671,-87.072,-44.477,71.05,89.451
8.725754972441514,0,0,1,48.913,77.33,-64.094,-27.701,46.981,60.847
1270.3337670454014,2,0,1,54.634,45.783,136.218,51.145,-71.359,371.314
574.2219759547955,2,0,1,-6.613,-159.171,684.766,281.054,-421.999,976.701
1173.2871076259626,1,0,1,63.892,113.776,-83.324,-42.868,68.745,86.04
1867.0136313897044,1,0,1,47.758,86.964,-62.003,-32.893,52.084,66.178
1722.6408860451875,2,0,1,57.572,90.835,-22.724,-17.108,28.971,155.34
75.22150255844609,0,0,1,39.274,62.954,-52.594,-23.365,39.395,46.745
649.154527293368,2,0,1,-49.791,-402.313,1551.553,635.561,-958.58,2099.529
1941.4676059835172,2,0,1,37.744,69.181,-48.987,-26.211,41.28,52.834
31.232636563863778,1,0,1,11.11,15.145,-15.688,-4.54,10.466,11.724
2349.5850124163117,2,0,1,30.049,-62.414,495.36,197.89,-296.783,822.78
622.8660702889082,2,0,1,-67.102,-441.117,1617.635,664.212,-1003.294,2140.824
402.6520466879067,1,0,1,31.917,58.914,-40.756,-22.164,35.608,43.977
131.92601974117886,0,0,1,-33.028,-369.207,1507.025,615.876,-927.457,2088.044
140.8693835408486,0,0,1,56.465,97.162,-73.44,-36.176,60.147,71.491
350.17263493556004,0,0,1,-76.521,-508.872,1880.662,771.16,-1165.765,2496.273
2076.846853632796,2,0,1,69.679,20.122,396.064,151.08,-223.764,806.842
757.6303154088691,0,0,1,0.428,-8.669,19.081,10.055,-13.783,24.514
582.6590328185175,1,0,1,-88.122,-670.36,2568.113,1050.771,-1585.849,3458.243
128.28179462143473,0,0,1,27.939,45.191,-36.605,-16.576,28.851,32.29
306.7452564020528,0,1,1,97.487,171.178,-128.08,-64.513,103.478,129.993
605.2319962612512,2,0,1,43.397,75.484,-55.907,-28.035,46.899,54.974
235.77067067432873,0,0,1,18.599,36.622,-22.528,-13.663,22.385,26.247
139.86793920537073,0,0,1,-25.609,-452.763,1958.617,797.466,-1200.327,2771.383
508.79358499182376,1,0,1,37.996,67.418,-48.426,-25.035,41.843,48.827
138.110770886843,0,0,1,56.741,100.412,-75.127,-38.103,59.885,77.674
1823.3771314061223,1,0,1,-239.023,-1534.318,5663.592,2318.174,-3503.499,7486.321
322.4282038700739,2,0,1,45.15,75.332,-58.999,-27.861,47.297,54.75
75.60729617254003,1,0,1,80.471,135.767,-105.756,-50.57,84.104,100.525
990.5048249939324,1,0,1,-53.878,-381.243,1424.629,584.516,-881.766,1900.392
168.05440814579202,0,0,1,116.09,200.537,-149.22,-75.402,120.566,152.01
1157.0375457774853,1,0,1,-291.256,-1632.979,5764.031,2365.739,-3577.712,7461.179
246.70095940496398,0,0,1,-128.193,-832.363,3075.362,1259.346,-1903.933,4072.121
811.0340603900362,0,0,1,62.81,59.801,154.202,54.585,-79.103,431.786
2150.16720125738,2,0,1,22.208,43.25,-27.965,-16.402,25.655,32.678
185.612923821936,1,0,1,44.435,31.089,131.62,50.89,-73.501,335.918
263.4148441254206,0,0,1,-34.96,-556.179,2392.614,973.289,-1467.227,3376.841
800.5709593214409,0,0,1,28.504,40.256,-18.935,-8.496,16.259,60.993
167.97152471771645,0,0,1,63.817,106.389,-84.127,-39.558,66.168,78.604
286.71696273473674,1,0,1,20.336,36.182,-25.368,-13.282,22.915,25.26
1968.1763881270347,1,0,1,-307.829,-1729.559,6133.234,2514.598,-3804.736,7950.874
74.70907376171758,0,0,1,28.959,47.939,-37.583,-17.608,30.482,34.18
1015.1167657900644,2,0,1,75.303,132.741,-97.96,-49.79,80.93,99.287
197.77345652457717,0,0,1,51.594,89.859,-68.598,-33.988,52.975,71.079
41.85506495774836,1,0,1,30.224,52.12,-38.707,-19.237,32.764,37.317
1119.191995610028,2,0,1,63.08,100.86,-68.744,-32.65,55.614,98.889
29.234928692674757,1,1,1,30.146,56.162,-39.008,-20.948,33.547,43.232
105.00410200528275,2,0,1,33.052,-47.246,413.897,168.935,-249.623,712.428
1924.1563219383993,2,0,1,-59.658,-461.206,1767.966,723.835,-1091.149,2381.073
443.3751122068674,0,0,1,-240.58,-1381.557,4918.645,2017.662,-3051.559,6394.589
71.98151322099159,2,0,1,44.84,3.444,301.193,116.345,-172.638,589.211
302.056108927606,1,0,1,11.934,22.843,-14.029,-8.319,14.596,15.259
316.8488245697062,1,0,1,49.533,89.146,-64.306,-33.604,53.778,67.336
1644.6491081784693,2,0,1,59.543,106.092,-77.879,-40.049,63.874,80.671
581.4551800204018,0,0,1,-109.191,-746.298,2815.644,1150.141,-1738.967,3756.477
1223.8234724539388,2,0,1,-71.064,-634.24,2537.524,1034.007,-1561.329,3473.584
223.0749751089753,0,0,1,65.147,115.462,-85.688,-43.662,69.31,88.37
259.7030840979827,0,0,1,24.747,2.662,154.768,60.105,-90.057,309.223
941.486707862434,1,0,1,-348.29,-2149.574,7848.167,3213.678,-4857.855,10318.17
2318.660083913669,2,0,1,46.882,84.919,-60.852,-32.067,51.035,64.385
271.20618034078916,0,0,1,-54.09,-447.727,1739.211,711.868,-1073.504,2358.953
556.3065564320432,1,0,1,17.917,26.947,-16.462,-7.52,14.245,29.903
146.99496442158642,1,1,1,9.983,20.05,-11.515,-7.351,12.627,13.531
180.2242196447853,0,0,1,-4.816,-277.978,1289.769,522.431,-787.394,1868.634
165.54581656708393,0,0,1,4.551,11.104,-4.185,-3.986,7.174,6.668
613.2423226106183,1,0,1,-52.741,-401.634,1535.254,628.561,-949.595,2069.468
1436.7097893517093,2,0,1,60.143,107.62,-77.965,-40.464,65.257,80.783
237.07588482133943,0,0,1,-204.906,-1169.136,4168.85,1708.616,-2585.731,5420.271
951.8829105448883,1,0,1,-82.4,-563.988,2097.95,860.215,-1298.58,2790.395
539.9938514115171,0,0,1,9.248,-54.129,332.102,132.218,-199.867,518.376
560.073378221768,2,0,1,18.64,23.89,1.648,-0.13,3.404,58.113
1482.1212635614572,2,0,1,16.462,-182.201,995.382,399.359,-600.72,1508.101
301.1559077359505,0,0,1,9.422,-127.606,665.366,268.238,-405.108,1001.981
869.0665491811869,2,0,1,-357.798,-2198.298,8026.495,3285.701,-4967.557,10549.248
347.7284625060187,2,0,1,5.57,11.461,-5.75,-4.032,7.718,6.668
120.75619235727234,1,0,1,227.704,392.049,-301.928,-147.147,237.78,299.216
286.1142212171476,2,0,1,16.445,26.51,-20.951,-9.534,17.497,17.821
293.0101477509143,0,0,1,78.636,38.447,325.224,126.029,-182.379,724.832
531.9687241732604,0,1,1,20.203,29.425,-26.362,-10.872,18.136,22.22
36.799907760837236,0,0,1,41.467,70.549,-53.587,-26.071,44.297,50.881
500.0656777941408,1,0,1,17.402,34.987,-21.84,-13.364,20.423,26.828
63.67538503625826,1,0,1,-54.229,-700.435,2956.9,1202.964,-1813.769,4138.492
1636.1454323204327,1,0,1,37.015,-31.884,414.554,162.707,-243.507,727.899
26.913664302380454,1,0,1,66.899,112.867,-87.625,-41.951,70.185,83.034
1592.7214226643928,2,0,1,-179.627,-1129.305,4149.168,1698.196,-2567.721,5472.054
1027.1161611574319,1,0,1,-173.579,-984.061,3487.479,1431.005,-2165.216,4525.996
791.4025001326426,2,0,1,-56.383,-399.502,1491.338,612.095,-923.733,1990.304
230.36798032388765,0,0,1,36.701,66.013,-46.802,-24.625,40.598,48.317
2148.6478309461936,1,0,1,-464.256,-2692.855,9637.91,3950.816,-5974.698,12552.928
1882.1709824908992,2,0,1,6.272,-142.45,733.062,294.684,-444.449,1093.579
1330.316629626784,2,0,1,-394.539,-2283.755,8156.679,3344.976,-5057.406,10615.434
221.3664146687546,0,0,1,64.351,114.687,-83.56,-43.112,69.588,86.117
109.70374576035431,2,0,1,163.946,278.441,-216.266,-104.164,171.045,208.532
687.0092217068392,2,0,1,53.196,87.837,-69.988,-32.521,55.084,64.226
300.11127390799527,1,0,1,46.019,84.343,-58.939,-31.718,51.042,62.984
188.92007436557597,0,0,1,-111.841,-827.888,3153.279,1290.377,-1948.373,4236.027
1485.0563546811402,2,1,1,-118.605,-968.58,3777.817,1543.698,-2329.609,5124.412
1083.4157957024113,2,0,1,34.77,62.957,-44.134,-23.471,38.746,45.918
46.45319436616239,1,0,1,67.777,58.066,171.692,63.651,-91.689,471.54
137.8389195186707,1,0,1,-103.096,-675.302,2487.585,1019.991,-1540.265,3291.466
610.4962305144331,2,0,1,-73.874,-476.198,1746.395,716.222,-1082.876,2308.859
259.65428601281354,0,0,1,74.781,131.214,-99.039,-49.68,78.64,101.032
753.3859957487324,2,0,1,26.534,48.979,-33.203,-18.223,30.215,35.335
2399.520668490252,2,0,1,41.583,51.95,55.971,16.177,-22.504,219.05
173.52334973232107,0,0,1,68.689,120.2,-90.067,-45.587,71.387,93.132
139.8254671936933,0,0,1,31.434,56.587,-39.747,-21.013,35.089,40.83
283.78510664002937,0,0,1,32.237,51.564,-42.786,-19.01,32.658,37.539
1713.8188291210172,1,0,1,42.214,76.53,-54.982,-28.963,45.8,58.396
244.28072238014568,0,1,1,-209.264,-1296.378,4736.904,1939.733,-2932.837,6232.653
1223.5011898511077,1,0,1,-71.837,-678.789,2725.346,1112.026,-1678.018,3743.194
704.5977534018549,2,0,1,29.107,52.525,-36.935,-19.558,32.404,38.198
1133.643734343229,1,0,1,-239.602,-1415.596,5082.076,2084.221,-3149.595,6631.25
77.35307286728218,2,0,1,23.116,37.859,-30.327,-13.54,24.215,27.506
213.24360202786332,0,0,1,33.274,-34.373,365.48,146.874,-217.373,637.762
46.06798283596277,0,0,1,22.629,38.825,-28.793,-14.25,24.654,27.357
284.6392889883286,0,0,1,-174.929,-1047.158,3792.018,1552.998,-2349.206,4966.863
162.04525576024204,0,0,1,24.671,46.472,-30.797,-17.374,28.377,33.869
243.39671424058167,1,0,1,69.741,120.331,-90.889,-44.895,74.198,89.035
319.52771078149425,1,0,1,60.592,103.994,-78.787,-38.682,64.5,76.345
34.94179680782503,1,0,1,38.3,68.209,-49.141,-25.457,41.939,50.124
1605.7819420634085,1,0,1,-312.549,-1949.724,7148.066,2925.816,-4423.05,9414.472
644.7410576245368,1,0,1,-262.09,-1601.327,5813.656,2382.551,-3601.293,7628.849
81.76775295095291,0,0,1,113.157,192.027,-148.954,-71.725,118.304,143.171
1648.454572473318,1,0,1,-158.894,-1073.21,4030.568,1647.269,-2489.93,5366.895
1667.9263297985658,2,0,1,94.469,166.208,-124.204,-62.703,100.27,126.538
316.86215840894135,0,0,1,1.894,-106.619,524.839,211.703,-320.014,775.821
1395.814300210782,2,0,1,-23.634,-260.94,1062.185,434.222,-654.754,1472.542
105.39321368844631,1,0,1,41.792,69.857,-54.442,-25.8,43.962,50.528
1363.9661430721435,1,0,1,-282.319,-1673.743,6042.985,2475.198,-3743.65,7901.787
1501.0156164400225,1,0,1,-39.51,-480.962,2025.414,823.184,-1242.222,2829.356
362.81774809842665,1,0,1,36.821,-42.798,430.171,172.629,-256.106,744.202
501.7462430534886,0,0,1,-48.198,-410.892,1631.353,664.803,-1004.49,2226.166
1708.039121076188,2,0,1,28.783,53.523,-37.518,-20.41,31.512,41.529
260.98203377504865,0,0,1,51.031,38.654,150.521,56.815,-82.694,386.702
60.821648745480296,2,0,1,29.555,-7.497,227.611,91.324,-135.294,435.47
143.65635184891377,0,0,1,121.385,212.121,-159.144,-79.732,128.908,159.998
577.8077951979772,1,0,1,10.275,-224.891,1114.08,452.377,-677.866,1653.616
1471.5984781861696,1,0,1,69.289,122.731,-91.258,-46.439,73.592,94.116
52.4161196536948,0,0,1,148.808,253.965,-194.048,-95.145,154.784,190.888
44.19820455181613,0,0,1,50.918,88.274,-65.958,-32.862,54.632,64.798
587.8367935083398,1,0,1,27.751,34.49,12.208,3.281,-0.88,102.515
175.21171083118946,0,0,1,-169.715,-1065.306,3912.657,1601.384,-2421.619,5159.7
411.3244181650462,2,0,1,34.694,60.092,-44.53,-22.24,37.584,43.336
0.0,1,0,0,14.792,-88.406,538.881,214.694,-323.224,837.221
1879.9111731785652,2,0,1,126.661,221.228,-166.851,-83.38,133.773,168.24
691.2134014789646,1,0,1,-209.842,-1311.811,4794.369,1964.279,-2969.114,6312.874
157.92852848939688,1,0,1,73.6,125.035,-96.568,-46.623,77.265,92.717
132.47972334356928,0,1,1,44.709,81.146,-58.4,-30.77,48.375,62.267
96.39279419069211,1,0,1,20.067,34.407,-25.358,-12.573,22.017,23.913
81.42193601963933,1,0,1,53.371,91.878,-69.392,-34.206,56.881,67.581
918.9612553623672,1,0,1,-46.898,-723.075,3098.218,1261.039,-1899.308,4365.122
424.1515008696049,0,0,1,-197.175,-1131.266,4017.305,1648.926,-2493.744,5220.111
821.9104708268213,2,0,1,-119.574,-1019.628,4017.689,1640.501,-2475.65,5472.056
353.6954461490169,2,0,1,34.281,59.508,-43.914,-22.013,37.244,42.829
2502.4174331684662,1,0,1,-149.904,-917.943,3359.411,1374.071,-2078.518,4417.471
932.5405398252594,1,0,1,93.619,165.024,-123.047,-62.279,99.476,125.713
158.88788509649186,1,0,1,33.478,58.897,-42.82,-21.859,36.612,42.675
259.473925516157,0,0,1,40.634,66.18,-53.995,-24.557,41.381,48.897
416.07344436351946,0,0,1,53.735,95.518,-71.152,-36.294,56.806,74.096
294.78489192728887,0,1,1,-62.165,-533.423,2105.23,859.482,-1298.08,2871.518
2375.3300734621835,1,0,1,-36.455,-502.002,2145.084,871.41,-1314.301,3013.193
277.168154004738,0,0,1,20.623,18.867,50.717,18.324,-27.728,144.656
32.08534186456479,0,1,1,56.302,94.479,-73.672,-35.036,59.014,69.122
241.30373977783296,0,0,1,39.402,60.122,-45.294,-19.704,33.847,57.884
597.834940878873,1,0,1,26.286,41.664,-34.986,-15.344,26.453,30.315
547.0186098645155,0,0,1,21.534,39.069,-28.904,-15.047,22.596,31.375
838.7617684570075,2,0,1,-145.627,-908.055,3305.553,1355.498,-2047.474,4345.771
122.83774306957888,0,1,1,67.385,118.806,-89.252,-45.046,70.987,91.757
148.75245004391155,0,0,1,58.718,103.166,-73.925,-38.914,61.143,78.675
927.0300731276391,1,0,1,-202.318,-1298.821,4789.094,1960.801,-2963.909,6330.913
1975.1194976889183,2,0,1,52.428,93.582,-68.923,-35.449,55.966,71.868
312.3516298241664,0,0,1,35.439,-87.291,639.065,256.63,-383.777,1047.404
268.143474751656,1,0,1,24.439,-1.705,143.887,58.761,-86.488,288.395
324.77003354555586,0,0,1,22.004,42.208,-28.214,-16.091,24.812,32.498
2667.20260959569,2,0,1,13.504,-95.182,555.671,222.309,-334.852,857.698
115.227234644339,0,0,1,63.476,111.241,-82.009,-41.483,68.578,81.865
253.7433318146812,0,0,1,-0.161,-153.88,707.486,288.719,-432.989,1028.131
1123.8073211499757,2,0,1,-128.583,-872.665,3267.327,1336.774,-2020.169,4350.258
132.5721177216295,1,0,1,13.861,22.716,-17.6,-8.199,14.887,15.373
160.7308848511543,1,0,1,37.016,64.071,-48.125,-23.378,39.873,47.461
706.7227709834202,2,0,1,-217.856,-1392.185,5115.487,2095.763,-3166.488,6752.941
843.9594197871003,2,0,1,127.511,221.543,-166.883,-83.043,135.38,165.959
1687.4565996119525,1,0,1,37.555,69.153,-48.365,-26.121,41.488,52.28
88.1609589851476,1,0,1,25.598,43.803,-32.544,-16.055,27.888,30.751
1081.6914829824796,2,0,1,-125.561,-858.188,3199.548,1311.019,-1979.981,4258.085
595.5044986728732,2,0,1,-166.99,-1288.547,4968.686,2030.951,-3065.671,6704.123
43.74342624729662,2,0,1,104.782,115.725,170.931,58.151,-79.872,593.42
9.690320257811218,1,0,1,37.586,11.816,159.979,66.543,-95.316,359.298
258.28171568118904,1,0,1,73.47,128.154,-95.386,-47.861,78.817,94.852
1571.4987237532648,2,0,1,75.266,133.501,-98.55,-50.36,80.505,101.414
375.8944792225617,1,0,1,17.255,32.486,-20.787,-11.917,20.523,22.307
1251.0543327984108,2,0,1,-202.823,-1314.197,4879.136,1995.211,-3016.259,6462.08
2197.273275719059,1,0,1,-108.743,-774.652,2946.319,1203.717,-1819.326,3948.012
656.7040399717922,2,0,1,-139.304,-1012.056,3843.459,1572.493,-2375.026,5154.703
720.1700040351968,2,0,1,-216.895,-1617.348,6218.578,2539.451,-3834.924,8367.881
68.9212548127465,1,0,1,38.879,64.906,-50.62,-23.953,40.904,46.855
817.7621244449218,2,0,1,-242.623,-1575.196,5816.783,2382.265,-3598.297,7693.522
49.490238326633765,1,0,1,116.752,197.404,-137.688,-67.763,110.16,183.019
988.6743002428851,2,0,1,-34.7,-353.192,1422.135,581.426,-874.983,1956.958
732.9647824585923,1,0,1,123.145,214.499,-161.315,-80.507,130.739,161.209
192.28355969595248,0,0,1,27.222,51.307,-35.131,-19.531,30.281,39.487
309.02451207777284,0,0,1,61.665,109.656,-80.241,-41.245,66.474,82.527
33.673011870508255,0,0,1,60.254,102.314,-78.526,-37.985,63.723,74.885
1107.4103708945513,1,0,1,-273.022,-1591.645,5701.716,2337.541,-3535.267,7432.417
91.31800152054659,1,0,1,36.454,62.604,-46.866,-23.13,39.296,45.013
972.027904481998,1,0,1,-56.221,-578.265,2373.295,965.866,-1457.839,3282.227
260.9088404417463,0,0,1,-86.413,-618.383,2349.854,960.489,-1452.122,3150.821
771.2715288170068,1,0,1,-66.504,-575.479,2284.478,931.588,-1407.096,3119.577
526.8990019876657,0,0,1,74.89,124.931,-78.513,-40.35,64.368,131.857
1246.3179888304448,2,0,1,30.097,-396.959,2105.163,847.487,-1273.432,3170.013
892.5325756604915,2,0,1,-32.855,-314.002,1246.804,510.427,-768.24,1707.621
307.3972303808567,0,0,1,-75.116,-621.629,2423.504,991.004,-1495.131,3289.654
2156.117687565372,2,0,1,41.383,76.332,-53.285,-28.844,45.756,57.751
1137.0667743866504,1,0,1,-224.178,-1284.893,4592.578,1881.702,-2846.921,5974.696
202.98606095202848,0,0,1,18.059,34.343,-22.024,-12.72,21.317,24.255
390.5248163891452,0,0,1,52.972,73.867,13.111,-0.727,3.471,193.929
735.545049268241,1,0,1,151.998,106.573,507.739,191.35,-276.372,1230.812
909.7650617426274,2,0,1,27.032,-250.88,1352.968,547.146,-819.194,2056.227
2411.6777972986883,1,0,1,-66.735,-412.338,1518.642,620.488,-939.382,2002.376
322.73441879124937,0,0,1,29.897,-73.355,532.429,214.333,-318.966,870.093
167.99405781706565,0,0,1,78.422,131.321,-103.475,-48.924,81.36,97.488
315.283474979446,0,0,1,-82.4,-539.422,2011.256,822.045,-1243.593,2669.983
167.51987017121797,1,0,1,6.043,-60.945,313.393,127.987,-190.265,472.172
533.2273012721421,2,0,1,4.318,9.18,-4.192,-3.189,6.292,5.052
462.3914090247382,0,0,1,-306.421,-1744.106,6196.515,2541.645,-3844.326,8045.248
82.14328587198335,0,0,1,43.575,69.595,-58.391,-25.812,43.617,51.619
1375.8922355752452,2,0,1,26.362,-38.435,346.511,139.036,-205.477,586.339
847.2933006333777,2,0,1,-210.971,-1547.75,5919.609,2418.676,-3652.784,7950.799
516.102297096649,1,0,1,58.787,103.768,-76.413,-38.92,63.268,77.574
584.4093086149707,2,0,1,-127.412,-1050.237,4106.653,1677.672,-2531.638,5575.272
1191.387687563763,2,0,1,-53.469,-476.058,1914.064,778.89,-1176.792,2622.294
282.45333358925484,0,0,1,53.616,62.41,43.172,14.32,-16.929,234.409
1526.1176843783476,2,0,1,-192.509,-1245.218,4617.898,1888.736,-2855.075,6113.683
2531.9230112736836,2,0,1,0.776,-192.634,937.938,377.811,-569.373,1373.426
1895.4576689207938,2,0,1,70.087,124.24,-91.66,-46.826,75.046,94.148
877.9157390504282,1,0,1,-207.085,-1257.424,4572.489,1872.346,-2831.457,6000.254
139.7368212363076,0,0,1,26.249,-31.019,311.738,123.595,-187.089,537.641
45.893928191665765,0,0,1,61.607,105.222,-80.249,-39.123,65.332,77.248
692.234087622772,2,0,1,69.071,-95.526,900.295,359.47,-534.879,1534.343
291.7805033151309,0,0,1,75.528,131.653,-98.226,-49.209,80.852,97.701
248.32588388706264,0,0,1,-306.216,-1811.045,6516.053,2670.961,-4038.592,8511.423
590.6901506013811,2,0,1,-412.517,-2345.399,8336.902,3418.862,-5170.814,10822.578
31.39142117230664,0,0,1,76.651,129.192,-100.579,-48.058,80.222,95.309
1340.8929307402798,2,0,1,-47.074,-407.886,1597.554,653.785,-985.397,2174.454
94.24888212297473,0,0,1,38.32,66.94,-49.385,-24.901,41.461,48.934
513.7679519869733,1,0,1,-18.589,-361.672,1571.088,640.099,-962.521,2227.389
2416.1067493180803,2,0,1,-21.215,-314.103,1367.186,553.743,-835.49,1928.181
287.37354229515995,2,0,1,81.841,139.705,-107.16,-52.103,86.27,103.53
1537.1866678861682,2,0,1,45.453,82.162,-59.324,-31.106,49.145,62.806
1832.4095400995593,1,0,1,-318.049,-2003.989,7362.968,3013.96,-4555.805,9709.564
1109.9438052705996,1,0,1,86.976,153.71,-113.799,-57.897,92.976,116.346
1092.3208992967232,1,0,1,-471.52,-2679.867,9522.177,3905.215,-5905.756,12358.496
13.263696302167034,1,0,1,110.877,192.269,-147.715,-71.079,116.425,149.115
0.0,1,0,0,-261.714,-1805.526,6793.384,2778.39,-4196.557,9058.842
9.44950511972083,0,1,1,42.821,66.263,-46.85,-21.145,35.132,69.424
1196.870639254892,1,0,1,-129.229,-855.211,3187.298,1303.7,-1971.1,4233.012
93.44660860209459,0,0,1,19.345,33.324,-24.449,-12.198,21.257,23.251
2747.8480691464624,2,0,1,20.179,-107.153,658.511,263.17,-395.84,1029.312
363.37856433951924,0,0,1,-232.637,-1325.205,4715.455,1933.484,-2925.325,6126.271
1057.8226833965173,1,0,1,-427.863,-2521.026,9059.21,3713.685,-5614.64,11824.664
169.42906766418204,0,0,1,14.573,29.953,-17.105,-11.153,18.325,21.131
236.4114278484647,1,0,1,30.299,48.844,-39.67,-17.888,31.274,34.767
642.9948521564219,2,0,1,-267.988,-1996.4,7664.219,3130.896,-4727.339,10309.03
1253.4093537584754,1,0,1,-289.059,-1609.369,5683.084,2331.069,-3526.931,7354.001
270.08313104441925,0,0,1,8.923,19.079,-11.655,-7.545,10.324,15.991
199.75770888443117,0,0,1,-48.794,-568.287,2348.825,957.995,-1443.445,3265.517
92.82814155211287,0,0,1,86.324,143.489,-114.413,-53.49,88.85,106.92
1409.904695959152,2,0,1,80.314,58.734,242.576,92.156,-131.264,609.617
1267.3872992245572,2,0,1,65.862,117.935,-85.788,-44.475,71.111,89.306
958.5958681421882,1,0,1,-27.679,-248.743,1006.112,408.942,-618.484,1381.379
250.3191341432845,0,0,1,12.003,-45.905,291.924,117.694,-177.515,467.822
30.173020653143716,0,0,1,160.541,272.3,-211.328,-101.946,166.768,204.511
719.1544910961684,2,0,1,-366.837,-2166.054,7795.196,3194.739,-4831.049,10181.733
987.5935486071113,2,0,1,2.992,-363.903,1732.347,702.68,-1056.786,2536.489
40.589341994533925,0,0,1,26.161,43.424,-33.728,-15.896,27.766,30.616
33.021019146389975,0,0,1,37.771,64.163,-48.78,-23.69,40.354,46.169
2488.8826134175138,2,0,1,138.171,212.208,-50.778,-37.101,64.96,374.809
2140.7096312473946,2,0,1,52.629,90.068,-49.718,-27.814,44.373,100.829
193.88802031730077,2,0,1,36.78,62.985,-47.582,-23.34,39.337,45.733
85.0428664392769,0,0,1,25.846,47.391,-32.082,-17.762,28.581,35.064
236.0223113566455,2,0,1,27.178,48.98,-34.175,-18.137,30.523,35.024
2384.0656125320224,2,0,1,38.299,-5.819,268.549,106.633,-156.165,511.894
898.8376382983138,2,0,1,8.054,18.088,-8.786,-6.71,11.086,12.367
1258.5199656557033,1,0,1,49.436,89.531,-64.137,-33.797,53.84,67.82
1587.9810272281422,2,0,1,33.896,62.376,-43.677,-23.565,37.414,47.183
2451.1847135980765,2,0,1,-172.423,-1062.884,3891.05,1592.074,-2408.063,5120.089
1358.8275420536577,1,0,1,-178.531,-1060.825,3831.569,1569.483,-2374.292,5012.972
953.2312948641184,1,0,1,-16.107,-435.715,1949.038,791.88,-1192.826,2792.008
2074.1739452198235,2,0,1,56.286,50.127,163.243,58.176,-84.283,422.25
270.02712404002705,2,0,1,50.177,84.164,-65.582,-31.184,52.653,61.42
801.579144009073,2,0,1,55.323,96.995,-71.816,-36.278,59.472,72.018
1699.141963858109,2,0,1,-179.479,-1123.72,4130.571,1689.942,-2555.575,5446.128
0.0,1,0,0,-105.105,-790.813,3025.149,1237.565,-1867.098,4067.675
126.63388734802722,0,0,1,24.144,38.61,-31.561,-14.087,24.895,27.227
1112.3884091992572,2,0,1,-427.515,-2455.102,8748.499,3587.856,-5424.941,11371.607
262.38671625068366,2,0,1,19.069,31.392,-24.449,-11.419,20.301,21.749
204.12770429848956,0,0,1,-270.658,-1517.662,5368.57,2202.196,-3331.743,6954.699
1297.537179045623,2,0,1,3.552,10.55,-3.127,-3.987,6.161,7.282
341.04725913832976,2,0,1,8.109,12.709,-9.916,-4.399,8.919,7.587
180.65789252020096,0,0,1,-18.356,-445.695,1990.818,807.343,-1217.905,2844.554
1950.6069728318066,2,0,1,46.098,83.641,-59.99,-31.646,50.074,63.765
35.333473787744026,0,0,1,72.322,123.938,-94.482,-46.213,76.541,91.696
2313.0375372191984,2,0,1,76.547,93.812,94.41,28.057,-37.645,387.679
109.97275608041404,0,0,1,53.673,95.833,-68.932,-36.215,57.12,73.128
2300.2752670486675,2,0,1,44.731,41.023,128.607,45.315,-66.084,335.12
252.47749738686244,0,0,1,77.532,27.296,372.496,145.099,-211.729,791.638
490.93000225470314,1,0,1,92.544,161.186,-120.832,-60.376,98.607,120.417
296.74727341490103,0,0,1,21.01,39.933,-27.229,-15.272,23.344,31.099
256.9783437568133,1,0,1,23.476,38.052,-30.771,-13.971,24.249,27.256
1104.9089493813362,1,0,1,-0.563,-269.651,1263.511,512.95,-771.817,1841.559
1057.615162797831,1,0,1,-258.237,-1655.857,6096.902,2497.007,-3772.564,8052.956
244.4211503107638,0,0,1,27.687,51.68,-36.123,-19.738,30.328,40.248
79.56790377309133,0,0,1,53.794,90.067,-70.356,-33.366,56.369,65.729
212.58197556630685,0,0,1,59.885,106.693,-77.802,-40.116,64.713,80.173
960.2017616321704,2,0,1,22.789,43.779,-28.919,-16.605,25.986,33.189
432.8595484085272,1,0,1,30.214,53.651,-38.43,-19.905,33.352,38.74
157.56998280672536,0,0,1,39.55,70.775,-50.251,-26.305,43.834,51.285
983.7064355587152,2,0,1,-123.913,-896.323,3421.213,1397.573,-2111.827,4591.184
2425.197936517831,1,0,1,-291.527,-1683.715,6031.475,2471.137,-3738.105,7855.0
790.8590105828971,1,0,1,88.57,127.658,-27.693,-18.237,35.214,242.516
34.04930327809004,0,0,1,21.553,33.777,-27.471,-12.326,21.468,24.017
1075.076127223738,1,0,1,-213.905,-1506.38,5691.36,2327.796,-3515.821,7607.17
784.9401619513984,1,0,1,-10.111,-254.547,1121.042,456.886,-686.436,1598.646
299.0753654612931,1,0,1,-3.313,-128.653,573.902,234.188,-350.737,822.038
353.59206473307114,0,0,1,8.609,-23.05,141.002,58.935,-87.094,231.09
82.82668600784012,1,0,1,113.319,196.903,-150.345,-73.485,119.095,151.495
314.9305013322042,1,0,1,21.906,22.877,27.848,10.213,-11.765,106.514
16.866074922307124,0,0,1,113.824,193.187,-145.771,-70.931,113.633,158.508
1939.3257094687524,1,0,1,82.526,48.114,345.235,129.669,-190.68,774.334
209.8672960359612,1,0,1,82.102,139.028,-107.92,-51.848,85.908,103.227
2226.2018519209673,2,0,1,-121.686,-805.567,3013.656,1231.485,-1862.523,4005.621
2244.4279454397665,2,0,1,78.516,138.904,-103.117,-52.452,83.616,105.909
1380.9282478050538,2,0,1,108.986,190.658,-142.8,-71.66,115.868,143.748
374.8859093410158,2,0,1,78.1,134.45,-101.934,-50.173,82.886,99.602
70.4326043387482,0,0,1,79.586,135.79,-104.29,-50.66,83.805,100.744
581.431029863961,0,0,1,-0.956,1.795,1.37,-1.024,-0.106,2.812
1103.8006790560264,2,0,1,-131.554,-919.503,3484.682,1423.536,-2151.359,4658.908
883.7307991574719,2,0,1,34.166,62.438,-43.484,-23.378,38.1,46.041
276.0557211486381,1,0,1,34.878,63.883,-44.691,-24.025,38.657,47.723
217.69883733480063,0,0,1,23.754,25.997,11.716,4.91,-5.122,92.42
453.0366567597303,1,0,1,123.328,214.987,-162.364,-80.953,130.242,163.121
974.015810203751,1,0,1,23.515,-38.548,321.909,129.973,-192.44,542.154
18.596676515114044,0,0,1,25.699,35.983,-30.999,-13.568,20.049,29.314
150.40042741274468,0,0,1,117.999,204.928,-156.239,-77.348,123.632,156.733
160.60173400226313,1,0,1,-0.214,0.537,1.78,0.149,1.338,-1.869
398.04459563937826,1,0,1,115.454,201.229,-151.186,-75.524,122.652,151.198
2808.6604612744145,2,0,1,13.833,-55.503,375.567,148.734,-224.143,596.064
285.50920711110723,1,0,1,115.615,185.748,-110.403,-55.558,91.072,214.77
113.24723981103104,0,0,1,27.099,48.882,-34.107,-18.115,30.417,35.032
455.3080320725567,1,0,1,52.506,18.833,242.355,95.1,-138.375,521.004
2391.9125346842998,2,0,1,10.145,-106.879,553.94,225.498,-336.814,836.683
0.0,1,0,0,82.065,138.87,-107.906,-51.789,85.816,103.126
1658.235994626728,1,0,1,37.527,-22.075,374.471,146.115,-218.028,669.94
2039.807461120825,2,0,1,112.075,196.495,-146.978,-73.942,119.135,148.593
50.168635431981606,0,0,1,35.669,64.229,-45.401,-23.942,39.55,46.894
1742.8951826859457,2,0,1,138.472,241.472,-182.439,-90.977,146.13,183.508
315.06687840499114,2,0,1,60.004,105.055,-77.595,-39.186,64.738,77.393
248.47489699597494,0,0,1,30.146,55.818,-37.585,-21.326,32.099,43.679
176.10358383056425,0,0,1,10.38,22.567,-12.062,-8.508,13.447,16.356
1235.2032632060009,1,0,1,41.651,5.371,267.589,102.874,-153.025,528.164
650.9565353010693,1,0,1,55.937,99.091,-72.122,-37.029,60.811,73.19
29.454155527735686,0,0,1,27.662,46.681,-34.434,-17.266,28.768,33.899
1421.8226088797476,2,0,1,-171.159,-1186.006,4462.122,1825.416,-2757.505,5953.493
592.2762286213633,2,0,1,-283.192,-1916.833,7175.232,2935.347,-4434.163,9546.267
30.397325983517703,0,0,1,77.11,130.678,-101.282,-48.723,80.778,96.94
2450.0376656791505,2,0,1,68.372,-44.021,686.682,269.4,-401.679,1226.11
377.1491640862516,1,0,1,76.451,134.757,-99.457,-50.547,82.159,100.798
22.974715646671893,0,1,1,142.733,241.208,-186.639,-90.333,147.117,181.566
90.15205862843136,0,0,1,39.606,70.905,-49.001,-26.519,42.786,52.45
691.0839713697648,0,0,1,12.305,17.147,-16.797,-6.162,11.457,12.038
844.9251138313953,1,0,1,16.499,-53.861,343.253,139.74,-207.925,551.27
495.35799383118285,1,0,1,32.82,59.71,-41.888,-22.361,36.432,44.107
6.223677379925875,1,0,1,67.881,101.793,-57.019,-25.361,45.195,138.486
599.6924593421724,0,0,1,73.2,115.446,-72.578,-34.937,59.554,126.555
1099.5727546066955,1,0,1,-431.5,-2474.808,8821.782,3617.255,-5470.351,11467.832
222.31237694691498,0,0,1,12.616,26.464,-15.301,-10.064,15.542,19.846
452.011617234016,0,0,1,44.325,69.995,-56.94,-26.174,42.091,53.508
1082.507288658231,2,0,1,-196.452,-1195.859,4335.737,1777.072,-2686.728,5687.633
291.8692241414249,0,0,1,-48.226,-520.221,2138.794,871.43,-1314.874,2965.139
1567.3936213627096,1,0,1,-47.773,-479.985,1955.766,796.773,-1202.87,2700.458
58.05631937835045,0,0,1,17.785,31.386,-21.997,-11.434,20.15,21.434
2056.512927472556,2,0,1,69.503,123.942,-90.971,-46.817,74.525,94.409
1322.4131215875157,2,0,1,12.733,26.442,-15.722,-10.111,15.371,20.205
116.70266534545723,0,1,1,-3.554,-93.503,398.447,163.888,-245.639,566.815
1007.2082529863542,2,0,1,84.914,-117.667,1129.9,449.02,-669.986,1924.324
327.1699632050847,0,0,1,73.311,84.658,73.691,24.342,-31.395,344.584
88.65237110592244,1,0,1,16.92,23.079,-16.968,-6.377,12.316,26.204
1716.7035480070272,2,0,1,-79.265,-685.738,2703.312,1104.36,-1664.438,3680.765
373.9583177716858,1,0,1,-83.426,-550.177,2038.18,834.816,-1262.262,2704.349
1893.2949014746828,2,0,1,-2.651,-170.932,772.42,315.182,-472.447,1113.524
1383.0775019500784,1,0,1,65.002,115.257,-85.252,-43.516,69.391,87.791
312.3651746949406,1,0,1,57.727,68.631,44.067,13.988,-15.135,246.614
799.9803068041772,2,0,1,-162.624,-1154.744,4362.231,1785.034,-2694.671,5831.772
584.7327390229909,0,0,1,33.477,59.644,-44.756,-22.806,35.035,47.105
341.37716251681957,0,0,1,95.239,167.799,-124.66,-63.162,101.644,126.857
98.91832104490696,0,0,1,13.391,26.326,-15.846,-9.704,16.445,18.17
79.18205311397739,0,0,1,55.886,100.116,-72.364,-37.631,60.737,75.058
1645.7052491083182,1,1,1,57.443,102.279,-75.472,-38.703,61.3,78.349
15.135042230638724,1,0,1,116.283,198.735,-154.423,-73.253,121.694,151.805
1646.1093248360894,2,0,1,-2.66,-207.424,944.187,384.874,-577.141,1363.699
1251.5448064046923,2,0,1,-161.641,-1114.697,4210.745,1720.318,-2600.023,5620.868
1430.6096698978815,2,0,1,-143.133,-850.987,3081.574,1261.471,-1908.758,4034.314
172.2762175101683,0,1,1,46.94,83.932,-62.193,-31.956,49.703,65.404
0.0,1,0,0,191.005,329.582,-251.133,-123.631,201.225,247.862
137.1288012643631,0,0,1,66.618,111.624,-87.912,-41.597,69.121,82.919
2416.026468876897,2,0,1,-39.796,-321.1,1234.781,506.15,-762.141,1667.247
298.6326374583761,0,0,1,-46.15,-377.273,1479.965,603.876,-912.864,2012.344
98.54954121604175,0,0,1,177.477,306.517,-231.827,-115.147,185.962,231.555
740.8933013143335,2,0,1,-98.105,-703.129,2655.409,1087.224,-1641.458,3553.425
537.9780328763744,1,0,1,182.957,316.906,-241.348,-119.251,192.31,240.355
308.20642219129945,2,0,1,24.958,39.476,-29.049,-13.177,23.397,34.488
21.0977159387468,1,0,1,111.172,192.11,-145.944,-71.398,117.804,144.41
1264.1693506885965,2,0,1,-36.052,-553.618,2372.757,965.611,-1454.783,3343.605
397.7039151193152,2,0,1,-14.785,-118.723,445.6,183.792,-275.544,597.262
189.87653105574927,2,0,1,52.279,89.416,-67.931,-33.21,55.62,65.405
1313.8644734553357,1,0,1,21.68,42.248,-27.636,-16.127,24.746,32.545
513.676507482796,1,0,1,54.315,97.778,-70.931,-36.986,58.598,74.624
140.11407498825898,0,0,1,21.273,41.663,-26.299,-15.679,25.07,30.708
1378.8273919678809,1,0,1,19.771,39.462,-24.616,-14.985,23.314,29.77
190.607211599371,0,0,1,67.837,119.567,-87.881,-44.738,73.234,88.765
689.0088902527516,2,0,1,-188.546,-1143.971,4135.99,1696.088,-2563.979,5420.931
60.88168377982458,0,0,1,36.163,60.459,-47.028,-22.306,38.117,43.59
1175.2832010182233,1,0,1,-382.989,-2099.649,7360.413,3021.425,-4570.747,9493.404
65.2697915594248,0,1,1,87.046,149.55,-111.698,-56.021,90.643,112.243
359.7701633904279,0,0,1,33.194,45.472,-16.108,-7.413,14.875,80.479
894.1839603719856,2,0,1,-159.073,-1240.547,4824.879,1968.777,-2973.006,6523.593
7.7352215620492,0,0,1,165.21,283.686,-219.761,-107.026,171.432,217.277
1459.0456452223382,2,0,1,-500.577,-2845.161,10115.858,4148.025,-6273.379,13131.231
106.39175833598927,1,0,1,37.175,62.01,-48.401,-22.879,39.099,44.739
321.0077806486469,0,0,1,0.333,-76.822,352.578,144.196,-217.833,517.582
297.07802257453636,1,0,1,111.306,193.732,-145.484,-72.599,118.428,144.947
1699.375122592334,1,0,1,-37.535,-454.563,1919.043,779.337,-1176.081,2680.513
301.8247022788821,0,0,1,-104.391,-818.343,3161.489,1292.609,-1950.59,4270.652
279.10475019726096,1,0,1,4.727,8.907,-4.68,-2.963,6.539,4.285
1030.2786768906476,1,0,1,15.168,3.55,65.796,27.118,-38.281,141.479
199.7824852050392,2,0,1,33.112,56.794,-42.545,-20.968,35.699,40.756
351.8928904321355,0,0,1,49.798,60.993,59.592,17.104,-25.298,251.089
1187.2535366622537,2,0,1,-128.575,-839.159,3104.31,1271.181,-1921.516,4112.51
41.65058962355447,1,0,1,138.678,236.752,-182.908,-88.228,145.302,178.012
555.4990099761663,0,0,1,37.95,67.71,-50.752,-25.906,39.725,53.547
566.5661840593395,2,0,1,55.834,98.976,-71.942,-36.979,60.759,73.051
705.0338826916852,2,0,1,-16.255,-532.487,2409.475,978.111,-1472.628,3462.331
245.274195096402,0,0,1,-59.157,-490.117,1905.007,779.64,-1176.221,2585.379
1175.6103289067332,2,0,1,-98.24,-823.233,3227.923,1318.707,-1989.845,4388.523
861.0537134701268,2,0,1,-9.188,-353.583,1619.498,656.347,-989.099,2335.335
693.630012045822,2,0,1,16.982,32.292,-20.684,-11.952,20.069,22.757
821.1341561733161,2,0,1,-65.577,-815.763,3406.26,1388.268,-2090.994,4751.495
1602.615920315056,1,0,1,83.187,147.14,-108.6,-55.363,89.172,110.999
810.4157112755918,2,0,1,-192.126,-1256.492,4649.597,1904.035,-2876.752,6157.855
18.471128336837843,1,0,1,38.618,66.24,-50.931,-23.707,41.205,50.276
255.94362099689172,0,0,1,0.376,-86.241,389.269,159.898,-239.258,565.897
106.96275649173637,0,0,1,194.334,333.873,-254.057,-125.369,202.708,252.233
1676.344677109869,2,0,1,-150.722,-1027.606,3869.049,1581.057,-2389.75,5157.732
168.98158810720903,0,0,1,25.584,39.107,-34.535,-14.377,24.975,28.595
1342.236291909803,1,0,1,-226.672,-1408.528,5137.138,2105.061,-3181.535,6757.063
962.804142974096,1,1,1,-120.912,-780.195,2865.92,1174.924,-1774.338,3785.076
316.5817391967273,0,0,1,38.312,69.857,-50.139,-26.553,41.442,53.928
225.81955249457727,0,0,1,22.813,29.598,-8.609,-3.545,8.622,57.108
979.4555542286785,2,0,1,-416.672,-2394.145,8541.884,3502.114,-5296.152,11107.687
341.02884417544095,0,0,1,69.887,123.273,-90.54,-46.135,75.466,91.567
118.33390526390856,0,0,1,44.638,73.625,-58.715,-27.246,46.215,53.771
492.44812818260124,1,0,1,86.611,152.945,-113.349,-57.604,92.533,115.761
1147.6049012763267,1,0,1,-351.798,-2006.751,7146.885,2930.054,-4432.129,9285.496
40.39460379277746,2,0,1,21.776,33.811,-29.452,-11.774,21.811,25.33
604.3498164967701,2,0,1,89.236,156.189,-116.127,-58.474,95.608,116.358
950.5346547542573,2,0,1,133.981,233.367,-175.512,-87.589,142.239,175.392
333.51009735927056,2,0,1,16.703,30.065,-20.321,-10.923,19.366,20.245
2578.2953763900973,2,0,1,30.101,32.591,71.308,23.461,-34.468,204.737
354.1283299935767,0,0,1,56.082,25.57,258.878,98.926,-146.187,562.398
2319.6409354532416,2,0,1,-33.18,-312.323,1238.939,507.039,-763.047,1694.821
444.1424293064949,2,0,1,239.612,413.86,-316.022,-155.586,251.643,313.213
2065.4414686703526,2,0,1,-103.76,-805.232,3135.393,1278.708,-1931.438,4239.17
116.47118689886231,1,0,1,67.534,115.371,-88.166,-42.959,71.445,85.069
112.54854537640385,0,0,1,-40.505,-369.704,1457.423,596.708,-899.385,1992.042
156.2211339045072,2,0,1,32.463,55.372,-41.904,-20.465,34.755,39.922
82.73698628146592,1,0,1,45.234,75.92,-59.059,-28.115,47.535,55.311
1486.9043129686006,2,0,1,85.683,150.861,-112.525,-56.887,91.085,114.677
464.1566836862093,1,0,1,32.865,-38.517,399.481,158.931,-237.917,691.882
466.19213592897904,1,0,1,88.114,153.29,-115.123,-57.421,93.777,114.566
1584.3922787209856,1,0,1,-458.331,-2650.29,9470.649,3883.022,-5871.407,12325.942
288.8924000642704,0,0,1,-3.375,-66.179,271.944,112.447,-170.112,387.387
1407.5961786254893,1,0,1,-46.277,-644.745,2756.492,1119.955,-1688.606,3872.607
161.50606721155768,0,0,1,45.81,83.531,-58.843,-31.416,50.555,62.478
698.4920312717214,2,0,1,-304.308,-1888.892,6899.166,2825.814,-4271.198,9075.959
325.6951812862644,0,0,1,45.963,17.693,226.733,87.069,-129.098,482.826
2402.3943084097036,2,0,1,74.062,49.933,280.835,104.316,-152.573,651.636
50.304854141299714,1,0,1,17.512,31.223,-21.627,-11.404,19.944,21.44
446.0809512914836,1,1,1,-197.42,-1374.681,5192.087,2122.463,-3206.976,6935.224
625.159375896723,1,0,1,-81.421,-682.61,2687.021,1096.641,-1655.884,3657.115
8.921916416742683,1,0,1,142.775,226.713,-145.283,-67.92,116.024,252.557
89.48383350638629,0,0,1,81.884,143.127,-105.083,-53.766,86.346,107.851
130.85324916302952,0,0,1,45.344,82.069,-58.057,-30.742,50.068,60.747
272.27394716076043,0,0,1,-46.429,-384.552,1511.356,616.745,-932.136,2056.967
1432.7400182684214,2,0,1,-182.204,-1137.547,4145.379,1699.542,-2568.23,5453.934
1898.6954657681365,1,0,1,70.558,104.956,0.324,-9.349,18.363,230.655
245.2583949554063,0,0,1,-69.028,-584.33,2301.601,939.584,-1418.984,3135.568
90.47708441040157,0,0,1,0.764,-0.422,0.674,0.476,0.341,-1.846
54.65894331811663,0,0,1,72.939,122.498,-92.872,-45.761,74.272,91.771
55.38366205516428,0,0,1,23.465,38.929,-30.177,-14.225,24.968,27.301
228.7355883939179,0,0,1,18.76,-28.625,255.562,101.169,-154.287,433.529
1778.2746380773465,1,0,1,52.064,93.946,-67.92,-35.539,56.285,71.675
1761.0271983599555,2,0,1,-69.094,-506.87,1920.234,786.532,-1186.081,2572.519
206.35830488993292,0,0,1,36.724,66.848,-46.855,-25.034,40.787,49.37
649.7522810133678,2,0,1,-279.581,-1666.491,6005.503,2461.952,-3721.949,7852.026
1005.2996423324948,2,0,1,-210.924,-1307.103,4789.057,1959.741,-2963.443,6304.37
97.71563061431792,2,0,1,74.034,122.583,-99.017,-44.916,75.939,93.046
318.26912031834803,0,0,1,20.039,39.375,-25.426,-15.029,23.056,30.266
194.10448690871254,0,0,1,25.542,47.595,-32.41,-17.894,28.784,35.377
301.40091204975664,0,0,1,-11.91,-361.919,1622.631,659.746,-993.348,2328.438
395.0074261526724,0,0,1,-241.35,-1453.991,5257.365,2154.878,-3257.461,6884.824
141.71725408081582,0,0,1,28.092,52.936,-35.461,-19.911,31.963,39.3
395.87558106041917,1,0,1,-7.431,-95.338,379.098,156.643,-235.113,526.267
860.662157451488,2,0,1,53.845,53.21,116.17,41.003,-59.048,346.611
284.8184101686998,0,0,1,76.738,135.054,-99.92,-50.662,82.337,101.082
429.29102630788503,1,0,1,36.078,63.172,-46.158,-23.415,39.375,45.642
670.6843774650355,1,0,1,-21.748,-237.055,955.939,391.585,-589.373,1320.954
927.0691886604102,1,0,1,-352.106,-2086.776,7508.66,3078.209,-4653.241,9807.836
431.12508937048796,2,0,1,4.952,9.104,-5.009,-3.025,6.703,4.399
326.21043388573486,0,0,1,1.275,-2.57,-3.754,0.872,-1.639,-0.484
439.29722293438704,0,0,1,-119.725,-796.236,2956.15,1210.715,-1829.712,3924.479
89.99418969209513,1,0,1,60.418,101.828,-79.128,-37.833,63.369,74.845
337.7001072359281,2,0,1,56.968,82.644,-19.636,-12.543,25.343,149.78
570.3081933519213,2,0,1,58.546,95.906,-68.885,-32.958,55.658,84.286
719.0236212800871,2,0,1,-278.308,-1722.872,6295.968,2577.969,-3897.19,8281.883
136.06182047881393,0,0,1,27.867,50.879,-35.06,-18.922,31.432,36.759
262.9096447050122,0,1,1,34.311,-49.101,473.938,187.447,-281.179,806.385
231.20212869377931,1,0,1,31.142,51.291,-40.399,-18.803,32.735,36.402
780.3438430318323,1,0,1,53.674,96.606,-69.876,-36.475,58.1,73.327
471.7557739068903,2,0,1,3.27,6.865,-2.653,-2.216,5.216,2.774
338.27511615655743,0,0,1,45.589,81.696,-58.726,-30.618,49.829,60.709
645.8486946903967,2,0,1,-121.37,-836.834,3131.085,1282.397,-1936.183,4170.731
2360.216366660287,2,0,1,-8.519,-287.411,1313.668,532.063,-802.255,1891.798
205.48860355326516,0,0,1,-25.981,-228.058,911.41,371.243,-561.624,1248.615
164.8239237681648,1,0,1,77.126,136.877,-100.654,-51.542,82.812,103.414
54.22784052753864,0,0,1,4.888,9.315,-4.824,-3.11,6.8,4.533
629.7373731853254,2,0,1,-104.952,-742.516,2796.676,1145.067,-1729.402,3738.409
831.432317998341,2,0,1,50.372,89.331,-64.902,-33.379,54.826,65.947
1039.3859281770683,2,0,1,-284.873,-1732.285,6300.915,2580.172,-3901.494,8269.147
779.885608108717,1,0,1,-115.673,-740.036,2708.534,1110.882,-1677.799,3572.847
945.2179400086596,2,0,1,-16.46,-339.87,1504.814,610.705,-921.061,2144.761
463.21055583986765,0,0,1,10.924,-367.052,1813.388,733.396,-1103.302,2682.554
197.77279955903447,0,1,1,22.328,40.812,-26.994,-15.321,24.255,30.405
1902.4882333886558,2,0,1,52.223,94.108,-67.797,-35.487,56.725,71.143
62.19471498003054,2,0,1,79.289,139.725,-104.362,-52.244,84.453,106.862
293.9300800707652,0,0,1,-120.193,-792.437,2943.286,1204.7,-1821.223,3905.522
271.94027597814886,0,0,1,17.267,33.588,-22.298,-12.901,19.437,26.361
176.04732784596882,0,0,1,41.298,72.252,-50.541,-27.08,43.018,54.155
1798.238413262754,2,0,1,71.29,126.946,-93.477,-47.982,76.248,96.911
263.88023736112973,1,0,1,7.018,-2.844,45.169,19.183,-26.657,84.399
966.8301414854974,2,0,1,-252.009,-1670.916,6225.826,2546.993,-3848.876,8265.03
1151.4984351370438,2,0,1,52.692,94.66,-68.201,-35.601,57.354,71.046
289.8848746889561,0,0,1,25.333,39.923,-33.727,-14.679,25.431,28.948
759.428795906856,2,0,1,-16.934,-359.363,1579.385,642.461,-967.644,2248.969
74.40014649807016,0,0,1,45.985,78.299,-59.638,-29.007,48.945,56.889
2269.518612087128,1,0,1,-61.337,-680.744,2811.774,1145.305,-1727.595,3903.91
1282.9316915997213,2,0,1,73.993,130.569,-96.195,-48.973,79.608,97.621
64.57509713511533,1,0,1,118.216,201.204,-155.406,-75.157,123.919,149.927
96.27216742302376,1,0,1,65.027,113.313,-84.36,-42.287,69.791,83.694
821.3387188868015,2,0,1,12.76,-188.869,959.26,389.5,-583.752,1437.381
948.699412182214,1,0,1,-44.806,-401.277,1603.585,653.73,-987.731,2196.945
554.9161800525851,0,0,1,20.41,15.718,43.364,17.507,-23.565,125.998
109.07723353327441,0,0,1,23.646,42.751,-29.519,-15.781,26.782,30.252
1663.0303459310405,2,0,1,64.036,1.061,408.18,160.692,-234.987,797.238
342.2054249904027,0,0,1,1.245,-2.473,-3.255,0.956,-1.221,-1.168
148.39758223190867,2,0,1,80.152,65.141,208.135,78.979,-112.099,562.886
214.86007781848008,0,0,1,36.024,64.85,-47.645,-24.711,38.323,50.579
34.24857149357838,0,0,1,57.595,96.28,-74.463,-35.8,59.406,71.147
38.09718682042931,0,0,1,101.399,174.138,-132.935,-65.114,106.981,129.864
2079.6670139043977,2,0,1,61.913,110.774,-80.569,-41.742,66.893,83.706
2143.1192563647455,2,0,1,36.991,-170.043,1078.235,430.608,-646.315,1695.516
302.9864354756945,0,0,1,-81.177,-479.423,1715.411,704.114,-1065.85,2241.665
80.1701214131765,0,0,1,55.72,93.28,-72.845,-34.545,58.412,68.011
32.12776561490645,0,0,1,18.597,31.686,-23.279,-11.488,20.558,21.513
1232.0600891751478,1,0,1,25.244,-143.075,856.849,343.613,-516.184,1334.243
156.04023646346334,0,0,1,106.854,176.46,-138.716,-66.08,106.953,133.698
30.049310922060815,1,0,1,22.608,42.095,-29.683,-15.347,25.083,33.322
678.3245167342197,2,0,1,52.958,93.909,-68.218,-35.084,57.652,69.296
62.72925854758856,0,0,1,43.873,72.323,-57.703,-26.757,45.42,52.787
44.45794346833261,1,0,1,104.652,177.721,-138.474,-65.643,109.435,134.171
947.8956725605975,1,0,1,-349.604,-2007.283,7146.694,2931.55,-4432.163,9287.236
1030.6962977581272,1,0,1,-125.491,-794.263,2927.639,1197.729,-1811.175,3865.765
207.49878837246928,0,0,1,65.591,117.13,-85.35,-44.111,70.821,88.391
521.1408790325848,2,0,1,25.408,45.967,-31.867,-17.017,28.651,32.813
1822.3136265113355,2,0,1,59.657,106.398,-77.778,-40.099,64.248,80.497
608.0964596776586,1,0,1,47.904,48.823,105.724,36.473,-53.113,313.307
582.8568535861818,1,0,1,37.604,61.094,-50.024,-22.669,38.211,45.164
1766.4952677804667,1,0,1,-68.979,-426.829,1539.696,632.583,-954.4,2017.577
995.3998541384055,1,0,1,35.945,-111.811,781.174,311.829,-467.756,1258.831
23.205412786779203,1,0,1,115.481,200.096,-153.696,-74.475,120.988,154.65
232.06246462034443,2,0,1,25.475,41.826,-33.561,-15.015,26.585,30.692
815.6747609256088,2,0,1,-154.065,-1046.186,3903.856,1598.653,-2413.661,5190.758
757.5197919343123,2,0,1,25.736,-210.423,1153.595,466.409,-699.447,1765.109
207.88018513956064,0,0,1,24.277,44.048,-30.241,-16.259,27.591,31.135
34.97446005587262,0,0,1,66.862,106.981,-85.319,-40.106,63.852,82.123
241.11402569279713,0,0,1,-144.659,-944.675,3494.354,1430.98,-2162.624,4628.396
1364.1274052022886,1,0,1,-260.141,-1605.669,5853.658,2397.909,-3625.019,7695.38
1939.6241478443214,1,0,1,19.074,-132.796,768.402,308.226,-463.868,1186.423
238.58646696730113,1,0,1,21.898,37.489,-27.68,-13.695,24.004,26.04
276.44133119817053,0,0,1,-57.244,-423.405,1622.543,662.892,-1002.362,2184.248
202.76770983093314,1,0,1,43.487,76.763,-55.822,-28.58,47.438,56.113
405.16072206100125,1,0,1,94.493,164.636,-123.399,-61.682,100.677,123.062
881.7684449779567,2,0,1,27.239,51.422,-33.954,-19.223,31.402,37.445
494.717416395953,2,0,1,130.046,224.185,-170.572,-83.948,137.327,167.752
957.6613968976004,1,0,1,-82.732,-830.117,3378.864,1376.848,-2077.211,4661.399
227.85627256357137,0,0,1,34.439,55.895,-45.835,-20.74,34.961,41.333
1908.014251014595,2,0,1,-89.613,-562.777,2045.012,839.363,-1266.869,2687.778
121.43166381480424,0,0,1,129.747,217.866,-170.037,-81.522,133.176,163.841
142.14468492486245,0,0,1,9.48,13.642,-12.144,-4.718,9.646,8.366
962.5340636320561,2,0,1,42.088,76.357,-53.809,-28.599,46.586,56.466
390.5212423232786,2,0,1,116.454,163.482,-3.535,-11.915,28.516,366.016
1121.4511900528182,1,0,1,-255.421,-1625.18,5990.378,2451.529,-3705.786,7911.228
1123.1803394321205,1,0,1,-336.703,-1904.597,6744.575,2767.6,-4185.772,8745.189
69.37555890582063,0,0,1,50.974,88.725,-65.845,-33.014,54.942,64.97
917.0228607703195,2,0,1,131.017,165.771,104.701,29.282,-34.669,582.059
565.21311434617,1,0,1,22.9,41.232,-28.541,-15.186,25.939,29.003
1263.4857531649193,1,0,1,90.811,159.917,-119.066,-60.247,96.718,121.222
224.08450137268335,1,0,1,94.793,150.978,-77.546,-40.988,67.074,196.819
2352.073493457934,2,0,1,33.944,-107.862,759.502,302.173,-453.247,1220.507
26.769106220148497,0,1,1,27.446,46.159,-35.558,-17.022,29.113,33.178
66.7408871770896,1,0,1,48.15,85.753,-62.644,-31.764,52.276,64.744
511.19003734984534,0,0,1,51.59,90.659,-68.767,-34.473,53.885,70.668
208.5607243424111,2,0,1,65.583,111.472,-85.638,-41.448,69.232,81.946
1148.4613341812444,2,0,1,71.362,47.926,228.214,89.418,-128.147,569.555
160.2823270111784,1,0,1,22.532,40.681,-28.015,-14.977,25.61,28.553
601.6754705372986,1,0,1,72.581,29.73,359.51,137.065,-202.576,763.095
338.2170416203228,0,0,1,-7.636,-113.447,485.639,197.55,-299.207,687.288
165.1450325460382,0,0,1,14.485,-3.725,92.539,38.342,-55.096,177.976
702.0940446469788,2,0,1,-322.402,-1893.837,6791.368,2784.95,-4209.791,8857.164
125.85648170488686,0,0,1,-35.832,-480.306,2038.473,828.52,-1250.603,2858.305
630.6527774985053,2,0,1,-321.26,-1913.032,6896.235,2826.673,-4272.418,9013.729
855.9777126411736,2,0,1,-126.996,-936.281,3584.734,1464.645,-2212.633,4818.96
1433.4103799100872,1,0,1,13.485,27.515,-17.007,-10.578,15.844,21.439
260.2915680624933,1,0,1,92.199,36.54,453.575,173.77,-256.053,962.926
264.3565052314428,0,0,1,23.881,37.47,-31.737,-13.74,23.987,26.982
219.93140423451948,1,0,1,45.374,81.196,-58.079,-30.307,49.9,59.612
1536.1497070944097,2,0,1,22.364,43.252,-27.855,-16.279,26.041,31.981
102.52649507870879,0,0,1,25.193,44.201,-31.836,-16.274,27.874,31.264
3.095583005488993,0,1,1,53.152,87.062,-70.57,-32.345,54.297,64.465
932.4638932584983,2,0,1,-114.291,-929.823,3625.148,1481.219,-2234.378,4913.424
93.96632201011879,0,0,1,78.397,135.272,-102.197,-50.477,83.386,100.137
284.1113258752115,0,0,1,22.108,42.3,-28.429,-16.139,24.83,32.667
1751.249288404091,2,0,1,-172.231,-1084.689,3994.58,1634.104,-2470.984,5271.021
165.26320080338593,0,0,1,14.55,28.949,-17.125,-10.684,18.032,20.001
420.45434897020476,1,0,1,28.505,45.92,-37.316,-16.812,29.42,32.659
179.60342318148648,1,0,1,111.508,187.767,-147.301,-70.124,115.775,140.213
581.2771145385118,1,0,1,-55.865,-406.399,1527.543,626.705,-945.188,2043.622
242.2036439360825,0,0,1,-109.92,-730.671,2701.725,1107.661,-1672.699,3581.899
122.99556948226294,2,0,1,-25.822,-268.176,1090.872,445.506,-672.665,1511.351
153.64847227066215,1,0,1,40.77,69.502,-52.672,-25.696,43.596,50.174
246.05195876119473,1,0,1,34.67,60.7,-44.26,-22.469,37.924,43.678
2343.844879271777,1,0,1,-406.64,-2314.769,8238.381,3377.633,-5109.253,10700.043
123.65222182895066,0,0,1,74.034,120.916,-95.031,-45.29,72.762,92.008
2349.9109075343476,1,0,1,-21.965,-163.685,640.185,260.273,-394.572,866.414
1208.6019186369208,2,0,1,-47.843,-520.432,2134.648,870.505,-1312.781,2958.655
705.9797043165335,1,0,1,28.27,41.807,-24.704,-11.135,20.737,50.567
743.2415720003578,1,0,1,14.18,29.261,-16.945,-11.0,17.585,21.25
424.46218068916954,1,0,1,74.058,131.041,-96.896,-49.376,79.204,99.264
610.461082994755,2,0,1,-58.175,-460.923,1775.829,726.95,-1095.938,2397.839
867.729336327477,1,0,1,75.597,133.486,-98.243,-50.066,81.388,99.777
796.783689373742,1,0,1,-12.189,-243.321,1056.309,430.624,-648.95,1502.026
1634.4845104507867,2,0,1,-289.915,-1920.491,7164.366,2929.873,-4427.52,9511.446
780.6331036420688,2,0,1,-32.866,-395.623,1633.823,667.167,-1004.571,2273.455
1132.375447210104,1,0,1,-511.981,-2839.983,10018.483,4109.332,-6216.528,12953.623
2349.1684081057924,2,0,1,-156.992,-918.059,3310.906,1355.278,-2050.674,4323.584
1415.8023821253587,2,0,1,-50.368,-372.682,1445.804,588.821,-890.347,1948.547
596.6052229132563,2,0,1,-139.504,-905.455,3330.746,1365.464,-2062.296,4402.952
894.2851567937281,0,0,1,27.893,44.468,-9.078,-7.928,12.021,81.654
152.75292356186384,1,0,1,83.849,141.554,-110.197,-52.736,87.653,104.856
29.89703017428205,2,0,1,17.351,31.088,-23.754,-10.264,18.889,26.218
1049.2510678490773,1,0,1,-322.751,-1774.233,6233.564,2557.872,-3870.262,8047.349
1668.13230889856,1,0,1,42.15,70.93,-30.122,-18.757,30.038,95.424
38.15920096624769,0,1,1,22.8,36.585,-29.823,-13.369,23.519,25.902
587.041237140897,1,0,1,31.007,56.215,-39.203,-20.918,34.709,40.756
233.19074345247597,1,0,1,42.685,39.005,88.445,32.948,-44.853,263.009
790.035578015212,1,0,1,-117.465,-892.352,3435.351,1403.721,-2120.203,4631.609
443.789731951021,1,0,1,-99.538,-629.495,2296.089,941.895,-1423.075,3024.964
98.08304498207161,0,0,1,29.094,47.39,-38.171,-17.438,30.071,34.133
2393.4294926256193,2,0,1,33.011,-156.037,979.249,391.513,-587.921,1538.534
2115.8278191572917,2,0,1,-181.797,-1255.639,4741.702,1937.563,-2927.825,6329.102
662.4868459645993,2,0,1,57.305,-105.296,862.122,345.741,-514.621,1439.493
206.73478911039473,0,0,1,-108.803,-719.717,2659.459,1090.21,-1647.797,3527.324
1124.8122741581285,2,0,1,-263.091,-1727.137,6426.288,2628.429,-3972.452,8522.324
1806.1593801238137,1,0,1,39.766,-85.567,693.736,274.872,-411.779,1143.452
1510.6395584310808,1,0,1,21.552,41.857,-27.472,-15.962,24.569,32.172
1105.8426662710729,1,0,1,97.068,170.199,-127.914,-64.234,102.629,129.831
196.83029005529272,0,0,1,132.395,229.707,-173.447,-86.119,140.336,172.227
388.77979850401726,2,0,1,48.568,85.771,-62.445,-31.969,52.898,62.901
0.0,1,0,0,-161.784,-1279.89,4974.323,2031.513,-3066.926,6731.141
1235.429753346688,1,0,1,7.041,-15.475,97.936,41.3,-60.059,161.722
154.6218828157319,0,0,1,38.003,68.845,-48.63,-25.788,42.001,50.94
416.6215010557744,0,0,1,62.085,76.041,65.799,19.524,-26.508,300.679
243.63049270420623,0,0,1,-1.445,2.868,3.765,-1.113,1.406,1.375
109.5442829081434,0,0,1,16.501,29.132,-20.358,-10.599,18.746,19.806
374.6376948796863,2,0,1,19.038,23.524,3.897,0.963,2.136,61.827
136.38652686480307,0,0,1,57.564,101.403,-74.225,-37.83,62.445,74.621
51.69641888876228,0,0,1,106.866,180.409,-139.364,-67.486,110.213,135.376
890.0336906324657,1,0,1,24.717,46.943,-31.046,-17.652,28.346,34.756
165.79310739492726,0,0,1,-81.062,-606.507,2310.536,945.978,-1427.901,3105.811
1365.4619014587454,2,0,1,-130.847,-961.126,3673.824,1501.402,-2268.041,4936.052
202.55871460076906,0,0,1,-16.881,-228.21,939.947,384.2,-580.487,1311.256
1776.403778263164,2,0,1,29.875,14.605,153.287,56.869,-84.6,323.24
1154.382442599765,2,0,1,-73.859,-713.249,2867.731,1170.656,-1765.519,3942.274
1916.0671967665721,1,0,1,33.007,-81.263,627.398,248.73,-372.893,1024.708
802.0213600258691,1,0,1,-109.604,-811.73,3098.399,1267.239,-1913.937,4164.529
1170.5862173165067,2,0,1,108.691,191.111,-141.982,-71.809,116.168,143.777
656.5551622396077,2,0,1,13.976,-171.773,887.939,360.331,-539.33,1336.184
320.1048351130672,0,0,1,30.489,-50.326,451.79,179.092,-268.695,761.249
833.9267087244882,1,0,1,113.261,191.42,-124.044,-63.835,103.044,188.18
194.63467652588207,0,0,1,-35.81,-360.421,1443.59,590.778,-889.952,1986.617
931.9988234696461,2,0,1,53.878,-228.186,1430.188,575.292,-860.947,2258.953
1312.4784940943812,2,0,1,56.509,100.946,-73.311,-37.953,61.223,75.794
172.75355021825578,0,0,1,22.358,40.822,-27.776,-15.076,25.538,28.854
311.56599668309127,0,0,1,126.785,221.447,-166.575,-83.331,134.299,167.617
2300.764497933303,2,0,1,-84.776,-580.243,2161.974,886.083,-1336.931,2874.354
69.64437506785434,1,0,1,31.55,-31.714,334.283,136.587,-201.793,594.151
2513.123007884477,2,0,1,76.713,90.989,107.13,33.375,-45.469,406.365
555.7526821420598,1,0,1,-40.069,-559.561,2385.984,970.131,-1462.547,3351.608
296.5014006595183,1,0,1,70.442,124.169,-91.638,-46.575,75.704,92.877
20.818048681223512,0,0,1,63.403,104.444,-84.105,-38.849,64.974,77.492
178.6680498785082,0,0,1,155.499,268.888,-203.973,-101.418,161.769,205.532
32.0300397230834,0,1,1,74.592,125.438,-97.804,-46.607,78.068,92.265
222.24019671444447,0,0,1,53.236,93.134,-68.779,-34.712,57.478,68.458
863.6924903076123,2,0,1,-1.232,-180.446,823.579,336.12,-505.2,1195.999
1616.0496893578515,2,0,1,49.206,89.339,-63.635,-33.688,53.826,67.413
13.433389977818951,0,0,1,139.478,234.955,-185.409,-87.374,144.27,177.829
564.5578236806517,0,0,1,127.037,211.962,-167.75,-79.379,129.605,160.039
199.97464915151718,0,0,1,-78.972,-475.051,1718.33,704.169,-1066.148,2254.007
1144.7712200703988,2,0,1,-297.51,-1782.774,6439.205,2639.103,-3989.529,8426.235
220.80933111256928,2,1,1,33.959,57.138,-44.119,-21.111,35.917,41.305
37.72456847273827,0,0,1,11.761,18.645,-14.688,-6.576,12.708,11.821
472.0947417674847,1,0,1,58.796,105.026,-75.885,-39.368,64.053,78.144
1085.4354908642626,2,0,1,-330.163,-1890.798,6731.645,2760.833,-4175.416,8748.236
3094.253524854833,2,0,1,20.002,-130.272,765.951,306.803,-461.227,1184.818
341.85478300957675,0,0,1,-126.051,-834.522,3095.459,1267.737,-1915.837,4106.972
590.0838994200728,2,0,1,-383.006,-2167.339,7678.36,3150.496,-4764.81,9956.886
962.6471005600557,1,0,1,69.54,123.461,-91.408,-46.692,74.087,94.484
24.22587357438667,1,0,1,42.832,68.351,-36.056,-18.017,29.321,92.842
107.68656678143121,1,0,1,71.451,125.818,-92.556,-47.061,77.113,93.335
413.934428054487,1,0,1,38.608,-145.289,952.626,381.536,-572.265,1517.126
31.233907062567418,2,0,1,55.025,52.949,90.682,35.646,-48.735,316.244
203.58164732102293,1,0,1,30.729,52.325,-39.368,-19.239,33.144,37.144
392.172521471343,0,0,1,-73.17,-574.295,2226.879,909.663,-1374.144,3012.876
822.1988748014938,1,0,1,68.24,120.991,-88.855,-45.487,73.427,90.992
120.67931888640666,0,1,1,-189.478,-1131.351,4069.641,1669.333,-2522.968,5319.123
158.12602074687098,2,0,1,24.734,41.846,-31.713,-15.361,26.594,29.606
1063.8345805331974,2,0,1,138.732,240.789,-182.108,-90.391,146.75,181.228
687.3146023489674,1,0,1,-104.479,-659.652,2407.718,987.409,-1491.145,3170.018
662.9876159384663,2,0,1,-45.088,-812.238,3549.995,1442.104,-2172.606,5032.627
1189.668434261139,2,0,1,48.798,75.291,-19.551,-11.962,22.319,137.329
2234.3702938064175,2,0,1,57.569,60.593,125.748,42.502,-60.903,372.427
1147.9428063549112,1,0,1,-360.113,-2104.989,7548.111,3094.276,-4678.923,9841.789
834.1485347651519,2,0,1,55.43,99.005,-71.545,-37.111,60.381,73.667
1183.8573793222877,2,0,1,-75.651,-552.645,2089.647,856.168,-1293.009,2802.53
1010.2876212624873,1,0,1,-224.848,-1623.812,6174.323,2524.523,-3811.84,8274.582
2984.8351969003306,1,0,1,48.127,-79.986,718.903,284.7,-426.019,1207.312
757.123257247649,1,0,1,52.524,-4.6,391.711,151.673,-225.981,745.2
160.89153974940913,2,0,1,88.847,151.905,-116.478,-56.724,93.581,112.95
757.5319281384099,2,0,1,-68.05,-486.101,1826.555,748.715,-1129.004,2438.957
708.2356581277252,2,0,1,-320.686,-1950.643,7091.034,2904.218,-4391.019,9304.624
996.151822770921,1,0,1,-93.339,-887.241,3582.828,1460.062,-2203.232,4924.837
1543.4039907723554,1,0,1,35.478,65.797,-45.498,-24.847,39.475,49.621
237.4342544536701,2,0,1,41.312,68.962,-53.809,-25.456,43.443,49.819
535.0255591211348,1,0,1,-106.617,-735.797,2758.524,1129.279,-1706.589,3679.376
558.1154762132084,2,0,1,-317.171,-1857.615,6658.819,2730.33,-4128.186,8683.013
1217.4213890798926,2,1,1,112.893,197.851,-147.666,-74.327,120.334,148.885
230.65249444900095,0,0,1,-135.661,-859.979,3155.505,1292.613,-1954.376,4164.543
339.1069193082877,0,0,1,-6.388,-96.13,398.169,163.411,-246.873,561.504
578.2892776369234,1,0,1,-305.62,-1897.845,6927.904,2838.087,-4288.794,9111.292
1759.2894530612036,1,0,1,-20.482,-236.153,1001.624,405.704,-612.866,1397.595
1074.9565423622973,1,0,1,-249.856,-1420.553,5035.353,2066.457,-3125.763,6535.126
423.2365670509268,0,0,1,-1.193,2.272,2.066,-1.186,0.197,2.904
158.46039696192503,0,1,1,31.994,55.76,-39.313,-20.771,33.758,41.045
286.0976113057447,1,0,1,81.09,86.009,118.954,41.959,-55.822,432.1
336.89275569040456,0,0,1,-12.949,-151.918,609.757,250.668,-377.669,846.615
158.7633676450931,1,0,1,52.315,88.937,-68.101,-33.007,55.421,65.005
365.4451534171813,1,0,1,148.75,257.133,-195.28,-96.417,157.084,193.065
443.1677402014952,0,0,1,91.815,149.387,-75.001,-41.204,67.109,191.17
159.56489263927253,0,0,1,28.731,51.889,-36.238,-19.321,29.723,41.883
1334.6625626947314,2,0,1,-184.112,-1300.143,4938.666,2017.412,-3047.933,6608.516
347.0350806960386,0,0,1,5.939,-3.814,37.87,16.813,-23.82,71.805
236.35449085547447,0,0,1,-58.777,-402.221,1495.794,612.47,-927.65,1990.238
929.4884010917424,2,0,1,-94.835,-667.354,2505.097,1026.292,-1548.816,3342.917
38.773379901396225,0,0,1,34.335,62.099,-45.34,-23.672,36.658,48.436
355.3310367377721,2,0,1,50.801,90.89,-66.188,-33.857,55.09,68.956
8.729726037245836,2,0,1,36.101,16.442,134.61,55.024,-78.122,313.608
1467.3404377202137,2,0,1,-147.966,-1030.473,3890.889,1590.684,-2403.637,5197.488
333.1128557318605,0,0,1,29.634,55.221,-37.252,-20.656,33.712,40.413
98.28998197508605,2,0,1,46.716,77.262,-65.117,-26.547,45.177,69.055
188.5333443913842,2,0,1,40.946,68.39,-53.351,-25.255,43.05,49.46
1939.3312878078411,2,0,1,-197.426,-1178.84,4252.378,1743.01,-2635.929,5563.808
66.74610989594154,1,0,1,38.703,52.438,-20.472,-7.204,15.052,100.873
2190.436211291977,2,0,1,22.082,-78.103,538.577,213.89,-321.496,860.366
359.95201996651286,1,0,1,118.307,206.609,-154.816,-77.463,125.934,155.279
78.92377119763395,1,0,1,65.928,112.22,-85.937,-41.699,69.771,82.303
234.1652167751706,0,0,1,82.952,146.705,-108.511,-55.263,88.719,111.055
832.6496434647194,1,0,1,-347.096,-1932.016,6808.372,2794.101,-4225.771,8803.178
1502.1381447515016,1,0,1,-28.376,-303.384,1255.273,510.463,-771.174,1742.363
1409.335224418253,2,0,1,-383.339,-2182.906,7759.902,3182.531,-4813.279,10075.43
11.398220991134302,1,0,1,53.308,88.025,-71.519,-32.124,54.534,67.155
684.6139127744188,2,0,1,-104.388,-679.941,2502.67,1026.048,-1549.596,3309.61
236.7801043315112,0,0,1,-30.616,-227.074,843.752,347.574,-524.657,1130.654
237.47191136194084,1,0,1,-15.387,-171.178,683.353,280.856,-422.152,943.415
1082.5615439053922,1,0,1,-144.307,-917.943,3373.494,1381.634,-2089.151,4455.148
1089.1671624612336,2,0,1,23.048,-7.631,176.412,70.656,-102.904,327.613
492.98685579887905,2,0,1,44.514,78.813,-57.047,-29.342,48.697,57.563
1680.5899753955457,2,0,1,-90.429,-768.619,3043.663,1241.021,-1874.175,4149.367
758.3751020532916,2,0,1,56.963,91.919,-63.934,-30.454,52.286,85.145
691.5300459249574,2,0,1,29.573,30.486,38.223,14.171,-17.152,146.373
6.874395575273025,0,0,1,131.03,213.304,-142.725,-68.171,112.432,222.522
398.2548444174495,1,0,1,3.685,-25.539,125.849,52.658,-77.674,192.299
665.8586726800525,2,0,1,-394.443,-2345.103,8451.8,3464.125,-5236.97,11047.071
1023.1312345686317,2,0,1,-289.489,-1710.448,6155.204,2522.763,-3814.956,8040.373
107.1316076208516,1,0,1,38.024,62.007,-49.9,-22.829,39.308,44.718
208.62381316895636,1,0,1,40.475,67.651,-52.79,-25.004,42.518,49.048
1002.9241555620071,2,0,1,-147.02,-928.731,3409.754,1396.247,-2111.266,4499.139
246.54782279650357,0,0,1,0.125,-256.631,1225.922,495.652,-746.747,1791.485
967.7407947024168,2,0,1,-50.104,-765.227,3306.608,1342.67,-2023.931,4662.763
1866.5338152915645,2,0,1,98.829,161.792,-79.582,-44.488,73.154,205.763
416.872307863418,0,0,1,-44.968,-457.113,1861.557,758.812,-1145.364,2571.598
1026.7719849451375,2,0,1,-71.277,-550.76,2115.128,865.536,-1306.675,2853.605
41.183091110132374,0,0,1,87.227,149.09,-114.205,-55.623,91.999,110.565
317.7925342619428,1,0,1,212.869,355.296,-252.826,-123.751,200.34,322.307
1948.9912636841123,2,0,1,-45.036,-594.673,2532.667,1028.64,-1551.065,3549.948
16.499876674147554,1,0,1,88.35,123.486,-15.818,-11.892,26.387,262.043
254.2423492630939,1,0,1,-1.623,-55.078,235.633,97.096,-144.628,334.641
402.9277969647959,1,0,1,-171.802,-1209.719,4563.26,1867.158,-2818.792,6095.159
94.3450387638932,1,0,1,28.883,49.455,-36.888,-18.181,31.321,35.041
1470.6455740136353,1,0,1,15.17,-61.849,382.35,154.664,-229.894,602.674
198.42340927231217,0,0,1,30.425,54.418,-38.392,-20.143,33.952,38.941
22.661133239362872,0,0,1,67.202,119.611,-87.282,-44.952,72.616,89.776
708.831631859783,1,0,1,52.036,-130.562,980.316,390.664,-585.152,1601.277
136.6826435922403,0,0,1,83.534,147.611,-108.871,-55.47,89.675,110.957
283.1117424383811,2,0,1,121.968,206.814,-160.741,-77.286,127.308,154.455
1975.080019227055,2,1,1,-66.94,-615.436,2471.159,1007.223,-1520.539,3389.598
68.73157284028377,2,0,1,56.083,93.237,-74.096,-34.22,58.248,69.207
237.36119860979304,0,0,1,-10.716,-252.585,1108.67,451.049,-681.311,1581.546
192.6876922652576,0,0,1,-15.7,-160.466,631.736,259.85,-391.098,868.376
307.0881282510975,2,0,1,37.116,61.857,-48.314,-22.813,39.034,44.581
1032.4430399908583,1,0,1,-96.211,-960.955,3906.045,1591.973,-2401.262,5385.515
500.627395828276,2,0,1,138.146,170.362,112.754,32.701,-39.872,612.654
116.45804175634389,0,0,1,15.93,23.148,-21.701,-8.426,15.092,16.677
0.0,1,0,0,154.226,264.876,-202.773,-99.219,162.193,198.592
1751.2646950350615,2,0,1,36.503,66.253,-47.797,-25.157,39.393,51.047
150.8935765821231,2,0,1,22.315,-4.992,137.985,59.49,-85.419,279.277
1265.977438033284,1,0,1,120.028,41.455,598.161,231.516,-337.505,1255.469
226.9558429882291,0,0,1,54.871,97.637,-72.226,-36.98,58.42,75.005
92.8667885549048,2,0,1,27.714,-20.628,264.92,106.978,-158.971,478.692
1541.4713535025435,1,0,1,50.734,84.775,-36.931,-22.489,36.319,113.136
558.3642030402973,1,0,1,23.475,22.151,69.092,23.962,-35.778,180.224
704.1002142209455,2,0,1,-245.494,-1669.233,6262.473,2561.1,-3869.556,8339.387
369.2459954581824,0,0,1,28.892,54.312,-36.907,-20.546,32.448,41.049
135.2832446286484,2,0,1,51.45,88.383,-67.377,-32.611,54.63,65.923
231.81699099213623,2,0,1,17.817,30.239,-22.37,-10.969,19.606,20.589
444.65850378535964,0,0,1,-167.03,-1044.528,3824.703,1566.262,-2368.211,5039.12
1103.688155586471,1,0,1,19.98,38.555,-24.925,-14.513,23.21,28.534
56.31107706725026,0,0,1,24.005,39.444,-30.819,-14.352,25.502,27.363
163.02924693412183,1,0,1,42.494,70.89,-55.347,-26.163,44.676,51.189
469.73567679137824,0,0,1,32.242,60.014,-41.936,-22.864,35.395,46.429
52.619737282693215,0,0,1,43.573,74.48,-56.409,-27.595,46.536,54.079
165.52411859337676,0,1,1,76.525,17.813,446.462,171.482,-253.651,901.704
242.76864387725837,2,0,1,41.069,73.569,-53.255,-27.237,44.854,55.432
2501.050249571645,2,0,1,-35.728,-333.297,1361.996,552.951,-835.873,1874.965
100.8165379316702,1,0,1,11.425,-13.221,139.26,55.285,-83.729,243.43
19.84100793702258,0,0,1,38.801,66.404,-50.153,-24.589,41.529,48.115
574.4674122051285,0,0,1,39.545,33.62,122.421,43.989,-65.233,311.151
174.9799149133364,1,0,1,19.099,33.692,-23.757,-12.313,21.515,23.244
390.083411195288,2,0,1,38.674,69.21,-51.468,-24.905,41.761,54.858
390.65016809874066,0,0,1,-42.215,-372.929,1485.223,605.673,-915.19,2032.506
74.72466660770644,1,0,1,48.494,87.578,-62.946,-33.043,52.728,66.279
271.9674621595928,1,0,1,-136.822,-870.908,3186.719,1306.685,-1973.905,4202.085
149.4070683330694,0,0,1,21.236,38.705,-26.239,-14.242,24.37,27.062
270.0766871845944,0,0,1,144.053,251.461,-189.554,-94.697,152.294,190.791
42.67357740117183,2,0,1,32.535,53.754,-42.322,-19.663,34.199,38.478
362.6459038156262,1,0,1,40.93,66.551,-54.337,-24.667,41.703,49.025
190.56715518284318,2,0,1,25.615,43.382,-32.697,-15.886,27.682,30.454
1305.47211047147,2,0,1,-6.084,-306.084,1388.61,565.25,-849.513,2002.805
214.92152401748686,0,0,1,169.749,282.037,-183.753,-92.953,150.312,282.947
174.5453730099239,0,0,1,101.554,177.441,-132.793,-66.588,108.16,133.192
195.21619910708515,0,0,1,31.439,59.085,-40.229,-22.37,35.243,44.772
358.7564087891958,0,0,1,-121.508,-913.573,3495.218,1429.766,-2158.609,4703.215
483.4249919034964,2,0,1,-250.926,-1650.809,6122.315,2506.548,-3785.77,8112.171
392.9861690387904,2,0,1,104.821,17.61,602.734,235.532,-345.335,1214.608
609.3352518352293,0,0,1,44.404,76.702,-44.29,-24.52,38.408,83.147
487.9164912985085,1,0,1,48.554,45.839,86.824,32.597,-44.886,281.946
359.34372998056375,0,0,1,-2.786,-195.5,890.465,362.753,-545.789,1289.571
583.4386457670053,2,0,1,-260.185,-1552.966,5594.322,2293.818,-3467.255,7314.031
1895.113677234829,2,0,1,-142.501,-1016.402,3858.963,1577.407,-2383.04,5168.018
192.01634973836553,0,0,1,59.096,104.445,-74.948,-39.554,61.172,81.074
1065.8054953768858,2,0,1,-60.403,-831.867,3527.253,1435.744,-2163.372,4947.998
248.84515404734006,2,0,1,22.877,40.17,-28.86,-14.779,25.364,28.341
1176.8305468370559,2,1,1,-116.042,-876.735,3358.482,1373.718,-2073.361,4520.134
877.9163363003086,2,0,1,-127.142,-905.118,3438.635,1405.216,-2123.272,4605.453
47.91204424937124,0,0,1,64.687,107.608,-85.236,-39.973,67.051,79.321
79.43475226567668,0,0,1,0.272,0.577,1.633,0.203,0.76,-0.855
98.9084038653376,0,0,1,73.787,129.249,-95.947,-48.377,79.148,96.201
854.0291243487179,2,0,1,40.136,70.889,-51.354,-26.347,43.942,51.539
1403.7050983386637,1,0,1,78.845,139.738,-103.043,-52.642,84.483,105.748
461.32900613388176,1,0,1,15.397,-131.583,702.56,285.559,-427.465,1072.076
174.0885628071421,0,1,1,-86.828,-616.72,2321.289,950.798,-1435.515,3102.737
698.1577023421685,1,0,1,-55.217,-390.251,1457.921,598.177,-902.661,1945.224
134.39443020848663,1,0,1,23.122,30.853,5.086,1.515,-1.078,90.744
248.82507868253572,0,0,1,20.475,38.569,-27.18,-14.907,22.089,31.04
827.2765235216009,2,0,1,-309.114,-2081.047,7781.076,3183.159,-4808.713,10345.96
285.2371935820154,0,1,1,-100.259,-649.212,2392.393,980.185,-1482.057,3166.37
1589.5030974364392,2,0,1,32.905,60.749,-42.363,-22.96,36.401,45.976
1074.6894419828036,2,0,1,82.731,145.264,-107.87,-54.499,88.557,108.824
1180.5801945954393,2,0,1,10.496,-117.817,614.734,249.409,-372.253,925.316
52.36422765076095,0,0,1,63.381,108.896,-82.391,-40.513,67.514,79.964
1034.742734715073,1,0,1,-179.33,-1065.127,3822.343,1568.317,-2371.26,4993.56
211.13825226433713,0,0,1,153.766,230.746,-56.756,-39.06,68.071,416.219
375.81285825188866,1,0,1,80.588,140.779,-104.998,-52.712,86.166,104.972
327.71118852744485,2,0,1,13.575,21.947,-17.032,-7.822,14.696,14.314
598.4427431373873,0,0,1,99.684,165.749,-132.603,-61.94,102.178,124.408
256.5358374212243,0,0,1,-25.333,-336.898,1429.865,581.361,-877.51,2006.62
378.1206481735202,1,0,1,47.191,78.092,-62.115,-28.941,48.881,57.238
190.6567556502721,2,0,1,139.454,134.24,306.569,109.655,-156.051,900.916
47.259347699506606,0,0,1,54.325,93.035,-70.607,-34.574,57.808,68.145
1552.2624717922101,1,0,1,49.291,88.473,-64.692,-33.535,52.826,67.983
673.1750148954776,2,0,1,82.124,17.779,445.895,174.634,-256.148,914.311
913.276849931156,1,0,1,-184.983,-1390.531,5348.81,2184.904,-3299.676,7203.234
193.84852233844785,0,0,1,168.944,285.874,-223.582,-106.928,175.439,214.93
451.9185957101677,1,0,1,37.942,68.277,-48.307,-25.45,42.049,49.85
635.2797117494295,2,0,1,-394.589,-2221.358,7864.334,3226.183,-4879.315,10190.312
2570.9338339424735,2,0,1,35.87,30.851,120.141,42.477,-62.686,294.7
431.17710539004355,2,0,1,12.776,24.002,-15.107,-8.713,15.442,15.936
2096.058410412957,2,0,1,-11.993,-172.557,718.901,294.278,-442.075,1006.227
219.87637020788185,1,0,1,25.382,41.114,-33.264,-15.09,26.215,29.426
64.47916817462313,1,0,1,28.122,46.689,-36.392,-17.134,29.726,33.172
717.8392454500125,2,0,1,-99.161,-779.849,3008.133,1230.592,-1856.649,4063.172
638.1827325201231,2,0,1,18.107,-53.53,361.587,146.07,-216.656,581.64
297.81446543190845,2,0,1,67.988,115.113,-89.225,-42.885,71.266,85.205
398.1690317642381,0,0,1,-154.153,-886.742,3170.252,1299.183,-1966.105,4127.569
1294.3909928769099,2,0,1,-220.024,-1503.994,5654.646,2311.922,-3493.191,7535.872
1054.17546163708,2,0,1,21.194,40.15,-26.358,-15.006,24.52,29.198
220.7761370788139,0,0,1,24.244,-30.931,276.518,111.64,-168.079,476.225
103.33816804145867,0,0,1,34.536,56.01,-45.272,-20.569,35.675,40.144
1350.6214139586405,1,0,1,-108.226,-833.212,3204.09,1310.464,-1976.796,4318.139
477.34975440286746,1,0,1,30.959,-35.253,354.537,142.628,-211.585,615.364
369.24388303685174,0,0,1,-178.496,-1091.743,3980.562,1629.601,-2464.494,5229.875
2069.8911292741586,2,0,1,79.301,106.526,11.614,-1.538,9.9,268.742
302.2850691792478,0,0,1,14.89,29.949,-18.181,-11.289,17.935,22.057
1656.4845883822109,2,0,1,23.244,45.165,-28.786,-16.972,27.264,33.201
618.7672283741333,2,0,1,30.634,-150.901,889.128,361.997,-539.256,1397.428
82.01137683067665,2,0,1,37.556,63.753,-50.788,-22.05,39.481,50.684
1011.9935999358761,1,0,1,94.555,166.086,-124.256,-62.609,100.353,126.206
1155.388082088973,1,0,1,-263.51,-1520.443,5415.777,2222.042,-3359.642,7043.113
203.63989119009628,2,1,1,61.437,103.466,-80.626,-38.482,64.271,76.308
245.41827724419113,0,0,1,8.056,-12.622,92.295,38.806,-57.162,159.026
203.8097928720747,1,1,1,132.818,232.106,-174.438,-87.336,140.776,175.627
231.91532849117394,0,0,1,36.059,66.273,-46.412,-25.012,39.83,49.995
82.49059896542992,0,0,1,62.287,105.004,-81.613,-39.028,65.302,77.261
440.9134552406229,1,0,1,18.406,35.106,-22.408,-13.003,21.785,24.778
993.4827682448132,1,0,1,-175.397,-1090.939,3976.371,1629.772,-2462.723,5229.301
925.1181775775254,1,0,1,13.138,28.191,-15.33,-10.606,16.877,20.356
1933.107789042455,1,0,1,77.21,136.53,-101.417,-51.554,82.197,104.097
419.9940277960564,0,0,1,-78.979,-517.476,1901.104,780.079,-1178.875,2516.955
145.90116199100123,1,0,1,44.171,80.574,-57.02,-30.393,48.499,60.794
1221.608198025206,1,0,1,-111.71,-706.292,2605.087,1065.518,-1611.789,3441.017
435.0207427097261,0,0,1,63.508,112.566,-83.564,-42.577,67.54,86.213
34.549834455274464,0,0,1,27.11,45.174,-35.113,-16.607,28.668,32.236
17.634535728287187,1,0,1,59.718,104.06,-80.562,-38.018,62.453,83.011
479.40477893118623,1,0,1,-69.251,-462.026,1703.395,699.05,-1054.364,2255.377
233.44316357441537,0,0,1,8.246,17.945,-10.468,-7.034,9.887,14.617
115.39420039686057,0,0,1,81.256,143.291,-106.096,-53.872,86.987,107.916
213.39082083176038,0,0,1,49.237,84.805,-57.781,-29.69,46.654,78.759
326.9249114687112,0,0,1,-24.367,-286.105,1194.426,486.022,-734.092,1666.47
1523.7396760503957,2,0,1,-13.925,-189.858,790.048,323.069,-484.932,1102.34
675.9995310145891,1,0,1,52.022,2.544,317.833,125.563,-183.98,628.929
246.83654917230325,1,0,1,52.592,89.797,-68.562,-33.401,55.715,66.01
80.36581846898297,0,0,1,55.572,92.566,-71.381,-34.413,56.953,68.453
220.90439893282505,0,0,1,-4.159,-455.323,2115.588,858.526,-1291.549,3069.66
278.4903641825907,2,0,1,-41.572,-660.314,2845.6,1157.253,-1743.256,4015.008
9.95114289097647,0,0,1,149.253,256.319,-200.185,-94.636,155.084,200.141
1253.1444070965567,1,0,1,97.199,85.454,232.846,86.172,-120.668,649.13
356.70969803389335,1,0,1,-33.049,-295.772,1169.06,477.935,-722.024,1600.045
2095.6704577077626,2,0,1,40.179,-30.324,435.734,170.218,-254.499,768.879
234.93147011804922,1,0,1,43.8,77.029,-56.355,-28.686,47.594,56.402
664.2665842764397,2,0,1,23.179,42.82,-28.886,-15.899,26.511,30.692
2329.5053277506654,2,0,1,-71.608,-533.248,2030.516,831.232,-1253.608,2725.52
392.2462948765035,0,0,1,57.169,101.412,-75.756,-38.528,60.336,78.675
225.71879217629487,1,0,1,41.354,51.822,23.273,6.218,-4.425,162.907
1998.629075034827,2,0,1,40.777,73.763,-53.559,-28.034,43.796,57.023
352.87518554480977,0,0,1,29.26,46.254,-38.855,-16.993,29.497,33.43
94.67407093048584,0,0,1,91.097,156.455,-119.193,-58.432,96.325,116.257
1574.4548495086608,2,0,1,144.245,251.184,-189.691,-94.49,152.46,190.078
438.2440700901293,2,0,1,35.819,60.496,-46.139,-22.259,38.294,43.135
962.4113244557794,2,0,1,78.573,139.079,-101.963,-52.157,84.803,103.856
1069.7953575837075,2,0,1,65.256,115.487,-84.691,-43.31,70.418,86.245
1406.2808151550007,2,0,1,-14.141,-362.382,1643.671,665.014,-1002.08,2353.678
836.9731879309645,2,0,1,-152.118,-994.247,3671.78,1504.352,-2271.739,4858.71
453.6459889964442,2,0,1,44.816,16.465,209.747,81.853,-118.168,446.604
1583.5951171845165,2,0,1,19.106,38.106,-23.745,-14.454,22.562,28.655
1203.4028592033942,1,0,1,52.608,-71.042,673.179,269.166,-398.932,1146.703
1582.4015031969936,2,1,1,-20.366,-552.667,2477.637,1006.117,-1514.981,3548.291
1110.4970979191603,1,0,1,-106.596,-763.868,2914.185,1190.018,-1798.451,3907.832
831.2855334306664,2,0,1,-15.458,-415.895,1847.155,751.811,-1131.606,2643.25
806.6145467937698,1,0,1,48.216,86.794,-62.925,-32.818,52.055,66.163
59.575300978955035,0,0,1,60.221,105.285,-77.929,-39.271,64.89,77.584
277.20157038416716,0,1,1,-184.904,-1082.517,3891.61,1594.434,-2412.21,5079.767
57.24758016093007,1,0,1,46.944,83.603,-61.058,-30.985,50.965,63.082
2035.8408839372737,1,0,1,121.74,172.738,23.199,-5.219,15.449,430.46
1154.171184407467,1,0,1,18.688,-316.21,1636.169,659.647,-991.673,2448.908
186.8045038677243,0,0,1,98.8,173.678,-129.527,-65.394,105.167,131.484
1027.1858684792455,2,0,1,-221.744,-1339.267,4846.585,1986.406,-3003.248,6350.546
726.4516705264962,2,0,1,-287.518,-1834.172,6751.478,2764.435,-4177.148,8913.588
206.55639920559193,2,0,1,38.284,65.305,-49.604,-24.192,40.818,47.424
254.40650030124257,0,0,1,51.856,92.92,-66.802,-34.825,56.674,69.051
380.02800405722877,0,0,1,75.997,122.688,-98.31,-45.899,74.176,93.297
149.96352404138625,2,0,1,60.017,100.717,-79.087,-37.182,62.629,74.797
2020.4525903734193,1,0,1,43.264,-55.124,572.039,225.322,-336.789,976.75
491.5369404444713,1,0,1,28.042,50.387,-35.159,-18.609,31.552,35.766
73.49074005626872,0,0,1,57.581,96.677,-75.368,-35.864,60.347,70.796
1353.6326554282932,2,0,1,-1.415,-102.553,459.847,188.119,-280.978,661.008
191.30098328699756,0,0,1,-158.513,-987.797,3603.204,1476.424,-2232.475,4741.471
516.0930028238863,2,0,1,-172.555,-1134.913,4200.141,1720.511,-2597.98,5562.378
218.4830278317701,0,0,1,70.35,123.585,-93.243,-46.829,73.949,95.355
1121.7947530969705,2,0,1,-282.805,-1597.461,5656.02,2320.781,-3510.0,7332.245
277.0221705296053,0,0,1,-220.815,-1279.805,4580.335,1877.509,-2839.998,5966.746
70.98749170952645,0,0,1,29.221,49.852,-37.478,-18.353,31.503,35.512
1329.3117107449284,2,0,1,12.625,-35.44,238.379,96.777,-142.945,384.296
401.97813436067185,1,0,1,61.336,108.932,-80.793,-40.806,65.496,83.834
265.2737319193682,2,0,1,29.59,49.223,-38.385,-18.103,31.217,35.189
293.59891099778054,0,0,1,-10.661,-169.026,713.621,291.75,-440.091,1007.468
45.854349612398146,2,0,1,44.527,68.235,-45.137,-19.619,35.161,77.449
681.5499574866388,1,0,1,90.541,141.912,-74.344,-38.119,65.691,179.851
108.2018494513874,1,0,1,90.297,153.923,-118.424,-57.438,94.962,114.304
18.315033384909164,1,0,1,78.567,137.329,-104.157,-50.556,83.337,106.136
180.0144984085495,0,0,1,90.693,160.136,-118.24,-60.174,97.297,120.378
1224.3850879463882,1,0,1,-279.206,-1679.643,6089.706,2494.033,-3771.406,7979.137
100.47871064258383,0,0,1,25.867,47.716,-32.327,-17.737,29.486,34.332
1023.7290981014594,2,0,1,-49.342,-499.171,2013.587,822.669,-1239.59,2773.926
570.6654806504235,0,0,1,37.63,60.14,-50.397,-22.302,37.7,44.576
1494.6069003809284,2,0,1,74.768,132.86,-97.588,-50.051,80.309,100.48
86.89097620717695,1,0,1,98.507,168.474,-129.096,-62.903,103.809,125.215
695.1333085035451,1,0,1,65.489,116.795,-85.03,-43.912,70.843,87.727
216.90600364676342,0,0,1,147.406,256.127,-193.37,-96.144,156.102,192.686
195.00041615900878,0,1,1,59.045,104.287,-78.091,-39.526,62.349,80.42
339.29471867960075,2,1,1,42.307,53.094,25.4,6.804,-5.501,169.735
130.5157540870751,0,0,1,66.608,115.221,-86.692,-42.987,71.038,85.191
131.12914372195888,0,0,1,42.726,76.976,-54.859,-28.841,46.956,57.08
1388.8137892062928,1,0,1,-128.279,-940.332,3580.476,1464.573,-2211.37,4805.503
2117.6615231092032,2,0,1,-33.437,-208.766,781.506,318.174,-482.335,1035.097
470.77245359241147,2,0,1,37.58,55.268,-23.985,-11.975,22.359,82.487
1520.3201533851272,2,0,1,120.74,-19.061,889.586,349.506,-514.733,1682.362
655.5198713946633,2,0,1,104.95,-144.062,1380.294,549.4,-818.098,2350.814
144.27362965780475,0,0,1,-92.87,-663.833,2504.094,1025.172,-1548.7,3349.995
260.0376676131529,2,0,1,69.775,119.073,-91.061,-44.313,73.815,87.678
332.8208040435054,2,0,1,33.658,57.805,-43.258,-21.353,36.296,41.538
437.6881286762299,0,0,1,102.513,177.34,-136.188,-66.996,106.836,136.127
1400.9237648088235,2,0,1,46.358,84.191,-60.307,-31.856,50.394,64.182
171.865243226119,0,0,1,-214.092,-1432.78,5355.256,2190.238,-3309.857,7118.668
472.5176815228728,0,0,1,35.965,35.295,74.379,26.536,-38.773,228.283
1755.6722661450187,2,0,1,58.912,82.56,28.95,3.334,-1.833,235.43
163.46853321313404,0,0,1,20.461,32.414,-26.696,-11.774,21.071,22.605
25.173555536280308,2,0,1,3.836,-87.225,436.988,177.811,-267.527,655.946
1000.1864136222256,2,0,1,-182.072,-1134.747,4168.097,1705.125,-2578.782,5492.933
389.3735100035824,0,1,1,7.637,-77.449,409.716,166.087,-250.534,625.291
114.43141276868641,2,0,1,344.415,581.07,-426.469,-207.177,336.855,498.128
1547.3276423583304,2,0,1,-66.068,-533.945,2089.997,852.826,-1288.761,2837.722
44.93325471153027,2,0,1,86.488,146.17,-114.293,-54.275,90.139,109.614
926.4526909145843,1,0,1,8.149,18.104,-9.358,-6.834,10.748,13.115
451.2730175550174,0,0,1,24.845,45.884,-32.804,-17.59,26.749,36.214
17.288112566475277,1,0,1,46.558,70.023,-37.437,-16.405,28.198,103.834
189.93428494708337,0,0,1,92.938,162.035,-121.081,-61.267,96.69,124.552
1302.5295811815165,2,0,1,41.198,-267.176,1549.01,622.712,-934.802,2395.27
63.927378591670276,0,0,1,42.413,70.763,-55.305,-26.136,44.535,51.215
572.2483767941942,2,0,1,-298.702,-1800.548,6533.035,2675.42,-4045.591,8562.598
211.26341153437838,1,0,1,27.4,47.533,-34.953,-17.536,29.894,33.93
391.0190996640853,2,0,1,25.041,43.961,-31.486,-16.141,27.855,30.821
723.0485847732355,2,0,1,-166.466,-1097.095,4062.882,1664.196,-2513.416,5383.277
11.476605998026404,1,0,1,39.849,41.038,45.826,18.209,-22.694,195.604
27.34270545555059,1,0,1,80.228,122.023,-58.981,-29.877,51.53,171.321
591.0030972234179,2,0,1,0.31,-222.515,1036.634,421.925,-633.995,1511.379
123.02308884518145,1,0,1,60.242,-145.447,1100.669,439.143,-657.157,1802.546
1722.9856405592475,2,0,1,-0.934,-74.949,367.618,147.081,-222.84,537.007
45.42263767499489,0,0,1,85.545,148.251,-114.138,-55.897,88.959,114.905
265.0707926140387,0,0,1,16.897,-251.125,1284.819,520.679,-780.692,1925.444
552.9382367781029,2,0,1,20.679,-25.639,243.447,98.292,-144.873,418.266
172.12841352189633,1,0,1,35.195,58.497,-45.696,-21.52,37.083,41.866
1161.5983605525607,1,0,1,-374.354,-2205.537,7939.828,3253.251,-4919.762,10368.819
270.8166684691178,0,0,1,14.528,-43.181,279.902,114.224,-170.438,454.312
722.1201656369061,1,0,1,-196.805,-1316.818,4906.917,2008.439,-3034.486,6518.922
996.1226420379171,1,0,1,-436.631,-2494.682,8879.826,3641.45,-5507.151,11535.981
457.4941661269323,0,0,1,72.161,126.983,-95.387,-48.062,76.134,97.614
61.31040129188392,0,0,1,73.992,123.719,-97.6,-46.062,76.749,91.698
661.1580132164377,2,0,1,-130.043,-1046.364,4068.241,1662.62,-2508.777,5509.735
118.21271067334764,1,0,1,39.616,67.29,-51.324,-24.892,42.178,48.707
262.5604277986422,0,0,1,48.872,79.767,-64.81,-29.579,49.929,58.783
2176.342071531558,1,0,1,79.571,-39.746,742.165,290.704,-432.8,1342.969
141.02572847463955,0,1,1,12.537,26.542,-15.137,-10.099,15.563,19.899
1149.4472616909102,2,0,1,137.974,240.376,-182.106,-90.636,145.26,183.15
69.18777047276583,2,0,1,88.042,147.055,-118.673,-53.121,90.559,114.279
977.0107176623101,1,0,1,-508.516,-2824.902,9963.624,4087.45,-6182.98,12883.845
1201.559493243982,1,0,1,91.029,159.966,-119.376,-60.236,96.85,121.144
127.77926166145613,0,0,1,85.069,148.443,-111.693,-56.234,88.445,114.693
1280.2925099772876,1,0,1,-283.952,-1652.018,5920.24,2426.548,-3670.258,7716.62
1179.7126641348966,2,0,1,-202.974,-1163.866,4130.808,1695.689,-2562.956,5363.173
148.62172031400405,0,0,1,35.657,64.921,-45.486,-24.312,39.612,47.942
250.90541498198502,0,0,1,-124.184,-812.055,3003.044,1229.962,-1858.93,3978.341
919.8626222027732,2,0,1,56.094,100.514,-72.261,-37.671,61.306,74.694
567.0144564700836,1,0,1,-6.689,-244.579,1105.452,449.341,-677.106,1592.492
779.9080349571628,2,0,1,45.299,58.874,41.709,11.139,-14.542,212.442
98.973671083183,1,0,1,27.7,47.677,-35.126,-17.481,30.323,33.457
113.0835887171211,1,0,1,11.905,20.204,-14.447,-7.178,13.552,12.85
68.85132309117466,0,0,1,49.296,82.759,-64.499,-30.692,51.685,60.553
1129.0290557014428,2,0,1,94.135,164.664,-123.01,-61.789,100.375,123.545
393.42555640577604,2,0,1,28.838,40.34,-7.251,-4.809,11.207,78.038
1311.630052459925,1,0,1,38.289,69.659,-49.681,-26.331,41.769,52.925
1066.67406123051,2,0,1,-159.668,-1021.038,3757.573,1538.877,-2326.275,4964.464
853.013664543955,2,0,1,44.183,-18.161,363.904,144.944,-213.248,669.7
687.4482873742049,1,0,1,67.585,120.027,-88.811,-45.39,72.037,91.826
77.27416691101578,0,0,1,21.42,37.398,-26.834,-13.677,23.868,25.931
226.36297436284286,2,0,1,132.733,230.786,-174.056,-86.628,140.659,173.575
1236.5122340319417,1,0,1,54.065,73.705,-4.89,-5.446,13.887,163.233
680.4484546552726,0,0,1,-20.483,-303.641,1308.437,531.321,-801.817,1845.03
119.24920487474098,0,1,1,24.642,43.177,-30.973,-15.84,27.402,30.207
177.60717440092455,2,0,1,36.103,61.607,-46.583,-22.766,38.675,44.395
146.17557806643478,2,0,1,150.715,237.484,-126.311,-63.766,107.074,308.222
206.18210252531918,1,0,1,196.255,337.565,-260.462,-125.765,205.286,258.208
204.3688964686971,0,0,1,8.696,-167.286,859.412,346.146,-521.944,1284.368
1454.5044578803777,2,0,1,73.297,129.203,-95.351,-48.464,78.773,96.642
1172.0940144120636,1,0,1,-109.041,-738.165,2744.919,1124.888,-1699.439,3649.907
173.70474951696212,0,0,1,-96.71,-575.752,2050.866,842.353,-1274.418,2672.721
853.0919969725833,2,0,1,-256.81,-1505.336,5415.261,2218.486,-3355.777,7068.928
2028.079389176456,2,0,1,39.174,71.774,-50.795,-27.176,42.882,54.713
2600.6335151074295,2,0,1,29.358,0.755,212.729,81.278,-121.671,409.019
1088.8459670743873,2,0,1,69.871,123.518,-90.316,-46.197,75.695,91.517
658.283417700651,2,0,1,-180.553,-1101.322,3997.198,1638.081,-2476.954,5246.333
93.418299768841,0,0,1,36.088,64.176,-45.25,-23.977,38.992,47.378
65.70860739126172,0,1,1,100.934,171.107,-131.379,-63.499,104.29,129.45
1347.9547291003662,2,0,1,184.158,319.138,-242.357,-119.935,194.126,241.081
392.0640155060393,1,0,1,33.806,62.177,-42.853,-23.273,37.947,45.735
275.1779751875175,0,1,1,-114.377,-763.701,2843.176,1163.876,-1759.412,3778.322
756.768348868746,1,0,1,90.506,159.467,-118.153,-59.933,96.875,119.996
160.34983995756784,0,0,1,39.681,71.545,-52.494,-27.277,42.228,55.873
121.10643238790236,0,0,1,-72.985,-617.651,2414.884,987.118,-1490.11,3281.85
217.49581735842733,2,0,1,18.266,29.818,-23.3,-10.78,19.496,20.306
2096.2154843372646,2,0,1,28.32,-97.522,672.919,267.642,-401.614,1075.796
789.8085224722009,1,0,1,-20.075,-377.712,1652.724,671.713,-1012.602,2347.595
375.4820811351931,0,0,1,29.04,42.726,-1.436,-4.091,6.677,95.631
198.14649121411767,1,0,1,71.344,120.641,-93.571,-44.91,74.799,89.118
1198.0901763515142,1,0,1,-32.702,-397.021,1665.117,677.406,-1022.275,2325.359
585.9787324306285,1,1,1,39.356,69.687,-50.265,-25.893,43.212,50.588
1468.8075446325727,2,0,1,-265.627,-1754.344,6525.965,2670.314,-4034.992,8657.883
1544.1713011189204,1,0,1,62.993,108.505,-68.042,-36.212,57.944,107.149
281.22756781998,0,0,1,29.356,28.048,70.904,25.111,-37.203,202.115
829.6769740375296,2,0,1,-109.994,-800.048,3037.983,1243.054,-1875.381,4069.804
518.9573513318167,2,0,1,11.963,-171.969,888.861,359.519,-540.601,1336.772
2278.413425999504,2,0,1,4.313,-227.033,1124.137,452.94,-681.797,1655.653
167.03773494582532,0,0,1,134.5,231.813,-176.437,-87.518,139.06,177.86
109.65717625424756,0,0,1,18.31,33.906,-22.322,-12.449,21.408,23.448
544.8400621097578,2,0,1,23.427,43.423,-29.236,-16.152,26.791,31.273
924.3934140719697,1,0,1,-51.891,-616.361,2557.78,1042.746,-1571.57,3561.311
38.042099400244574,1,0,1,63.189,104.258,-84.117,-38.887,64.527,77.971
387.3417110327452,0,0,1,81.002,54.18,277.791,105.426,-153.12,667.954
974.5950432497219,2,0,1,33.873,62.735,-42.749,-23.473,38.294,46.021
1201.6243136317134,1,0,1,-248.712,-1421.028,5049.484,2071.635,-3133.423,6559.348
361.99906672885584,0,0,1,48.854,11.159,259.555,101.88,-149.751,536.52
0.0,1,0,0,36.82,67.565,-46.742,-25.292,41.233,49.742
1017.1940818806344,1,0,1,-263.279,-1666.817,6115.427,2504.968,-3784.853,8063.559
1096.525378519476,2,0,1,-53.612,-714.272,3010.63,1226.309,-1847.62,4215.818
346.71923687742435,0,0,1,-82.651,-541.245,1991.34,816.764,-1233.609,2634.995
16.96747687662867,1,0,1,61.117,102.37,-80.079,-37.972,63.921,74.992
236.55816793969092,0,0,1,-102.749,-704.385,2639.931,1080.415,-1632.906,3519.164
2772.8532391569925,2,0,1,-44.976,-539.126,2270.526,922.378,-1391.611,3168.726
264.8504257765161,2,0,1,41.685,72.349,-53.693,-26.851,45.02,52.597
3545.8498279864775,2,0,1,-82.107,-853.393,3511.742,1428.72,-2155.273,4857.538
894.9821536591585,2,0,1,27.62,51.222,-34.828,-19.165,31.267,37.556
1572.3852455323083,2,0,1,49.924,86.261,-48.795,-27.278,43.522,93.076
671.2822831481963,2,0,1,-209.761,-1228.511,4409.76,1807.492,-2734.17,5754.372
101.8859330180424,0,0,1,70.566,118.115,-93.101,-43.996,73.206,87.644
656.7338958301569,1,0,1,17.84,26.78,-23.613,-9.646,17.724,18.486
1034.9956251995036,1,0,1,-38.103,-504.413,2116.862,863.079,-1299.948,2961.848
320.6683079616587,1,0,1,-64.473,-450.272,1679.438,688.905,-1039.313,2237.216
1028.4923672742207,2,0,1,82.796,145.847,-107.751,-54.708,88.919,109.12
791.6889640643302,2,0,1,31.236,57.672,-39.499,-21.582,35.201,42.358
1111.1785886013984,2,0,1,29.969,55.852,-38.089,-21.017,33.72,41.628
85.02909926907795,0,0,1,70.332,122.365,-91.357,-45.678,75.335,90.495
2218.5877547542927,1,0,1,45.484,-28.109,421.497,167.968,-247.514,757.265
147.45496713607645,0,0,1,30.647,54.448,-38.802,-20.15,33.998,39.005
287.7176018117907,0,0,1,20.383,-17.823,199.479,81.021,-120.639,357.31
1980.7704195551682,1,0,1,-131.252,-789.28,2841.654,1165.907,-1761.093,3715.233
216.18602126170026,0,0,1,106.109,123.419,110.343,35.913,-45.187,501.081
154.91941181761936,1,0,1,10.295,14.731,-13.175,-5.079,10.468,8.958
312.5573094094237,1,0,1,50.075,62.263,14.549,5.349,-3.357,189.789
47.49799391588376,0,0,1,45.344,77.47,-58.791,-28.725,48.339,56.39
653.5552874481467,2,0,1,-228.155,-1414.931,5156.886,2113.273,-3194.001,6781.083
95.45959044346678,0,0,1,17.777,28.104,-23.185,-10.199,18.303,19.551
2056.2264746423166,2,0,1,37.627,69.318,-48.354,-26.157,41.668,52.235
1345.1473561632008,1,0,1,27.063,15.383,90.069,35.718,-50.333,215.286
122.81830005238163,0,0,1,31.412,56.985,-39.805,-21.237,35.089,41.497
518.4279746630973,1,0,1,79.319,140.39,-102.935,-52.649,85.602,104.838
165.28478666120503,0,0,1,26.161,-352.256,1826.758,738.82,-1108.968,2744.811
109.83548547601609,2,0,1,65.713,111.311,-86.51,-41.151,68.914,83.037
538.0929772758068,1,0,1,32.584,27.816,65.439,25.478,-34.779,197.791
1056.7372222404074,1,0,1,-273.338,-1526.657,5381.07,2208.773,-3340.974,6962.131
208.7335770936438,1,0,1,120.47,188.605,-106.234,-51.624,89.137,234.337
14.832882321310185,2,0,1,78.448,135.618,-105.284,-49.42,82.174,106.671
477.06265306342584,2,0,1,-0.646,1.364,2.577,-0.268,1.455,-0.901
180.76419466352942,0,0,1,-45.011,-567.715,2378.04,968.782,-1460.286,3322.542
2053.67622510372,2,0,1,66.245,117.54,-86.605,-44.304,70.985,89.068
229.59298457494947,2,0,1,29.731,49.466,-38.509,-18.175,31.422,35.26
442.3785038665343,1,0,1,94.855,166.16,-123.85,-62.346,101.29,124.596
2328.5624579643545,2,0,1,64.923,116.115,-84.558,-43.772,70.07,87.851
55.060039429784744,0,0,1,30.742,48.436,-37.159,-17.815,29.552,35.323
214.98243449337505,2,0,1,24.339,40.046,-31.407,-14.625,25.726,28.098
502.14140929723317,1,0,1,-45.428,-414.879,1636.571,669.957,-1009.823,2237.18
703.1996358244065,1,0,1,-249.851,-1534.135,5584.734,2287.852,-3458.831,7336.646
6.93498105759863,0,1,1,28.514,16.261,97.662,38.444,-56.481,236.26
1294.6103800198105,2,0,1,-77.134,-685.799,2729.104,1113.447,-1680.652,3731.857
16.516681511585848,1,0,1,51.612,73.772,-39.55,-15.6,30.32,111.404
491.73077879119586,0,1,1,38.431,51.087,24.351,5.178,-6.683,163.851
536.0721961035782,1,0,1,104.589,182.877,-137.985,-69.01,110.319,139.549
1015.184333560511,2,0,1,-51.643,-575.792,2362.358,964.058,-1452.084,3274.367
402.4640430028344,2,0,1,27.229,13.421,108.666,42.392,-59.672,241.335
713.5019851452225,2,0,1,9.073,8.508,10.46,4.376,-4.201,40.364
100.40690129000959,0,0,1,62.683,111.91,-82.522,-42.43,66.81,86.17
22.44442487524769,0,0,1,8.648,13.436,-10.611,-4.645,9.453,8.009
146.18199952736506,1,0,1,65.357,113.728,-84.891,-42.454,70.014,84.109
779.6591853631879,2,0,1,-211.057,-1429.976,5367.277,2194.298,-3316.01,7146.68
500.70056775734224,0,0,1,136.161,229.136,-180.437,-85.729,140.823,172.066
100.40070202846053,1,0,1,13.804,22.189,-17.427,-7.923,14.818,14.589
959.0883611994174,1,0,1,-110.543,-831.201,3183.282,1301.827,-1965.39,4283.749
304.2610007392546,2,1,1,19.343,33.063,-24.26,-12.014,21.365,22.591
92.21101613533781,1,0,1,85.664,145.257,-112.646,-54.208,89.64,108.032
1041.267941385626,1,0,1,-133.023,-846.349,3094.405,1269.061,-1917.49,4080.8
66.1563291058819,0,0,1,98.187,166.014,-129.255,-61.942,102.507,123.489
543.0442906666938,2,0,1,63.794,110.141,-83.0,-41.059,68.012,81.279
261.2265191617238,1,0,1,27.196,49.096,-34.074,-18.152,30.675,34.926
256.3783897917755,1,0,1,74.948,130.564,-97.312,-48.745,80.356,96.566
2082.2206657602997,2,0,1,95.627,20.917,567.073,217.712,-321.539,1138.777
115.53930443736644,0,0,1,39.186,66.793,-50.824,-24.753,41.723,48.571
121.86112892737404,0,0,1,9.037,17.486,-10.356,-6.311,11.338,11.305
595.9934158159922,1,0,1,70.404,124.867,-91.665,-46.946,75.771,93.912
7.1421353667577945,1,0,1,17.455,25.336,-24.612,-8.056,16.712,20.203
673.5129542733805,1,0,1,42.91,77.744,-55.278,-29.233,47.095,58.196
547.6985822893323,2,0,1,121.448,209.378,-159.147,-78.361,128.385,156.412
244.019971485345,0,0,1,84.118,-94.176,993.502,395.876,-587.955,1717.496
323.80574233496895,0,0,1,21.269,14.63,51.851,21.11,-29.259,141.951
783.3132175267656,2,0,1,-11.773,-289.396,1297.683,526.276,-793.718,1857.781
290.8940846758487,1,0,1,41.57,74.45,-53.145,-27.776,45.79,54.572
1378.8844025812784,2,0,1,36.571,67.465,-46.991,-25.465,40.526,50.871
1714.587107515421,1,0,1,-366.401,-2059.794,7298.422,2993.072,-4528.251,9459.968
1452.6183267717904,2,0,1,-112.92,-893.949,3495.414,1425.34,-2152.566,4734.462
284.8668887857568,0,0,1,-85.579,-670.128,2594.014,1059.991,-1601.037,3507.931
384.841157828998,1,0,1,44.559,79.837,-57.404,-29.922,48.695,59.331
956.6762475019816,1,0,1,-67.123,-480.259,1803.873,739.561,-1115.497,2409.66
62.04208814654039,0,0,1,19.417,33.134,-24.535,-12.088,21.268,22.939
59.66171722983908,1,0,1,191.944,236.754,157.105,45.544,-54.24,848.691
684.525875224713,2,0,1,-254.969,-1598.496,5852.005,2396.97,-3622.944,7708.977
241.55648963489423,0,1,1,-109.878,-691.781,2527.746,1036.153,-1566.482,3331.582
794.9531201362142,1,1,1,37.071,68.49,-46.858,-25.63,41.804,50.29
1217.4483816851562,2,0,1,-33.828,-533.641,2311.638,938.719,-1415.003,3263.765
1079.9578880064614,1,0,1,-280.044,-1592.106,5645.336,2316.574,-3502.18,7322.447
1659.3025336725182,1,0,1,45.212,-117.664,886.472,351.984,-527.456,1442.399
216.13426431646596,1,0,1,73.458,128.293,-95.437,-47.952,78.78,95.157
63.782393062494265,0,0,1,22.879,37.635,-29.561,-13.755,24.146,26.471
141.30477838438634,0,0,1,14.459,22.399,-18.782,-8.049,14.847,15.199
73.91695027383062,1,0,1,254.676,439.051,-336.967,-164.579,266.767,334.06
586.2595713010295,2,0,1,22.382,-20.718,226.634,91.819,-135.225,399.731
104.46795481265644,0,0,1,88.446,155.309,-115.318,-58.267,94.681,116.347
34.49432464833586,1,0,1,77.501,131.542,-102.852,-48.022,81.179,100.03
345.62870620535597,1,1,1,55.222,95.767,-71.617,-35.68,59.182,70.465
409.34361508825265,1,0,1,128.812,223.503,-171.063,-83.724,134.96,172.008
98.80629575510297,1,0,1,88.479,149.619,-116.418,-55.809,92.428,111.199
298.73912432136,2,0,1,43.029,74.587,-55.366,-27.652,46.502,54.07
83.67678586902271,0,0,1,31.357,53.424,-40.317,-19.689,33.7,38.197
161.49693489024756,0,0,1,11.758,22.744,-13.573,-8.238,14.661,14.878
1232.5930004737243,2,0,1,18.523,35.794,-22.731,-13.366,21.87,25.834
185.635975430179,1,0,1,51.393,85.244,-67.678,-31.625,53.25,62.638
647.5283677946279,2,0,1,4.257,4.964,-5.264,-1.496,4.233,1.979
199.36776926358067,0,0,1,18.729,36.988,-23.441,-14.04,21.884,27.934
0.0,1,0,0,-165.149,-1155.552,4354.496,1781.599,-2691.18,5815.964
1891.9970943333917,1,0,1,-191.542,-1161.893,4231.086,1731.794,-2619.529,5554.052
3267.498628786041,2,0,1,-26.481,-365.009,1568.431,636.261,-960.233,2205.24
1329.7873084314435,1,0,1,-396.052,-2191.413,7707.201,3163.235,-4784.896,9956.745
2231.3309955033915,2,0,1,-46.889,-524.272,2180.082,886.674,-1337.979,3030.421
947.6139585960084,1,0,1,16.892,33.146,-20.865,-12.475,19.938,24.43
226.587980210699,0,0,1,41.518,75.181,-53.558,-28.287,45.49,56.392
873.4693513007356,1,0,1,-259.302,-1455.849,5137.891,2109.064,-3189.453,6651.528
100.62519806293372,0,0,1,29.497,46.207,-36.395,-17.104,27.964,34.397
1253.72537719587,1,0,1,16.857,-63.23,398.697,161.274,-239.357,631.099
1088.9842614153472,2,0,1,2.968,9.972,-2.639,-3.902,5.394,7.56
1633.3254836291278,2,0,1,61.018,65.651,118.976,40.029,-57.117,374.108
329.56276588612343,0,0,1,62.737,107.299,-81.109,-40.737,62.622,84.573
1008.0259796914885,1,0,1,66.984,119.271,-88.048,-45.146,71.445,91.442
214.36362985762798,0,0,1,40.77,74.059,-52.084,-27.737,45.185,54.74
29.84308653641589,0,0,1,49.084,83.803,-63.528,-31.033,52.413,60.77
1144.2971495587883,1,0,1,-328.757,-1854.503,6574.478,2696.475,-4078.945,8524.623
396.69217650895126,0,0,1,58.772,104.79,-77.251,-39.679,62.721,80.402
1589.5882260356166,2,0,1,14.37,-162.685,887.803,356.098,-535.739,1344.275
1410.9708069559802,2,0,1,56.805,101.444,-73.739,-38.15,61.496,76.231
680.4149182963567,1,0,1,-5.221,-32.849,109.649,46.06,-67.882,138.695
790.1811312546049,2,0,1,-157.664,-1240.718,4821.851,1968.777,-2972.343,6522.297
1259.931495714869,2,0,1,-24.399,-457.411,1985.183,808.475,-1217.429,2815.542
145.2476886021234,2,0,1,24.667,42.148,-31.505,-15.485,26.728,29.82
2105.361696111373,1,0,1,39.957,37.242,117.291,40.916,-60.057,303.788
2320.28292333686,2,0,1,-41.195,-377.147,1491.569,610.246,-918.636,2036.828
1440.3526117304891,1,0,1,68.082,121.87,-89.018,-46.057,73.193,92.88
935.7917196760746,1,0,1,-125.106,-1123.624,4470.112,1824.647,-2751.894,6111.286
456.8654215933899,1,0,1,35.004,-8.232,263.475,104.331,-155.453,499.942
1988.0611072638726,2,0,1,16.733,-171.375,945.288,379.103,-570.061,1435.495
1567.90587529128,1,0,1,-88.752,-591.633,2216.125,905.653,-1369.779,2948.183
1010.5514290989713,1,0,1,-145.853,-1006.169,3786.01,1548.391,-2339.757,5051.054
466.9938405282735,1,0,1,88.879,156.201,-116.188,-58.709,94.898,117.633
285.412398269394,0,1,1,-78.732,-532.481,1996.934,816.501,-1234.888,2660.671
191.8113678611898,0,0,1,-139.969,-903.231,3321.283,1361.246,-2056.489,4388.889
270.09326793851227,0,0,1,-98.591,-720.735,2742.351,1121.794,-1694.615,3681.415
80.65630203300337,1,0,1,149.589,258.314,-197.84,-96.096,157.364,196.839
281.06745436666193,0,0,1,-16.139,-215.365,891.251,364.778,-548.283,1243.862
187.1885395607168,1,0,1,48.406,81.25,-63.195,-30.089,50.874,59.191
18.9514808657152,1,0,1,46.237,81.326,-59.385,-30.255,50.34,59.361
58.756989476225755,1,1,1,56.979,100.834,-75.207,-37.79,60.615,77.706
808.4204429608776,1,0,1,-310.82,-1878.115,6795.451,2785.367,-4209.434,8900.212
1226.795010081517,1,0,1,67.383,-56.479,705.175,280.472,-415.174,1241.885
79.30722036907136,0,0,1,15.529,30.932,-18.655,-11.534,18.912,22.074
127.792219186782,1,0,1,70.304,124.086,-92.578,-46.9,74.581,94.921
552.662286738058,1,0,1,94.996,165.33,-124.056,-61.921,101.171,123.491
429.5826767181259,1,0,1,55.825,-44.973,567.686,226.481,-335.626,1005.947
162.32076594406317,0,0,1,33.142,60.846,-42.059,-22.776,37.133,44.787
359.72833586531664,0,0,1,31.81,58.04,-41.697,-22.086,34.357,44.946
1615.8466139903599,2,0,1,-492.607,-2727.95,9608.675,3942.327,-5963.645,12417.793
1398.590058565825,1,0,1,-18.747,-275.974,1195.563,484.75,-731.619,1685.994
2455.6198545845923,1,0,1,4.185,-237.669,1176.166,473.773,-713.502,1732.011
384.1613440095883,1,0,1,33.413,60.35,-42.493,-22.506,37.125,44.087
391.25160477205156,1,0,1,30.837,54.227,-39.217,-20.056,33.922,38.872
1552.9910276506698,2,0,1,31.612,-122.544,815.532,324.884,-487.65,1294.878
1333.7395381191538,2,0,1,-275.076,-1684.591,6133.992,2512.27,-3798.438,8056.8
2155.3270021780495,2,0,1,99.888,174.91,-131.412,-65.92,105.754,132.918
60.1798563751219,0,0,1,34.363,58.937,-44.205,-21.775,37.0,42.385
210.58742565470865,0,0,1,46.928,84.642,-60.212,-31.712,51.633,62.737
1395.6832097615838,1,1,1,32.605,60.128,-41.914,-22.699,36.11,45.362
638.252460408817,1,0,1,59.868,107.508,-77.783,-40.517,64.889,81.2
22.696870741739296,2,0,1,147.428,250.322,-196.571,-92.173,153.286,191.907
1167.4947109447648,2,0,1,-395.837,-2284.857,8157.272,3344.926,-5057.892,10613.256
768.2233997601295,1,0,1,23.922,44.373,-30.162,-16.602,27.086,32.532
2063.6298379748746,2,0,1,57.83,103.951,-75.151,-39.193,62.689,78.593
1169.4548947780459,2,0,1,-218.293,-1565.218,5948.272,2431.524,-3672.486,7968.535
990.568875608466,1,0,1,-324.339,-1859.483,6623.777,2716.413,-4108.677,8610.938
1573.6809626992397,2,0,1,21.848,41.743,-27.784,-15.827,24.805,31.647
1155.1163419905893,1,0,1,-10.668,-293.077,1296.474,528.356,-795.369,1856.06
2467.3805547250145,2,0,1,34.25,34.205,90.899,31.047,-45.651,246.892
8.79111063405494,1,0,1,133.162,226.186,-176.767,-83.775,138.709,171.798
264.35181123453197,2,0,1,265.661,457.241,-352.32,-171.337,277.507,349.098
259.08473667867474,1,0,1,13.93,26.649,-16.442,-9.724,16.974,17.915
466.25472513172116,0,0,1,43.588,71.887,-34.325,-19.644,31.062,94.887
169.13366945968377,0,0,1,9.416,21.166,-10.607,-7.955,12.661,15.091
842.7462474576382,2,0,1,29.758,5.64,148.862,59.828,-86.536,310.042
586.7291444044114,1,0,1,-17.982,-175.415,684.855,281.842,-424.908,939.829
400.37852494473645,0,0,1,71.897,127.874,-93.877,-48.197,77.219,96.832
1096.5914021980543,2,0,1,-73.447,-700.61,2825.899,1152.099,-1738.665,3885.313
1235.257494219562,2,0,1,-318.516,-1974.955,7223.895,2957.503,-4471.005,9505.427
156.3251118101101,1,0,1,60.772,105.817,-78.741,-39.45,65.296,77.937
941.2040505583623,1,0,1,-361.918,-1996.555,7022.321,2881.457,-4359.61,9070.676
80.72066392554574,0,0,1,46.542,79.345,-60.361,-29.405,49.559,57.7
1209.5905504166417,2,0,1,25.029,-73.637,504.378,203.115,-301.969,812.312
72.23580645701968,1,0,1,19.841,31.137,-25.839,-11.26,20.408,21.47
117.85051668947743,0,0,1,34.327,62.318,-43.537,-23.24,38.322,45.47
349.3964662617708,2,0,1,-11.925,-188.812,801.632,327.243,-491.274,1126.225
74.66189478386035,0,0,1,54.339,95.862,-67.195,-36.303,55.842,73.967
287.1123780768623,0,0,1,-99.131,-657.927,2433.475,997.513,-1506.265,3225.604
992.8153090644631,2,0,1,52.495,92.746,-69.506,-33.947,56.18,72.073
498.10095074490874,1,0,1,18.172,-218.439,1140.553,461.903,-693.245,1721.7
26.83191315857943,1,0,1,30.778,35.992,-5.048,1.691,3.242,97.528
597.7602971882361,2,0,1,51.456,90.16,-66.413,-33.6,55.65,66.221
1089.745452330341,2,0,1,2.949,-118.662,567.055,230.951,-345.193,831.751
274.4369310175504,0,0,1,-140.511,-1305.988,5249.14,2139.863,-3228.288,7200.621
199.483633499528,1,0,1,15.902,25.826,-20.114,-9.268,17.096,17.205
1828.476270611817,2,0,1,66.559,89.416,46.058,9.684,-10.798,285.018
1477.879365536398,2,0,1,15.119,31.132,-18.457,-11.813,18.382,23.281
304.0781572307373,0,0,1,77.399,128.655,-102.589,-47.962,79.66,95.876
172.03407845559772,0,0,1,48.036,85.449,-63.236,-32.569,50.28,66.913
568.0969961759347,2,0,1,-7.407,-235.495,1052.029,428.341,-642.648,1505.16
850.5961598317548,1,0,1,-206.99,-1197.477,4264.981,1750.247,-2646.248,5548.163
66.3516087310943,0,0,1,10.387,18.127,-12.456,-6.461,12.074,11.558
610.9548054212094,2,1,1,-280.986,-1634.137,5845.828,2397.096,-3625.027,7615.887
277.61613733932774,0,0,1,-7.317,-255.98,1175.592,475.725,-717.503,1694.493
873.7727537518862,1,0,1,44.079,79.503,-56.558,-29.787,48.499,58.928
521.4212376041,1,0,1,43.504,78.903,-57.012,-29.97,46.891,60.857
1299.5963672540872,1,0,1,31.989,59.724,-40.61,-22.473,36.059,44.484
820.8770343498827,1,0,1,-242.192,-1554.093,5722.07,2343.612,-3541.293,7559.606
258.1303818487554,2,0,1,88.919,150.652,-116.979,-56.222,92.97,112.078
1632.6928825639752,2,0,1,35.404,65.164,-45.572,-24.605,39.126,49.211
585.5800151480626,1,0,1,47.757,85.62,-61.501,-32.088,52.223,63.613
1480.1209787365574,1,0,1,-110.241,-638.132,2291.128,938.282,-1420.364,2987.991
419.6554298914499,1,0,1,-23.007,-483.042,2114.254,860.797,-1294.542,3004.7
2410.1568006809443,2,0,1,6.232,-178.947,911.882,366.491,-552.27,1353.844
1509.1917164911094,2,0,1,96.242,168.895,-126.647,-63.703,101.951,128.58
367.1952887233065,0,0,1,-76.946,-522.219,1937.855,794.698,-1199.214,2573.505
545.0576016306471,2,0,1,51.634,90.303,-66.678,-33.644,55.77,66.306
34.638380213301645,0,0,1,27.313,45.498,-35.288,-16.697,28.958,32.301
525.4922713597996,1,0,1,115.537,183.672,-76.983,-44.491,73.876,264.718
976.5316803071497,2,0,1,38.35,-46.456,465.672,186.043,-275.047,798.248
1117.0581232881457,2,0,1,-193.892,-1238.652,4550.096,1864.225,-2816.593,6006.019
296.7227738991233,2,0,1,62.705,105.545,-82.162,-39.21,65.7,77.579
104.21197450659176,0,0,1,48.297,79.954,-63.576,-29.637,50.028,58.628
206.19097112726888,1,0,1,-66.545,-559.771,2192.003,895.958,-1352.544,2982.134
69.64023136612984,0,0,1,52.131,93.3,-68.554,-35.376,55.687,71.807
575.6914895559906,2,0,1,-40.898,-392.46,1568.988,641.283,-965.621,2151.503
292.9571262626345,0,0,1,-54.129,-333.949,1213.852,497.619,-753.743,1598.673
115.01324423480793,1,0,1,69.372,118.199,-90.645,-44.0,73.246,87.14
432.78615975619823,0,1,1,15.353,-10.253,151.142,59.751,-90.34,273.884
92.11582942824433,1,0,1,97.705,168.304,-127.816,-62.907,103.451,125.264
394.5867936422114,2,0,1,89.643,154.029,-117.244,-57.52,94.848,114.402
641.452618772999,1,0,1,-30.91,-317.918,1279.025,523.225,-789.161,1765.286
181.44958831755514,1,0,1,28.541,48.877,-36.494,-17.983,30.914,34.713
131.05904889358402,0,0,1,142.79,245.006,-187.458,-91.667,150.365,183.079
1623.3199795285964,2,0,1,10.671,-62.263,351.875,142.995,-212.404,543.026
390.11500910792444,2,0,1,63.315,109.72,-82.228,-40.903,67.732,80.898
102.80399891921208,0,0,1,35.031,61.034,-44.983,-22.637,38.013,44.24
63.84253156954425,0,0,1,15.617,22.031,-17.235,-8.086,12.666,16.615
706.4124416270738,2,0,1,23.334,42.839,-29.186,-15.908,26.528,30.762
519.8668806026744,1,0,1,55.697,92.787,-73.412,-34.49,57.744,68.502
617.2711110225,2,0,1,0.087,-25.092,109.419,45.348,-66.5,155.702
1299.7393273593789,2,0,1,-15.978,-353.226,1577.184,639.372,-964.15,2251.922
1554.7859279092997,2,0,1,30.381,50.571,-14.762,-11.149,17.743,79.767
97.79148461694983,0,0,1,-47.877,-320.993,1176.393,483.451,-729.906,1557.463
424.21844938273966,0,0,1,-30.614,-276.97,1085.118,444.839,-669.792,1479.924
440.0752040097693,2,0,1,17.648,32.36,-21.652,-11.885,20.436,22.453
651.7981494587924,1,0,1,-153.307,-942.206,3415.599,1400.862,-2117.057,4483.366
1450.2847992255338,2,0,1,-253.535,-1726.2,6493.449,2653.918,-4009.955,8650.87
281.2239674569886,1,0,1,157.495,236.179,-68.369,-42.68,75.356,409.959
31.956039200683136,0,0,1,158.884,267.618,-209.957,-99.869,164.1,201.698
503.9615002712281,0,0,1,-115.267,-761.741,2826.65,1157.4,-1749.583,3750.966
22.632489347406896,1,0,1,110.325,186.928,-135.409,-65.565,106.075,167.416
776.480493313625,0,0,1,-0.678,1.23,0.509,-0.844,-0.502,2.777
195.16541366160894,1,0,1,112.555,193.725,-147.244,-72.391,119.135,144.109
762.1131230766168,2,0,1,24.227,44.932,-30.183,-16.701,27.758,32.281
420.81611438021736,2,0,1,-69.199,-450.54,1654.866,678.816,-1023.672,2184.184
142.41724486999027,1,0,1,33.408,-21.644,330.712,130.245,-195.178,594.459
154.2676299532259,0,1,1,66.489,117.769,-87.553,-44.557,70.632,90.28
580.0306452267487,2,0,1,21.421,29.958,-9.291,-4.641,10.526,51.414
314.1967521765877,2,0,1,96.516,163.287,-126.972,-60.91,100.86,121.358
789.3338465904868,2,0,1,-68.76,-786.01,3255.276,1326.257,-1999.427,4524.621
570.9899597904183,1,0,1,-21.823,-384.524,1660.581,676.373,-1018.602,2350.589
302.93850006092833,0,0,1,50.847,91.816,-66.078,-34.663,55.215,69.62
1379.8773539877097,2,0,1,-381.357,-2219.455,7945.112,3257.489,-4925.365,10350.713
1117.5994178759038,1,0,1,-236.099,-1375.729,4913.421,2015.889,-3046.727,6396.96
1297.4929179366027,2,0,1,13.896,-216.298,1127.634,454.43,-683.633,1692.374
2920.258169586637,2,0,1,41.823,-130.527,919.456,366.218,-549.492,1480.437
83.7122665769225,1,0,1,112.176,139.68,81.37,22.819,-26.562,482.122
130.72404549890217,0,0,1,43.181,77.872,-55.411,-29.176,47.503,57.723
2279.9132137015904,2,0,1,33.064,61.412,-42.842,-23.334,36.413,47.155
347.10425001982907,0,0,1,29.241,53.388,-38.593,-20.398,31.353,41.836
1683.345688768887,1,0,1,-298.309,-1780.285,6441.021,2637.968,-3989.47,8430.252
34.21149739302792,1,0,1,34.006,49.509,-13.348,-7.013,12.581,97.272
500.51847219295206,2,0,1,45.593,75.446,-60.011,-27.961,47.225,55.298
312.63145704795477,0,0,1,-32.295,-366.16,1503.224,613.677,-925.62,2088.583
1078.3121750045464,2,0,1,-117.592,-917.01,3557.666,1452.631,-2193.959,4810.074
823.3808053724244,2,0,1,-397.723,-2297.327,8197.54,3362.058,-5083.4,10664.895
59.55649330437393,0,0,1,76.397,131.723,-98.212,-49.036,77.309,104.154
188.51156177493,0,0,1,-40.94,-629.453,2708.129,1100.796,-1659.702,3818.166
19.188637730690974,1,0,1,-36.492,-267.807,1003.376,412.194,-620.872,1341.116
285.38061393760415,1,0,1,55.989,97.87,-72.569,-36.539,60.221,72.322
48.96291317983768,0,0,1,98.984,165.771,-127.811,-62.038,100.609,124.896
1154.6450260178963,2,0,1,53.131,95.08,-68.498,-35.637,57.99,70.692
